"ref_area","source","indicator","sex","classif1","time","obs_value","obs_status","note_indicator","note_source"
"AFG","BA:15715","EMP_TEMP_SEX_GAI_NB","SEX_T","GAI_GRADIENT_TOTAL","2021",7679.474,,,"R1:3513_S3:8"
"AFG","BA:15715","EMP_TEMP_SEX_GAI_NB","SEX_T","GAI_GRADIENT_4","2021",2.385,"U",,"R1:3513_S3:8"
"AFG","BA:15715","EMP_TEMP_SEX_GAI_NB","SEX_T","GAI_GRADIENT_3","2021",29.094,,,"R1:3513_S3:8"
"AFG","BA:15715","EMP_TEMP_SEX_GAI_NB","SEX_T","GAI_GRADIENT_2","2021",720.246,,,"R1:3513_S3:8"
"AFG","BA:15715","EMP_TEMP_SEX_GAI_NB","SEX_T","GAI_GRADIENT_1","2021",329.742,,,"R1:3513_S3:8"
"AFG","BA:15715","EMP_TEMP_SEX_GAI_NB","SEX_T","GAI_GRADIENT_5","2021",258.223,,,"R1:3513_S3:8"
"AFG","BA:15715","EMP_TEMP_SEX_GAI_NB","SEX_T","GAI_GRADIENT_X","2021",6339.784,,,"R1:3513_S3:8"
"AFG","BA:15715","EMP_TEMP_SEX_GAI_NB","SEX_M","GAI_GRADIENT_TOTAL","2021",5850.428,,,"R1:3513_S3:8"
"AFG","BA:15715","EMP_TEMP_SEX_GAI_NB","SEX_M","GAI_GRADIENT_4","2021",2.385,"U",,"R1:3513_S3:8"
"AFG","BA:15715","EMP_TEMP_SEX_GAI_NB","SEX_M","GAI_GRADIENT_3","2021",29.094,,,"R1:3513_S3:8"
"AFG","BA:15715","EMP_TEMP_SEX_GAI_NB","SEX_M","GAI_GRADIENT_2","2021",715.599,,,"R1:3513_S3:8"
"AFG","BA:15715","EMP_TEMP_SEX_GAI_NB","SEX_M","GAI_GRADIENT_1","2021",320.418,,,"R1:3513_S3:8"
"AFG","BA:15715","EMP_TEMP_SEX_GAI_NB","SEX_M","GAI_GRADIENT_5","2021",246.175,,,"R1:3513_S3:8"
"AFG","BA:15715","EMP_TEMP_SEX_GAI_NB","SEX_M","GAI_GRADIENT_X","2021",4536.757,,,"R1:3513_S3:8"
"AFG","BA:15715","EMP_TEMP_SEX_GAI_NB","SEX_F","GAI_GRADIENT_TOTAL","2021",1829.046,,,"R1:3513_S3:8"
"AFG","BA:15715","EMP_TEMP_SEX_GAI_NB","SEX_F","GAI_GRADIENT_4","2021",,"U",,"R1:3513_S3:8"
"AFG","BA:15715","EMP_TEMP_SEX_GAI_NB","SEX_F","GAI_GRADIENT_3","2021",0,,,"R1:3513_S3:8"
"AFG","BA:15715","EMP_TEMP_SEX_GAI_NB","SEX_F","GAI_GRADIENT_2","2021",4.647,"U",,"R1:3513_S3:8"
"AFG","BA:15715","EMP_TEMP_SEX_GAI_NB","SEX_F","GAI_GRADIENT_1","2021",,"U",,"R1:3513_S3:8"
"AFG","BA:15715","EMP_TEMP_SEX_GAI_NB","SEX_F","GAI_GRADIENT_5","2021",12.048,"U",,"R1:3513_S3:8"
"AFG","BA:15715","EMP_TEMP_SEX_GAI_NB","SEX_F","GAI_GRADIENT_X","2021",1803.027,,,"R1:3513_S3:8"
"AGO","BA:13951","EMP_TEMP_SEX_GAI_NB","SEX_T","GAI_GRADIENT_TOTAL","2025",13984.984,,,"R1:3513"
"AGO","BA:13951","EMP_TEMP_SEX_GAI_NB","SEX_T","GAI_GRADIENT_4","2025",24.481,,,"R1:3513"
"AGO","BA:13951","EMP_TEMP_SEX_GAI_NB","SEX_T","GAI_GRADIENT_3","2025",204.419,,,"R1:3513"
"AGO","BA:13951","EMP_TEMP_SEX_GAI_NB","SEX_T","GAI_GRADIENT_2","2025",325.344,,,"R1:3513"
"AGO","BA:13951","EMP_TEMP_SEX_GAI_NB","SEX_T","GAI_GRADIENT_1","2025",1993.075,,,"R1:3513"
"AGO","BA:13951","EMP_TEMP_SEX_GAI_NB","SEX_T","GAI_GRADIENT_5","2025",1238.325,,,"R1:3513"
"AGO","BA:13951","EMP_TEMP_SEX_GAI_NB","SEX_T","GAI_GRADIENT_X","2025",10199.341,,,"R1:3513"
"AGO","BA:13951","EMP_TEMP_SEX_GAI_NB","SEX_M","GAI_GRADIENT_TOTAL","2025",6834.698,,,"R1:3513"
"AGO","BA:13951","EMP_TEMP_SEX_GAI_NB","SEX_M","GAI_GRADIENT_4","2025",17.306,,,"R1:3513"
"AGO","BA:13951","EMP_TEMP_SEX_GAI_NB","SEX_M","GAI_GRADIENT_3","2025",124.003,,,"R1:3513"
"AGO","BA:13951","EMP_TEMP_SEX_GAI_NB","SEX_M","GAI_GRADIENT_2","2025",216.059,,,"R1:3513"
"AGO","BA:13951","EMP_TEMP_SEX_GAI_NB","SEX_M","GAI_GRADIENT_1","2025",643.323,,,"R1:3513"
"AGO","BA:13951","EMP_TEMP_SEX_GAI_NB","SEX_M","GAI_GRADIENT_5","2025",553.407,,,"R1:3513"
"AGO","BA:13951","EMP_TEMP_SEX_GAI_NB","SEX_M","GAI_GRADIENT_X","2025",5280.6,,,"R1:3513"
"AGO","BA:13951","EMP_TEMP_SEX_GAI_NB","SEX_F","GAI_GRADIENT_TOTAL","2025",7150.286,,,"R1:3513"
"AGO","BA:13951","EMP_TEMP_SEX_GAI_NB","SEX_F","GAI_GRADIENT_4","2025",7.174,,,"R1:3513"
"AGO","BA:13951","EMP_TEMP_SEX_GAI_NB","SEX_F","GAI_GRADIENT_3","2025",80.416,,,"R1:3513"
"AGO","BA:13951","EMP_TEMP_SEX_GAI_NB","SEX_F","GAI_GRADIENT_2","2025",109.285,,,"R1:3513"
"AGO","BA:13951","EMP_TEMP_SEX_GAI_NB","SEX_F","GAI_GRADIENT_1","2025",1349.752,,,"R1:3513"
"AGO","BA:13951","EMP_TEMP_SEX_GAI_NB","SEX_F","GAI_GRADIENT_5","2025",684.918,,,"R1:3513"
"AGO","BA:13951","EMP_TEMP_SEX_GAI_NB","SEX_F","GAI_GRADIENT_X","2025",4918.741,,,"R1:3513"
"AGO","BA:13951","EMP_TEMP_SEX_GAI_NB","SEX_T","GAI_GRADIENT_TOTAL","2024",12697.454,,,"R1:3513"
"AGO","BA:13951","EMP_TEMP_SEX_GAI_NB","SEX_T","GAI_GRADIENT_4","2024",33.051,,,"R1:3513"
"AGO","BA:13951","EMP_TEMP_SEX_GAI_NB","SEX_T","GAI_GRADIENT_3","2024",148.321,,,"R1:3513"
"AGO","BA:13951","EMP_TEMP_SEX_GAI_NB","SEX_T","GAI_GRADIENT_2","2024",306.67,,,"R1:3513"
"AGO","BA:13951","EMP_TEMP_SEX_GAI_NB","SEX_T","GAI_GRADIENT_1","2024",1764.021,,,"R1:3513"
"AGO","BA:13951","EMP_TEMP_SEX_GAI_NB","SEX_T","GAI_GRADIENT_5","2024",1139.483,,,"R1:3513"
"AGO","BA:13951","EMP_TEMP_SEX_GAI_NB","SEX_T","GAI_GRADIENT_X","2024",9305.908,,,"R1:3513"
"AGO","BA:13951","EMP_TEMP_SEX_GAI_NB","SEX_M","GAI_GRADIENT_TOTAL","2024",6207.083,,,"R1:3513"
"AGO","BA:13951","EMP_TEMP_SEX_GAI_NB","SEX_M","GAI_GRADIENT_4","2024",16.334,,,"R1:3513"
"AGO","BA:13951","EMP_TEMP_SEX_GAI_NB","SEX_M","GAI_GRADIENT_3","2024",88.534,,,"R1:3513"
"AGO","BA:13951","EMP_TEMP_SEX_GAI_NB","SEX_M","GAI_GRADIENT_2","2024",181.791,,,"R1:3513"
"AGO","BA:13951","EMP_TEMP_SEX_GAI_NB","SEX_M","GAI_GRADIENT_1","2024",567.639,,,"R1:3513"
"AGO","BA:13951","EMP_TEMP_SEX_GAI_NB","SEX_M","GAI_GRADIENT_5","2024",522.624,,,"R1:3513"
"AGO","BA:13951","EMP_TEMP_SEX_GAI_NB","SEX_M","GAI_GRADIENT_X","2024",4830.162,,,"R1:3513"
"AGO","BA:13951","EMP_TEMP_SEX_GAI_NB","SEX_F","GAI_GRADIENT_TOTAL","2024",6490.371,,,"R1:3513"
"AGO","BA:13951","EMP_TEMP_SEX_GAI_NB","SEX_F","GAI_GRADIENT_4","2024",16.717,,,"R1:3513"
"AGO","BA:13951","EMP_TEMP_SEX_GAI_NB","SEX_F","GAI_GRADIENT_3","2024",59.787,,,"R1:3513"
"AGO","BA:13951","EMP_TEMP_SEX_GAI_NB","SEX_F","GAI_GRADIENT_2","2024",124.879,,,"R1:3513"
"AGO","BA:13951","EMP_TEMP_SEX_GAI_NB","SEX_F","GAI_GRADIENT_1","2024",1196.382,,,"R1:3513"
"AGO","BA:13951","EMP_TEMP_SEX_GAI_NB","SEX_F","GAI_GRADIENT_5","2024",616.859,,,"R1:3513"
"AGO","BA:13951","EMP_TEMP_SEX_GAI_NB","SEX_F","GAI_GRADIENT_X","2024",4475.746,,,"R1:3513"
"AGO","BA:13951","EMP_TEMP_SEX_GAI_NB","SEX_T","GAI_GRADIENT_TOTAL","2023",12126.404,,,"R1:3513"
"AGO","BA:13951","EMP_TEMP_SEX_GAI_NB","SEX_T","GAI_GRADIENT_4","2023",20.072,"U",,"R1:3513"
"AGO","BA:13951","EMP_TEMP_SEX_GAI_NB","SEX_T","GAI_GRADIENT_3","2023",183.567,,,"R1:3513"
"AGO","BA:13951","EMP_TEMP_SEX_GAI_NB","SEX_T","GAI_GRADIENT_2","2023",248.86,,,"R1:3513"
"AGO","BA:13951","EMP_TEMP_SEX_GAI_NB","SEX_T","GAI_GRADIENT_1","2023",1501.662,,,"R1:3513"
"AGO","BA:13951","EMP_TEMP_SEX_GAI_NB","SEX_T","GAI_GRADIENT_5","2023",902.625,,,"R1:3513"
"AGO","BA:13951","EMP_TEMP_SEX_GAI_NB","SEX_T","GAI_GRADIENT_X","2023",9269.617,,,"R1:3513"
"AGO","BA:13951","EMP_TEMP_SEX_GAI_NB","SEX_M","GAI_GRADIENT_TOTAL","2023",5917.099,,,"R1:3513"
"AGO","BA:13951","EMP_TEMP_SEX_GAI_NB","SEX_M","GAI_GRADIENT_4","2023",13.901,"U",,"R1:3513"
"AGO","BA:13951","EMP_TEMP_SEX_GAI_NB","SEX_M","GAI_GRADIENT_3","2023",88.653,,,"R1:3513"
"AGO","BA:13951","EMP_TEMP_SEX_GAI_NB","SEX_M","GAI_GRADIENT_2","2023",126.176,,,"R1:3513"
"AGO","BA:13951","EMP_TEMP_SEX_GAI_NB","SEX_M","GAI_GRADIENT_1","2023",527.386,,,"R1:3513"
"AGO","BA:13951","EMP_TEMP_SEX_GAI_NB","SEX_M","GAI_GRADIENT_5","2023",449.67,,,"R1:3513"
"AGO","BA:13951","EMP_TEMP_SEX_GAI_NB","SEX_M","GAI_GRADIENT_X","2023",4711.314,,,"R1:3513"
"AGO","BA:13951","EMP_TEMP_SEX_GAI_NB","SEX_F","GAI_GRADIENT_TOTAL","2023",6209.304,,,"R1:3513"
"AGO","BA:13951","EMP_TEMP_SEX_GAI_NB","SEX_F","GAI_GRADIENT_4","2023",6.171,"U",,"R1:3513"
"AGO","BA:13951","EMP_TEMP_SEX_GAI_NB","SEX_F","GAI_GRADIENT_3","2023",94.914,,,"R1:3513"
"AGO","BA:13951","EMP_TEMP_SEX_GAI_NB","SEX_F","GAI_GRADIENT_2","2023",122.685,,,"R1:3513"
"AGO","BA:13951","EMP_TEMP_SEX_GAI_NB","SEX_F","GAI_GRADIENT_1","2023",974.276,,,"R1:3513"
"AGO","BA:13951","EMP_TEMP_SEX_GAI_NB","SEX_F","GAI_GRADIENT_5","2023",452.955,,,"R1:3513"
"AGO","BA:13951","EMP_TEMP_SEX_GAI_NB","SEX_F","GAI_GRADIENT_X","2023",4558.303,,,"R1:3513"
"AGO","BA:13951","EMP_TEMP_SEX_GAI_NB","SEX_T","GAI_GRADIENT_TOTAL","2022",11804.417,,,"R1:3513"
"AGO","BA:13951","EMP_TEMP_SEX_GAI_NB","SEX_T","GAI_GRADIENT_4","2022",20.914,,,"R1:3513"
"AGO","BA:13951","EMP_TEMP_SEX_GAI_NB","SEX_T","GAI_GRADIENT_3","2022",145.507,,,"R1:3513"
"AGO","BA:13951","EMP_TEMP_SEX_GAI_NB","SEX_T","GAI_GRADIENT_2","2022",229.275,,,"R1:3513"
"AGO","BA:13951","EMP_TEMP_SEX_GAI_NB","SEX_T","GAI_GRADIENT_1","2022",1478.823,,,"R1:3513"
"AGO","BA:13951","EMP_TEMP_SEX_GAI_NB","SEX_T","GAI_GRADIENT_5","2022",959.838,,,"R1:3513"
"AGO","BA:13951","EMP_TEMP_SEX_GAI_NB","SEX_T","GAI_GRADIENT_X","2022",8970.06,,,"R1:3513"
"AGO","BA:13951","EMP_TEMP_SEX_GAI_NB","SEX_M","GAI_GRADIENT_TOTAL","2022",5783.324,,,"R1:3513"
"AGO","BA:13951","EMP_TEMP_SEX_GAI_NB","SEX_M","GAI_GRADIENT_4","2022",14.221,,,"R1:3513"
"AGO","BA:13951","EMP_TEMP_SEX_GAI_NB","SEX_M","GAI_GRADIENT_3","2022",83.637,,,"R1:3513"
"AGO","BA:13951","EMP_TEMP_SEX_GAI_NB","SEX_M","GAI_GRADIENT_2","2022",149.766,,,"R1:3513"
"AGO","BA:13951","EMP_TEMP_SEX_GAI_NB","SEX_M","GAI_GRADIENT_1","2022",520.998,,,"R1:3513"
"AGO","BA:13951","EMP_TEMP_SEX_GAI_NB","SEX_M","GAI_GRADIENT_5","2022",414.781,,,"R1:3513"
"AGO","BA:13951","EMP_TEMP_SEX_GAI_NB","SEX_M","GAI_GRADIENT_X","2022",4599.921,,,"R1:3513"
"AGO","BA:13951","EMP_TEMP_SEX_GAI_NB","SEX_F","GAI_GRADIENT_TOTAL","2022",6021.092,,,"R1:3513"
"AGO","BA:13951","EMP_TEMP_SEX_GAI_NB","SEX_F","GAI_GRADIENT_4","2022",6.692,,,"R1:3513"
"AGO","BA:13951","EMP_TEMP_SEX_GAI_NB","SEX_F","GAI_GRADIENT_3","2022",61.87,,,"R1:3513"
"AGO","BA:13951","EMP_TEMP_SEX_GAI_NB","SEX_F","GAI_GRADIENT_2","2022",79.509,,,"R1:3513"
"AGO","BA:13951","EMP_TEMP_SEX_GAI_NB","SEX_F","GAI_GRADIENT_1","2022",957.825,,,"R1:3513"
"AGO","BA:13951","EMP_TEMP_SEX_GAI_NB","SEX_F","GAI_GRADIENT_5","2022",545.057,,,"R1:3513"
"AGO","BA:13951","EMP_TEMP_SEX_GAI_NB","SEX_F","GAI_GRADIENT_X","2022",4370.139,,,"R1:3513"
"AGO","BA:13951","EMP_TEMP_SEX_GAI_NB","SEX_T","GAI_GRADIENT_TOTAL","2021",11115.446,,,"R1:3513"
"AGO","BA:13951","EMP_TEMP_SEX_GAI_NB","SEX_T","GAI_GRADIENT_4","2021",16.367,,,"R1:3513"
"AGO","BA:13951","EMP_TEMP_SEX_GAI_NB","SEX_T","GAI_GRADIENT_3","2021",124.672,,,"R1:3513"
"AGO","BA:13951","EMP_TEMP_SEX_GAI_NB","SEX_T","GAI_GRADIENT_2","2021",172.287,,,"R1:3513"
"AGO","BA:13951","EMP_TEMP_SEX_GAI_NB","SEX_T","GAI_GRADIENT_1","2021",1290.613,,,"R1:3513"
"AGO","BA:13951","EMP_TEMP_SEX_GAI_NB","SEX_T","GAI_GRADIENT_5","2021",805.285,,,"R1:3513"
"AGO","BA:13951","EMP_TEMP_SEX_GAI_NB","SEX_T","GAI_GRADIENT_X","2021",8706.222,,,"R1:3513"
"AGO","BA:13951","EMP_TEMP_SEX_GAI_NB","SEX_M","GAI_GRADIENT_TOTAL","2021",5475.575,,,"R1:3513"
"AGO","BA:13951","EMP_TEMP_SEX_GAI_NB","SEX_M","GAI_GRADIENT_4","2021",10.352,,,"R1:3513"
"AGO","BA:13951","EMP_TEMP_SEX_GAI_NB","SEX_M","GAI_GRADIENT_3","2021",71.64,,,"R1:3513"
"AGO","BA:13951","EMP_TEMP_SEX_GAI_NB","SEX_M","GAI_GRADIENT_2","2021",109.716,,,"R1:3513"
"AGO","BA:13951","EMP_TEMP_SEX_GAI_NB","SEX_M","GAI_GRADIENT_1","2021",468.515,,,"R1:3513"
"AGO","BA:13951","EMP_TEMP_SEX_GAI_NB","SEX_M","GAI_GRADIENT_5","2021",338.777,,,"R1:3513"
"AGO","BA:13951","EMP_TEMP_SEX_GAI_NB","SEX_M","GAI_GRADIENT_X","2021",4476.575,,,"R1:3513"
"AGO","BA:13951","EMP_TEMP_SEX_GAI_NB","SEX_F","GAI_GRADIENT_TOTAL","2021",5639.87,,,"R1:3513"
"AGO","BA:13951","EMP_TEMP_SEX_GAI_NB","SEX_F","GAI_GRADIENT_4","2021",6.015,,,"R1:3513"
"AGO","BA:13951","EMP_TEMP_SEX_GAI_NB","SEX_F","GAI_GRADIENT_3","2021",53.032,,,"R1:3513"
"AGO","BA:13951","EMP_TEMP_SEX_GAI_NB","SEX_F","GAI_GRADIENT_2","2021",62.571,,,"R1:3513"
"AGO","BA:13951","EMP_TEMP_SEX_GAI_NB","SEX_F","GAI_GRADIENT_1","2021",822.098,,,"R1:3513"
"AGO","BA:13951","EMP_TEMP_SEX_GAI_NB","SEX_F","GAI_GRADIENT_5","2021",466.507,,,"R1:3513"
"AGO","BA:13951","EMP_TEMP_SEX_GAI_NB","SEX_F","GAI_GRADIENT_X","2021",4229.647,,,"R1:3513"
"AGO","BA:13951","EMP_TEMP_SEX_GAI_NB","SEX_T","GAI_GRADIENT_TOTAL","2020",10603.018,,,"R1:3513"
"AGO","BA:13951","EMP_TEMP_SEX_GAI_NB","SEX_T","GAI_GRADIENT_4","2020",17.424,,,"R1:3513"
"AGO","BA:13951","EMP_TEMP_SEX_GAI_NB","SEX_T","GAI_GRADIENT_3","2020",109.722,,,"R1:3513"
"AGO","BA:13951","EMP_TEMP_SEX_GAI_NB","SEX_T","GAI_GRADIENT_2","2020",213.297,,,"R1:3513"
"AGO","BA:13951","EMP_TEMP_SEX_GAI_NB","SEX_T","GAI_GRADIENT_1","2020",989.78,,,"R1:3513"
"AGO","BA:13951","EMP_TEMP_SEX_GAI_NB","SEX_T","GAI_GRADIENT_5","2020",829.793,,,"R1:3513"
"AGO","BA:13951","EMP_TEMP_SEX_GAI_NB","SEX_T","GAI_GRADIENT_X","2020",8443.002,,,"R1:3513"
"AGO","BA:13951","EMP_TEMP_SEX_GAI_NB","SEX_M","GAI_GRADIENT_TOTAL","2020",5213.378,,,"R1:3513"
"AGO","BA:13951","EMP_TEMP_SEX_GAI_NB","SEX_M","GAI_GRADIENT_4","2020",9.472,,,"R1:3513"
"AGO","BA:13951","EMP_TEMP_SEX_GAI_NB","SEX_M","GAI_GRADIENT_3","2020",64.464,,,"R1:3513"
"AGO","BA:13951","EMP_TEMP_SEX_GAI_NB","SEX_M","GAI_GRADIENT_2","2020",131.997,,,"R1:3513"
"AGO","BA:13951","EMP_TEMP_SEX_GAI_NB","SEX_M","GAI_GRADIENT_1","2020",412.666,,,"R1:3513"
"AGO","BA:13951","EMP_TEMP_SEX_GAI_NB","SEX_M","GAI_GRADIENT_5","2020",320.89,,,"R1:3513"
"AGO","BA:13951","EMP_TEMP_SEX_GAI_NB","SEX_M","GAI_GRADIENT_X","2020",4273.889,,,"R1:3513"
"AGO","BA:13951","EMP_TEMP_SEX_GAI_NB","SEX_F","GAI_GRADIENT_TOTAL","2020",5389.641,,,"R1:3513"
"AGO","BA:13951","EMP_TEMP_SEX_GAI_NB","SEX_F","GAI_GRADIENT_4","2020",7.951,,,"R1:3513"
"AGO","BA:13951","EMP_TEMP_SEX_GAI_NB","SEX_F","GAI_GRADIENT_3","2020",45.259,,,"R1:3513"
"AGO","BA:13951","EMP_TEMP_SEX_GAI_NB","SEX_F","GAI_GRADIENT_2","2020",81.301,,,"R1:3513"
"AGO","BA:13951","EMP_TEMP_SEX_GAI_NB","SEX_F","GAI_GRADIENT_1","2020",577.113,,,"R1:3513"
"AGO","BA:13951","EMP_TEMP_SEX_GAI_NB","SEX_F","GAI_GRADIENT_5","2020",508.903,,,"R1:3513"
"AGO","BA:13951","EMP_TEMP_SEX_GAI_NB","SEX_F","GAI_GRADIENT_X","2020",4169.113,,,"R1:3513"
"AGO","BA:13951","EMP_TEMP_SEX_GAI_NB","SEX_T","GAI_GRADIENT_TOTAL","2019",10250.671,"B","I11:264","R1:3513"
"AGO","BA:13951","EMP_TEMP_SEX_GAI_NB","SEX_T","GAI_GRADIENT_4","2019",34.538,"B","I11:264","R1:3513"
"AGO","BA:13951","EMP_TEMP_SEX_GAI_NB","SEX_T","GAI_GRADIENT_3","2019",135.445,"B","I11:264","R1:3513"
"AGO","BA:13951","EMP_TEMP_SEX_GAI_NB","SEX_T","GAI_GRADIENT_2","2019",306.971,"B","I11:264","R1:3513"
"AGO","BA:13951","EMP_TEMP_SEX_GAI_NB","SEX_T","GAI_GRADIENT_1","2019",1085.442,"B","I11:264","R1:3513"
"AGO","BA:13951","EMP_TEMP_SEX_GAI_NB","SEX_T","GAI_GRADIENT_5","2019",755.38,"B","I11:264","R1:3513"
"AGO","BA:13951","EMP_TEMP_SEX_GAI_NB","SEX_T","GAI_GRADIENT_X","2019",7932.894,"B","I11:264","R1:3513"
"AGO","BA:13951","EMP_TEMP_SEX_GAI_NB","SEX_M","GAI_GRADIENT_TOTAL","2019",5039.481,"B","I11:264","R1:3513"
"AGO","BA:13951","EMP_TEMP_SEX_GAI_NB","SEX_M","GAI_GRADIENT_4","2019",20.099,"B","I11:264","R1:3513"
"AGO","BA:13951","EMP_TEMP_SEX_GAI_NB","SEX_M","GAI_GRADIENT_3","2019",93.788,"B","I11:264","R1:3513"
"AGO","BA:13951","EMP_TEMP_SEX_GAI_NB","SEX_M","GAI_GRADIENT_2","2019",140.648,"B","I11:264","R1:3513"
"AGO","BA:13951","EMP_TEMP_SEX_GAI_NB","SEX_M","GAI_GRADIENT_1","2019",422.936,"B","I11:264","R1:3513"
"AGO","BA:13951","EMP_TEMP_SEX_GAI_NB","SEX_M","GAI_GRADIENT_5","2019",373.625,"B","I11:264","R1:3513"
"AGO","BA:13951","EMP_TEMP_SEX_GAI_NB","SEX_M","GAI_GRADIENT_X","2019",3988.385,"B","I11:264","R1:3513"
"AGO","BA:13951","EMP_TEMP_SEX_GAI_NB","SEX_F","GAI_GRADIENT_TOTAL","2019",5211.19,"B","I11:264","R1:3513"
"AGO","BA:13951","EMP_TEMP_SEX_GAI_NB","SEX_F","GAI_GRADIENT_4","2019",14.439,"B","I11:264","R1:3513"
"AGO","BA:13951","EMP_TEMP_SEX_GAI_NB","SEX_F","GAI_GRADIENT_3","2019",41.657,"B","I11:264","R1:3513"
"AGO","BA:13951","EMP_TEMP_SEX_GAI_NB","SEX_F","GAI_GRADIENT_2","2019",166.323,"B","I11:264","R1:3513"
"AGO","BA:13951","EMP_TEMP_SEX_GAI_NB","SEX_F","GAI_GRADIENT_1","2019",662.506,"B","I11:264","R1:3513"
"AGO","BA:13951","EMP_TEMP_SEX_GAI_NB","SEX_F","GAI_GRADIENT_5","2019",381.754,"B","I11:264","R1:3513"
"AGO","BA:13951","EMP_TEMP_SEX_GAI_NB","SEX_F","GAI_GRADIENT_X","2019",3944.509,"B","I11:264","R1:3513"
"AGO","AA:835","EMP_TEMP_SEX_GAI_NB","SEX_T","GAI_GRADIENT_TOTAL","2014",5292.302,,,"R1:3513"
"AGO","AA:835","EMP_TEMP_SEX_GAI_NB","SEX_T","GAI_GRADIENT_4","2014",24.913,,,"R1:3513"
"AGO","AA:835","EMP_TEMP_SEX_GAI_NB","SEX_T","GAI_GRADIENT_3","2014",62.591,,,"R1:3513"
"AGO","AA:835","EMP_TEMP_SEX_GAI_NB","SEX_T","GAI_GRADIENT_2","2014",138.472,,,"R1:3513"
"AGO","AA:835","EMP_TEMP_SEX_GAI_NB","SEX_T","GAI_GRADIENT_1","2014",457.091,,,"R1:3513"
"AGO","AA:835","EMP_TEMP_SEX_GAI_NB","SEX_T","GAI_GRADIENT_5","2014",222.335,,,"R1:3513"
"AGO","AA:835","EMP_TEMP_SEX_GAI_NB","SEX_T","GAI_GRADIENT_X","2014",4386.9,,,"R1:3513"
"AGO","AA:835","EMP_TEMP_SEX_GAI_NB","SEX_M","GAI_GRADIENT_TOTAL","2014",2917.747,,,"R1:3513"
"AGO","AA:835","EMP_TEMP_SEX_GAI_NB","SEX_M","GAI_GRADIENT_4","2014",14.583,,,"R1:3513"
"AGO","AA:835","EMP_TEMP_SEX_GAI_NB","SEX_M","GAI_GRADIENT_3","2014",33.137,,,"R1:3513"
"AGO","AA:835","EMP_TEMP_SEX_GAI_NB","SEX_M","GAI_GRADIENT_2","2014",89.423,,,"R1:3513"
"AGO","AA:835","EMP_TEMP_SEX_GAI_NB","SEX_M","GAI_GRADIENT_1","2014",211.871,,,"R1:3513"
"AGO","AA:835","EMP_TEMP_SEX_GAI_NB","SEX_M","GAI_GRADIENT_5","2014",140.871,,,"R1:3513"
"AGO","AA:835","EMP_TEMP_SEX_GAI_NB","SEX_M","GAI_GRADIENT_X","2014",2427.862,,,"R1:3513"
"AGO","AA:835","EMP_TEMP_SEX_GAI_NB","SEX_F","GAI_GRADIENT_TOTAL","2014",2374.555,,,"R1:3513"
"AGO","AA:835","EMP_TEMP_SEX_GAI_NB","SEX_F","GAI_GRADIENT_4","2014",10.33,,,"R1:3513"
"AGO","AA:835","EMP_TEMP_SEX_GAI_NB","SEX_F","GAI_GRADIENT_3","2014",29.454,,,"R1:3513"
"AGO","AA:835","EMP_TEMP_SEX_GAI_NB","SEX_F","GAI_GRADIENT_2","2014",49.049,,,"R1:3513"
"AGO","AA:835","EMP_TEMP_SEX_GAI_NB","SEX_F","GAI_GRADIENT_1","2014",245.22,,,"R1:3513"
"AGO","AA:835","EMP_TEMP_SEX_GAI_NB","SEX_F","GAI_GRADIENT_5","2014",81.464,,,"R1:3513"
"AGO","AA:835","EMP_TEMP_SEX_GAI_NB","SEX_F","GAI_GRADIENT_X","2014",1959.038,,,"R1:3513"
"ARE","BA:716","EMP_TEMP_SEX_GAI_NB","SEX_T","GAI_GRADIENT_TOTAL","2025",10432.485,,,"R1:3513"
"ARE","BA:716","EMP_TEMP_SEX_GAI_NB","SEX_T","GAI_GRADIENT_4","2025",294.445,,,"R1:3513"
"ARE","BA:716","EMP_TEMP_SEX_GAI_NB","SEX_T","GAI_GRADIENT_3","2025",828.967,,,"R1:3513"
"ARE","BA:716","EMP_TEMP_SEX_GAI_NB","SEX_T","GAI_GRADIENT_2","2025",1084.355,,,"R1:3513"
"ARE","BA:716","EMP_TEMP_SEX_GAI_NB","SEX_T","GAI_GRADIENT_1","2025",879.138,,,"R1:3513"
"ARE","BA:716","EMP_TEMP_SEX_GAI_NB","SEX_T","GAI_GRADIENT_5","2025",1408.747,,,"R1:3513"
"ARE","BA:716","EMP_TEMP_SEX_GAI_NB","SEX_T","GAI_GRADIENT_X","2025",5936.834,,,"R1:3513"
"ARE","BA:716","EMP_TEMP_SEX_GAI_NB","SEX_M","GAI_GRADIENT_TOTAL","2025",8372.862,,,"R1:3513"
"ARE","BA:716","EMP_TEMP_SEX_GAI_NB","SEX_M","GAI_GRADIENT_4","2025",225.972,,,"R1:3513"
"ARE","BA:716","EMP_TEMP_SEX_GAI_NB","SEX_M","GAI_GRADIENT_3","2025",573.112,,,"R1:3513"
"ARE","BA:716","EMP_TEMP_SEX_GAI_NB","SEX_M","GAI_GRADIENT_2","2025",871.281,,,"R1:3513"
"ARE","BA:716","EMP_TEMP_SEX_GAI_NB","SEX_M","GAI_GRADIENT_1","2025",829.646,,,"R1:3513"
"ARE","BA:716","EMP_TEMP_SEX_GAI_NB","SEX_M","GAI_GRADIENT_5","2025",1174.465,,,"R1:3513"
"ARE","BA:716","EMP_TEMP_SEX_GAI_NB","SEX_M","GAI_GRADIENT_X","2025",4698.386,,,"R1:3513"
"ARE","BA:716","EMP_TEMP_SEX_GAI_NB","SEX_F","GAI_GRADIENT_TOTAL","2025",2059.623,,,"R1:3513"
"ARE","BA:716","EMP_TEMP_SEX_GAI_NB","SEX_F","GAI_GRADIENT_4","2025",68.473,,,"R1:3513"
"ARE","BA:716","EMP_TEMP_SEX_GAI_NB","SEX_F","GAI_GRADIENT_3","2025",255.855,,,"R1:3513"
"ARE","BA:716","EMP_TEMP_SEX_GAI_NB","SEX_F","GAI_GRADIENT_2","2025",213.074,,,"R1:3513"
"ARE","BA:716","EMP_TEMP_SEX_GAI_NB","SEX_F","GAI_GRADIENT_1","2025",49.492,,,"R1:3513"
"ARE","BA:716","EMP_TEMP_SEX_GAI_NB","SEX_F","GAI_GRADIENT_5","2025",234.282,,,"R1:3513"
"ARE","BA:716","EMP_TEMP_SEX_GAI_NB","SEX_F","GAI_GRADIENT_X","2025",1238.448,,,"R1:3513"
"ARE","BA:716","EMP_TEMP_SEX_GAI_NB","SEX_T","GAI_GRADIENT_TOTAL","2022",7303.023,,,"R1:3513"
"ARE","BA:716","EMP_TEMP_SEX_GAI_NB","SEX_T","GAI_GRADIENT_4","2022",191.864,,,"R1:3513"
"ARE","BA:716","EMP_TEMP_SEX_GAI_NB","SEX_T","GAI_GRADIENT_3","2022",578.264,,,"R1:3513"
"ARE","BA:716","EMP_TEMP_SEX_GAI_NB","SEX_T","GAI_GRADIENT_2","2022",702.959,,,"R1:3513"
"ARE","BA:716","EMP_TEMP_SEX_GAI_NB","SEX_T","GAI_GRADIENT_1","2022",622.039,,,"R1:3513"
"ARE","BA:716","EMP_TEMP_SEX_GAI_NB","SEX_T","GAI_GRADIENT_5","2022",1132.857,,,"R1:3513"
"ARE","BA:716","EMP_TEMP_SEX_GAI_NB","SEX_T","GAI_GRADIENT_X","2022",4075.041,,,"R1:3513"
"ARE","BA:716","EMP_TEMP_SEX_GAI_NB","SEX_M","GAI_GRADIENT_TOTAL","2022",5536.409,,,"R1:3513"
"ARE","BA:716","EMP_TEMP_SEX_GAI_NB","SEX_M","GAI_GRADIENT_4","2022",102.215,,,"R1:3513"
"ARE","BA:716","EMP_TEMP_SEX_GAI_NB","SEX_M","GAI_GRADIENT_3","2022",349.369,,,"R1:3513"
"ARE","BA:716","EMP_TEMP_SEX_GAI_NB","SEX_M","GAI_GRADIENT_2","2022",554.883,,,"R1:3513"
"ARE","BA:716","EMP_TEMP_SEX_GAI_NB","SEX_M","GAI_GRADIENT_1","2022",563.232,,,"R1:3513"
"ARE","BA:716","EMP_TEMP_SEX_GAI_NB","SEX_M","GAI_GRADIENT_5","2022",885.111,,,"R1:3513"
"ARE","BA:716","EMP_TEMP_SEX_GAI_NB","SEX_M","GAI_GRADIENT_X","2022",3081.598,,,"R1:3513"
"ARE","BA:716","EMP_TEMP_SEX_GAI_NB","SEX_F","GAI_GRADIENT_TOTAL","2022",1766.614,,,"R1:3513"
"ARE","BA:716","EMP_TEMP_SEX_GAI_NB","SEX_F","GAI_GRADIENT_4","2022",89.648,,,"R1:3513"
"ARE","BA:716","EMP_TEMP_SEX_GAI_NB","SEX_F","GAI_GRADIENT_3","2022",228.894,,,"R1:3513"
"ARE","BA:716","EMP_TEMP_SEX_GAI_NB","SEX_F","GAI_GRADIENT_2","2022",148.076,,,"R1:3513"
"ARE","BA:716","EMP_TEMP_SEX_GAI_NB","SEX_F","GAI_GRADIENT_1","2022",58.806,,,"R1:3513"
"ARE","BA:716","EMP_TEMP_SEX_GAI_NB","SEX_F","GAI_GRADIENT_5","2022",247.746,,,"R1:3513"
"ARE","BA:716","EMP_TEMP_SEX_GAI_NB","SEX_F","GAI_GRADIENT_X","2022",993.442,,,"R1:3513"
"ARE","BA:716","EMP_TEMP_SEX_GAI_NB","SEX_T","GAI_GRADIENT_TOTAL","2021",7165.128,,,"R1:3513"
"ARE","BA:716","EMP_TEMP_SEX_GAI_NB","SEX_T","GAI_GRADIENT_4","2021",173.124,,,"R1:3513"
"ARE","BA:716","EMP_TEMP_SEX_GAI_NB","SEX_T","GAI_GRADIENT_3","2021",635.439,,,"R1:3513"
"ARE","BA:716","EMP_TEMP_SEX_GAI_NB","SEX_T","GAI_GRADIENT_2","2021",758.447,,,"R1:3513"
"ARE","BA:716","EMP_TEMP_SEX_GAI_NB","SEX_T","GAI_GRADIENT_1","2021",650.087,,,"R1:3513"
"ARE","BA:716","EMP_TEMP_SEX_GAI_NB","SEX_T","GAI_GRADIENT_5","2021",962.355,,,"R1:3513"
"ARE","BA:716","EMP_TEMP_SEX_GAI_NB","SEX_T","GAI_GRADIENT_X","2021",3985.676,,,"R1:3513"
"ARE","BA:716","EMP_TEMP_SEX_GAI_NB","SEX_M","GAI_GRADIENT_TOTAL","2021",5469.43,,,"R1:3513"
"ARE","BA:716","EMP_TEMP_SEX_GAI_NB","SEX_M","GAI_GRADIENT_4","2021",101.501,,,"R1:3513"
"ARE","BA:716","EMP_TEMP_SEX_GAI_NB","SEX_M","GAI_GRADIENT_3","2021",414.772,,,"R1:3513"
"ARE","BA:716","EMP_TEMP_SEX_GAI_NB","SEX_M","GAI_GRADIENT_2","2021",605.708,,,"R1:3513"
"ARE","BA:716","EMP_TEMP_SEX_GAI_NB","SEX_M","GAI_GRADIENT_1","2021",595.429,,,"R1:3513"
"ARE","BA:716","EMP_TEMP_SEX_GAI_NB","SEX_M","GAI_GRADIENT_5","2021",742.946,,,"R1:3513"
"ARE","BA:716","EMP_TEMP_SEX_GAI_NB","SEX_M","GAI_GRADIENT_X","2021",3009.074,,,"R1:3513"
"ARE","BA:716","EMP_TEMP_SEX_GAI_NB","SEX_F","GAI_GRADIENT_TOTAL","2021",1695.698,,,"R1:3513"
"ARE","BA:716","EMP_TEMP_SEX_GAI_NB","SEX_F","GAI_GRADIENT_4","2021",71.623,,,"R1:3513"
"ARE","BA:716","EMP_TEMP_SEX_GAI_NB","SEX_F","GAI_GRADIENT_3","2021",220.667,,,"R1:3513"
"ARE","BA:716","EMP_TEMP_SEX_GAI_NB","SEX_F","GAI_GRADIENT_2","2021",152.739,,,"R1:3513"
"ARE","BA:716","EMP_TEMP_SEX_GAI_NB","SEX_F","GAI_GRADIENT_1","2021",54.658,,,"R1:3513"
"ARE","BA:716","EMP_TEMP_SEX_GAI_NB","SEX_F","GAI_GRADIENT_5","2021",219.409,,,"R1:3513"
"ARE","BA:716","EMP_TEMP_SEX_GAI_NB","SEX_F","GAI_GRADIENT_X","2021",976.602,,,"R1:3513"
"ARE","BA:716","EMP_TEMP_SEX_GAI_NB","SEX_T","GAI_GRADIENT_TOTAL","2020",6886.451,,,"R1:3513"
"ARE","BA:716","EMP_TEMP_SEX_GAI_NB","SEX_T","GAI_GRADIENT_4","2020",171.663,,,"R1:3513"
"ARE","BA:716","EMP_TEMP_SEX_GAI_NB","SEX_T","GAI_GRADIENT_3","2020",655.936,,,"R1:3513"
"ARE","BA:716","EMP_TEMP_SEX_GAI_NB","SEX_T","GAI_GRADIENT_2","2020",921.51,,,"R1:3513"
"ARE","BA:716","EMP_TEMP_SEX_GAI_NB","SEX_T","GAI_GRADIENT_1","2020",482.372,,,"R1:3513"
"ARE","BA:716","EMP_TEMP_SEX_GAI_NB","SEX_T","GAI_GRADIENT_5","2020",1025.169,,,"R1:3513"
"ARE","BA:716","EMP_TEMP_SEX_GAI_NB","SEX_T","GAI_GRADIENT_X","2020",3629.802,,,"R1:3513"
"ARE","BA:716","EMP_TEMP_SEX_GAI_NB","SEX_M","GAI_GRADIENT_TOTAL","2020",5233.426,,,"R1:3513"
"ARE","BA:716","EMP_TEMP_SEX_GAI_NB","SEX_M","GAI_GRADIENT_4","2020",114.754,,,"R1:3513"
"ARE","BA:716","EMP_TEMP_SEX_GAI_NB","SEX_M","GAI_GRADIENT_3","2020",422.834,,,"R1:3513"
"ARE","BA:716","EMP_TEMP_SEX_GAI_NB","SEX_M","GAI_GRADIENT_2","2020",806.147,,,"R1:3513"
"ARE","BA:716","EMP_TEMP_SEX_GAI_NB","SEX_M","GAI_GRADIENT_1","2020",439.674,,,"R1:3513"
"ARE","BA:716","EMP_TEMP_SEX_GAI_NB","SEX_M","GAI_GRADIENT_5","2020",770.692,,,"R1:3513"
"ARE","BA:716","EMP_TEMP_SEX_GAI_NB","SEX_M","GAI_GRADIENT_X","2020",2679.324,,,"R1:3513"
"ARE","BA:716","EMP_TEMP_SEX_GAI_NB","SEX_F","GAI_GRADIENT_TOTAL","2020",1653.025,,,"R1:3513"
"ARE","BA:716","EMP_TEMP_SEX_GAI_NB","SEX_F","GAI_GRADIENT_4","2020",56.909,,,"R1:3513"
"ARE","BA:716","EMP_TEMP_SEX_GAI_NB","SEX_F","GAI_GRADIENT_3","2020",233.102,,,"R1:3513"
"ARE","BA:716","EMP_TEMP_SEX_GAI_NB","SEX_F","GAI_GRADIENT_2","2020",115.363,,,"R1:3513"
"ARE","BA:716","EMP_TEMP_SEX_GAI_NB","SEX_F","GAI_GRADIENT_1","2020",42.697,,,"R1:3513"
"ARE","BA:716","EMP_TEMP_SEX_GAI_NB","SEX_F","GAI_GRADIENT_5","2020",254.477,,,"R1:3513"
"ARE","BA:716","EMP_TEMP_SEX_GAI_NB","SEX_F","GAI_GRADIENT_X","2020",950.477,,,"R1:3513"
"ARE","BA:716","EMP_TEMP_SEX_GAI_NB","SEX_T","GAI_GRADIENT_TOTAL","2018",7225.305,,,"R1:3513"
"ARE","BA:716","EMP_TEMP_SEX_GAI_NB","SEX_T","GAI_GRADIENT_4","2018",130.102,,,"R1:3513"
"ARE","BA:716","EMP_TEMP_SEX_GAI_NB","SEX_T","GAI_GRADIENT_3","2018",545.285,,,"R1:3513"
"ARE","BA:716","EMP_TEMP_SEX_GAI_NB","SEX_T","GAI_GRADIENT_2","2018",621.188,,,"R1:3513"
"ARE","BA:716","EMP_TEMP_SEX_GAI_NB","SEX_T","GAI_GRADIENT_1","2018",527.642,,,"R1:3513"
"ARE","BA:716","EMP_TEMP_SEX_GAI_NB","SEX_T","GAI_GRADIENT_5","2018",933.534,,,"R1:3513"
"ARE","BA:716","EMP_TEMP_SEX_GAI_NB","SEX_T","GAI_GRADIENT_X","2018",4467.554,,,"R1:3513"
"ARE","BA:716","EMP_TEMP_SEX_GAI_NB","SEX_M","GAI_GRADIENT_TOTAL","2018",5870.75,,,"R1:3513"
"ARE","BA:716","EMP_TEMP_SEX_GAI_NB","SEX_M","GAI_GRADIENT_4","2018",102.206,,,"R1:3513"
"ARE","BA:716","EMP_TEMP_SEX_GAI_NB","SEX_M","GAI_GRADIENT_3","2018",387.325,,,"R1:3513"
"ARE","BA:716","EMP_TEMP_SEX_GAI_NB","SEX_M","GAI_GRADIENT_2","2018",523.906,,,"R1:3513"
"ARE","BA:716","EMP_TEMP_SEX_GAI_NB","SEX_M","GAI_GRADIENT_1","2018",491.837,,,"R1:3513"
"ARE","BA:716","EMP_TEMP_SEX_GAI_NB","SEX_M","GAI_GRADIENT_5","2018",770.362,,,"R1:3513"
"ARE","BA:716","EMP_TEMP_SEX_GAI_NB","SEX_M","GAI_GRADIENT_X","2018",3595.114,,,"R1:3513"
"ARE","BA:716","EMP_TEMP_SEX_GAI_NB","SEX_F","GAI_GRADIENT_TOTAL","2018",1354.555,,,"R1:3513"
"ARE","BA:716","EMP_TEMP_SEX_GAI_NB","SEX_F","GAI_GRADIENT_4","2018",27.896,,,"R1:3513"
"ARE","BA:716","EMP_TEMP_SEX_GAI_NB","SEX_F","GAI_GRADIENT_3","2018",157.96,,,"R1:3513"
"ARE","BA:716","EMP_TEMP_SEX_GAI_NB","SEX_F","GAI_GRADIENT_2","2018",97.282,,,"R1:3513"
"ARE","BA:716","EMP_TEMP_SEX_GAI_NB","SEX_F","GAI_GRADIENT_1","2018",35.805,,,"R1:3513"
"ARE","BA:716","EMP_TEMP_SEX_GAI_NB","SEX_F","GAI_GRADIENT_5","2018",163.172,,,"R1:3513"
"ARE","BA:716","EMP_TEMP_SEX_GAI_NB","SEX_F","GAI_GRADIENT_X","2018",872.44,,,"R1:3513"
"ARE","BA:716","EMP_TEMP_SEX_GAI_NB","SEX_T","GAI_GRADIENT_TOTAL","2017",7240.954,"B","I11:264","R1:3513"
"ARE","BA:716","EMP_TEMP_SEX_GAI_NB","SEX_T","GAI_GRADIENT_4","2017",68.11,"B","I11:264","R1:3513"
"ARE","BA:716","EMP_TEMP_SEX_GAI_NB","SEX_T","GAI_GRADIENT_3","2017",232.914,"B","I11:264","R1:3513"
"ARE","BA:716","EMP_TEMP_SEX_GAI_NB","SEX_T","GAI_GRADIENT_2","2017",227.222,"B","I11:264","R1:3513"
"ARE","BA:716","EMP_TEMP_SEX_GAI_NB","SEX_T","GAI_GRADIENT_1","2017",320.96,"B","I11:264","R1:3513"
"ARE","BA:716","EMP_TEMP_SEX_GAI_NB","SEX_T","GAI_GRADIENT_5","2017",552.459,"B","I11:264","R1:3513"
"ARE","BA:716","EMP_TEMP_SEX_GAI_NB","SEX_T","GAI_GRADIENT_X","2017",5839.288,"B","I11:264","R1:3513"
"ARE","BA:716","EMP_TEMP_SEX_GAI_NB","SEX_M","GAI_GRADIENT_TOTAL","2017",5892.747,"B","I11:264","R1:3513"
"ARE","BA:716","EMP_TEMP_SEX_GAI_NB","SEX_M","GAI_GRADIENT_4","2017",53.463,"B","I11:264","R1:3513"
"ARE","BA:716","EMP_TEMP_SEX_GAI_NB","SEX_M","GAI_GRADIENT_3","2017",179.541,"B","I11:264","R1:3513"
"ARE","BA:716","EMP_TEMP_SEX_GAI_NB","SEX_M","GAI_GRADIENT_2","2017",201.062,"B","I11:264","R1:3513"
"ARE","BA:716","EMP_TEMP_SEX_GAI_NB","SEX_M","GAI_GRADIENT_1","2017",307.84,"B","I11:264","R1:3513"
"ARE","BA:716","EMP_TEMP_SEX_GAI_NB","SEX_M","GAI_GRADIENT_5","2017",457.433,"B","I11:264","R1:3513"
"ARE","BA:716","EMP_TEMP_SEX_GAI_NB","SEX_M","GAI_GRADIENT_X","2017",4693.408,"B","I11:264","R1:3513"
"ARE","BA:716","EMP_TEMP_SEX_GAI_NB","SEX_F","GAI_GRADIENT_TOTAL","2017",1348.207,"B","I11:264","R1:3513"
"ARE","BA:716","EMP_TEMP_SEX_GAI_NB","SEX_F","GAI_GRADIENT_4","2017",14.647,"B","I11:264","R1:3513"
"ARE","BA:716","EMP_TEMP_SEX_GAI_NB","SEX_F","GAI_GRADIENT_3","2017",53.373,"B","I11:264","R1:3513"
"ARE","BA:716","EMP_TEMP_SEX_GAI_NB","SEX_F","GAI_GRADIENT_2","2017",26.16,"B","I11:264","R1:3513"
"ARE","BA:716","EMP_TEMP_SEX_GAI_NB","SEX_F","GAI_GRADIENT_1","2017",13.12,"B","I11:264","R1:3513"
"ARE","BA:716","EMP_TEMP_SEX_GAI_NB","SEX_F","GAI_GRADIENT_5","2017",95.026,"B","I11:264","R1:3513"
"ARE","BA:716","EMP_TEMP_SEX_GAI_NB","SEX_F","GAI_GRADIENT_X","2017",1145.881,"B","I11:264","R1:3513"
"BDI","BB:7040","EMP_TEMP_SEX_GAI_NB","SEX_T","GAI_GRADIENT_TOTAL","2020",4953.66,,,"R1:3513"
"BDI","BB:7040","EMP_TEMP_SEX_GAI_NB","SEX_T","GAI_GRADIENT_4","2020",7.321,,,"R1:3513"
"BDI","BB:7040","EMP_TEMP_SEX_GAI_NB","SEX_T","GAI_GRADIENT_3","2020",14.062,,,"R1:3513"
"BDI","BB:7040","EMP_TEMP_SEX_GAI_NB","SEX_T","GAI_GRADIENT_2","2020",98.147,,,"R1:3513"
"BDI","BB:7040","EMP_TEMP_SEX_GAI_NB","SEX_T","GAI_GRADIENT_1","2020",85.517,,,"R1:3513"
"BDI","BB:7040","EMP_TEMP_SEX_GAI_NB","SEX_T","GAI_GRADIENT_5","2020",73.109,,,"R1:3513"
"BDI","BB:7040","EMP_TEMP_SEX_GAI_NB","SEX_T","GAI_GRADIENT_X","2020",4675.504,,,"R1:3513"
"BDI","BB:7040","EMP_TEMP_SEX_GAI_NB","SEX_M","GAI_GRADIENT_TOTAL","2020",2204.755,,,"R1:3513"
"BDI","BB:7040","EMP_TEMP_SEX_GAI_NB","SEX_M","GAI_GRADIENT_4","2020",3.118,,,"R1:3513"
"BDI","BB:7040","EMP_TEMP_SEX_GAI_NB","SEX_M","GAI_GRADIENT_3","2020",5.583,,,"R1:3513"
"BDI","BB:7040","EMP_TEMP_SEX_GAI_NB","SEX_M","GAI_GRADIENT_2","2020",56.228,,,"R1:3513"
"BDI","BB:7040","EMP_TEMP_SEX_GAI_NB","SEX_M","GAI_GRADIENT_1","2020",51.284,,,"R1:3513"
"BDI","BB:7040","EMP_TEMP_SEX_GAI_NB","SEX_M","GAI_GRADIENT_5","2020",56.976,,,"R1:3513"
"BDI","BB:7040","EMP_TEMP_SEX_GAI_NB","SEX_M","GAI_GRADIENT_X","2020",2031.566,,,"R1:3513"
"BDI","BB:7040","EMP_TEMP_SEX_GAI_NB","SEX_F","GAI_GRADIENT_TOTAL","2020",2748.905,,,"R1:3513"
"BDI","BB:7040","EMP_TEMP_SEX_GAI_NB","SEX_F","GAI_GRADIENT_4","2020",4.202,,,"R1:3513"
"BDI","BB:7040","EMP_TEMP_SEX_GAI_NB","SEX_F","GAI_GRADIENT_3","2020",8.479,,,"R1:3513"
"BDI","BB:7040","EMP_TEMP_SEX_GAI_NB","SEX_F","GAI_GRADIENT_2","2020",41.919,,,"R1:3513"
"BDI","BB:7040","EMP_TEMP_SEX_GAI_NB","SEX_F","GAI_GRADIENT_1","2020",34.233,,,"R1:3513"
"BDI","BB:7040","EMP_TEMP_SEX_GAI_NB","SEX_F","GAI_GRADIENT_5","2020",16.133,,,"R1:3513"
"BDI","BB:7040","EMP_TEMP_SEX_GAI_NB","SEX_F","GAI_GRADIENT_X","2020",2643.939,,,"R1:3513"
"BGD","BA:673","EMP_TEMP_SEX_GAI_NB","SEX_T","GAI_GRADIENT_TOTAL","2024",69071.56,,,"R1:3513"
"BGD","BA:673","EMP_TEMP_SEX_GAI_NB","SEX_T","GAI_GRADIENT_4","2024",428.958,,,"R1:3513"
"BGD","BA:673","EMP_TEMP_SEX_GAI_NB","SEX_T","GAI_GRADIENT_3","2024",668.708,,,"R1:3513"
"BGD","BA:673","EMP_TEMP_SEX_GAI_NB","SEX_T","GAI_GRADIENT_2","2024",7217.456,,,"R1:3513"
"BGD","BA:673","EMP_TEMP_SEX_GAI_NB","SEX_T","GAI_GRADIENT_1","2024",5186.492,,,"R1:3513"
"BGD","BA:673","EMP_TEMP_SEX_GAI_NB","SEX_T","GAI_GRADIENT_5","2024",4876.709,,,"R1:3513"
"BGD","BA:673","EMP_TEMP_SEX_GAI_NB","SEX_T","GAI_GRADIENT_X","2024",50693.237,,,"R1:3513"
"BGD","BA:673","EMP_TEMP_SEX_GAI_NB","SEX_M","GAI_GRADIENT_TOTAL","2024",46207.754,,,"R1:3513"
"BGD","BA:673","EMP_TEMP_SEX_GAI_NB","SEX_M","GAI_GRADIENT_4","2024",383.854,,,"R1:3513"
"BGD","BA:673","EMP_TEMP_SEX_GAI_NB","SEX_M","GAI_GRADIENT_3","2024",610.352,,,"R1:3513"
"BGD","BA:673","EMP_TEMP_SEX_GAI_NB","SEX_M","GAI_GRADIENT_2","2024",6921.692,,,"R1:3513"
"BGD","BA:673","EMP_TEMP_SEX_GAI_NB","SEX_M","GAI_GRADIENT_1","2024",4984.592,,,"R1:3513"
"BGD","BA:673","EMP_TEMP_SEX_GAI_NB","SEX_M","GAI_GRADIENT_5","2024",4505.496,,,"R1:3513"
"BGD","BA:673","EMP_TEMP_SEX_GAI_NB","SEX_M","GAI_GRADIENT_X","2024",28801.768,,,"R1:3513"
"BGD","BA:673","EMP_TEMP_SEX_GAI_NB","SEX_F","GAI_GRADIENT_TOTAL","2024",22860.537,,,"R1:3513"
"BGD","BA:673","EMP_TEMP_SEX_GAI_NB","SEX_F","GAI_GRADIENT_4","2024",45.104,,,"R1:3513"
"BGD","BA:673","EMP_TEMP_SEX_GAI_NB","SEX_F","GAI_GRADIENT_3","2024",58.356,,,"R1:3513"
"BGD","BA:673","EMP_TEMP_SEX_GAI_NB","SEX_F","GAI_GRADIENT_2","2024",295.364,,,"R1:3513"
"BGD","BA:673","EMP_TEMP_SEX_GAI_NB","SEX_F","GAI_GRADIENT_1","2024",201.9,,,"R1:3513"
"BGD","BA:673","EMP_TEMP_SEX_GAI_NB","SEX_F","GAI_GRADIENT_5","2024",371.213,,,"R1:3513"
"BGD","BA:673","EMP_TEMP_SEX_GAI_NB","SEX_F","GAI_GRADIENT_X","2024",21888.601,,,"R1:3513"
"BGD","BA:673","EMP_TEMP_SEX_GAI_NB","SEX_O","GAI_GRADIENT_TOTAL","2024",3.268,"U",,"R1:3513"
"BGD","BA:673","EMP_TEMP_SEX_GAI_NB","SEX_O","GAI_GRADIENT_2","2024",,"U",,"R1:3513"
"BGD","BA:673","EMP_TEMP_SEX_GAI_NB","SEX_O","GAI_GRADIENT_X","2024",2.868,"U",,"R1:3513"
"BGD","BA:673","EMP_TEMP_SEX_GAI_NB","SEX_T","GAI_GRADIENT_TOTAL","2023",70981.962,,,"R1:3513"
"BGD","BA:673","EMP_TEMP_SEX_GAI_NB","SEX_T","GAI_GRADIENT_4","2023",425.873,,,"R1:3513"
"BGD","BA:673","EMP_TEMP_SEX_GAI_NB","SEX_T","GAI_GRADIENT_3","2023",678.402,,,"R1:3513"
"BGD","BA:673","EMP_TEMP_SEX_GAI_NB","SEX_T","GAI_GRADIENT_2","2023",6770.384,,,"R1:3513"
"BGD","BA:673","EMP_TEMP_SEX_GAI_NB","SEX_T","GAI_GRADIENT_1","2023",5490.108,,,"R1:3513"
"BGD","BA:673","EMP_TEMP_SEX_GAI_NB","SEX_T","GAI_GRADIENT_5","2023",4885.438,,,"R1:3513"
"BGD","BA:673","EMP_TEMP_SEX_GAI_NB","SEX_T","GAI_GRADIENT_X","2023",52731.759,,,"R1:3513"
"BGD","BA:673","EMP_TEMP_SEX_GAI_NB","SEX_M","GAI_GRADIENT_TOTAL","2023",46473.348,,,"R1:3513"
"BGD","BA:673","EMP_TEMP_SEX_GAI_NB","SEX_M","GAI_GRADIENT_4","2023",361.599,,,"R1:3513"
"BGD","BA:673","EMP_TEMP_SEX_GAI_NB","SEX_M","GAI_GRADIENT_3","2023",617.947,,,"R1:3513"
"BGD","BA:673","EMP_TEMP_SEX_GAI_NB","SEX_M","GAI_GRADIENT_2","2023",6483.868,,,"R1:3513"
"BGD","BA:673","EMP_TEMP_SEX_GAI_NB","SEX_M","GAI_GRADIENT_1","2023",5294.658,,,"R1:3513"
"BGD","BA:673","EMP_TEMP_SEX_GAI_NB","SEX_M","GAI_GRADIENT_5","2023",4346.374,,,"R1:3513"
"BGD","BA:673","EMP_TEMP_SEX_GAI_NB","SEX_M","GAI_GRADIENT_X","2023",29368.903,,,"R1:3513"
"BGD","BA:673","EMP_TEMP_SEX_GAI_NB","SEX_F","GAI_GRADIENT_TOTAL","2023",24503.174,,,"R1:3513"
"BGD","BA:673","EMP_TEMP_SEX_GAI_NB","SEX_F","GAI_GRADIENT_4","2023",64.274,,,"R1:3513"
"BGD","BA:673","EMP_TEMP_SEX_GAI_NB","SEX_F","GAI_GRADIENT_3","2023",60.197,,,"R1:3513"
"BGD","BA:673","EMP_TEMP_SEX_GAI_NB","SEX_F","GAI_GRADIENT_2","2023",286.516,,,"R1:3513"
"BGD","BA:673","EMP_TEMP_SEX_GAI_NB","SEX_F","GAI_GRADIENT_1","2023",194.853,,,"R1:3513"
"BGD","BA:673","EMP_TEMP_SEX_GAI_NB","SEX_F","GAI_GRADIENT_5","2023",538.84,,,"R1:3513"
"BGD","BA:673","EMP_TEMP_SEX_GAI_NB","SEX_F","GAI_GRADIENT_X","2023",23358.494,,,"R1:3513"
"BGD","BA:673","EMP_TEMP_SEX_GAI_NB","SEX_O","GAI_GRADIENT_TOTAL","2023",5.44,,,"R1:3513"
"BGD","BA:673","EMP_TEMP_SEX_GAI_NB","SEX_O","GAI_GRADIENT_3","2023",,"U",,"R1:3513"
"BGD","BA:673","EMP_TEMP_SEX_GAI_NB","SEX_O","GAI_GRADIENT_1","2023",,"U",,"R1:3513"
"BGD","BA:673","EMP_TEMP_SEX_GAI_NB","SEX_O","GAI_GRADIENT_5","2023",,"U",,"R1:3513"
"BGD","BA:673","EMP_TEMP_SEX_GAI_NB","SEX_O","GAI_GRADIENT_X","2023",4.362,"U",,"R1:3513"
"BGD","BA:673","EMP_TEMP_SEX_GAI_NB","SEX_T","GAI_GRADIENT_TOTAL","2022",70461.023,,,"R1:3513"
"BGD","BA:673","EMP_TEMP_SEX_GAI_NB","SEX_T","GAI_GRADIENT_4","2022",542.975,,,"R1:3513"
"BGD","BA:673","EMP_TEMP_SEX_GAI_NB","SEX_T","GAI_GRADIENT_3","2022",761.67,,,"R1:3513"
"BGD","BA:673","EMP_TEMP_SEX_GAI_NB","SEX_T","GAI_GRADIENT_2","2022",6498.191,,,"R1:3513"
"BGD","BA:673","EMP_TEMP_SEX_GAI_NB","SEX_T","GAI_GRADIENT_1","2022",5315.601,,,"R1:3513"
"BGD","BA:673","EMP_TEMP_SEX_GAI_NB","SEX_T","GAI_GRADIENT_5","2022",4884.968,,,"R1:3513"
"BGD","BA:673","EMP_TEMP_SEX_GAI_NB","SEX_T","GAI_GRADIENT_X","2022",52457.618,,,"R1:3513"
"BGD","BA:673","EMP_TEMP_SEX_GAI_NB","SEX_M","GAI_GRADIENT_TOTAL","2022",45606.464,,,"R1:3513"
"BGD","BA:673","EMP_TEMP_SEX_GAI_NB","SEX_M","GAI_GRADIENT_4","2022",478.484,,,"R1:3513"
"BGD","BA:673","EMP_TEMP_SEX_GAI_NB","SEX_M","GAI_GRADIENT_3","2022",702.272,,,"R1:3513"
"BGD","BA:673","EMP_TEMP_SEX_GAI_NB","SEX_M","GAI_GRADIENT_2","2022",6176.494,,,"R1:3513"
"BGD","BA:673","EMP_TEMP_SEX_GAI_NB","SEX_M","GAI_GRADIENT_1","2022",5127.788,,,"R1:3513"
"BGD","BA:673","EMP_TEMP_SEX_GAI_NB","SEX_M","GAI_GRADIENT_5","2022",4354.745,,,"R1:3513"
"BGD","BA:673","EMP_TEMP_SEX_GAI_NB","SEX_M","GAI_GRADIENT_X","2022",28766.681,,,"R1:3513"
"BGD","BA:673","EMP_TEMP_SEX_GAI_NB","SEX_F","GAI_GRADIENT_TOTAL","2022",24854.559,,,"R1:3513"
"BGD","BA:673","EMP_TEMP_SEX_GAI_NB","SEX_F","GAI_GRADIENT_4","2022",64.491,,,"R1:3513"
"BGD","BA:673","EMP_TEMP_SEX_GAI_NB","SEX_F","GAI_GRADIENT_3","2022",59.398,,,"R1:3513"
"BGD","BA:673","EMP_TEMP_SEX_GAI_NB","SEX_F","GAI_GRADIENT_2","2022",321.696,,,"R1:3513"
"BGD","BA:673","EMP_TEMP_SEX_GAI_NB","SEX_F","GAI_GRADIENT_1","2022",187.814,,,"R1:3513"
"BGD","BA:673","EMP_TEMP_SEX_GAI_NB","SEX_F","GAI_GRADIENT_5","2022",530.223,,,"R1:3513"
"BGD","BA:673","EMP_TEMP_SEX_GAI_NB","SEX_F","GAI_GRADIENT_X","2022",23690.937,,,"R1:3513"
"BGD","BA:673","EMP_TEMP_SEX_GAI_NB","SEX_T","GAI_GRADIENT_TOTAL","2017",60827.611,,,"R1:3513"
"BGD","BA:673","EMP_TEMP_SEX_GAI_NB","SEX_T","GAI_GRADIENT_4","2017",576.433,,,"R1:3513"
"BGD","BA:673","EMP_TEMP_SEX_GAI_NB","SEX_T","GAI_GRADIENT_3","2017",627.429,,,"R1:3513"
"BGD","BA:673","EMP_TEMP_SEX_GAI_NB","SEX_T","GAI_GRADIENT_2","2017",6151.849,,,"R1:3513"
"BGD","BA:673","EMP_TEMP_SEX_GAI_NB","SEX_T","GAI_GRADIENT_1","2017",3732.237,,,"R1:3513"
"BGD","BA:673","EMP_TEMP_SEX_GAI_NB","SEX_T","GAI_GRADIENT_5","2017",3945.37,,,"R1:3513"
"BGD","BA:673","EMP_TEMP_SEX_GAI_NB","SEX_T","GAI_GRADIENT_X","2017",45794.293,,,"R1:3513"
"BGD","BA:673","EMP_TEMP_SEX_GAI_NB","SEX_M","GAI_GRADIENT_TOTAL","2017",42181.767,,,"R1:3513"
"BGD","BA:673","EMP_TEMP_SEX_GAI_NB","SEX_M","GAI_GRADIENT_4","2017",488.398,,,"R1:3513"
"BGD","BA:673","EMP_TEMP_SEX_GAI_NB","SEX_M","GAI_GRADIENT_3","2017",560.448,,,"R1:3513"
"BGD","BA:673","EMP_TEMP_SEX_GAI_NB","SEX_M","GAI_GRADIENT_2","2017",5684.66,,,"R1:3513"
"BGD","BA:673","EMP_TEMP_SEX_GAI_NB","SEX_M","GAI_GRADIENT_1","2017",3396.315,,,"R1:3513"
"BGD","BA:673","EMP_TEMP_SEX_GAI_NB","SEX_M","GAI_GRADIENT_5","2017",3419.403,,,"R1:3513"
"BGD","BA:673","EMP_TEMP_SEX_GAI_NB","SEX_M","GAI_GRADIENT_X","2017",28632.544,,,"R1:3513"
"BGD","BA:673","EMP_TEMP_SEX_GAI_NB","SEX_F","GAI_GRADIENT_TOTAL","2017",18645.844,,,"R1:3513"
"BGD","BA:673","EMP_TEMP_SEX_GAI_NB","SEX_F","GAI_GRADIENT_4","2017",88.035,,,"R1:3513"
"BGD","BA:673","EMP_TEMP_SEX_GAI_NB","SEX_F","GAI_GRADIENT_3","2017",66.981,,,"R1:3513"
"BGD","BA:673","EMP_TEMP_SEX_GAI_NB","SEX_F","GAI_GRADIENT_2","2017",467.19,,,"R1:3513"
"BGD","BA:673","EMP_TEMP_SEX_GAI_NB","SEX_F","GAI_GRADIENT_1","2017",335.921,,,"R1:3513"
"BGD","BA:673","EMP_TEMP_SEX_GAI_NB","SEX_F","GAI_GRADIENT_5","2017",525.967,,,"R1:3513"
"BGD","BA:673","EMP_TEMP_SEX_GAI_NB","SEX_F","GAI_GRADIENT_X","2017",17161.749,,,"R1:3513"
"BHS","BA:17","EMP_TEMP_SEX_GAI_NB","SEX_T","GAI_GRADIENT_TOTAL","2024",178.33,,,"R1:3513"
"BHS","BA:17","EMP_TEMP_SEX_GAI_NB","SEX_T","GAI_GRADIENT_4","2024",6.785,,,"R1:3513"
"BHS","BA:17","EMP_TEMP_SEX_GAI_NB","SEX_T","GAI_GRADIENT_3","2024",13.692,,,"R1:3513"
"BHS","BA:17","EMP_TEMP_SEX_GAI_NB","SEX_T","GAI_GRADIENT_2","2024",10.787,,,"R1:3513"
"BHS","BA:17","EMP_TEMP_SEX_GAI_NB","SEX_T","GAI_GRADIENT_1","2024",15.082,,,"R1:3513"
"BHS","BA:17","EMP_TEMP_SEX_GAI_NB","SEX_T","GAI_GRADIENT_5","2024",18.977,,,"R1:3513"
"BHS","BA:17","EMP_TEMP_SEX_GAI_NB","SEX_T","GAI_GRADIENT_X","2024",113.007,,,"R1:3513"
"BHS","BA:17","EMP_TEMP_SEX_GAI_NB","SEX_M","GAI_GRADIENT_TOTAL","2024",88.734,,,"R1:3513"
"BHS","BA:17","EMP_TEMP_SEX_GAI_NB","SEX_M","GAI_GRADIENT_4","2024",1.278,,,"R1:3513"
"BHS","BA:17","EMP_TEMP_SEX_GAI_NB","SEX_M","GAI_GRADIENT_3","2024",2.35,,,"R1:3513"
"BHS","BA:17","EMP_TEMP_SEX_GAI_NB","SEX_M","GAI_GRADIENT_2","2024",4.368,,,"R1:3513"
"BHS","BA:17","EMP_TEMP_SEX_GAI_NB","SEX_M","GAI_GRADIENT_1","2024",6.381,,,"R1:3513"
"BHS","BA:17","EMP_TEMP_SEX_GAI_NB","SEX_M","GAI_GRADIENT_5","2024",8.802,,,"R1:3513"
"BHS","BA:17","EMP_TEMP_SEX_GAI_NB","SEX_M","GAI_GRADIENT_X","2024",65.556,,,"R1:3513"
"BHS","BA:17","EMP_TEMP_SEX_GAI_NB","SEX_F","GAI_GRADIENT_TOTAL","2024",89.595,,,"R1:3513"
"BHS","BA:17","EMP_TEMP_SEX_GAI_NB","SEX_F","GAI_GRADIENT_4","2024",5.508,,,"R1:3513"
"BHS","BA:17","EMP_TEMP_SEX_GAI_NB","SEX_F","GAI_GRADIENT_3","2024",11.342,,,"R1:3513"
"BHS","BA:17","EMP_TEMP_SEX_GAI_NB","SEX_F","GAI_GRADIENT_2","2024",6.419,,,"R1:3513"
"BHS","BA:17","EMP_TEMP_SEX_GAI_NB","SEX_F","GAI_GRADIENT_1","2024",8.701,,,"R1:3513"
"BHS","BA:17","EMP_TEMP_SEX_GAI_NB","SEX_F","GAI_GRADIENT_5","2024",10.175,,,"R1:3513"
"BHS","BA:17","EMP_TEMP_SEX_GAI_NB","SEX_F","GAI_GRADIENT_X","2024",47.451,,,"R1:3513"
"BHS","BA:17","EMP_TEMP_SEX_GAI_NB","SEX_T","GAI_GRADIENT_TOTAL","2023",208.199,,,"R1:3513"
"BHS","BA:17","EMP_TEMP_SEX_GAI_NB","SEX_T","GAI_GRADIENT_4","2023",6.77,,,"R1:3513"
"BHS","BA:17","EMP_TEMP_SEX_GAI_NB","SEX_T","GAI_GRADIENT_3","2023",14.603,,,"R1:3513"
"BHS","BA:17","EMP_TEMP_SEX_GAI_NB","SEX_T","GAI_GRADIENT_2","2023",9.602,,,"R1:3513"
"BHS","BA:17","EMP_TEMP_SEX_GAI_NB","SEX_T","GAI_GRADIENT_1","2023",21.652,,,"R1:3513"
"BHS","BA:17","EMP_TEMP_SEX_GAI_NB","SEX_T","GAI_GRADIENT_5","2023",19.61,,,"R1:3513"
"BHS","BA:17","EMP_TEMP_SEX_GAI_NB","SEX_T","GAI_GRADIENT_X","2023",135.962,,,"R1:3513"
"BHS","BA:17","EMP_TEMP_SEX_GAI_NB","SEX_M","GAI_GRADIENT_TOTAL","2023",105.531,,,"R1:3513"
"BHS","BA:17","EMP_TEMP_SEX_GAI_NB","SEX_M","GAI_GRADIENT_4","2023",1.072,,,"R1:3513"
"BHS","BA:17","EMP_TEMP_SEX_GAI_NB","SEX_M","GAI_GRADIENT_3","2023",4.334,,,"R1:3513"
"BHS","BA:17","EMP_TEMP_SEX_GAI_NB","SEX_M","GAI_GRADIENT_2","2023",4.055,,,"R1:3513"
"BHS","BA:17","EMP_TEMP_SEX_GAI_NB","SEX_M","GAI_GRADIENT_1","2023",7.755,,,"R1:3513"
"BHS","BA:17","EMP_TEMP_SEX_GAI_NB","SEX_M","GAI_GRADIENT_5","2023",9.181,,,"R1:3513"
"BHS","BA:17","EMP_TEMP_SEX_GAI_NB","SEX_M","GAI_GRADIENT_X","2023",79.134,,,"R1:3513"
"BHS","BA:17","EMP_TEMP_SEX_GAI_NB","SEX_F","GAI_GRADIENT_TOTAL","2023",102.668,,,"R1:3513"
"BHS","BA:17","EMP_TEMP_SEX_GAI_NB","SEX_F","GAI_GRADIENT_4","2023",5.698,,,"R1:3513"
"BHS","BA:17","EMP_TEMP_SEX_GAI_NB","SEX_F","GAI_GRADIENT_3","2023",10.269,,,"R1:3513"
"BHS","BA:17","EMP_TEMP_SEX_GAI_NB","SEX_F","GAI_GRADIENT_2","2023",5.548,,,"R1:3513"
"BHS","BA:17","EMP_TEMP_SEX_GAI_NB","SEX_F","GAI_GRADIENT_1","2023",13.896,,,"R1:3513"
"BHS","BA:17","EMP_TEMP_SEX_GAI_NB","SEX_F","GAI_GRADIENT_5","2023",10.429,,,"R1:3513"
"BHS","BA:17","EMP_TEMP_SEX_GAI_NB","SEX_F","GAI_GRADIENT_X","2023",56.828,,,"R1:3513"
"BHS","BA:17","EMP_TEMP_SEX_GAI_NB","SEX_T","GAI_GRADIENT_TOTAL","2019",211.325,,,"R1:3513"
"BHS","BA:17","EMP_TEMP_SEX_GAI_NB","SEX_T","GAI_GRADIENT_4","2019",7.897,,,"R1:3513"
"BHS","BA:17","EMP_TEMP_SEX_GAI_NB","SEX_T","GAI_GRADIENT_3","2019",14.677,,,"R1:3513"
"BHS","BA:17","EMP_TEMP_SEX_GAI_NB","SEX_T","GAI_GRADIENT_2","2019",11.864,,,"R1:3513"
"BHS","BA:17","EMP_TEMP_SEX_GAI_NB","SEX_T","GAI_GRADIENT_1","2019",21.928,,,"R1:3513"
"BHS","BA:17","EMP_TEMP_SEX_GAI_NB","SEX_T","GAI_GRADIENT_5","2019",21.328,,,"R1:3513"
"BHS","BA:17","EMP_TEMP_SEX_GAI_NB","SEX_T","GAI_GRADIENT_X","2019",133.631,,,"R1:3513"
"BHS","BA:17","EMP_TEMP_SEX_GAI_NB","SEX_M","GAI_GRADIENT_TOTAL","2019",109.621,,,"R1:3513"
"BHS","BA:17","EMP_TEMP_SEX_GAI_NB","SEX_M","GAI_GRADIENT_4","2019",1.096,,,"R1:3513"
"BHS","BA:17","EMP_TEMP_SEX_GAI_NB","SEX_M","GAI_GRADIENT_3","2019",2.87,,,"R1:3513"
"BHS","BA:17","EMP_TEMP_SEX_GAI_NB","SEX_M","GAI_GRADIENT_2","2019",4.718,,,"R1:3513"
"BHS","BA:17","EMP_TEMP_SEX_GAI_NB","SEX_M","GAI_GRADIENT_1","2019",8.133,,,"R1:3513"
"BHS","BA:17","EMP_TEMP_SEX_GAI_NB","SEX_M","GAI_GRADIENT_5","2019",12.161,,,"R1:3513"
"BHS","BA:17","EMP_TEMP_SEX_GAI_NB","SEX_M","GAI_GRADIENT_X","2019",80.643,,,"R1:3513"
"BHS","BA:17","EMP_TEMP_SEX_GAI_NB","SEX_F","GAI_GRADIENT_TOTAL","2019",101.704,,,"R1:3513"
"BHS","BA:17","EMP_TEMP_SEX_GAI_NB","SEX_F","GAI_GRADIENT_4","2019",6.802,,,"R1:3513"
"BHS","BA:17","EMP_TEMP_SEX_GAI_NB","SEX_F","GAI_GRADIENT_3","2019",11.807,,,"R1:3513"
"BHS","BA:17","EMP_TEMP_SEX_GAI_NB","SEX_F","GAI_GRADIENT_2","2019",7.146,,,"R1:3513"
"BHS","BA:17","EMP_TEMP_SEX_GAI_NB","SEX_F","GAI_GRADIENT_1","2019",13.795,,,"R1:3513"
"BHS","BA:17","EMP_TEMP_SEX_GAI_NB","SEX_F","GAI_GRADIENT_5","2019",9.167,,,"R1:3513"
"BHS","BA:17","EMP_TEMP_SEX_GAI_NB","SEX_F","GAI_GRADIENT_X","2019",52.988,,,"R1:3513"
"BIH","BA:493","EMP_TEMP_SEX_GAI_NB","SEX_T","GAI_GRADIENT_TOTAL","2025",1339.784,,,"R1:3513"
"BIH","BA:493","EMP_TEMP_SEX_GAI_NB","SEX_T","GAI_GRADIENT_4","2025",45.54,,,"R1:3513"
"BIH","BA:493","EMP_TEMP_SEX_GAI_NB","SEX_T","GAI_GRADIENT_3","2025",90.255,,,"R1:3513"
"BIH","BA:493","EMP_TEMP_SEX_GAI_NB","SEX_T","GAI_GRADIENT_2","2025",45.826,,,"R1:3513"
"BIH","BA:493","EMP_TEMP_SEX_GAI_NB","SEX_T","GAI_GRADIENT_1","2025",144.641,,,"R1:3513"
"BIH","BA:493","EMP_TEMP_SEX_GAI_NB","SEX_T","GAI_GRADIENT_5","2025",176.95,,,"R1:3513"
"BIH","BA:493","EMP_TEMP_SEX_GAI_NB","SEX_T","GAI_GRADIENT_X","2025",836.571,,,"R1:3513"
"BIH","BA:493","EMP_TEMP_SEX_GAI_NB","SEX_M","GAI_GRADIENT_TOTAL","2025",809.644,,,"R1:3513"
"BIH","BA:493","EMP_TEMP_SEX_GAI_NB","SEX_M","GAI_GRADIENT_4","2025",18.662,,,"R1:3513"
"BIH","BA:493","EMP_TEMP_SEX_GAI_NB","SEX_M","GAI_GRADIENT_3","2025",45.317,,,"R1:3513"
"BIH","BA:493","EMP_TEMP_SEX_GAI_NB","SEX_M","GAI_GRADIENT_2","2025",29.782,,,"R1:3513"
"BIH","BA:493","EMP_TEMP_SEX_GAI_NB","SEX_M","GAI_GRADIENT_1","2025",46.376,,,"R1:3513"
"BIH","BA:493","EMP_TEMP_SEX_GAI_NB","SEX_M","GAI_GRADIENT_5","2025",116.336,,,"R1:3513"
"BIH","BA:493","EMP_TEMP_SEX_GAI_NB","SEX_M","GAI_GRADIENT_X","2025",553.171,,,"R1:3513"
"BIH","BA:493","EMP_TEMP_SEX_GAI_NB","SEX_F","GAI_GRADIENT_TOTAL","2025",530.139,,,"R1:3513"
"BIH","BA:493","EMP_TEMP_SEX_GAI_NB","SEX_F","GAI_GRADIENT_4","2025",26.878,,,"R1:3513"
"BIH","BA:493","EMP_TEMP_SEX_GAI_NB","SEX_F","GAI_GRADIENT_3","2025",44.938,,,"R1:3513"
"BIH","BA:493","EMP_TEMP_SEX_GAI_NB","SEX_F","GAI_GRADIENT_2","2025",16.044,,,"R1:3513"
"BIH","BA:493","EMP_TEMP_SEX_GAI_NB","SEX_F","GAI_GRADIENT_1","2025",98.264,,,"R1:3513"
"BIH","BA:493","EMP_TEMP_SEX_GAI_NB","SEX_F","GAI_GRADIENT_5","2025",60.614,,,"R1:3513"
"BIH","BA:493","EMP_TEMP_SEX_GAI_NB","SEX_F","GAI_GRADIENT_X","2025",283.401,,,"R1:3513"
"BIH","BA:493","EMP_TEMP_SEX_GAI_NB","SEX_T","GAI_GRADIENT_TOTAL","2024",1354.071,,,"R1:3513"
"BIH","BA:493","EMP_TEMP_SEX_GAI_NB","SEX_T","GAI_GRADIENT_4","2024",43.788,,,"R1:3513"
"BIH","BA:493","EMP_TEMP_SEX_GAI_NB","SEX_T","GAI_GRADIENT_3","2024",87.016,,,"R1:3513"
"BIH","BA:493","EMP_TEMP_SEX_GAI_NB","SEX_T","GAI_GRADIENT_2","2024",46.72,,,"R1:3513"
"BIH","BA:493","EMP_TEMP_SEX_GAI_NB","SEX_T","GAI_GRADIENT_1","2024",143.329,,,"R1:3513"
"BIH","BA:493","EMP_TEMP_SEX_GAI_NB","SEX_T","GAI_GRADIENT_5","2024",171.955,,,"R1:3513"
"BIH","BA:493","EMP_TEMP_SEX_GAI_NB","SEX_T","GAI_GRADIENT_X","2024",861.263,,,"R1:3513"
"BIH","BA:493","EMP_TEMP_SEX_GAI_NB","SEX_M","GAI_GRADIENT_TOTAL","2024",808.745,,,"R1:3513"
"BIH","BA:493","EMP_TEMP_SEX_GAI_NB","SEX_M","GAI_GRADIENT_4","2024",16.402,,,"R1:3513"
"BIH","BA:493","EMP_TEMP_SEX_GAI_NB","SEX_M","GAI_GRADIENT_3","2024",44.347,,,"R1:3513"
"BIH","BA:493","EMP_TEMP_SEX_GAI_NB","SEX_M","GAI_GRADIENT_2","2024",28.219,,,"R1:3513"
"BIH","BA:493","EMP_TEMP_SEX_GAI_NB","SEX_M","GAI_GRADIENT_1","2024",48.758,,,"R1:3513"
"BIH","BA:493","EMP_TEMP_SEX_GAI_NB","SEX_M","GAI_GRADIENT_5","2024",110.7,,,"R1:3513"
"BIH","BA:493","EMP_TEMP_SEX_GAI_NB","SEX_M","GAI_GRADIENT_X","2024",560.319,,,"R1:3513"
"BIH","BA:493","EMP_TEMP_SEX_GAI_NB","SEX_F","GAI_GRADIENT_TOTAL","2024",545.326,,,"R1:3513"
"BIH","BA:493","EMP_TEMP_SEX_GAI_NB","SEX_F","GAI_GRADIENT_4","2024",27.385,,,"R1:3513"
"BIH","BA:493","EMP_TEMP_SEX_GAI_NB","SEX_F","GAI_GRADIENT_3","2024",42.669,,,"R1:3513"
"BIH","BA:493","EMP_TEMP_SEX_GAI_NB","SEX_F","GAI_GRADIENT_2","2024",18.501,,,"R1:3513"
"BIH","BA:493","EMP_TEMP_SEX_GAI_NB","SEX_F","GAI_GRADIENT_1","2024",94.571,,,"R1:3513"
"BIH","BA:493","EMP_TEMP_SEX_GAI_NB","SEX_F","GAI_GRADIENT_5","2024",61.255,,,"R1:3513"
"BIH","BA:493","EMP_TEMP_SEX_GAI_NB","SEX_F","GAI_GRADIENT_X","2024",300.944,,,"R1:3513"
"BIH","BA:493","EMP_TEMP_SEX_GAI_NB","SEX_T","GAI_GRADIENT_TOTAL","2023",1340.318,"B","I11:264","R1:3513"
"BIH","BA:493","EMP_TEMP_SEX_GAI_NB","SEX_T","GAI_GRADIENT_4","2023",42.112,"B","I11:264","R1:3513"
"BIH","BA:493","EMP_TEMP_SEX_GAI_NB","SEX_T","GAI_GRADIENT_3","2023",87.203,"B","I11:264","R1:3513"
"BIH","BA:493","EMP_TEMP_SEX_GAI_NB","SEX_T","GAI_GRADIENT_2","2023",44.585,"B","I11:264","R1:3513"
"BIH","BA:493","EMP_TEMP_SEX_GAI_NB","SEX_T","GAI_GRADIENT_1","2023",137.671,"B","I11:264","R1:3513"
"BIH","BA:493","EMP_TEMP_SEX_GAI_NB","SEX_T","GAI_GRADIENT_5","2023",160.52,"B","I11:264","R1:3513"
"BIH","BA:493","EMP_TEMP_SEX_GAI_NB","SEX_T","GAI_GRADIENT_X","2023",868.227,"B","I11:264","R1:3513"
"BIH","BA:493","EMP_TEMP_SEX_GAI_NB","SEX_M","GAI_GRADIENT_TOTAL","2023",794.901,"B","I11:264","R1:3513"
"BIH","BA:493","EMP_TEMP_SEX_GAI_NB","SEX_M","GAI_GRADIENT_4","2023",16.79,"B","I11:264","R1:3513"
"BIH","BA:493","EMP_TEMP_SEX_GAI_NB","SEX_M","GAI_GRADIENT_3","2023",43.863,"B","I11:264","R1:3513"
"BIH","BA:493","EMP_TEMP_SEX_GAI_NB","SEX_M","GAI_GRADIENT_2","2023",25.395,"B","I11:264","R1:3513"
"BIH","BA:493","EMP_TEMP_SEX_GAI_NB","SEX_M","GAI_GRADIENT_1","2023",47.728,"B","I11:264","R1:3513"
"BIH","BA:493","EMP_TEMP_SEX_GAI_NB","SEX_M","GAI_GRADIENT_5","2023",105.201,"B","I11:264","R1:3513"
"BIH","BA:493","EMP_TEMP_SEX_GAI_NB","SEX_M","GAI_GRADIENT_X","2023",555.925,"B","I11:264","R1:3513"
"BIH","BA:493","EMP_TEMP_SEX_GAI_NB","SEX_F","GAI_GRADIENT_TOTAL","2023",545.416,"B","I11:264","R1:3513"
"BIH","BA:493","EMP_TEMP_SEX_GAI_NB","SEX_F","GAI_GRADIENT_4","2023",25.321,"B","I11:264","R1:3513"
"BIH","BA:493","EMP_TEMP_SEX_GAI_NB","SEX_F","GAI_GRADIENT_3","2023",43.34,"B","I11:264","R1:3513"
"BIH","BA:493","EMP_TEMP_SEX_GAI_NB","SEX_F","GAI_GRADIENT_2","2023",19.19,"B","I11:264","R1:3513"
"BIH","BA:493","EMP_TEMP_SEX_GAI_NB","SEX_F","GAI_GRADIENT_1","2023",89.943,"B","I11:264","R1:3513"
"BIH","BA:493","EMP_TEMP_SEX_GAI_NB","SEX_F","GAI_GRADIENT_5","2023",55.319,"B","I11:264","R1:3513"
"BIH","BA:493","EMP_TEMP_SEX_GAI_NB","SEX_F","GAI_GRADIENT_X","2023",312.302,"B","I11:264","R1:3513"
"BIH","BA:493","EMP_TEMP_SEX_GAI_NB","SEX_T","GAI_GRADIENT_TOTAL","2022",1296.466,"B","I11:264","R1:3513"
"BIH","BA:493","EMP_TEMP_SEX_GAI_NB","SEX_T","GAI_GRADIENT_4","2022",45.221,"B","I11:264","R1:3513"
"BIH","BA:493","EMP_TEMP_SEX_GAI_NB","SEX_T","GAI_GRADIENT_3","2022",75.867,"B","I11:264","R1:3513"
"BIH","BA:493","EMP_TEMP_SEX_GAI_NB","SEX_T","GAI_GRADIENT_2","2022",40.646,"B","I11:264","R1:3513"
"BIH","BA:493","EMP_TEMP_SEX_GAI_NB","SEX_T","GAI_GRADIENT_1","2022",152.619,"B","I11:264","R1:3513"
"BIH","BA:493","EMP_TEMP_SEX_GAI_NB","SEX_T","GAI_GRADIENT_5","2022",160.601,"B","I11:264","R1:3513"
"BIH","BA:493","EMP_TEMP_SEX_GAI_NB","SEX_T","GAI_GRADIENT_X","2022",821.512,"B","I11:264","R1:3513"
"BIH","BA:493","EMP_TEMP_SEX_GAI_NB","SEX_M","GAI_GRADIENT_TOTAL","2022",779.51,"B","I11:264","R1:3513"
"BIH","BA:493","EMP_TEMP_SEX_GAI_NB","SEX_M","GAI_GRADIENT_4","2022",17.585,"B","I11:264","R1:3513"
"BIH","BA:493","EMP_TEMP_SEX_GAI_NB","SEX_M","GAI_GRADIENT_3","2022",35.654,"B","I11:264","R1:3513"
"BIH","BA:493","EMP_TEMP_SEX_GAI_NB","SEX_M","GAI_GRADIENT_2","2022",24.808,"B","I11:264","R1:3513"
"BIH","BA:493","EMP_TEMP_SEX_GAI_NB","SEX_M","GAI_GRADIENT_1","2022",63.236,"B","I11:264","R1:3513"
"BIH","BA:493","EMP_TEMP_SEX_GAI_NB","SEX_M","GAI_GRADIENT_5","2022",108.63,"B","I11:264","R1:3513"
"BIH","BA:493","EMP_TEMP_SEX_GAI_NB","SEX_M","GAI_GRADIENT_X","2022",529.597,"B","I11:264","R1:3513"
"BIH","BA:493","EMP_TEMP_SEX_GAI_NB","SEX_F","GAI_GRADIENT_TOTAL","2022",516.956,"B","I11:264","R1:3513"
"BIH","BA:493","EMP_TEMP_SEX_GAI_NB","SEX_F","GAI_GRADIENT_4","2022",27.636,"B","I11:264","R1:3513"
"BIH","BA:493","EMP_TEMP_SEX_GAI_NB","SEX_F","GAI_GRADIENT_3","2022",40.213,"B","I11:264","R1:3513"
"BIH","BA:493","EMP_TEMP_SEX_GAI_NB","SEX_F","GAI_GRADIENT_2","2022",15.838,"B","I11:264","R1:3513"
"BIH","BA:493","EMP_TEMP_SEX_GAI_NB","SEX_F","GAI_GRADIENT_1","2022",89.383,"B","I11:264","R1:3513"
"BIH","BA:493","EMP_TEMP_SEX_GAI_NB","SEX_F","GAI_GRADIENT_5","2022",51.971,"B","I11:264","R1:3513"
"BIH","BA:493","EMP_TEMP_SEX_GAI_NB","SEX_F","GAI_GRADIENT_X","2022",291.914,"B","I11:264","R1:3513"
"BIH","BA:493","EMP_TEMP_SEX_GAI_NB","SEX_T","GAI_GRADIENT_TOTAL","2021",1262.809,"B","I11:264","R1:3513"
"BIH","BA:493","EMP_TEMP_SEX_GAI_NB","SEX_T","GAI_GRADIENT_4","2021",48.993,"B","I11:264","R1:3513"
"BIH","BA:493","EMP_TEMP_SEX_GAI_NB","SEX_T","GAI_GRADIENT_3","2021",62.597,"B","I11:264","R1:3513"
"BIH","BA:493","EMP_TEMP_SEX_GAI_NB","SEX_T","GAI_GRADIENT_2","2021",38.997,"B","I11:264","R1:3513"
"BIH","BA:493","EMP_TEMP_SEX_GAI_NB","SEX_T","GAI_GRADIENT_1","2021",150.234,"B","I11:264","R1:3513"
"BIH","BA:493","EMP_TEMP_SEX_GAI_NB","SEX_T","GAI_GRADIENT_5","2021",155.145,"B","I11:264","R1:3513"
"BIH","BA:493","EMP_TEMP_SEX_GAI_NB","SEX_T","GAI_GRADIENT_X","2021",806.843,"B","I11:264","R1:3513"
"BIH","BA:493","EMP_TEMP_SEX_GAI_NB","SEX_M","GAI_GRADIENT_TOTAL","2021",765.36,"B","I11:264","R1:3513"
"BIH","BA:493","EMP_TEMP_SEX_GAI_NB","SEX_M","GAI_GRADIENT_4","2021",18.611,"B","I11:264","R1:3513"
"BIH","BA:493","EMP_TEMP_SEX_GAI_NB","SEX_M","GAI_GRADIENT_3","2021",29.843,"B","I11:264","R1:3513"
"BIH","BA:493","EMP_TEMP_SEX_GAI_NB","SEX_M","GAI_GRADIENT_2","2021",25.307,"B","I11:264","R1:3513"
"BIH","BA:493","EMP_TEMP_SEX_GAI_NB","SEX_M","GAI_GRADIENT_1","2021",64.884,"B","I11:264","R1:3513"
"BIH","BA:493","EMP_TEMP_SEX_GAI_NB","SEX_M","GAI_GRADIENT_5","2021",105.998,"B","I11:264","R1:3513"
"BIH","BA:493","EMP_TEMP_SEX_GAI_NB","SEX_M","GAI_GRADIENT_X","2021",520.718,"B","I11:264","R1:3513"
"BIH","BA:493","EMP_TEMP_SEX_GAI_NB","SEX_F","GAI_GRADIENT_TOTAL","2021",497.449,"B","I11:264","R1:3513"
"BIH","BA:493","EMP_TEMP_SEX_GAI_NB","SEX_F","GAI_GRADIENT_4","2021",30.382,"B","I11:264","R1:3513"
"BIH","BA:493","EMP_TEMP_SEX_GAI_NB","SEX_F","GAI_GRADIENT_3","2021",32.754,"B","I11:264","R1:3513"
"BIH","BA:493","EMP_TEMP_SEX_GAI_NB","SEX_F","GAI_GRADIENT_2","2021",13.69,"B","I11:264","R1:3513"
"BIH","BA:493","EMP_TEMP_SEX_GAI_NB","SEX_F","GAI_GRADIENT_1","2021",85.349,"B","I11:264","R1:3513"
"BIH","BA:493","EMP_TEMP_SEX_GAI_NB","SEX_F","GAI_GRADIENT_5","2021",49.148,"B","I11:264","R1:3513"
"BIH","BA:493","EMP_TEMP_SEX_GAI_NB","SEX_F","GAI_GRADIENT_X","2021",286.126,"B","I11:264","R1:3513"
"BIH","BA:493","EMP_TEMP_SEX_GAI_NB","SEX_T","GAI_GRADIENT_TOTAL","2020",1173.075,"B","I20:4077_I11:264","R1:3513"
"BIH","BA:493","EMP_TEMP_SEX_GAI_NB","SEX_T","GAI_GRADIENT_4","2020",41.887,"B","I20:4077_I11:264","R1:3513"
"BIH","BA:493","EMP_TEMP_SEX_GAI_NB","SEX_T","GAI_GRADIENT_3","2020",62.046,"B","I20:4077_I11:264","R1:3513"
"BIH","BA:493","EMP_TEMP_SEX_GAI_NB","SEX_T","GAI_GRADIENT_2","2020",42.351,"B","I20:4077_I11:264","R1:3513"
"BIH","BA:493","EMP_TEMP_SEX_GAI_NB","SEX_T","GAI_GRADIENT_1","2020",136.666,"B","I20:4077_I11:264","R1:3513"
"BIH","BA:493","EMP_TEMP_SEX_GAI_NB","SEX_T","GAI_GRADIENT_5","2020",156.756,"B","I20:4077_I11:264","R1:3513"
"BIH","BA:493","EMP_TEMP_SEX_GAI_NB","SEX_T","GAI_GRADIENT_X","2020",733.369,"B","I20:4077_I11:264","R1:3513"
"BIH","BA:493","EMP_TEMP_SEX_GAI_NB","SEX_M","GAI_GRADIENT_TOTAL","2020",723.31,"B","I20:4077_I11:264","R1:3513"
"BIH","BA:493","EMP_TEMP_SEX_GAI_NB","SEX_M","GAI_GRADIENT_4","2020",16.522,"B","I20:4077_I11:264","R1:3513"
"BIH","BA:493","EMP_TEMP_SEX_GAI_NB","SEX_M","GAI_GRADIENT_3","2020",30.202,"B","I20:4077_I11:264","R1:3513"
"BIH","BA:493","EMP_TEMP_SEX_GAI_NB","SEX_M","GAI_GRADIENT_2","2020",23.806,"B","I20:4077_I11:264","R1:3513"
"BIH","BA:493","EMP_TEMP_SEX_GAI_NB","SEX_M","GAI_GRADIENT_1","2020",57.475,"B","I20:4077_I11:264","R1:3513"
"BIH","BA:493","EMP_TEMP_SEX_GAI_NB","SEX_M","GAI_GRADIENT_5","2020",105.534,"B","I20:4077_I11:264","R1:3513"
"BIH","BA:493","EMP_TEMP_SEX_GAI_NB","SEX_M","GAI_GRADIENT_X","2020",489.772,"B","I20:4077_I11:264","R1:3513"
"BIH","BA:493","EMP_TEMP_SEX_GAI_NB","SEX_F","GAI_GRADIENT_TOTAL","2020",449.765,"B","I20:4077_I11:264","R1:3513"
"BIH","BA:493","EMP_TEMP_SEX_GAI_NB","SEX_F","GAI_GRADIENT_4","2020",25.365,"B","I20:4077_I11:264","R1:3513"
"BIH","BA:493","EMP_TEMP_SEX_GAI_NB","SEX_F","GAI_GRADIENT_3","2020",31.844,"B","I20:4077_I11:264","R1:3513"
"BIH","BA:493","EMP_TEMP_SEX_GAI_NB","SEX_F","GAI_GRADIENT_2","2020",18.545,"B","I20:4077_I11:264","R1:3513"
"BIH","BA:493","EMP_TEMP_SEX_GAI_NB","SEX_F","GAI_GRADIENT_1","2020",79.191,"B","I20:4077_I11:264","R1:3513"
"BIH","BA:493","EMP_TEMP_SEX_GAI_NB","SEX_F","GAI_GRADIENT_5","2020",51.223,"B","I20:4077_I11:264","R1:3513"
"BIH","BA:493","EMP_TEMP_SEX_GAI_NB","SEX_F","GAI_GRADIENT_X","2020",243.597,"B","I20:4077_I11:264","R1:3513"
"BIH","BA:493","EMP_TEMP_SEX_GAI_NB","SEX_T","GAI_GRADIENT_TOTAL","2019",802.856,,,"R1:3513"
"BIH","BA:493","EMP_TEMP_SEX_GAI_NB","SEX_T","GAI_GRADIENT_4","2019",26.889,,,"R1:3513"
"BIH","BA:493","EMP_TEMP_SEX_GAI_NB","SEX_T","GAI_GRADIENT_3","2019",37.019,,,"R1:3513"
"BIH","BA:493","EMP_TEMP_SEX_GAI_NB","SEX_T","GAI_GRADIENT_2","2019",34.297,,,"R1:3513"
"BIH","BA:493","EMP_TEMP_SEX_GAI_NB","SEX_T","GAI_GRADIENT_1","2019",81.501,,,"R1:3513"
"BIH","BA:493","EMP_TEMP_SEX_GAI_NB","SEX_T","GAI_GRADIENT_5","2019",90.108,,,"R1:3513"
"BIH","BA:493","EMP_TEMP_SEX_GAI_NB","SEX_T","GAI_GRADIENT_X","2019",533.043,,,"R1:3513"
"BIH","BA:493","EMP_TEMP_SEX_GAI_NB","SEX_M","GAI_GRADIENT_TOTAL","2019",494.784,,,"R1:3513"
"BIH","BA:493","EMP_TEMP_SEX_GAI_NB","SEX_M","GAI_GRADIENT_4","2019",9.379,,,"R1:3513"
"BIH","BA:493","EMP_TEMP_SEX_GAI_NB","SEX_M","GAI_GRADIENT_3","2019",15.481,,,"R1:3513"
"BIH","BA:493","EMP_TEMP_SEX_GAI_NB","SEX_M","GAI_GRADIENT_2","2019",19.457,,,"R1:3513"
"BIH","BA:493","EMP_TEMP_SEX_GAI_NB","SEX_M","GAI_GRADIENT_1","2019",34.513,,,"R1:3513"
"BIH","BA:493","EMP_TEMP_SEX_GAI_NB","SEX_M","GAI_GRADIENT_5","2019",65.151,,,"R1:3513"
"BIH","BA:493","EMP_TEMP_SEX_GAI_NB","SEX_M","GAI_GRADIENT_X","2019",350.803,,,"R1:3513"
"BIH","BA:493","EMP_TEMP_SEX_GAI_NB","SEX_F","GAI_GRADIENT_TOTAL","2019",308.072,,,"R1:3513"
"BIH","BA:493","EMP_TEMP_SEX_GAI_NB","SEX_F","GAI_GRADIENT_4","2019",17.51,,,"R1:3513"
"BIH","BA:493","EMP_TEMP_SEX_GAI_NB","SEX_F","GAI_GRADIENT_3","2019",21.538,,,"R1:3513"
"BIH","BA:493","EMP_TEMP_SEX_GAI_NB","SEX_F","GAI_GRADIENT_2","2019",14.839,,,"R1:3513"
"BIH","BA:493","EMP_TEMP_SEX_GAI_NB","SEX_F","GAI_GRADIENT_1","2019",46.988,,,"R1:3513"
"BIH","BA:493","EMP_TEMP_SEX_GAI_NB","SEX_F","GAI_GRADIENT_5","2019",24.957,,,"R1:3513"
"BIH","BA:493","EMP_TEMP_SEX_GAI_NB","SEX_F","GAI_GRADIENT_X","2019",182.24,,,"R1:3513"
"BIH","BA:493","EMP_TEMP_SEX_GAI_NB","SEX_T","GAI_GRADIENT_TOTAL","2018",822.446,,,"R1:3513"
"BIH","BA:493","EMP_TEMP_SEX_GAI_NB","SEX_T","GAI_GRADIENT_4","2018",26.644,,,"R1:3513"
"BIH","BA:493","EMP_TEMP_SEX_GAI_NB","SEX_T","GAI_GRADIENT_3","2018",38.79,,,"R1:3513"
"BIH","BA:493","EMP_TEMP_SEX_GAI_NB","SEX_T","GAI_GRADIENT_2","2018",33.546,,,"R1:3513"
"BIH","BA:493","EMP_TEMP_SEX_GAI_NB","SEX_T","GAI_GRADIENT_1","2018",83.415,,,"R1:3513"
"BIH","BA:493","EMP_TEMP_SEX_GAI_NB","SEX_T","GAI_GRADIENT_5","2018",112.167,,,"R1:3513"
"BIH","BA:493","EMP_TEMP_SEX_GAI_NB","SEX_T","GAI_GRADIENT_X","2018",527.884,,,"R1:3513"
"BIH","BA:493","EMP_TEMP_SEX_GAI_NB","SEX_M","GAI_GRADIENT_TOTAL","2018",515.097,,,"R1:3513"
"BIH","BA:493","EMP_TEMP_SEX_GAI_NB","SEX_M","GAI_GRADIENT_4","2018",8.832,,,"R1:3513"
"BIH","BA:493","EMP_TEMP_SEX_GAI_NB","SEX_M","GAI_GRADIENT_3","2018",16.785,,,"R1:3513"
"BIH","BA:493","EMP_TEMP_SEX_GAI_NB","SEX_M","GAI_GRADIENT_2","2018",19.061,,,"R1:3513"
"BIH","BA:493","EMP_TEMP_SEX_GAI_NB","SEX_M","GAI_GRADIENT_1","2018",36.113,,,"R1:3513"
"BIH","BA:493","EMP_TEMP_SEX_GAI_NB","SEX_M","GAI_GRADIENT_5","2018",77.399,,,"R1:3513"
"BIH","BA:493","EMP_TEMP_SEX_GAI_NB","SEX_M","GAI_GRADIENT_X","2018",356.906,,,"R1:3513"
"BIH","BA:493","EMP_TEMP_SEX_GAI_NB","SEX_F","GAI_GRADIENT_TOTAL","2018",307.349,,,"R1:3513"
"BIH","BA:493","EMP_TEMP_SEX_GAI_NB","SEX_F","GAI_GRADIENT_4","2018",17.811,,,"R1:3513"
"BIH","BA:493","EMP_TEMP_SEX_GAI_NB","SEX_F","GAI_GRADIENT_3","2018",22.005,,,"R1:3513"
"BIH","BA:493","EMP_TEMP_SEX_GAI_NB","SEX_F","GAI_GRADIENT_2","2018",14.484,,,"R1:3513"
"BIH","BA:493","EMP_TEMP_SEX_GAI_NB","SEX_F","GAI_GRADIENT_1","2018",47.302,,,"R1:3513"
"BIH","BA:493","EMP_TEMP_SEX_GAI_NB","SEX_F","GAI_GRADIENT_5","2018",34.768,,,"R1:3513"
"BIH","BA:493","EMP_TEMP_SEX_GAI_NB","SEX_F","GAI_GRADIENT_X","2018",170.978,,,"R1:3513"
"BIH","BA:493","EMP_TEMP_SEX_GAI_NB","SEX_T","GAI_GRADIENT_TOTAL","2017",815.659,,,"R1:3513"
"BIH","BA:493","EMP_TEMP_SEX_GAI_NB","SEX_T","GAI_GRADIENT_4","2017",27.967,,,"R1:3513"
"BIH","BA:493","EMP_TEMP_SEX_GAI_NB","SEX_T","GAI_GRADIENT_3","2017",34.841,,,"R1:3513"
"BIH","BA:493","EMP_TEMP_SEX_GAI_NB","SEX_T","GAI_GRADIENT_2","2017",38.744,,,"R1:3513"
"BIH","BA:493","EMP_TEMP_SEX_GAI_NB","SEX_T","GAI_GRADIENT_1","2017",87.456,,,"R1:3513"
"BIH","BA:493","EMP_TEMP_SEX_GAI_NB","SEX_T","GAI_GRADIENT_5","2017",96.359,,,"R1:3513"
"BIH","BA:493","EMP_TEMP_SEX_GAI_NB","SEX_T","GAI_GRADIENT_X","2017",530.292,,,"R1:3513"
"BIH","BA:493","EMP_TEMP_SEX_GAI_NB","SEX_M","GAI_GRADIENT_TOTAL","2017",508.88,,,"R1:3513"
"BIH","BA:493","EMP_TEMP_SEX_GAI_NB","SEX_M","GAI_GRADIENT_4","2017",9.601,,,"R1:3513"
"BIH","BA:493","EMP_TEMP_SEX_GAI_NB","SEX_M","GAI_GRADIENT_3","2017",14.523,,,"R1:3513"
"BIH","BA:493","EMP_TEMP_SEX_GAI_NB","SEX_M","GAI_GRADIENT_2","2017",22.581,,,"R1:3513"
"BIH","BA:493","EMP_TEMP_SEX_GAI_NB","SEX_M","GAI_GRADIENT_1","2017",35.806,,,"R1:3513"
"BIH","BA:493","EMP_TEMP_SEX_GAI_NB","SEX_M","GAI_GRADIENT_5","2017",73.018,,,"R1:3513"
"BIH","BA:493","EMP_TEMP_SEX_GAI_NB","SEX_M","GAI_GRADIENT_X","2017",353.349,,,"R1:3513"
"BIH","BA:493","EMP_TEMP_SEX_GAI_NB","SEX_F","GAI_GRADIENT_TOTAL","2017",306.779,,,"R1:3513"
"BIH","BA:493","EMP_TEMP_SEX_GAI_NB","SEX_F","GAI_GRADIENT_4","2017",18.366,,,"R1:3513"
"BIH","BA:493","EMP_TEMP_SEX_GAI_NB","SEX_F","GAI_GRADIENT_3","2017",20.318,,,"R1:3513"
"BIH","BA:493","EMP_TEMP_SEX_GAI_NB","SEX_F","GAI_GRADIENT_2","2017",16.162,,,"R1:3513"
"BIH","BA:493","EMP_TEMP_SEX_GAI_NB","SEX_F","GAI_GRADIENT_1","2017",51.65,,,"R1:3513"
"BIH","BA:493","EMP_TEMP_SEX_GAI_NB","SEX_F","GAI_GRADIENT_5","2017",23.341,,,"R1:3513"
"BIH","BA:493","EMP_TEMP_SEX_GAI_NB","SEX_F","GAI_GRADIENT_X","2017",176.943,,,"R1:3513"
"BIH","BA:493","EMP_TEMP_SEX_GAI_NB","SEX_T","GAI_GRADIENT_TOTAL","2016",801.084,,,"R1:3513"
"BIH","BA:493","EMP_TEMP_SEX_GAI_NB","SEX_T","GAI_GRADIENT_4","2016",27.067,,,"R1:3513"
"BIH","BA:493","EMP_TEMP_SEX_GAI_NB","SEX_T","GAI_GRADIENT_3","2016",37.657,,,"R1:3513"
"BIH","BA:493","EMP_TEMP_SEX_GAI_NB","SEX_T","GAI_GRADIENT_2","2016",36.284,,,"R1:3513"
"BIH","BA:493","EMP_TEMP_SEX_GAI_NB","SEX_T","GAI_GRADIENT_1","2016",89.614,,,"R1:3513"
"BIH","BA:493","EMP_TEMP_SEX_GAI_NB","SEX_T","GAI_GRADIENT_5","2016",90.142,,,"R1:3513"
"BIH","BA:493","EMP_TEMP_SEX_GAI_NB","SEX_T","GAI_GRADIENT_X","2016",520.319,,,"R1:3513"
"BIH","BA:493","EMP_TEMP_SEX_GAI_NB","SEX_M","GAI_GRADIENT_TOTAL","2016",513.522,,,"R1:3513"
"BIH","BA:493","EMP_TEMP_SEX_GAI_NB","SEX_M","GAI_GRADIENT_4","2016",9.525,,,"R1:3513"
"BIH","BA:493","EMP_TEMP_SEX_GAI_NB","SEX_M","GAI_GRADIENT_3","2016",15.631,,,"R1:3513"
"BIH","BA:493","EMP_TEMP_SEX_GAI_NB","SEX_M","GAI_GRADIENT_2","2016",24.014,,,"R1:3513"
"BIH","BA:493","EMP_TEMP_SEX_GAI_NB","SEX_M","GAI_GRADIENT_1","2016",41.839,,,"R1:3513"
"BIH","BA:493","EMP_TEMP_SEX_GAI_NB","SEX_M","GAI_GRADIENT_5","2016",63,,,"R1:3513"
"BIH","BA:493","EMP_TEMP_SEX_GAI_NB","SEX_M","GAI_GRADIENT_X","2016",359.514,,,"R1:3513"
"BIH","BA:493","EMP_TEMP_SEX_GAI_NB","SEX_F","GAI_GRADIENT_TOTAL","2016",287.561,,,"R1:3513"
"BIH","BA:493","EMP_TEMP_SEX_GAI_NB","SEX_F","GAI_GRADIENT_4","2016",17.542,,,"R1:3513"
"BIH","BA:493","EMP_TEMP_SEX_GAI_NB","SEX_F","GAI_GRADIENT_3","2016",22.026,,,"R1:3513"
"BIH","BA:493","EMP_TEMP_SEX_GAI_NB","SEX_F","GAI_GRADIENT_2","2016",12.27,,,"R1:3513"
"BIH","BA:493","EMP_TEMP_SEX_GAI_NB","SEX_F","GAI_GRADIENT_1","2016",47.776,,,"R1:3513"
"BIH","BA:493","EMP_TEMP_SEX_GAI_NB","SEX_F","GAI_GRADIENT_5","2016",27.142,,,"R1:3513"
"BIH","BA:493","EMP_TEMP_SEX_GAI_NB","SEX_F","GAI_GRADIENT_X","2016",160.805,,,"R1:3513"
"BIH","BA:493","EMP_TEMP_SEX_GAI_NB","SEX_T","GAI_GRADIENT_TOTAL","2015",821.512,,,"R1:3513"
"BIH","BA:493","EMP_TEMP_SEX_GAI_NB","SEX_T","GAI_GRADIENT_4","2015",26.713,,,"R1:3513"
"BIH","BA:493","EMP_TEMP_SEX_GAI_NB","SEX_T","GAI_GRADIENT_3","2015",41.122,,,"R1:3513"
"BIH","BA:493","EMP_TEMP_SEX_GAI_NB","SEX_T","GAI_GRADIENT_2","2015",40.889,,,"R1:3513"
"BIH","BA:493","EMP_TEMP_SEX_GAI_NB","SEX_T","GAI_GRADIENT_1","2015",86.117,,,"R1:3513"
"BIH","BA:493","EMP_TEMP_SEX_GAI_NB","SEX_T","GAI_GRADIENT_5","2015",99.234,,,"R1:3513"
"BIH","BA:493","EMP_TEMP_SEX_GAI_NB","SEX_T","GAI_GRADIENT_X","2015",527.437,,,"R1:3513"
"BIH","BA:493","EMP_TEMP_SEX_GAI_NB","SEX_M","GAI_GRADIENT_TOTAL","2015",514.952,,,"R1:3513"
"BIH","BA:493","EMP_TEMP_SEX_GAI_NB","SEX_M","GAI_GRADIENT_4","2015",8.902,,,"R1:3513"
"BIH","BA:493","EMP_TEMP_SEX_GAI_NB","SEX_M","GAI_GRADIENT_3","2015",17.174,,,"R1:3513"
"BIH","BA:493","EMP_TEMP_SEX_GAI_NB","SEX_M","GAI_GRADIENT_2","2015",25.393,,,"R1:3513"
"BIH","BA:493","EMP_TEMP_SEX_GAI_NB","SEX_M","GAI_GRADIENT_1","2015",36.479,,,"R1:3513"
"BIH","BA:493","EMP_TEMP_SEX_GAI_NB","SEX_M","GAI_GRADIENT_5","2015",70.553,,,"R1:3513"
"BIH","BA:493","EMP_TEMP_SEX_GAI_NB","SEX_M","GAI_GRADIENT_X","2015",356.451,,,"R1:3513"
"BIH","BA:493","EMP_TEMP_SEX_GAI_NB","SEX_F","GAI_GRADIENT_TOTAL","2015",306.56,,,"R1:3513"
"BIH","BA:493","EMP_TEMP_SEX_GAI_NB","SEX_F","GAI_GRADIENT_4","2015",17.811,,,"R1:3513"
"BIH","BA:493","EMP_TEMP_SEX_GAI_NB","SEX_F","GAI_GRADIENT_3","2015",23.949,,,"R1:3513"
"BIH","BA:493","EMP_TEMP_SEX_GAI_NB","SEX_F","GAI_GRADIENT_2","2015",15.496,,,"R1:3513"
"BIH","BA:493","EMP_TEMP_SEX_GAI_NB","SEX_F","GAI_GRADIENT_1","2015",49.638,,,"R1:3513"
"BIH","BA:493","EMP_TEMP_SEX_GAI_NB","SEX_F","GAI_GRADIENT_5","2015",28.681,,,"R1:3513"
"BIH","BA:493","EMP_TEMP_SEX_GAI_NB","SEX_F","GAI_GRADIENT_X","2015",170.986,,,"R1:3513"
"BIH","BA:493","EMP_TEMP_SEX_GAI_NB","SEX_T","GAI_GRADIENT_TOTAL","2014",812.031,,,"R1:3513"
"BIH","BA:493","EMP_TEMP_SEX_GAI_NB","SEX_T","GAI_GRADIENT_4","2014",25.932,,,"R1:3513"
"BIH","BA:493","EMP_TEMP_SEX_GAI_NB","SEX_T","GAI_GRADIENT_3","2014",41.853,,,"R1:3513"
"BIH","BA:493","EMP_TEMP_SEX_GAI_NB","SEX_T","GAI_GRADIENT_2","2014",42.857,,,"R1:3513"
"BIH","BA:493","EMP_TEMP_SEX_GAI_NB","SEX_T","GAI_GRADIENT_1","2014",88.372,,,"R1:3513"
"BIH","BA:493","EMP_TEMP_SEX_GAI_NB","SEX_T","GAI_GRADIENT_5","2014",95.495,,,"R1:3513"
"BIH","BA:493","EMP_TEMP_SEX_GAI_NB","SEX_T","GAI_GRADIENT_X","2014",517.523,,,"R1:3513"
"BIH","BA:493","EMP_TEMP_SEX_GAI_NB","SEX_M","GAI_GRADIENT_TOTAL","2014",510.994,,,"R1:3513"
"BIH","BA:493","EMP_TEMP_SEX_GAI_NB","SEX_M","GAI_GRADIENT_4","2014",8.034,,,"R1:3513"
"BIH","BA:493","EMP_TEMP_SEX_GAI_NB","SEX_M","GAI_GRADIENT_3","2014",16.882,,,"R1:3513"
"BIH","BA:493","EMP_TEMP_SEX_GAI_NB","SEX_M","GAI_GRADIENT_2","2014",24.979,,,"R1:3513"
"BIH","BA:493","EMP_TEMP_SEX_GAI_NB","SEX_M","GAI_GRADIENT_1","2014",39.032,,,"R1:3513"
"BIH","BA:493","EMP_TEMP_SEX_GAI_NB","SEX_M","GAI_GRADIENT_5","2014",66.641,,,"R1:3513"
"BIH","BA:493","EMP_TEMP_SEX_GAI_NB","SEX_M","GAI_GRADIENT_X","2014",355.427,,,"R1:3513"
"BIH","BA:493","EMP_TEMP_SEX_GAI_NB","SEX_F","GAI_GRADIENT_TOTAL","2014",301.037,,,"R1:3513"
"BIH","BA:493","EMP_TEMP_SEX_GAI_NB","SEX_F","GAI_GRADIENT_4","2014",17.898,,,"R1:3513"
"BIH","BA:493","EMP_TEMP_SEX_GAI_NB","SEX_F","GAI_GRADIENT_3","2014",24.971,,,"R1:3513"
"BIH","BA:493","EMP_TEMP_SEX_GAI_NB","SEX_F","GAI_GRADIENT_2","2014",17.877,,,"R1:3513"
"BIH","BA:493","EMP_TEMP_SEX_GAI_NB","SEX_F","GAI_GRADIENT_1","2014",49.34,,,"R1:3513"
"BIH","BA:493","EMP_TEMP_SEX_GAI_NB","SEX_F","GAI_GRADIENT_5","2014",28.854,,,"R1:3513"
"BIH","BA:493","EMP_TEMP_SEX_GAI_NB","SEX_F","GAI_GRADIENT_X","2014",162.096,,,"R1:3513"
"BIH","BA:493","EMP_TEMP_SEX_GAI_NB","SEX_T","GAI_GRADIENT_TOTAL","2013",821.6,,,"R1:3513"
"BIH","BA:493","EMP_TEMP_SEX_GAI_NB","SEX_T","GAI_GRADIENT_4","2013",31.22,,,"R1:3513"
"BIH","BA:493","EMP_TEMP_SEX_GAI_NB","SEX_T","GAI_GRADIENT_3","2013",41.372,,,"R1:3513"
"BIH","BA:493","EMP_TEMP_SEX_GAI_NB","SEX_T","GAI_GRADIENT_2","2013",36.947,,,"R1:3513"
"BIH","BA:493","EMP_TEMP_SEX_GAI_NB","SEX_T","GAI_GRADIENT_1","2013",80.872,,,"R1:3513"
"BIH","BA:493","EMP_TEMP_SEX_GAI_NB","SEX_T","GAI_GRADIENT_5","2013",103.933,,,"R1:3513"
"BIH","BA:493","EMP_TEMP_SEX_GAI_NB","SEX_T","GAI_GRADIENT_X","2013",527.256,,,"R1:3513"
"BIH","BA:493","EMP_TEMP_SEX_GAI_NB","SEX_M","GAI_GRADIENT_TOTAL","2013",515.085,,,"R1:3513"
"BIH","BA:493","EMP_TEMP_SEX_GAI_NB","SEX_M","GAI_GRADIENT_4","2013",10.154,,,"R1:3513"
"BIH","BA:493","EMP_TEMP_SEX_GAI_NB","SEX_M","GAI_GRADIENT_3","2013",16.248,,,"R1:3513"
"BIH","BA:493","EMP_TEMP_SEX_GAI_NB","SEX_M","GAI_GRADIENT_2","2013",23.294,,,"R1:3513"
"BIH","BA:493","EMP_TEMP_SEX_GAI_NB","SEX_M","GAI_GRADIENT_1","2013",36.35,,,"R1:3513"
"BIH","BA:493","EMP_TEMP_SEX_GAI_NB","SEX_M","GAI_GRADIENT_5","2013",74.711,,,"R1:3513"
"BIH","BA:493","EMP_TEMP_SEX_GAI_NB","SEX_M","GAI_GRADIENT_X","2013",354.329,,,"R1:3513"
"BIH","BA:493","EMP_TEMP_SEX_GAI_NB","SEX_F","GAI_GRADIENT_TOTAL","2013",306.515,,,"R1:3513"
"BIH","BA:493","EMP_TEMP_SEX_GAI_NB","SEX_F","GAI_GRADIENT_4","2013",21.066,,,"R1:3513"
"BIH","BA:493","EMP_TEMP_SEX_GAI_NB","SEX_F","GAI_GRADIENT_3","2013",25.124,,,"R1:3513"
"BIH","BA:493","EMP_TEMP_SEX_GAI_NB","SEX_F","GAI_GRADIENT_2","2013",13.653,,,"R1:3513"
"BIH","BA:493","EMP_TEMP_SEX_GAI_NB","SEX_F","GAI_GRADIENT_1","2013",44.522,,,"R1:3513"
"BIH","BA:493","EMP_TEMP_SEX_GAI_NB","SEX_F","GAI_GRADIENT_5","2013",29.223,,,"R1:3513"
"BIH","BA:493","EMP_TEMP_SEX_GAI_NB","SEX_F","GAI_GRADIENT_X","2013",172.928,,,"R1:3513"
"BIH","BA:493","EMP_TEMP_SEX_GAI_NB","SEX_T","GAI_GRADIENT_TOTAL","2012",813.683,,,"R1:3513"
"BIH","BA:493","EMP_TEMP_SEX_GAI_NB","SEX_T","GAI_GRADIENT_4","2012",33.523,,,"R1:3513"
"BIH","BA:493","EMP_TEMP_SEX_GAI_NB","SEX_T","GAI_GRADIENT_3","2012",35.454,,,"R1:3513"
"BIH","BA:493","EMP_TEMP_SEX_GAI_NB","SEX_T","GAI_GRADIENT_2","2012",38.753,,,"R1:3513"
"BIH","BA:493","EMP_TEMP_SEX_GAI_NB","SEX_T","GAI_GRADIENT_1","2012",82.492,,,"R1:3513"
"BIH","BA:493","EMP_TEMP_SEX_GAI_NB","SEX_T","GAI_GRADIENT_5","2012",96.448,,,"R1:3513"
"BIH","BA:493","EMP_TEMP_SEX_GAI_NB","SEX_T","GAI_GRADIENT_X","2012",527.012,,,"R1:3513"
"BIH","BA:493","EMP_TEMP_SEX_GAI_NB","SEX_M","GAI_GRADIENT_TOTAL","2012",513.881,,,"R1:3513"
"BIH","BA:493","EMP_TEMP_SEX_GAI_NB","SEX_M","GAI_GRADIENT_4","2012",10.174,,,"R1:3513"
"BIH","BA:493","EMP_TEMP_SEX_GAI_NB","SEX_M","GAI_GRADIENT_3","2012",14.262,,,"R1:3513"
"BIH","BA:493","EMP_TEMP_SEX_GAI_NB","SEX_M","GAI_GRADIENT_2","2012",23.021,,,"R1:3513"
"BIH","BA:493","EMP_TEMP_SEX_GAI_NB","SEX_M","GAI_GRADIENT_1","2012",35.664,,,"R1:3513"
"BIH","BA:493","EMP_TEMP_SEX_GAI_NB","SEX_M","GAI_GRADIENT_5","2012",70.51,,,"R1:3513"
"BIH","BA:493","EMP_TEMP_SEX_GAI_NB","SEX_M","GAI_GRADIENT_X","2012",360.25,,,"R1:3513"
"BIH","BA:493","EMP_TEMP_SEX_GAI_NB","SEX_F","GAI_GRADIENT_TOTAL","2012",299.802,,,"R1:3513"
"BIH","BA:493","EMP_TEMP_SEX_GAI_NB","SEX_F","GAI_GRADIENT_4","2012",23.349,,,"R1:3513"
"BIH","BA:493","EMP_TEMP_SEX_GAI_NB","SEX_F","GAI_GRADIENT_3","2012",21.192,,,"R1:3513"
"BIH","BA:493","EMP_TEMP_SEX_GAI_NB","SEX_F","GAI_GRADIENT_2","2012",15.732,,,"R1:3513"
"BIH","BA:493","EMP_TEMP_SEX_GAI_NB","SEX_F","GAI_GRADIENT_1","2012",46.829,,,"R1:3513"
"BIH","BA:493","EMP_TEMP_SEX_GAI_NB","SEX_F","GAI_GRADIENT_5","2012",25.937,,,"R1:3513"
"BIH","BA:493","EMP_TEMP_SEX_GAI_NB","SEX_F","GAI_GRADIENT_X","2012",166.762,,,"R1:3513"
"BIH","BA:493","EMP_TEMP_SEX_GAI_NB","SEX_T","GAI_GRADIENT_TOTAL","2011",816.036,,,"R1:3513"
"BIH","BA:493","EMP_TEMP_SEX_GAI_NB","SEX_T","GAI_GRADIENT_4","2011",37.19,,,"R1:3513"
"BIH","BA:493","EMP_TEMP_SEX_GAI_NB","SEX_T","GAI_GRADIENT_3","2011",37.928,,,"R1:3513"
"BIH","BA:493","EMP_TEMP_SEX_GAI_NB","SEX_T","GAI_GRADIENT_2","2011",43.398,,,"R1:3513"
"BIH","BA:493","EMP_TEMP_SEX_GAI_NB","SEX_T","GAI_GRADIENT_1","2011",78.647,,,"R1:3513"
"BIH","BA:493","EMP_TEMP_SEX_GAI_NB","SEX_T","GAI_GRADIENT_5","2011",91.709,,,"R1:3513"
"BIH","BA:493","EMP_TEMP_SEX_GAI_NB","SEX_T","GAI_GRADIENT_X","2011",527.164,,,"R1:3513"
"BIH","BA:493","EMP_TEMP_SEX_GAI_NB","SEX_M","GAI_GRADIENT_TOTAL","2011",513.276,,,"R1:3513"
"BIH","BA:493","EMP_TEMP_SEX_GAI_NB","SEX_M","GAI_GRADIENT_4","2011",9.453,,,"R1:3513"
"BIH","BA:493","EMP_TEMP_SEX_GAI_NB","SEX_M","GAI_GRADIENT_3","2011",15.291,,,"R1:3513"
"BIH","BA:493","EMP_TEMP_SEX_GAI_NB","SEX_M","GAI_GRADIENT_2","2011",25.906,,,"R1:3513"
"BIH","BA:493","EMP_TEMP_SEX_GAI_NB","SEX_M","GAI_GRADIENT_1","2011",39.392,,,"R1:3513"
"BIH","BA:493","EMP_TEMP_SEX_GAI_NB","SEX_M","GAI_GRADIENT_5","2011",67.281,,,"R1:3513"
"BIH","BA:493","EMP_TEMP_SEX_GAI_NB","SEX_M","GAI_GRADIENT_X","2011",355.953,,,"R1:3513"
"BIH","BA:493","EMP_TEMP_SEX_GAI_NB","SEX_F","GAI_GRADIENT_TOTAL","2011",302.76,,,"R1:3513"
"BIH","BA:493","EMP_TEMP_SEX_GAI_NB","SEX_F","GAI_GRADIENT_4","2011",27.737,,,"R1:3513"
"BIH","BA:493","EMP_TEMP_SEX_GAI_NB","SEX_F","GAI_GRADIENT_3","2011",22.637,,,"R1:3513"
"BIH","BA:493","EMP_TEMP_SEX_GAI_NB","SEX_F","GAI_GRADIENT_2","2011",17.492,,,"R1:3513"
"BIH","BA:493","EMP_TEMP_SEX_GAI_NB","SEX_F","GAI_GRADIENT_1","2011",39.255,,,"R1:3513"
"BIH","BA:493","EMP_TEMP_SEX_GAI_NB","SEX_F","GAI_GRADIENT_5","2011",24.428,,,"R1:3513"
"BIH","BA:493","EMP_TEMP_SEX_GAI_NB","SEX_F","GAI_GRADIENT_X","2011",171.211,,,"R1:3513"
"BLR","BA:13362","EMP_TEMP_SEX_GAI_NB","SEX_T","GAI_GRADIENT_TOTAL","2024",4798.198,,,"R1:3513_T3:104"
"BLR","BA:13362","EMP_TEMP_SEX_GAI_NB","SEX_T","GAI_GRADIENT_4","2024",27.515,,,"R1:3513_T3:104"
"BLR","BA:13362","EMP_TEMP_SEX_GAI_NB","SEX_T","GAI_GRADIENT_3","2024",415.608,,,"R1:3513_T3:104"
"BLR","BA:13362","EMP_TEMP_SEX_GAI_NB","SEX_T","GAI_GRADIENT_2","2024",271.235,,,"R1:3513_T3:104"
"BLR","BA:13362","EMP_TEMP_SEX_GAI_NB","SEX_T","GAI_GRADIENT_1","2024",392.378,,,"R1:3513_T3:104"
"BLR","BA:13362","EMP_TEMP_SEX_GAI_NB","SEX_T","GAI_GRADIENT_5","2024",1023.696,,,"R1:3513_T3:104"
"BLR","BA:13362","EMP_TEMP_SEX_GAI_NB","SEX_T","GAI_GRADIENT_X","2024",2667.767,,,"R1:3513_T3:104"
"BLR","BA:13362","EMP_TEMP_SEX_GAI_NB","SEX_M","GAI_GRADIENT_TOTAL","2024",2373.655,,,"R1:3513_T3:104"
"BLR","BA:13362","EMP_TEMP_SEX_GAI_NB","SEX_M","GAI_GRADIENT_4","2024",6.781,,,"R1:3513_T3:104"
"BLR","BA:13362","EMP_TEMP_SEX_GAI_NB","SEX_M","GAI_GRADIENT_3","2024",103.819,,,"R1:3513_T3:104"
"BLR","BA:13362","EMP_TEMP_SEX_GAI_NB","SEX_M","GAI_GRADIENT_2","2024",87.029,,,"R1:3513_T3:104"
"BLR","BA:13362","EMP_TEMP_SEX_GAI_NB","SEX_M","GAI_GRADIENT_1","2024",112.95,,,"R1:3513_T3:104"
"BLR","BA:13362","EMP_TEMP_SEX_GAI_NB","SEX_M","GAI_GRADIENT_5","2024",541.764,,,"R1:3513_T3:104"
"BLR","BA:13362","EMP_TEMP_SEX_GAI_NB","SEX_M","GAI_GRADIENT_X","2024",1521.312,,,"R1:3513_T3:104"
"BLR","BA:13362","EMP_TEMP_SEX_GAI_NB","SEX_F","GAI_GRADIENT_TOTAL","2024",2424.543,,,"R1:3513_T3:104"
"BLR","BA:13362","EMP_TEMP_SEX_GAI_NB","SEX_F","GAI_GRADIENT_4","2024",20.734,,,"R1:3513_T3:104"
"BLR","BA:13362","EMP_TEMP_SEX_GAI_NB","SEX_F","GAI_GRADIENT_3","2024",311.788,,,"R1:3513_T3:104"
"BLR","BA:13362","EMP_TEMP_SEX_GAI_NB","SEX_F","GAI_GRADIENT_2","2024",184.206,,,"R1:3513_T3:104"
"BLR","BA:13362","EMP_TEMP_SEX_GAI_NB","SEX_F","GAI_GRADIENT_1","2024",279.427,,,"R1:3513_T3:104"
"BLR","BA:13362","EMP_TEMP_SEX_GAI_NB","SEX_F","GAI_GRADIENT_5","2024",481.933,,,"R1:3513_T3:104"
"BLR","BA:13362","EMP_TEMP_SEX_GAI_NB","SEX_F","GAI_GRADIENT_X","2024",1146.454,,,"R1:3513_T3:104"
"BLR","BA:13362","EMP_TEMP_SEX_GAI_NB","SEX_T","GAI_GRADIENT_TOTAL","2023",4799.971,,,"R1:3513_T3:104"
"BLR","BA:13362","EMP_TEMP_SEX_GAI_NB","SEX_T","GAI_GRADIENT_4","2023",28.274,,,"R1:3513_T3:104"
"BLR","BA:13362","EMP_TEMP_SEX_GAI_NB","SEX_T","GAI_GRADIENT_3","2023",441.454,,,"R1:3513_T3:104"
"BLR","BA:13362","EMP_TEMP_SEX_GAI_NB","SEX_T","GAI_GRADIENT_2","2023",271.378,,,"R1:3513_T3:104"
"BLR","BA:13362","EMP_TEMP_SEX_GAI_NB","SEX_T","GAI_GRADIENT_1","2023",392.704,,,"R1:3513_T3:104"
"BLR","BA:13362","EMP_TEMP_SEX_GAI_NB","SEX_T","GAI_GRADIENT_5","2023",1014.19,,,"R1:3513_T3:104"
"BLR","BA:13362","EMP_TEMP_SEX_GAI_NB","SEX_T","GAI_GRADIENT_X","2023",2651.972,,,"R1:3513_T3:104"
"BLR","BA:13362","EMP_TEMP_SEX_GAI_NB","SEX_M","GAI_GRADIENT_TOTAL","2023",2387.131,,,"R1:3513_T3:104"
"BLR","BA:13362","EMP_TEMP_SEX_GAI_NB","SEX_M","GAI_GRADIENT_4","2023",6.673,,,"R1:3513_T3:104"
"BLR","BA:13362","EMP_TEMP_SEX_GAI_NB","SEX_M","GAI_GRADIENT_3","2023",107.336,,,"R1:3513_T3:104"
"BLR","BA:13362","EMP_TEMP_SEX_GAI_NB","SEX_M","GAI_GRADIENT_2","2023",90.442,,,"R1:3513_T3:104"
"BLR","BA:13362","EMP_TEMP_SEX_GAI_NB","SEX_M","GAI_GRADIENT_1","2023",114.957,,,"R1:3513_T3:104"
"BLR","BA:13362","EMP_TEMP_SEX_GAI_NB","SEX_M","GAI_GRADIENT_5","2023",549.996,,,"R1:3513_T3:104"
"BLR","BA:13362","EMP_TEMP_SEX_GAI_NB","SEX_M","GAI_GRADIENT_X","2023",1517.727,,,"R1:3513_T3:104"
"BLR","BA:13362","EMP_TEMP_SEX_GAI_NB","SEX_F","GAI_GRADIENT_TOTAL","2023",2412.84,,,"R1:3513_T3:104"
"BLR","BA:13362","EMP_TEMP_SEX_GAI_NB","SEX_F","GAI_GRADIENT_4","2023",21.602,,,"R1:3513_T3:104"
"BLR","BA:13362","EMP_TEMP_SEX_GAI_NB","SEX_F","GAI_GRADIENT_3","2023",334.118,,,"R1:3513_T3:104"
"BLR","BA:13362","EMP_TEMP_SEX_GAI_NB","SEX_F","GAI_GRADIENT_2","2023",180.935,,,"R1:3513_T3:104"
"BLR","BA:13362","EMP_TEMP_SEX_GAI_NB","SEX_F","GAI_GRADIENT_1","2023",277.748,,,"R1:3513_T3:104"
"BLR","BA:13362","EMP_TEMP_SEX_GAI_NB","SEX_F","GAI_GRADIENT_5","2023",464.194,,,"R1:3513_T3:104"
"BLR","BA:13362","EMP_TEMP_SEX_GAI_NB","SEX_F","GAI_GRADIENT_X","2023",1134.244,,,"R1:3513_T3:104"
"BLR","BA:13362","EMP_TEMP_SEX_GAI_NB","SEX_T","GAI_GRADIENT_TOTAL","2022",4847.102,,,"R1:3513_T3:104"
"BLR","BA:13362","EMP_TEMP_SEX_GAI_NB","SEX_T","GAI_GRADIENT_4","2022",32.001,,,"R1:3513_T3:104"
"BLR","BA:13362","EMP_TEMP_SEX_GAI_NB","SEX_T","GAI_GRADIENT_3","2022",435.053,,,"R1:3513_T3:104"
"BLR","BA:13362","EMP_TEMP_SEX_GAI_NB","SEX_T","GAI_GRADIENT_2","2022",268.606,,,"R1:3513_T3:104"
"BLR","BA:13362","EMP_TEMP_SEX_GAI_NB","SEX_T","GAI_GRADIENT_1","2022",409.403,,,"R1:3513_T3:104"
"BLR","BA:13362","EMP_TEMP_SEX_GAI_NB","SEX_T","GAI_GRADIENT_5","2022",1003.892,,,"R1:3513_T3:104"
"BLR","BA:13362","EMP_TEMP_SEX_GAI_NB","SEX_T","GAI_GRADIENT_X","2022",2698.146,,,"R1:3513_T3:104"
"BLR","BA:13362","EMP_TEMP_SEX_GAI_NB","SEX_M","GAI_GRADIENT_TOTAL","2022",2408.056,,,"R1:3513_T3:104"
"BLR","BA:13362","EMP_TEMP_SEX_GAI_NB","SEX_M","GAI_GRADIENT_4","2022",7.044,,,"R1:3513_T3:104"
"BLR","BA:13362","EMP_TEMP_SEX_GAI_NB","SEX_M","GAI_GRADIENT_3","2022",112.924,,,"R1:3513_T3:104"
"BLR","BA:13362","EMP_TEMP_SEX_GAI_NB","SEX_M","GAI_GRADIENT_2","2022",87.921,,,"R1:3513_T3:104"
"BLR","BA:13362","EMP_TEMP_SEX_GAI_NB","SEX_M","GAI_GRADIENT_1","2022",115.152,,,"R1:3513_T3:104"
"BLR","BA:13362","EMP_TEMP_SEX_GAI_NB","SEX_M","GAI_GRADIENT_5","2022",538.825,,,"R1:3513_T3:104"
"BLR","BA:13362","EMP_TEMP_SEX_GAI_NB","SEX_M","GAI_GRADIENT_X","2022",1546.19,,,"R1:3513_T3:104"
"BLR","BA:13362","EMP_TEMP_SEX_GAI_NB","SEX_F","GAI_GRADIENT_TOTAL","2022",2439.045,,,"R1:3513_T3:104"
"BLR","BA:13362","EMP_TEMP_SEX_GAI_NB","SEX_F","GAI_GRADIENT_4","2022",24.957,,,"R1:3513_T3:104"
"BLR","BA:13362","EMP_TEMP_SEX_GAI_NB","SEX_F","GAI_GRADIENT_3","2022",322.129,,,"R1:3513_T3:104"
"BLR","BA:13362","EMP_TEMP_SEX_GAI_NB","SEX_F","GAI_GRADIENT_2","2022",180.685,,,"R1:3513_T3:104"
"BLR","BA:13362","EMP_TEMP_SEX_GAI_NB","SEX_F","GAI_GRADIENT_1","2022",294.251,,,"R1:3513_T3:104"
"BLR","BA:13362","EMP_TEMP_SEX_GAI_NB","SEX_F","GAI_GRADIENT_5","2022",465.067,,,"R1:3513_T3:104"
"BLR","BA:13362","EMP_TEMP_SEX_GAI_NB","SEX_F","GAI_GRADIENT_X","2022",1151.956,,,"R1:3513_T3:104"
"BLR","BA:13362","EMP_TEMP_SEX_GAI_NB","SEX_T","GAI_GRADIENT_TOTAL","2021",4850.645,,,"R1:3513_T3:104"
"BLR","BA:13362","EMP_TEMP_SEX_GAI_NB","SEX_T","GAI_GRADIENT_4","2021",39.955,,,"R1:3513_T3:104"
"BLR","BA:13362","EMP_TEMP_SEX_GAI_NB","SEX_T","GAI_GRADIENT_3","2021",434.056,,,"R1:3513_T3:104"
"BLR","BA:13362","EMP_TEMP_SEX_GAI_NB","SEX_T","GAI_GRADIENT_2","2021",267.628,,,"R1:3513_T3:104"
"BLR","BA:13362","EMP_TEMP_SEX_GAI_NB","SEX_T","GAI_GRADIENT_1","2021",409.125,,,"R1:3513_T3:104"
"BLR","BA:13362","EMP_TEMP_SEX_GAI_NB","SEX_T","GAI_GRADIENT_5","2021",1010.637,,,"R1:3513_T3:104"
"BLR","BA:13362","EMP_TEMP_SEX_GAI_NB","SEX_T","GAI_GRADIENT_X","2021",2689.244,,,"R1:3513_T3:104"
"BLR","BA:13362","EMP_TEMP_SEX_GAI_NB","SEX_M","GAI_GRADIENT_TOTAL","2021",2401.901,,,"R1:3513_T3:104"
"BLR","BA:13362","EMP_TEMP_SEX_GAI_NB","SEX_M","GAI_GRADIENT_4","2021",6.938,,,"R1:3513_T3:104"
"BLR","BA:13362","EMP_TEMP_SEX_GAI_NB","SEX_M","GAI_GRADIENT_3","2021",106.351,,,"R1:3513_T3:104"
"BLR","BA:13362","EMP_TEMP_SEX_GAI_NB","SEX_M","GAI_GRADIENT_2","2021",87.891,,,"R1:3513_T3:104"
"BLR","BA:13362","EMP_TEMP_SEX_GAI_NB","SEX_M","GAI_GRADIENT_1","2021",112.743,,,"R1:3513_T3:104"
"BLR","BA:13362","EMP_TEMP_SEX_GAI_NB","SEX_M","GAI_GRADIENT_5","2021",533.023,,,"R1:3513_T3:104"
"BLR","BA:13362","EMP_TEMP_SEX_GAI_NB","SEX_M","GAI_GRADIENT_X","2021",1554.955,,,"R1:3513_T3:104"
"BLR","BA:13362","EMP_TEMP_SEX_GAI_NB","SEX_F","GAI_GRADIENT_TOTAL","2021",2448.744,,,"R1:3513_T3:104"
"BLR","BA:13362","EMP_TEMP_SEX_GAI_NB","SEX_F","GAI_GRADIENT_4","2021",33.016,,,"R1:3513_T3:104"
"BLR","BA:13362","EMP_TEMP_SEX_GAI_NB","SEX_F","GAI_GRADIENT_3","2021",327.704,,,"R1:3513_T3:104"
"BLR","BA:13362","EMP_TEMP_SEX_GAI_NB","SEX_F","GAI_GRADIENT_2","2021",179.737,,,"R1:3513_T3:104"
"BLR","BA:13362","EMP_TEMP_SEX_GAI_NB","SEX_F","GAI_GRADIENT_1","2021",296.382,,,"R1:3513_T3:104"
"BLR","BA:13362","EMP_TEMP_SEX_GAI_NB","SEX_F","GAI_GRADIENT_5","2021",477.614,,,"R1:3513_T3:104"
"BLR","BA:13362","EMP_TEMP_SEX_GAI_NB","SEX_F","GAI_GRADIENT_X","2021",1134.29,,,"R1:3513_T3:104"
"BLR","BA:13362","EMP_TEMP_SEX_GAI_NB","SEX_T","GAI_GRADIENT_TOTAL","2020",4885.412,,,"R1:3513_T3:104"
"BLR","BA:13362","EMP_TEMP_SEX_GAI_NB","SEX_T","GAI_GRADIENT_4","2020",38.842,,,"R1:3513_T3:104"
"BLR","BA:13362","EMP_TEMP_SEX_GAI_NB","SEX_T","GAI_GRADIENT_3","2020",431.973,,,"R1:3513_T3:104"
"BLR","BA:13362","EMP_TEMP_SEX_GAI_NB","SEX_T","GAI_GRADIENT_2","2020",274.982,,,"R1:3513_T3:104"
"BLR","BA:13362","EMP_TEMP_SEX_GAI_NB","SEX_T","GAI_GRADIENT_1","2020",409.835,,,"R1:3513_T3:104"
"BLR","BA:13362","EMP_TEMP_SEX_GAI_NB","SEX_T","GAI_GRADIENT_5","2020",1004.236,,,"R1:3513_T3:104"
"BLR","BA:13362","EMP_TEMP_SEX_GAI_NB","SEX_T","GAI_GRADIENT_X","2020",2725.545,,,"R1:3513_T3:104"
"BLR","BA:13362","EMP_TEMP_SEX_GAI_NB","SEX_M","GAI_GRADIENT_TOTAL","2020",2461.036,,,"R1:3513_T3:104"
"BLR","BA:13362","EMP_TEMP_SEX_GAI_NB","SEX_M","GAI_GRADIENT_4","2020",6.31,,,"R1:3513_T3:104"
"BLR","BA:13362","EMP_TEMP_SEX_GAI_NB","SEX_M","GAI_GRADIENT_3","2020",110.369,,,"R1:3513_T3:104"
"BLR","BA:13362","EMP_TEMP_SEX_GAI_NB","SEX_M","GAI_GRADIENT_2","2020",94.6,,,"R1:3513_T3:104"
"BLR","BA:13362","EMP_TEMP_SEX_GAI_NB","SEX_M","GAI_GRADIENT_1","2020",113.725,,,"R1:3513_T3:104"
"BLR","BA:13362","EMP_TEMP_SEX_GAI_NB","SEX_M","GAI_GRADIENT_5","2020",551.07,,,"R1:3513_T3:104"
"BLR","BA:13362","EMP_TEMP_SEX_GAI_NB","SEX_M","GAI_GRADIENT_X","2020",1584.962,,,"R1:3513_T3:104"
"BLR","BA:13362","EMP_TEMP_SEX_GAI_NB","SEX_F","GAI_GRADIENT_TOTAL","2020",2424.377,,,"R1:3513_T3:104"
"BLR","BA:13362","EMP_TEMP_SEX_GAI_NB","SEX_F","GAI_GRADIENT_4","2020",32.531,,,"R1:3513_T3:104"
"BLR","BA:13362","EMP_TEMP_SEX_GAI_NB","SEX_F","GAI_GRADIENT_3","2020",321.604,,,"R1:3513_T3:104"
"BLR","BA:13362","EMP_TEMP_SEX_GAI_NB","SEX_F","GAI_GRADIENT_2","2020",180.382,,,"R1:3513_T3:104"
"BLR","BA:13362","EMP_TEMP_SEX_GAI_NB","SEX_F","GAI_GRADIENT_1","2020",296.11,,,"R1:3513_T3:104"
"BLR","BA:13362","EMP_TEMP_SEX_GAI_NB","SEX_F","GAI_GRADIENT_5","2020",453.166,,,"R1:3513_T3:104"
"BLR","BA:13362","EMP_TEMP_SEX_GAI_NB","SEX_F","GAI_GRADIENT_X","2020",1140.583,,,"R1:3513_T3:104"
"BLR","BA:13362","EMP_TEMP_SEX_GAI_NB","SEX_T","GAI_GRADIENT_TOTAL","2019",4909.111,,,"R1:3513_T3:104"
"BLR","BA:13362","EMP_TEMP_SEX_GAI_NB","SEX_T","GAI_GRADIENT_4","2019",44.667,,,"R1:3513_T3:104"
"BLR","BA:13362","EMP_TEMP_SEX_GAI_NB","SEX_T","GAI_GRADIENT_3","2019",425.178,,,"R1:3513_T3:104"
"BLR","BA:13362","EMP_TEMP_SEX_GAI_NB","SEX_T","GAI_GRADIENT_2","2019",277.755,,,"R1:3513_T3:104"
"BLR","BA:13362","EMP_TEMP_SEX_GAI_NB","SEX_T","GAI_GRADIENT_1","2019",407.505,,,"R1:3513_T3:104"
"BLR","BA:13362","EMP_TEMP_SEX_GAI_NB","SEX_T","GAI_GRADIENT_5","2019",991.766,,,"R1:3513_T3:104"
"BLR","BA:13362","EMP_TEMP_SEX_GAI_NB","SEX_T","GAI_GRADIENT_X","2019",2762.239,,,"R1:3513_T3:104"
"BLR","BA:13362","EMP_TEMP_SEX_GAI_NB","SEX_M","GAI_GRADIENT_TOTAL","2019",2456.388,,,"R1:3513_T3:104"
"BLR","BA:13362","EMP_TEMP_SEX_GAI_NB","SEX_M","GAI_GRADIENT_4","2019",7.546,,,"R1:3513_T3:104"
"BLR","BA:13362","EMP_TEMP_SEX_GAI_NB","SEX_M","GAI_GRADIENT_3","2019",106.677,,,"R1:3513_T3:104"
"BLR","BA:13362","EMP_TEMP_SEX_GAI_NB","SEX_M","GAI_GRADIENT_2","2019",94.336,,,"R1:3513_T3:104"
"BLR","BA:13362","EMP_TEMP_SEX_GAI_NB","SEX_M","GAI_GRADIENT_1","2019",105.107,,,"R1:3513_T3:104"
"BLR","BA:13362","EMP_TEMP_SEX_GAI_NB","SEX_M","GAI_GRADIENT_5","2019",538.421,,,"R1:3513_T3:104"
"BLR","BA:13362","EMP_TEMP_SEX_GAI_NB","SEX_M","GAI_GRADIENT_X","2019",1604.3,,,"R1:3513_T3:104"
"BLR","BA:13362","EMP_TEMP_SEX_GAI_NB","SEX_F","GAI_GRADIENT_TOTAL","2019",2452.723,,,"R1:3513_T3:104"
"BLR","BA:13362","EMP_TEMP_SEX_GAI_NB","SEX_F","GAI_GRADIENT_4","2019",37.121,,,"R1:3513_T3:104"
"BLR","BA:13362","EMP_TEMP_SEX_GAI_NB","SEX_F","GAI_GRADIENT_3","2019",318.502,,,"R1:3513_T3:104"
"BLR","BA:13362","EMP_TEMP_SEX_GAI_NB","SEX_F","GAI_GRADIENT_2","2019",183.419,,,"R1:3513_T3:104"
"BLR","BA:13362","EMP_TEMP_SEX_GAI_NB","SEX_F","GAI_GRADIENT_1","2019",302.398,,,"R1:3513_T3:104"
"BLR","BA:13362","EMP_TEMP_SEX_GAI_NB","SEX_F","GAI_GRADIENT_5","2019",453.345,,,"R1:3513_T3:104"
"BLR","BA:13362","EMP_TEMP_SEX_GAI_NB","SEX_F","GAI_GRADIENT_X","2019",1157.938,,,"R1:3513_T3:104"
"BLR","BA:13362","EMP_TEMP_SEX_GAI_NB","SEX_T","GAI_GRADIENT_TOTAL","2018",4896.704,,,"R1:3513_T3:104"
"BLR","BA:13362","EMP_TEMP_SEX_GAI_NB","SEX_T","GAI_GRADIENT_4","2018",46.767,,,"R1:3513_T3:104"
"BLR","BA:13362","EMP_TEMP_SEX_GAI_NB","SEX_T","GAI_GRADIENT_3","2018",412.478,,,"R1:3513_T3:104"
"BLR","BA:13362","EMP_TEMP_SEX_GAI_NB","SEX_T","GAI_GRADIENT_2","2018",273.147,,,"R1:3513_T3:104"
"BLR","BA:13362","EMP_TEMP_SEX_GAI_NB","SEX_T","GAI_GRADIENT_1","2018",407.504,,,"R1:3513_T3:104"
"BLR","BA:13362","EMP_TEMP_SEX_GAI_NB","SEX_T","GAI_GRADIENT_5","2018",970.681,,,"R1:3513_T3:104"
"BLR","BA:13362","EMP_TEMP_SEX_GAI_NB","SEX_T","GAI_GRADIENT_X","2018",2786.127,,,"R1:3513_T3:104"
"BLR","BA:13362","EMP_TEMP_SEX_GAI_NB","SEX_M","GAI_GRADIENT_TOTAL","2018",2457.935,,,"R1:3513_T3:104"
"BLR","BA:13362","EMP_TEMP_SEX_GAI_NB","SEX_M","GAI_GRADIENT_4","2018",5.323,,,"R1:3513_T3:104"
"BLR","BA:13362","EMP_TEMP_SEX_GAI_NB","SEX_M","GAI_GRADIENT_3","2018",101.261,,,"R1:3513_T3:104"
"BLR","BA:13362","EMP_TEMP_SEX_GAI_NB","SEX_M","GAI_GRADIENT_2","2018",97.902,,,"R1:3513_T3:104"
"BLR","BA:13362","EMP_TEMP_SEX_GAI_NB","SEX_M","GAI_GRADIENT_1","2018",112.174,,,"R1:3513_T3:104"
"BLR","BA:13362","EMP_TEMP_SEX_GAI_NB","SEX_M","GAI_GRADIENT_5","2018",523.414,,,"R1:3513_T3:104"
"BLR","BA:13362","EMP_TEMP_SEX_GAI_NB","SEX_M","GAI_GRADIENT_X","2018",1617.862,,,"R1:3513_T3:104"
"BLR","BA:13362","EMP_TEMP_SEX_GAI_NB","SEX_F","GAI_GRADIENT_TOTAL","2018",2438.769,,,"R1:3513_T3:104"
"BLR","BA:13362","EMP_TEMP_SEX_GAI_NB","SEX_F","GAI_GRADIENT_4","2018",41.444,,,"R1:3513_T3:104"
"BLR","BA:13362","EMP_TEMP_SEX_GAI_NB","SEX_F","GAI_GRADIENT_3","2018",311.217,,,"R1:3513_T3:104"
"BLR","BA:13362","EMP_TEMP_SEX_GAI_NB","SEX_F","GAI_GRADIENT_2","2018",175.245,,,"R1:3513_T3:104"
"BLR","BA:13362","EMP_TEMP_SEX_GAI_NB","SEX_F","GAI_GRADIENT_1","2018",295.33,,,"R1:3513_T3:104"
"BLR","BA:13362","EMP_TEMP_SEX_GAI_NB","SEX_F","GAI_GRADIENT_5","2018",447.268,,,"R1:3513_T3:104"
"BLR","BA:13362","EMP_TEMP_SEX_GAI_NB","SEX_F","GAI_GRADIENT_X","2018",1168.265,,,"R1:3513_T3:104"
"BLR","BA:13362","EMP_TEMP_SEX_GAI_NB","SEX_T","GAI_GRADIENT_TOTAL","2017",4901.829,,,"R1:3513_T3:104"
"BLR","BA:13362","EMP_TEMP_SEX_GAI_NB","SEX_T","GAI_GRADIENT_4","2017",71.268,,,"R1:3513_T3:104"
"BLR","BA:13362","EMP_TEMP_SEX_GAI_NB","SEX_T","GAI_GRADIENT_3","2017",142.303,,,"R1:3513_T3:104"
"BLR","BA:13362","EMP_TEMP_SEX_GAI_NB","SEX_T","GAI_GRADIENT_2","2017",82.506,,,"R1:3513_T3:104"
"BLR","BA:13362","EMP_TEMP_SEX_GAI_NB","SEX_T","GAI_GRADIENT_1","2017",205.379,,,"R1:3513_T3:104"
"BLR","BA:13362","EMP_TEMP_SEX_GAI_NB","SEX_T","GAI_GRADIENT_5","2017",435.96,,,"R1:3513_T3:104"
"BLR","BA:13362","EMP_TEMP_SEX_GAI_NB","SEX_T","GAI_GRADIENT_X","2017",3964.412,,,"R1:3513_T3:104"
"BLR","BA:13362","EMP_TEMP_SEX_GAI_NB","SEX_M","GAI_GRADIENT_TOTAL","2017",2427.085,,,"R1:3513_T3:104"
"BLR","BA:13362","EMP_TEMP_SEX_GAI_NB","SEX_M","GAI_GRADIENT_4","2017",21.094,,,"R1:3513_T3:104"
"BLR","BA:13362","EMP_TEMP_SEX_GAI_NB","SEX_M","GAI_GRADIENT_3","2017",10.154,,,"R1:3513_T3:104"
"BLR","BA:13362","EMP_TEMP_SEX_GAI_NB","SEX_M","GAI_GRADIENT_2","2017",34.759,,,"R1:3513_T3:104"
"BLR","BA:13362","EMP_TEMP_SEX_GAI_NB","SEX_M","GAI_GRADIENT_1","2017",79.41,,,"R1:3513_T3:104"
"BLR","BA:13362","EMP_TEMP_SEX_GAI_NB","SEX_M","GAI_GRADIENT_5","2017",196.71,,,"R1:3513_T3:104"
"BLR","BA:13362","EMP_TEMP_SEX_GAI_NB","SEX_M","GAI_GRADIENT_X","2017",2084.957,,,"R1:3513_T3:104"
"BLR","BA:13362","EMP_TEMP_SEX_GAI_NB","SEX_F","GAI_GRADIENT_TOTAL","2017",2474.744,,,"R1:3513_T3:104"
"BLR","BA:13362","EMP_TEMP_SEX_GAI_NB","SEX_F","GAI_GRADIENT_4","2017",50.173,,,"R1:3513_T3:104"
"BLR","BA:13362","EMP_TEMP_SEX_GAI_NB","SEX_F","GAI_GRADIENT_3","2017",132.149,,,"R1:3513_T3:104"
"BLR","BA:13362","EMP_TEMP_SEX_GAI_NB","SEX_F","GAI_GRADIENT_2","2017",47.747,,,"R1:3513_T3:104"
"BLR","BA:13362","EMP_TEMP_SEX_GAI_NB","SEX_F","GAI_GRADIENT_1","2017",125.969,,,"R1:3513_T3:104"
"BLR","BA:13362","EMP_TEMP_SEX_GAI_NB","SEX_F","GAI_GRADIENT_5","2017",239.25,,,"R1:3513_T3:104"
"BLR","BA:13362","EMP_TEMP_SEX_GAI_NB","SEX_F","GAI_GRADIENT_X","2017",1879.456,,,"R1:3513_T3:104"
"BLR","BA:13362","EMP_TEMP_SEX_GAI_NB","SEX_T","GAI_GRADIENT_TOTAL","2016",4861.788,,,"R1:3513_T3:104"
"BLR","BA:13362","EMP_TEMP_SEX_GAI_NB","SEX_T","GAI_GRADIENT_4","2016",79.468,,,"R1:3513_T3:104"
"BLR","BA:13362","EMP_TEMP_SEX_GAI_NB","SEX_T","GAI_GRADIENT_3","2016",153.71,,,"R1:3513_T3:104"
"BLR","BA:13362","EMP_TEMP_SEX_GAI_NB","SEX_T","GAI_GRADIENT_2","2016",79.903,,,"R1:3513_T3:104"
"BLR","BA:13362","EMP_TEMP_SEX_GAI_NB","SEX_T","GAI_GRADIENT_1","2016",198.373,,,"R1:3513_T3:104"
"BLR","BA:13362","EMP_TEMP_SEX_GAI_NB","SEX_T","GAI_GRADIENT_5","2016",440.4,,,"R1:3513_T3:104"
"BLR","BA:13362","EMP_TEMP_SEX_GAI_NB","SEX_T","GAI_GRADIENT_X","2016",3909.932,,,"R1:3513_T3:104"
"BLR","BA:13362","EMP_TEMP_SEX_GAI_NB","SEX_M","GAI_GRADIENT_TOTAL","2016",2399.193,,,"R1:3513_T3:104"
"BLR","BA:13362","EMP_TEMP_SEX_GAI_NB","SEX_M","GAI_GRADIENT_4","2016",19.2,,,"R1:3513_T3:104"
"BLR","BA:13362","EMP_TEMP_SEX_GAI_NB","SEX_M","GAI_GRADIENT_3","2016",9.404,,,"R1:3513_T3:104"
"BLR","BA:13362","EMP_TEMP_SEX_GAI_NB","SEX_M","GAI_GRADIENT_2","2016",32.699,,,"R1:3513_T3:104"
"BLR","BA:13362","EMP_TEMP_SEX_GAI_NB","SEX_M","GAI_GRADIENT_1","2016",84.952,,,"R1:3513_T3:104"
"BLR","BA:13362","EMP_TEMP_SEX_GAI_NB","SEX_M","GAI_GRADIENT_5","2016",195.335,,,"R1:3513_T3:104"
"BLR","BA:13362","EMP_TEMP_SEX_GAI_NB","SEX_M","GAI_GRADIENT_X","2016",2057.603,,,"R1:3513_T3:104"
"BLR","BA:13362","EMP_TEMP_SEX_GAI_NB","SEX_F","GAI_GRADIENT_TOTAL","2016",2462.595,,,"R1:3513_T3:104"
"BLR","BA:13362","EMP_TEMP_SEX_GAI_NB","SEX_F","GAI_GRADIENT_4","2016",60.268,,,"R1:3513_T3:104"
"BLR","BA:13362","EMP_TEMP_SEX_GAI_NB","SEX_F","GAI_GRADIENT_3","2016",144.306,,,"R1:3513_T3:104"
"BLR","BA:13362","EMP_TEMP_SEX_GAI_NB","SEX_F","GAI_GRADIENT_2","2016",47.204,,,"R1:3513_T3:104"
"BLR","BA:13362","EMP_TEMP_SEX_GAI_NB","SEX_F","GAI_GRADIENT_1","2016",113.421,,,"R1:3513_T3:104"
"BLR","BA:13362","EMP_TEMP_SEX_GAI_NB","SEX_F","GAI_GRADIENT_5","2016",245.066,,,"R1:3513_T3:104"
"BLR","BA:13362","EMP_TEMP_SEX_GAI_NB","SEX_F","GAI_GRADIENT_X","2016",1852.329,,,"R1:3513_T3:104"
"BLZ","BA:934","EMP_TEMP_SEX_GAI_NB","SEX_T","GAI_GRADIENT_TOTAL","2016",145.074,,,"R1:3513"
"BLZ","BA:934","EMP_TEMP_SEX_GAI_NB","SEX_T","GAI_GRADIENT_4","2016",3.635,,,"R1:3513"
"BLZ","BA:934","EMP_TEMP_SEX_GAI_NB","SEX_T","GAI_GRADIENT_3","2016",6.385,,,"R1:3513"
"BLZ","BA:934","EMP_TEMP_SEX_GAI_NB","SEX_T","GAI_GRADIENT_2","2016",8.949,,,"R1:3513"
"BLZ","BA:934","EMP_TEMP_SEX_GAI_NB","SEX_T","GAI_GRADIENT_1","2016",12.376,,,"R1:3513"
"BLZ","BA:934","EMP_TEMP_SEX_GAI_NB","SEX_T","GAI_GRADIENT_5","2016",13.025,,,"R1:3513"
"BLZ","BA:934","EMP_TEMP_SEX_GAI_NB","SEX_T","GAI_GRADIENT_X","2016",100.704,,,"R1:3513"
"BLZ","BA:934","EMP_TEMP_SEX_GAI_NB","SEX_M","GAI_GRADIENT_TOTAL","2016",91.601,,,"R1:3513"
"BLZ","BA:934","EMP_TEMP_SEX_GAI_NB","SEX_M","GAI_GRADIENT_4","2016",1.195,,,"R1:3513"
"BLZ","BA:934","EMP_TEMP_SEX_GAI_NB","SEX_M","GAI_GRADIENT_3","2016",2.198,,,"R1:3513"
"BLZ","BA:934","EMP_TEMP_SEX_GAI_NB","SEX_M","GAI_GRADIENT_2","2016",4.77,,,"R1:3513"
"BLZ","BA:934","EMP_TEMP_SEX_GAI_NB","SEX_M","GAI_GRADIENT_1","2016",6.808,,,"R1:3513"
"BLZ","BA:934","EMP_TEMP_SEX_GAI_NB","SEX_M","GAI_GRADIENT_5","2016",8.692,,,"R1:3513"
"BLZ","BA:934","EMP_TEMP_SEX_GAI_NB","SEX_M","GAI_GRADIENT_X","2016",67.938,,,"R1:3513"
"BLZ","BA:934","EMP_TEMP_SEX_GAI_NB","SEX_F","GAI_GRADIENT_TOTAL","2016",53.473,,,"R1:3513"
"BLZ","BA:934","EMP_TEMP_SEX_GAI_NB","SEX_F","GAI_GRADIENT_4","2016",2.44,,,"R1:3513"
"BLZ","BA:934","EMP_TEMP_SEX_GAI_NB","SEX_F","GAI_GRADIENT_3","2016",4.187,,,"R1:3513"
"BLZ","BA:934","EMP_TEMP_SEX_GAI_NB","SEX_F","GAI_GRADIENT_2","2016",4.179,,,"R1:3513"
"BLZ","BA:934","EMP_TEMP_SEX_GAI_NB","SEX_F","GAI_GRADIENT_1","2016",5.567,,,"R1:3513"
"BLZ","BA:934","EMP_TEMP_SEX_GAI_NB","SEX_F","GAI_GRADIENT_5","2016",4.334,,,"R1:3513"
"BLZ","BA:934","EMP_TEMP_SEX_GAI_NB","SEX_F","GAI_GRADIENT_X","2016",32.766,,,"R1:3513"
"BLZ","BA:934","EMP_TEMP_SEX_GAI_NB","SEX_T","GAI_GRADIENT_TOTAL","2015",138.686,,,"R1:3513"
"BLZ","BA:934","EMP_TEMP_SEX_GAI_NB","SEX_T","GAI_GRADIENT_4","2015",4.273,,,"R1:3513"
"BLZ","BA:934","EMP_TEMP_SEX_GAI_NB","SEX_T","GAI_GRADIENT_3","2015",6.669,,,"R1:3513"
"BLZ","BA:934","EMP_TEMP_SEX_GAI_NB","SEX_T","GAI_GRADIENT_2","2015",8.965,,,"R1:3513"
"BLZ","BA:934","EMP_TEMP_SEX_GAI_NB","SEX_T","GAI_GRADIENT_1","2015",12.778,,,"R1:3513"
"BLZ","BA:934","EMP_TEMP_SEX_GAI_NB","SEX_T","GAI_GRADIENT_5","2015",14.9,,,"R1:3513"
"BLZ","BA:934","EMP_TEMP_SEX_GAI_NB","SEX_T","GAI_GRADIENT_X","2015",91.101,,,"R1:3513"
"BLZ","BA:934","EMP_TEMP_SEX_GAI_NB","SEX_M","GAI_GRADIENT_TOTAL","2015",87.983,,,"R1:3513"
"BLZ","BA:934","EMP_TEMP_SEX_GAI_NB","SEX_M","GAI_GRADIENT_4","2015",1.127,,,"R1:3513"
"BLZ","BA:934","EMP_TEMP_SEX_GAI_NB","SEX_M","GAI_GRADIENT_3","2015",2.031,,,"R1:3513"
"BLZ","BA:934","EMP_TEMP_SEX_GAI_NB","SEX_M","GAI_GRADIENT_2","2015",4.716,,,"R1:3513"
"BLZ","BA:934","EMP_TEMP_SEX_GAI_NB","SEX_M","GAI_GRADIENT_1","2015",6.968,,,"R1:3513"
"BLZ","BA:934","EMP_TEMP_SEX_GAI_NB","SEX_M","GAI_GRADIENT_5","2015",9.746,,,"R1:3513"
"BLZ","BA:934","EMP_TEMP_SEX_GAI_NB","SEX_M","GAI_GRADIENT_X","2015",63.396,,,"R1:3513"
"BLZ","BA:934","EMP_TEMP_SEX_GAI_NB","SEX_F","GAI_GRADIENT_TOTAL","2015",50.703,,,"R1:3513"
"BLZ","BA:934","EMP_TEMP_SEX_GAI_NB","SEX_F","GAI_GRADIENT_4","2015",3.147,,,"R1:3513"
"BLZ","BA:934","EMP_TEMP_SEX_GAI_NB","SEX_F","GAI_GRADIENT_3","2015",4.638,,,"R1:3513"
"BLZ","BA:934","EMP_TEMP_SEX_GAI_NB","SEX_F","GAI_GRADIENT_2","2015",4.248,,,"R1:3513"
"BLZ","BA:934","EMP_TEMP_SEX_GAI_NB","SEX_F","GAI_GRADIENT_1","2015",5.81,,,"R1:3513"
"BLZ","BA:934","EMP_TEMP_SEX_GAI_NB","SEX_F","GAI_GRADIENT_5","2015",5.154,,,"R1:3513"
"BLZ","BA:934","EMP_TEMP_SEX_GAI_NB","SEX_F","GAI_GRADIENT_X","2015",27.706,,,"R1:3513"
"BRA","BX:6355","EMP_TEMP_SEX_GAI_NB","SEX_T","GAI_GRADIENT_TOTAL","2025",102453.886,,,"R1:3513"
"BRA","BX:6355","EMP_TEMP_SEX_GAI_NB","SEX_T","GAI_GRADIENT_4","2025",5374.384,,,"R1:3513"
"BRA","BX:6355","EMP_TEMP_SEX_GAI_NB","SEX_T","GAI_GRADIENT_3","2025",4897.906,,,"R1:3513"
"BRA","BX:6355","EMP_TEMP_SEX_GAI_NB","SEX_T","GAI_GRADIENT_2","2025",9975.332,,,"R1:3513"
"BRA","BX:6355","EMP_TEMP_SEX_GAI_NB","SEX_T","GAI_GRADIENT_1","2025",9147.697,,,"R1:3513"
"BRA","BX:6355","EMP_TEMP_SEX_GAI_NB","SEX_T","GAI_GRADIENT_5","2025",13284.76,,,"R1:3513"
"BRA","BX:6355","EMP_TEMP_SEX_GAI_NB","SEX_T","GAI_GRADIENT_X","2025",59773.807,,,"R1:3513"
"BRA","BX:6355","EMP_TEMP_SEX_GAI_NB","SEX_M","GAI_GRADIENT_TOTAL","2025",58004.123,,,"R1:3513"
"BRA","BX:6355","EMP_TEMP_SEX_GAI_NB","SEX_M","GAI_GRADIENT_4","2025",1983.645,,,"R1:3513"
"BRA","BX:6355","EMP_TEMP_SEX_GAI_NB","SEX_M","GAI_GRADIENT_3","2025",1884.373,,,"R1:3513"
"BRA","BX:6355","EMP_TEMP_SEX_GAI_NB","SEX_M","GAI_GRADIENT_2","2025",5689.12,,,"R1:3513"
"BRA","BX:6355","EMP_TEMP_SEX_GAI_NB","SEX_M","GAI_GRADIENT_1","2025",4438.528,,,"R1:3513"
"BRA","BX:6355","EMP_TEMP_SEX_GAI_NB","SEX_M","GAI_GRADIENT_5","2025",8228.247,,,"R1:3513"
"BRA","BX:6355","EMP_TEMP_SEX_GAI_NB","SEX_M","GAI_GRADIENT_X","2025",35780.208,,,"R1:3513"
"BRA","BX:6355","EMP_TEMP_SEX_GAI_NB","SEX_F","GAI_GRADIENT_TOTAL","2025",44449.763,,,"R1:3513"
"BRA","BX:6355","EMP_TEMP_SEX_GAI_NB","SEX_F","GAI_GRADIENT_4","2025",3390.738,,,"R1:3513"
"BRA","BX:6355","EMP_TEMP_SEX_GAI_NB","SEX_F","GAI_GRADIENT_3","2025",3013.532,,,"R1:3513"
"BRA","BX:6355","EMP_TEMP_SEX_GAI_NB","SEX_F","GAI_GRADIENT_2","2025",4286.211,,,"R1:3513"
"BRA","BX:6355","EMP_TEMP_SEX_GAI_NB","SEX_F","GAI_GRADIENT_1","2025",4709.169,,,"R1:3513"
"BRA","BX:6355","EMP_TEMP_SEX_GAI_NB","SEX_F","GAI_GRADIENT_5","2025",5056.514,,,"R1:3513"
"BRA","BX:6355","EMP_TEMP_SEX_GAI_NB","SEX_F","GAI_GRADIENT_X","2025",23993.599,,,"R1:3513"
"BRA","BX:6355","EMP_TEMP_SEX_GAI_NB","SEX_T","GAI_GRADIENT_TOTAL","2024",102111.527,,,"R1:3513"
"BRA","BX:6355","EMP_TEMP_SEX_GAI_NB","SEX_T","GAI_GRADIENT_4","2024",5233.311,,,"R1:3513"
"BRA","BX:6355","EMP_TEMP_SEX_GAI_NB","SEX_T","GAI_GRADIENT_3","2024",4815.504,,,"R1:3513"
"BRA","BX:6355","EMP_TEMP_SEX_GAI_NB","SEX_T","GAI_GRADIENT_2","2024",9977.083,,,"R1:3513"
"BRA","BX:6355","EMP_TEMP_SEX_GAI_NB","SEX_T","GAI_GRADIENT_1","2024",9087.703,,,"R1:3513"
"BRA","BX:6355","EMP_TEMP_SEX_GAI_NB","SEX_T","GAI_GRADIENT_5","2024",12945.883,,,"R1:3513"
"BRA","BX:6355","EMP_TEMP_SEX_GAI_NB","SEX_T","GAI_GRADIENT_X","2024",60052.042,,,"R1:3513"
"BRA","BX:6355","EMP_TEMP_SEX_GAI_NB","SEX_M","GAI_GRADIENT_TOTAL","2024",58178.942,,,"R1:3513"
"BRA","BX:6355","EMP_TEMP_SEX_GAI_NB","SEX_M","GAI_GRADIENT_4","2024",1961.729,,,"R1:3513"
"BRA","BX:6355","EMP_TEMP_SEX_GAI_NB","SEX_M","GAI_GRADIENT_3","2024",1838.241,,,"R1:3513"
"BRA","BX:6355","EMP_TEMP_SEX_GAI_NB","SEX_M","GAI_GRADIENT_2","2024",5693.921,,,"R1:3513"
"BRA","BX:6355","EMP_TEMP_SEX_GAI_NB","SEX_M","GAI_GRADIENT_1","2024",4516.98,,,"R1:3513"
"BRA","BX:6355","EMP_TEMP_SEX_GAI_NB","SEX_M","GAI_GRADIENT_5","2024",7979.443,,,"R1:3513"
"BRA","BX:6355","EMP_TEMP_SEX_GAI_NB","SEX_M","GAI_GRADIENT_X","2024",36188.628,,,"R1:3513"
"BRA","BX:6355","EMP_TEMP_SEX_GAI_NB","SEX_F","GAI_GRADIENT_TOTAL","2024",43932.585,,,"R1:3513"
"BRA","BX:6355","EMP_TEMP_SEX_GAI_NB","SEX_F","GAI_GRADIENT_4","2024",3271.582,,,"R1:3513"
"BRA","BX:6355","EMP_TEMP_SEX_GAI_NB","SEX_F","GAI_GRADIENT_3","2024",2977.263,,,"R1:3513"
"BRA","BX:6355","EMP_TEMP_SEX_GAI_NB","SEX_F","GAI_GRADIENT_2","2024",4283.162,,,"R1:3513"
"BRA","BX:6355","EMP_TEMP_SEX_GAI_NB","SEX_F","GAI_GRADIENT_1","2024",4570.723,,,"R1:3513"
"BRA","BX:6355","EMP_TEMP_SEX_GAI_NB","SEX_F","GAI_GRADIENT_5","2024",4966.44,,,"R1:3513"
"BRA","BX:6355","EMP_TEMP_SEX_GAI_NB","SEX_F","GAI_GRADIENT_X","2024",23863.414,,,"R1:3513"
"BRA","BX:6355","EMP_TEMP_SEX_GAI_NB","SEX_T","GAI_GRADIENT_TOTAL","2023",99281.765,,,"R1:3513"
"BRA","BX:6355","EMP_TEMP_SEX_GAI_NB","SEX_T","GAI_GRADIENT_4","2023",5095.469,,,"R1:3513"
"BRA","BX:6355","EMP_TEMP_SEX_GAI_NB","SEX_T","GAI_GRADIENT_3","2023",4666.596,,,"R1:3513"
"BRA","BX:6355","EMP_TEMP_SEX_GAI_NB","SEX_T","GAI_GRADIENT_2","2023",9700.054,,,"R1:3513"
"BRA","BX:6355","EMP_TEMP_SEX_GAI_NB","SEX_T","GAI_GRADIENT_1","2023",8789.115,,,"R1:3513"
"BRA","BX:6355","EMP_TEMP_SEX_GAI_NB","SEX_T","GAI_GRADIENT_5","2023",12425.489,,,"R1:3513"
"BRA","BX:6355","EMP_TEMP_SEX_GAI_NB","SEX_T","GAI_GRADIENT_X","2023",58605.04,,,"R1:3513"
"BRA","BX:6355","EMP_TEMP_SEX_GAI_NB","SEX_M","GAI_GRADIENT_TOTAL","2023",56650.484,,,"R1:3513"
"BRA","BX:6355","EMP_TEMP_SEX_GAI_NB","SEX_M","GAI_GRADIENT_4","2023",1928.192,,,"R1:3513"
"BRA","BX:6355","EMP_TEMP_SEX_GAI_NB","SEX_M","GAI_GRADIENT_3","2023",1714.873,,,"R1:3513"
"BRA","BX:6355","EMP_TEMP_SEX_GAI_NB","SEX_M","GAI_GRADIENT_2","2023",5495.527,,,"R1:3513"
"BRA","BX:6355","EMP_TEMP_SEX_GAI_NB","SEX_M","GAI_GRADIENT_1","2023",4393.772,,,"R1:3513"
"BRA","BX:6355","EMP_TEMP_SEX_GAI_NB","SEX_M","GAI_GRADIENT_5","2023",7699.153,,,"R1:3513"
"BRA","BX:6355","EMP_TEMP_SEX_GAI_NB","SEX_M","GAI_GRADIENT_X","2023",35418.967,,,"R1:3513"
"BRA","BX:6355","EMP_TEMP_SEX_GAI_NB","SEX_F","GAI_GRADIENT_TOTAL","2023",42631.281,,,"R1:3513"
"BRA","BX:6355","EMP_TEMP_SEX_GAI_NB","SEX_F","GAI_GRADIENT_4","2023",3167.277,,,"R1:3513"
"BRA","BX:6355","EMP_TEMP_SEX_GAI_NB","SEX_F","GAI_GRADIENT_3","2023",2951.723,,,"R1:3513"
"BRA","BX:6355","EMP_TEMP_SEX_GAI_NB","SEX_F","GAI_GRADIENT_2","2023",4204.528,,,"R1:3513"
"BRA","BX:6355","EMP_TEMP_SEX_GAI_NB","SEX_F","GAI_GRADIENT_1","2023",4395.344,,,"R1:3513"
"BRA","BX:6355","EMP_TEMP_SEX_GAI_NB","SEX_F","GAI_GRADIENT_5","2023",4726.336,,,"R1:3513"
"BRA","BX:6355","EMP_TEMP_SEX_GAI_NB","SEX_F","GAI_GRADIENT_X","2023",23186.074,,,"R1:3513"
"BRA","BX:6355","EMP_TEMP_SEX_GAI_NB","SEX_T","GAI_GRADIENT_TOTAL","2022",97918.963,,,"R1:3513"
"BRA","BX:6355","EMP_TEMP_SEX_GAI_NB","SEX_T","GAI_GRADIENT_4","2022",4880.562,,,"R1:3513"
"BRA","BX:6355","EMP_TEMP_SEX_GAI_NB","SEX_T","GAI_GRADIENT_3","2022",4646.164,,,"R1:3513"
"BRA","BX:6355","EMP_TEMP_SEX_GAI_NB","SEX_T","GAI_GRADIENT_2","2022",9619.577,,,"R1:3513"
"BRA","BX:6355","EMP_TEMP_SEX_GAI_NB","SEX_T","GAI_GRADIENT_1","2022",8381.415,,,"R1:3513"
"BRA","BX:6355","EMP_TEMP_SEX_GAI_NB","SEX_T","GAI_GRADIENT_5","2022",12109.669,,,"R1:3513"
"BRA","BX:6355","EMP_TEMP_SEX_GAI_NB","SEX_T","GAI_GRADIENT_X","2022",58281.575,,,"R1:3513"
"BRA","BX:6355","EMP_TEMP_SEX_GAI_NB","SEX_M","GAI_GRADIENT_TOTAL","2022",56003.006,,,"R1:3513"
"BRA","BX:6355","EMP_TEMP_SEX_GAI_NB","SEX_M","GAI_GRADIENT_4","2022",1864.171,,,"R1:3513"
"BRA","BX:6355","EMP_TEMP_SEX_GAI_NB","SEX_M","GAI_GRADIENT_3","2022",1724.327,,,"R1:3513"
"BRA","BX:6355","EMP_TEMP_SEX_GAI_NB","SEX_M","GAI_GRADIENT_2","2022",5407.001,,,"R1:3513"
"BRA","BX:6355","EMP_TEMP_SEX_GAI_NB","SEX_M","GAI_GRADIENT_1","2022",4126.516,,,"R1:3513"
"BRA","BX:6355","EMP_TEMP_SEX_GAI_NB","SEX_M","GAI_GRADIENT_5","2022",7538.081,,,"R1:3513"
"BRA","BX:6355","EMP_TEMP_SEX_GAI_NB","SEX_M","GAI_GRADIENT_X","2022",35342.91,,,"R1:3513"
"BRA","BX:6355","EMP_TEMP_SEX_GAI_NB","SEX_F","GAI_GRADIENT_TOTAL","2022",41915.957,,,"R1:3513"
"BRA","BX:6355","EMP_TEMP_SEX_GAI_NB","SEX_F","GAI_GRADIENT_4","2022",3016.391,,,"R1:3513"
"BRA","BX:6355","EMP_TEMP_SEX_GAI_NB","SEX_F","GAI_GRADIENT_3","2022",2921.838,,,"R1:3513"
"BRA","BX:6355","EMP_TEMP_SEX_GAI_NB","SEX_F","GAI_GRADIENT_2","2022",4212.576,,,"R1:3513"
"BRA","BX:6355","EMP_TEMP_SEX_GAI_NB","SEX_F","GAI_GRADIENT_1","2022",4254.899,,,"R1:3513"
"BRA","BX:6355","EMP_TEMP_SEX_GAI_NB","SEX_F","GAI_GRADIENT_5","2022",4571.588,,,"R1:3513"
"BRA","BX:6355","EMP_TEMP_SEX_GAI_NB","SEX_F","GAI_GRADIENT_X","2022",22938.665,,,"R1:3513"
"BRA","BX:6355","EMP_TEMP_SEX_GAI_NB","SEX_T","GAI_GRADIENT_TOTAL","2021",91187.695,,,"R1:3513"
"BRA","BX:6355","EMP_TEMP_SEX_GAI_NB","SEX_T","GAI_GRADIENT_4","2021",4620.819,,,"R1:3513"
"BRA","BX:6355","EMP_TEMP_SEX_GAI_NB","SEX_T","GAI_GRADIENT_3","2021",4258.572,,,"R1:3513"
"BRA","BX:6355","EMP_TEMP_SEX_GAI_NB","SEX_T","GAI_GRADIENT_2","2021",9217.354,,,"R1:3513"
"BRA","BX:6355","EMP_TEMP_SEX_GAI_NB","SEX_T","GAI_GRADIENT_1","2021",7810.969,,,"R1:3513"
"BRA","BX:6355","EMP_TEMP_SEX_GAI_NB","SEX_T","GAI_GRADIENT_5","2021",10815.246,,,"R1:3513"
"BRA","BX:6355","EMP_TEMP_SEX_GAI_NB","SEX_T","GAI_GRADIENT_X","2021",54464.735,,,"R1:3513"
"BRA","BX:6355","EMP_TEMP_SEX_GAI_NB","SEX_M","GAI_GRADIENT_TOTAL","2021",53011.906,,,"R1:3513"
"BRA","BX:6355","EMP_TEMP_SEX_GAI_NB","SEX_M","GAI_GRADIENT_4","2021",1751.226,,,"R1:3513"
"BRA","BX:6355","EMP_TEMP_SEX_GAI_NB","SEX_M","GAI_GRADIENT_3","2021",1559.989,,,"R1:3513"
"BRA","BX:6355","EMP_TEMP_SEX_GAI_NB","SEX_M","GAI_GRADIENT_2","2021",5207.304,,,"R1:3513"
"BRA","BX:6355","EMP_TEMP_SEX_GAI_NB","SEX_M","GAI_GRADIENT_1","2021",4082.95,,,"R1:3513"
"BRA","BX:6355","EMP_TEMP_SEX_GAI_NB","SEX_M","GAI_GRADIENT_5","2021",6769.963,,,"R1:3513"
"BRA","BX:6355","EMP_TEMP_SEX_GAI_NB","SEX_M","GAI_GRADIENT_X","2021",33640.474,,,"R1:3513"
"BRA","BX:6355","EMP_TEMP_SEX_GAI_NB","SEX_F","GAI_GRADIENT_TOTAL","2021",38175.789,,,"R1:3513"
"BRA","BX:6355","EMP_TEMP_SEX_GAI_NB","SEX_F","GAI_GRADIENT_4","2021",2869.592,,,"R1:3513"
"BRA","BX:6355","EMP_TEMP_SEX_GAI_NB","SEX_F","GAI_GRADIENT_3","2021",2698.583,,,"R1:3513"
"BRA","BX:6355","EMP_TEMP_SEX_GAI_NB","SEX_F","GAI_GRADIENT_2","2021",4010.05,,,"R1:3513"
"BRA","BX:6355","EMP_TEMP_SEX_GAI_NB","SEX_F","GAI_GRADIENT_1","2021",3728.019,,,"R1:3513"
"BRA","BX:6355","EMP_TEMP_SEX_GAI_NB","SEX_F","GAI_GRADIENT_5","2021",4045.283,,,"R1:3513"
"BRA","BX:6355","EMP_TEMP_SEX_GAI_NB","SEX_F","GAI_GRADIENT_X","2021",20824.262,,,"R1:3513"
"BRA","BX:6355","EMP_TEMP_SEX_GAI_NB","SEX_T","GAI_GRADIENT_TOTAL","2020",86874.675,,,"R1:3513"
"BRA","BX:6355","EMP_TEMP_SEX_GAI_NB","SEX_T","GAI_GRADIENT_4","2020",4612.341,,,"R1:3513"
"BRA","BX:6355","EMP_TEMP_SEX_GAI_NB","SEX_T","GAI_GRADIENT_3","2020",4009.455,,,"R1:3513"
"BRA","BX:6355","EMP_TEMP_SEX_GAI_NB","SEX_T","GAI_GRADIENT_2","2020",8937.805,,,"R1:3513"
"BRA","BX:6355","EMP_TEMP_SEX_GAI_NB","SEX_T","GAI_GRADIENT_1","2020",7745.059,,,"R1:3513"
"BRA","BX:6355","EMP_TEMP_SEX_GAI_NB","SEX_T","GAI_GRADIENT_5","2020",10275.105,,,"R1:3513"
"BRA","BX:6355","EMP_TEMP_SEX_GAI_NB","SEX_T","GAI_GRADIENT_X","2020",51294.91,,,"R1:3513"
"BRA","BX:6355","EMP_TEMP_SEX_GAI_NB","SEX_M","GAI_GRADIENT_TOTAL","2020",50532.874,,,"R1:3513"
"BRA","BX:6355","EMP_TEMP_SEX_GAI_NB","SEX_M","GAI_GRADIENT_4","2020",1794.169,,,"R1:3513"
"BRA","BX:6355","EMP_TEMP_SEX_GAI_NB","SEX_M","GAI_GRADIENT_3","2020",1516.407,,,"R1:3513"
"BRA","BX:6355","EMP_TEMP_SEX_GAI_NB","SEX_M","GAI_GRADIENT_2","2020",5148.16,,,"R1:3513"
"BRA","BX:6355","EMP_TEMP_SEX_GAI_NB","SEX_M","GAI_GRADIENT_1","2020",4093.143,,,"R1:3513"
"BRA","BX:6355","EMP_TEMP_SEX_GAI_NB","SEX_M","GAI_GRADIENT_5","2020",6476.416,,,"R1:3513"
"BRA","BX:6355","EMP_TEMP_SEX_GAI_NB","SEX_M","GAI_GRADIENT_X","2020",31504.579,,,"R1:3513"
"BRA","BX:6355","EMP_TEMP_SEX_GAI_NB","SEX_F","GAI_GRADIENT_TOTAL","2020",36341.801,,,"R1:3513"
"BRA","BX:6355","EMP_TEMP_SEX_GAI_NB","SEX_F","GAI_GRADIENT_4","2020",2818.172,,,"R1:3513"
"BRA","BX:6355","EMP_TEMP_SEX_GAI_NB","SEX_F","GAI_GRADIENT_3","2020",2493.048,,,"R1:3513"
"BRA","BX:6355","EMP_TEMP_SEX_GAI_NB","SEX_F","GAI_GRADIENT_2","2020",3789.645,,,"R1:3513"
"BRA","BX:6355","EMP_TEMP_SEX_GAI_NB","SEX_F","GAI_GRADIENT_1","2020",3651.916,,,"R1:3513"
"BRA","BX:6355","EMP_TEMP_SEX_GAI_NB","SEX_F","GAI_GRADIENT_5","2020",3798.689,,,"R1:3513"
"BRA","BX:6355","EMP_TEMP_SEX_GAI_NB","SEX_F","GAI_GRADIENT_X","2020",19790.33,,,"R1:3513"
"BRA","BX:6355","EMP_TEMP_SEX_GAI_NB","SEX_T","GAI_GRADIENT_TOTAL","2019",94129.066,,,"R1:3513"
"BRA","BX:6355","EMP_TEMP_SEX_GAI_NB","SEX_T","GAI_GRADIENT_4","2019",4462.313,,,"R1:3513"
"BRA","BX:6355","EMP_TEMP_SEX_GAI_NB","SEX_T","GAI_GRADIENT_3","2019",4172.378,,,"R1:3513"
"BRA","BX:6355","EMP_TEMP_SEX_GAI_NB","SEX_T","GAI_GRADIENT_2","2019",9651.074,,,"R1:3513"
"BRA","BX:6355","EMP_TEMP_SEX_GAI_NB","SEX_T","GAI_GRADIENT_1","2019",8600.581,,,"R1:3513"
"BRA","BX:6355","EMP_TEMP_SEX_GAI_NB","SEX_T","GAI_GRADIENT_5","2019",11235.988,,,"R1:3513"
"BRA","BX:6355","EMP_TEMP_SEX_GAI_NB","SEX_T","GAI_GRADIENT_X","2019",56006.732,,,"R1:3513"
"BRA","BX:6355","EMP_TEMP_SEX_GAI_NB","SEX_M","GAI_GRADIENT_TOTAL","2019",53718.069,,,"R1:3513"
"BRA","BX:6355","EMP_TEMP_SEX_GAI_NB","SEX_M","GAI_GRADIENT_4","2019",1724.864,,,"R1:3513"
"BRA","BX:6355","EMP_TEMP_SEX_GAI_NB","SEX_M","GAI_GRADIENT_3","2019",1449.658,,,"R1:3513"
"BRA","BX:6355","EMP_TEMP_SEX_GAI_NB","SEX_M","GAI_GRADIENT_2","2019",5388.046,,,"R1:3513"
"BRA","BX:6355","EMP_TEMP_SEX_GAI_NB","SEX_M","GAI_GRADIENT_1","2019",4451.38,,,"R1:3513"
"BRA","BX:6355","EMP_TEMP_SEX_GAI_NB","SEX_M","GAI_GRADIENT_5","2019",6980.818,,,"R1:3513"
"BRA","BX:6355","EMP_TEMP_SEX_GAI_NB","SEX_M","GAI_GRADIENT_X","2019",33723.303,,,"R1:3513"
"BRA","BX:6355","EMP_TEMP_SEX_GAI_NB","SEX_F","GAI_GRADIENT_TOTAL","2019",40410.998,,,"R1:3513"
"BRA","BX:6355","EMP_TEMP_SEX_GAI_NB","SEX_F","GAI_GRADIENT_4","2019",2737.449,,,"R1:3513"
"BRA","BX:6355","EMP_TEMP_SEX_GAI_NB","SEX_F","GAI_GRADIENT_3","2019",2722.72,,,"R1:3513"
"BRA","BX:6355","EMP_TEMP_SEX_GAI_NB","SEX_F","GAI_GRADIENT_2","2019",4263.028,,,"R1:3513"
"BRA","BX:6355","EMP_TEMP_SEX_GAI_NB","SEX_F","GAI_GRADIENT_1","2019",4149.201,,,"R1:3513"
"BRA","BX:6355","EMP_TEMP_SEX_GAI_NB","SEX_F","GAI_GRADIENT_5","2019",4255.17,,,"R1:3513"
"BRA","BX:6355","EMP_TEMP_SEX_GAI_NB","SEX_F","GAI_GRADIENT_X","2019",22283.429,,,"R1:3513"
"BRA","BX:6355","EMP_TEMP_SEX_GAI_NB","SEX_T","GAI_GRADIENT_TOTAL","2018",92076.304,,,"R1:3513"
"BRA","BX:6355","EMP_TEMP_SEX_GAI_NB","SEX_T","GAI_GRADIENT_4","2018",4323.849,,,"R1:3513"
"BRA","BX:6355","EMP_TEMP_SEX_GAI_NB","SEX_T","GAI_GRADIENT_3","2018",4110.6,,,"R1:3513"
"BRA","BX:6355","EMP_TEMP_SEX_GAI_NB","SEX_T","GAI_GRADIENT_2","2018",9441.347,,,"R1:3513"
"BRA","BX:6355","EMP_TEMP_SEX_GAI_NB","SEX_T","GAI_GRADIENT_1","2018",8394.728,,,"R1:3513"
"BRA","BX:6355","EMP_TEMP_SEX_GAI_NB","SEX_T","GAI_GRADIENT_5","2018",11003.525,,,"R1:3513"
"BRA","BX:6355","EMP_TEMP_SEX_GAI_NB","SEX_T","GAI_GRADIENT_X","2018",54802.255,,,"R1:3513"
"BRA","BX:6355","EMP_TEMP_SEX_GAI_NB","SEX_M","GAI_GRADIENT_TOTAL","2018",52695.243,,,"R1:3513"
"BRA","BX:6355","EMP_TEMP_SEX_GAI_NB","SEX_M","GAI_GRADIENT_4","2018",1660.274,,,"R1:3513"
"BRA","BX:6355","EMP_TEMP_SEX_GAI_NB","SEX_M","GAI_GRADIENT_3","2018",1444.172,,,"R1:3513"
"BRA","BX:6355","EMP_TEMP_SEX_GAI_NB","SEX_M","GAI_GRADIENT_2","2018",5282.67,,,"R1:3513"
"BRA","BX:6355","EMP_TEMP_SEX_GAI_NB","SEX_M","GAI_GRADIENT_1","2018",4290.574,,,"R1:3513"
"BRA","BX:6355","EMP_TEMP_SEX_GAI_NB","SEX_M","GAI_GRADIENT_5","2018",6910.399,,,"R1:3513"
"BRA","BX:6355","EMP_TEMP_SEX_GAI_NB","SEX_M","GAI_GRADIENT_X","2018",33107.154,,,"R1:3513"
"BRA","BX:6355","EMP_TEMP_SEX_GAI_NB","SEX_F","GAI_GRADIENT_TOTAL","2018",39381.061,,,"R1:3513"
"BRA","BX:6355","EMP_TEMP_SEX_GAI_NB","SEX_F","GAI_GRADIENT_4","2018",2663.576,,,"R1:3513"
"BRA","BX:6355","EMP_TEMP_SEX_GAI_NB","SEX_F","GAI_GRADIENT_3","2018",2666.428,,,"R1:3513"
"BRA","BX:6355","EMP_TEMP_SEX_GAI_NB","SEX_F","GAI_GRADIENT_2","2018",4158.677,,,"R1:3513"
"BRA","BX:6355","EMP_TEMP_SEX_GAI_NB","SEX_F","GAI_GRADIENT_1","2018",4104.153,,,"R1:3513"
"BRA","BX:6355","EMP_TEMP_SEX_GAI_NB","SEX_F","GAI_GRADIENT_5","2018",4093.126,,,"R1:3513"
"BRA","BX:6355","EMP_TEMP_SEX_GAI_NB","SEX_F","GAI_GRADIENT_X","2018",21695.101,,,"R1:3513"
"BRA","BX:6355","EMP_TEMP_SEX_GAI_NB","SEX_T","GAI_GRADIENT_TOTAL","2017",90503.629,,,"R1:3513"
"BRA","BX:6355","EMP_TEMP_SEX_GAI_NB","SEX_T","GAI_GRADIENT_4","2017",3864.256,,,"R1:3513"
"BRA","BX:6355","EMP_TEMP_SEX_GAI_NB","SEX_T","GAI_GRADIENT_3","2017",4121.436,,,"R1:3513"
"BRA","BX:6355","EMP_TEMP_SEX_GAI_NB","SEX_T","GAI_GRADIENT_2","2017",9009.496,,,"R1:3513"
"BRA","BX:6355","EMP_TEMP_SEX_GAI_NB","SEX_T","GAI_GRADIENT_1","2017",8272.937,,,"R1:3513"
"BRA","BX:6355","EMP_TEMP_SEX_GAI_NB","SEX_T","GAI_GRADIENT_5","2017",10930.9,,,"R1:3513"
"BRA","BX:6355","EMP_TEMP_SEX_GAI_NB","SEX_T","GAI_GRADIENT_X","2017",54304.604,,,"R1:3513"
"BRA","BX:6355","EMP_TEMP_SEX_GAI_NB","SEX_M","GAI_GRADIENT_TOTAL","2017",51968.323,,,"R1:3513"
"BRA","BX:6355","EMP_TEMP_SEX_GAI_NB","SEX_M","GAI_GRADIENT_4","2017",1472.517,,,"R1:3513"
"BRA","BX:6355","EMP_TEMP_SEX_GAI_NB","SEX_M","GAI_GRADIENT_3","2017",1397.675,,,"R1:3513"
"BRA","BX:6355","EMP_TEMP_SEX_GAI_NB","SEX_M","GAI_GRADIENT_2","2017",5192.691,,,"R1:3513"
"BRA","BX:6355","EMP_TEMP_SEX_GAI_NB","SEX_M","GAI_GRADIENT_1","2017",4072.194,,,"R1:3513"
"BRA","BX:6355","EMP_TEMP_SEX_GAI_NB","SEX_M","GAI_GRADIENT_5","2017",6922.982,,,"R1:3513"
"BRA","BX:6355","EMP_TEMP_SEX_GAI_NB","SEX_M","GAI_GRADIENT_X","2017",32910.264,,,"R1:3513"
"BRA","BX:6355","EMP_TEMP_SEX_GAI_NB","SEX_F","GAI_GRADIENT_TOTAL","2017",38535.305,,,"R1:3513"
"BRA","BX:6355","EMP_TEMP_SEX_GAI_NB","SEX_F","GAI_GRADIENT_4","2017",2391.739,,,"R1:3513"
"BRA","BX:6355","EMP_TEMP_SEX_GAI_NB","SEX_F","GAI_GRADIENT_3","2017",2723.761,,,"R1:3513"
"BRA","BX:6355","EMP_TEMP_SEX_GAI_NB","SEX_F","GAI_GRADIENT_2","2017",3816.805,,,"R1:3513"
"BRA","BX:6355","EMP_TEMP_SEX_GAI_NB","SEX_F","GAI_GRADIENT_1","2017",4200.742,,,"R1:3513"
"BRA","BX:6355","EMP_TEMP_SEX_GAI_NB","SEX_F","GAI_GRADIENT_5","2017",4007.917,,,"R1:3513"
"BRA","BX:6355","EMP_TEMP_SEX_GAI_NB","SEX_F","GAI_GRADIENT_X","2017",21394.34,,,"R1:3513"
"BRA","BX:6355","EMP_TEMP_SEX_GAI_NB","SEX_T","GAI_GRADIENT_TOTAL","2016",90212.798,,,"R1:3513"
"BRA","BX:6355","EMP_TEMP_SEX_GAI_NB","SEX_T","GAI_GRADIENT_4","2016",3591.993,,,"R1:3513"
"BRA","BX:6355","EMP_TEMP_SEX_GAI_NB","SEX_T","GAI_GRADIENT_3","2016",4232.094,,,"R1:3513"
"BRA","BX:6355","EMP_TEMP_SEX_GAI_NB","SEX_T","GAI_GRADIENT_2","2016",8883.905,,,"R1:3513"
"BRA","BX:6355","EMP_TEMP_SEX_GAI_NB","SEX_T","GAI_GRADIENT_1","2016",8220.767,,,"R1:3513"
"BRA","BX:6355","EMP_TEMP_SEX_GAI_NB","SEX_T","GAI_GRADIENT_5","2016",10763.182,,,"R1:3513"
"BRA","BX:6355","EMP_TEMP_SEX_GAI_NB","SEX_T","GAI_GRADIENT_X","2016",54520.857,,,"R1:3513"
"BRA","BX:6355","EMP_TEMP_SEX_GAI_NB","SEX_M","GAI_GRADIENT_TOTAL","2016",52202.233,,,"R1:3513"
"BRA","BX:6355","EMP_TEMP_SEX_GAI_NB","SEX_M","GAI_GRADIENT_4","2016",1430.663,,,"R1:3513"
"BRA","BX:6355","EMP_TEMP_SEX_GAI_NB","SEX_M","GAI_GRADIENT_3","2016",1399.034,,,"R1:3513"
"BRA","BX:6355","EMP_TEMP_SEX_GAI_NB","SEX_M","GAI_GRADIENT_2","2016",5243.258,,,"R1:3513"
"BRA","BX:6355","EMP_TEMP_SEX_GAI_NB","SEX_M","GAI_GRADIENT_1","2016",4011.166,,,"R1:3513"
"BRA","BX:6355","EMP_TEMP_SEX_GAI_NB","SEX_M","GAI_GRADIENT_5","2016",6896.31,,,"R1:3513"
"BRA","BX:6355","EMP_TEMP_SEX_GAI_NB","SEX_M","GAI_GRADIENT_X","2016",33221.802,,,"R1:3513"
"BRA","BX:6355","EMP_TEMP_SEX_GAI_NB","SEX_F","GAI_GRADIENT_TOTAL","2016",38010.565,,,"R1:3513"
"BRA","BX:6355","EMP_TEMP_SEX_GAI_NB","SEX_F","GAI_GRADIENT_4","2016",2161.329,,,"R1:3513"
"BRA","BX:6355","EMP_TEMP_SEX_GAI_NB","SEX_F","GAI_GRADIENT_3","2016",2833.059,,,"R1:3513"
"BRA","BX:6355","EMP_TEMP_SEX_GAI_NB","SEX_F","GAI_GRADIENT_2","2016",3640.647,,,"R1:3513"
"BRA","BX:6355","EMP_TEMP_SEX_GAI_NB","SEX_F","GAI_GRADIENT_1","2016",4209.601,,,"R1:3513"
"BRA","BX:6355","EMP_TEMP_SEX_GAI_NB","SEX_F","GAI_GRADIENT_5","2016",3866.872,,,"R1:3513"
"BRA","BX:6355","EMP_TEMP_SEX_GAI_NB","SEX_F","GAI_GRADIENT_X","2016",21299.056,,,"R1:3513"
"BRA","BX:6355","EMP_TEMP_SEX_GAI_NB","SEX_T","GAI_GRADIENT_TOTAL","2015",91961.93,,,"R1:3513"
"BRA","BX:6355","EMP_TEMP_SEX_GAI_NB","SEX_T","GAI_GRADIENT_4","2015",3960.779,,,"R1:3513"
"BRA","BX:6355","EMP_TEMP_SEX_GAI_NB","SEX_T","GAI_GRADIENT_3","2015",4224.051,,,"R1:3513"
"BRA","BX:6355","EMP_TEMP_SEX_GAI_NB","SEX_T","GAI_GRADIENT_2","2015",8550.835,,,"R1:3513"
"BRA","BX:6355","EMP_TEMP_SEX_GAI_NB","SEX_T","GAI_GRADIENT_1","2015",8687.792,,,"R1:3513"
"BRA","BX:6355","EMP_TEMP_SEX_GAI_NB","SEX_T","GAI_GRADIENT_5","2015",10805.615,,,"R1:3513"
"BRA","BX:6355","EMP_TEMP_SEX_GAI_NB","SEX_T","GAI_GRADIENT_X","2015",55732.858,,,"R1:3513"
"BRA","BX:6355","EMP_TEMP_SEX_GAI_NB","SEX_M","GAI_GRADIENT_TOTAL","2015",53220.237,,,"R1:3513"
"BRA","BX:6355","EMP_TEMP_SEX_GAI_NB","SEX_M","GAI_GRADIENT_4","2015",1577.159,,,"R1:3513"
"BRA","BX:6355","EMP_TEMP_SEX_GAI_NB","SEX_M","GAI_GRADIENT_3","2015",1373.744,,,"R1:3513"
"BRA","BX:6355","EMP_TEMP_SEX_GAI_NB","SEX_M","GAI_GRADIENT_2","2015",5024.846,,,"R1:3513"
"BRA","BX:6355","EMP_TEMP_SEX_GAI_NB","SEX_M","GAI_GRADIENT_1","2015",4131.571,,,"R1:3513"
"BRA","BX:6355","EMP_TEMP_SEX_GAI_NB","SEX_M","GAI_GRADIENT_5","2015",7022.87,,,"R1:3513"
"BRA","BX:6355","EMP_TEMP_SEX_GAI_NB","SEX_M","GAI_GRADIENT_X","2015",34090.047,,,"R1:3513"
"BRA","BX:6355","EMP_TEMP_SEX_GAI_NB","SEX_F","GAI_GRADIENT_TOTAL","2015",38741.693,,,"R1:3513"
"BRA","BX:6355","EMP_TEMP_SEX_GAI_NB","SEX_F","GAI_GRADIENT_4","2015",2383.62,,,"R1:3513"
"BRA","BX:6355","EMP_TEMP_SEX_GAI_NB","SEX_F","GAI_GRADIENT_3","2015",2850.308,,,"R1:3513"
"BRA","BX:6355","EMP_TEMP_SEX_GAI_NB","SEX_F","GAI_GRADIENT_2","2015",3525.988,,,"R1:3513"
"BRA","BX:6355","EMP_TEMP_SEX_GAI_NB","SEX_F","GAI_GRADIENT_1","2015",4556.221,,,"R1:3513"
"BRA","BX:6355","EMP_TEMP_SEX_GAI_NB","SEX_F","GAI_GRADIENT_5","2015",3782.745,,,"R1:3513"
"BRA","BX:6355","EMP_TEMP_SEX_GAI_NB","SEX_F","GAI_GRADIENT_X","2015",21642.811,,,"R1:3513"
"BRA","BX:6355","EMP_TEMP_SEX_GAI_NB","SEX_T","GAI_GRADIENT_TOTAL","2014",91977.782,,,"R1:3513"
"BRA","BX:6355","EMP_TEMP_SEX_GAI_NB","SEX_T","GAI_GRADIENT_4","2014",4098.312,,,"R1:3513"
"BRA","BX:6355","EMP_TEMP_SEX_GAI_NB","SEX_T","GAI_GRADIENT_3","2014",4108.402,,,"R1:3513"
"BRA","BX:6355","EMP_TEMP_SEX_GAI_NB","SEX_T","GAI_GRADIENT_2","2014",8088.207,,,"R1:3513"
"BRA","BX:6355","EMP_TEMP_SEX_GAI_NB","SEX_T","GAI_GRADIENT_1","2014",8849.055,,,"R1:3513"
"BRA","BX:6355","EMP_TEMP_SEX_GAI_NB","SEX_T","GAI_GRADIENT_5","2014",10225.787,,,"R1:3513"
"BRA","BX:6355","EMP_TEMP_SEX_GAI_NB","SEX_T","GAI_GRADIENT_X","2014",56608.019,,,"R1:3513"
"BRA","BX:6355","EMP_TEMP_SEX_GAI_NB","SEX_M","GAI_GRADIENT_TOTAL","2014",53429.904,,,"R1:3513"
"BRA","BX:6355","EMP_TEMP_SEX_GAI_NB","SEX_M","GAI_GRADIENT_4","2014",1620.659,,,"R1:3513"
"BRA","BX:6355","EMP_TEMP_SEX_GAI_NB","SEX_M","GAI_GRADIENT_3","2014",1262.678,,,"R1:3513"
"BRA","BX:6355","EMP_TEMP_SEX_GAI_NB","SEX_M","GAI_GRADIENT_2","2014",4814.873,,,"R1:3513"
"BRA","BX:6355","EMP_TEMP_SEX_GAI_NB","SEX_M","GAI_GRADIENT_1","2014",4202.452,,,"R1:3513"
"BRA","BX:6355","EMP_TEMP_SEX_GAI_NB","SEX_M","GAI_GRADIENT_5","2014",6839.807,,,"R1:3513"
"BRA","BX:6355","EMP_TEMP_SEX_GAI_NB","SEX_M","GAI_GRADIENT_X","2014",34689.435,,,"R1:3513"
"BRA","BX:6355","EMP_TEMP_SEX_GAI_NB","SEX_F","GAI_GRADIENT_TOTAL","2014",38547.879,,,"R1:3513"
"BRA","BX:6355","EMP_TEMP_SEX_GAI_NB","SEX_F","GAI_GRADIENT_4","2014",2477.653,,,"R1:3513"
"BRA","BX:6355","EMP_TEMP_SEX_GAI_NB","SEX_F","GAI_GRADIENT_3","2014",2845.724,,,"R1:3513"
"BRA","BX:6355","EMP_TEMP_SEX_GAI_NB","SEX_F","GAI_GRADIENT_2","2014",3273.334,,,"R1:3513"
"BRA","BX:6355","EMP_TEMP_SEX_GAI_NB","SEX_F","GAI_GRADIENT_1","2014",4646.604,,,"R1:3513"
"BRA","BX:6355","EMP_TEMP_SEX_GAI_NB","SEX_F","GAI_GRADIENT_5","2014",3385.98,,,"R1:3513"
"BRA","BX:6355","EMP_TEMP_SEX_GAI_NB","SEX_F","GAI_GRADIENT_X","2014",21918.584,,,"R1:3513"
"BRA","BX:6355","EMP_TEMP_SEX_GAI_NB","SEX_T","GAI_GRADIENT_TOTAL","2013",90770.602,,,"R1:3513"
"BRA","BX:6355","EMP_TEMP_SEX_GAI_NB","SEX_T","GAI_GRADIENT_4","2013",4050.059,,,"R1:3513"
"BRA","BX:6355","EMP_TEMP_SEX_GAI_NB","SEX_T","GAI_GRADIENT_3","2013",3996.326,,,"R1:3513"
"BRA","BX:6355","EMP_TEMP_SEX_GAI_NB","SEX_T","GAI_GRADIENT_2","2013",7521.792,,,"R1:3513"
"BRA","BX:6355","EMP_TEMP_SEX_GAI_NB","SEX_T","GAI_GRADIENT_1","2013",8817.783,,,"R1:3513"
"BRA","BX:6355","EMP_TEMP_SEX_GAI_NB","SEX_T","GAI_GRADIENT_5","2013",10137.766,,,"R1:3513"
"BRA","BX:6355","EMP_TEMP_SEX_GAI_NB","SEX_T","GAI_GRADIENT_X","2013",56246.876,,,"R1:3513"
"BRA","BX:6355","EMP_TEMP_SEX_GAI_NB","SEX_M","GAI_GRADIENT_TOTAL","2013",52941.062,,,"R1:3513"
"BRA","BX:6355","EMP_TEMP_SEX_GAI_NB","SEX_M","GAI_GRADIENT_4","2013",1597.174,,,"R1:3513"
"BRA","BX:6355","EMP_TEMP_SEX_GAI_NB","SEX_M","GAI_GRADIENT_3","2013",1252.375,,,"R1:3513"
"BRA","BX:6355","EMP_TEMP_SEX_GAI_NB","SEX_M","GAI_GRADIENT_2","2013",4582.372,,,"R1:3513"
"BRA","BX:6355","EMP_TEMP_SEX_GAI_NB","SEX_M","GAI_GRADIENT_1","2013",4214.958,,,"R1:3513"
"BRA","BX:6355","EMP_TEMP_SEX_GAI_NB","SEX_M","GAI_GRADIENT_5","2013",6896.847,,,"R1:3513"
"BRA","BX:6355","EMP_TEMP_SEX_GAI_NB","SEX_M","GAI_GRADIENT_X","2013",34397.336,,,"R1:3513"
"BRA","BX:6355","EMP_TEMP_SEX_GAI_NB","SEX_F","GAI_GRADIENT_TOTAL","2013",37829.539,,,"R1:3513"
"BRA","BX:6355","EMP_TEMP_SEX_GAI_NB","SEX_F","GAI_GRADIENT_4","2013",2452.885,,,"R1:3513"
"BRA","BX:6355","EMP_TEMP_SEX_GAI_NB","SEX_F","GAI_GRADIENT_3","2013",2743.951,,,"R1:3513"
"BRA","BX:6355","EMP_TEMP_SEX_GAI_NB","SEX_F","GAI_GRADIENT_2","2013",2939.42,,,"R1:3513"
"BRA","BX:6355","EMP_TEMP_SEX_GAI_NB","SEX_F","GAI_GRADIENT_1","2013",4602.825,,,"R1:3513"
"BRA","BX:6355","EMP_TEMP_SEX_GAI_NB","SEX_F","GAI_GRADIENT_5","2013",3240.919,,,"R1:3513"
"BRA","BX:6355","EMP_TEMP_SEX_GAI_NB","SEX_F","GAI_GRADIENT_X","2013",21849.539,,,"R1:3513"
"BRA","BX:6355","EMP_TEMP_SEX_GAI_NB","SEX_T","GAI_GRADIENT_TOTAL","2012",89317.315,"B","I11:264","R1:3513"
"BRA","BX:6355","EMP_TEMP_SEX_GAI_NB","SEX_T","GAI_GRADIENT_4","2012",3859.251,"B","I11:264","R1:3513"
"BRA","BX:6355","EMP_TEMP_SEX_GAI_NB","SEX_T","GAI_GRADIENT_3","2012",3872.067,"B","I11:264","R1:3513"
"BRA","BX:6355","EMP_TEMP_SEX_GAI_NB","SEX_T","GAI_GRADIENT_2","2012",7075.71,"B","I11:264","R1:3513"
"BRA","BX:6355","EMP_TEMP_SEX_GAI_NB","SEX_T","GAI_GRADIENT_1","2012",8516.896,"B","I11:264","R1:3513"
"BRA","BX:6355","EMP_TEMP_SEX_GAI_NB","SEX_T","GAI_GRADIENT_5","2012",9998.654,"B","I11:264","R1:3513"
"BRA","BX:6355","EMP_TEMP_SEX_GAI_NB","SEX_T","GAI_GRADIENT_X","2012",55994.736,"B","I11:264","R1:3513"
"BRA","BX:6355","EMP_TEMP_SEX_GAI_NB","SEX_M","GAI_GRADIENT_TOTAL","2012",52174.832,"B","I11:264","R1:3513"
"BRA","BX:6355","EMP_TEMP_SEX_GAI_NB","SEX_M","GAI_GRADIENT_4","2012",1525.07,"B","I11:264","R1:3513"
"BRA","BX:6355","EMP_TEMP_SEX_GAI_NB","SEX_M","GAI_GRADIENT_3","2012",1219.456,"B","I11:264","R1:3513"
"BRA","BX:6355","EMP_TEMP_SEX_GAI_NB","SEX_M","GAI_GRADIENT_2","2012",4284.619,"B","I11:264","R1:3513"
"BRA","BX:6355","EMP_TEMP_SEX_GAI_NB","SEX_M","GAI_GRADIENT_1","2012",4241.571,"B","I11:264","R1:3513"
"BRA","BX:6355","EMP_TEMP_SEX_GAI_NB","SEX_M","GAI_GRADIENT_5","2012",6822.731,"B","I11:264","R1:3513"
"BRA","BX:6355","EMP_TEMP_SEX_GAI_NB","SEX_M","GAI_GRADIENT_X","2012",34081.385,"B","I11:264","R1:3513"
"BRA","BX:6355","EMP_TEMP_SEX_GAI_NB","SEX_F","GAI_GRADIENT_TOTAL","2012",37142.483,"B","I11:264","R1:3513"
"BRA","BX:6355","EMP_TEMP_SEX_GAI_NB","SEX_F","GAI_GRADIENT_4","2012",2334.181,"B","I11:264","R1:3513"
"BRA","BX:6355","EMP_TEMP_SEX_GAI_NB","SEX_F","GAI_GRADIENT_3","2012",2652.611,"B","I11:264","R1:3513"
"BRA","BX:6355","EMP_TEMP_SEX_GAI_NB","SEX_F","GAI_GRADIENT_2","2012",2791.092,"B","I11:264","R1:3513"
"BRA","BX:6355","EMP_TEMP_SEX_GAI_NB","SEX_F","GAI_GRADIENT_1","2012",4275.325,"B","I11:264","R1:3513"
"BRA","BX:6355","EMP_TEMP_SEX_GAI_NB","SEX_F","GAI_GRADIENT_5","2012",3175.924,"B","I11:264","R1:3513"
"BRA","BX:6355","EMP_TEMP_SEX_GAI_NB","SEX_F","GAI_GRADIENT_X","2012",21913.351,"B","I11:264","R1:3513"
"BRB","BA:338","EMP_TEMP_SEX_GAI_NB","SEX_T","GAI_GRADIENT_TOTAL","2024",126.534,,,"R1:3513"
"BRB","BA:338","EMP_TEMP_SEX_GAI_NB","SEX_T","GAI_GRADIENT_4","2024",3.818,,,"R1:3513"
"BRB","BA:338","EMP_TEMP_SEX_GAI_NB","SEX_T","GAI_GRADIENT_3","2024",12.327,,,"R1:3513"
"BRB","BA:338","EMP_TEMP_SEX_GAI_NB","SEX_T","GAI_GRADIENT_2","2024",1.686,,,"R1:3513"
"BRB","BA:338","EMP_TEMP_SEX_GAI_NB","SEX_T","GAI_GRADIENT_1","2024",3.024,,,"R1:3513"
"BRB","BA:338","EMP_TEMP_SEX_GAI_NB","SEX_T","GAI_GRADIENT_5","2024",9.059,,,"R1:3513"
"BRB","BA:338","EMP_TEMP_SEX_GAI_NB","SEX_T","GAI_GRADIENT_X","2024",96.62,,,"R1:3513"
"BRB","BA:338","EMP_TEMP_SEX_GAI_NB","SEX_M","GAI_GRADIENT_TOTAL","2024",63.6,,,"R1:3513"
"BRB","BA:338","EMP_TEMP_SEX_GAI_NB","SEX_M","GAI_GRADIENT_4","2024",0.857,,,"R1:3513"
"BRB","BA:338","EMP_TEMP_SEX_GAI_NB","SEX_M","GAI_GRADIENT_3","2024",3.366,,,"R1:3513"
"BRB","BA:338","EMP_TEMP_SEX_GAI_NB","SEX_M","GAI_GRADIENT_2","2024",0.954,,,"R1:3513"
"BRB","BA:338","EMP_TEMP_SEX_GAI_NB","SEX_M","GAI_GRADIENT_1","2024",0.92,,,"R1:3513"
"BRB","BA:338","EMP_TEMP_SEX_GAI_NB","SEX_M","GAI_GRADIENT_5","2024",4.124,,,"R1:3513"
"BRB","BA:338","EMP_TEMP_SEX_GAI_NB","SEX_M","GAI_GRADIENT_X","2024",53.379,,,"R1:3513"
"BRB","BA:338","EMP_TEMP_SEX_GAI_NB","SEX_F","GAI_GRADIENT_TOTAL","2024",62.934,,,"R1:3513"
"BRB","BA:338","EMP_TEMP_SEX_GAI_NB","SEX_F","GAI_GRADIENT_4","2024",2.961,,,"R1:3513"
"BRB","BA:338","EMP_TEMP_SEX_GAI_NB","SEX_F","GAI_GRADIENT_3","2024",8.961,,,"R1:3513"
"BRB","BA:338","EMP_TEMP_SEX_GAI_NB","SEX_F","GAI_GRADIENT_2","2024",0.732,,,"R1:3513"
"BRB","BA:338","EMP_TEMP_SEX_GAI_NB","SEX_F","GAI_GRADIENT_1","2024",2.104,,,"R1:3513"
"BRB","BA:338","EMP_TEMP_SEX_GAI_NB","SEX_F","GAI_GRADIENT_5","2024",4.935,,,"R1:3513"
"BRB","BA:338","EMP_TEMP_SEX_GAI_NB","SEX_F","GAI_GRADIENT_X","2024",43.241,,,"R1:3513"
"BRB","BA:338","EMP_TEMP_SEX_GAI_NB","SEX_T","GAI_GRADIENT_TOTAL","2023",123.843,,,"R1:3513"
"BRB","BA:338","EMP_TEMP_SEX_GAI_NB","SEX_T","GAI_GRADIENT_4","2023",5.347,,,"R1:3513"
"BRB","BA:338","EMP_TEMP_SEX_GAI_NB","SEX_T","GAI_GRADIENT_3","2023",7.955,,,"R1:3513"
"BRB","BA:338","EMP_TEMP_SEX_GAI_NB","SEX_T","GAI_GRADIENT_2","2023",5.33,,,"R1:3513"
"BRB","BA:338","EMP_TEMP_SEX_GAI_NB","SEX_T","GAI_GRADIENT_1","2023",9.036,,,"R1:3513"
"BRB","BA:338","EMP_TEMP_SEX_GAI_NB","SEX_T","GAI_GRADIENT_5","2023",11.916,,,"R1:3513"
"BRB","BA:338","EMP_TEMP_SEX_GAI_NB","SEX_T","GAI_GRADIENT_X","2023",84.26,,,"R1:3513"
"BRB","BA:338","EMP_TEMP_SEX_GAI_NB","SEX_M","GAI_GRADIENT_TOTAL","2023",63.768,,,"R1:3513"
"BRB","BA:338","EMP_TEMP_SEX_GAI_NB","SEX_M","GAI_GRADIENT_4","2023",1.165,,,"R1:3513"
"BRB","BA:338","EMP_TEMP_SEX_GAI_NB","SEX_M","GAI_GRADIENT_3","2023",2.041,,,"R1:3513"
"BRB","BA:338","EMP_TEMP_SEX_GAI_NB","SEX_M","GAI_GRADIENT_2","2023",2.309,,,"R1:3513"
"BRB","BA:338","EMP_TEMP_SEX_GAI_NB","SEX_M","GAI_GRADIENT_1","2023",3.521,,,"R1:3513"
"BRB","BA:338","EMP_TEMP_SEX_GAI_NB","SEX_M","GAI_GRADIENT_5","2023",5.807,,,"R1:3513"
"BRB","BA:338","EMP_TEMP_SEX_GAI_NB","SEX_M","GAI_GRADIENT_X","2023",48.926,,,"R1:3513"
"BRB","BA:338","EMP_TEMP_SEX_GAI_NB","SEX_F","GAI_GRADIENT_TOTAL","2023",60.074,,,"R1:3513"
"BRB","BA:338","EMP_TEMP_SEX_GAI_NB","SEX_F","GAI_GRADIENT_4","2023",4.182,,,"R1:3513"
"BRB","BA:338","EMP_TEMP_SEX_GAI_NB","SEX_F","GAI_GRADIENT_3","2023",5.915,,,"R1:3513"
"BRB","BA:338","EMP_TEMP_SEX_GAI_NB","SEX_F","GAI_GRADIENT_2","2023",3.021,,,"R1:3513"
"BRB","BA:338","EMP_TEMP_SEX_GAI_NB","SEX_F","GAI_GRADIENT_1","2023",5.515,,,"R1:3513"
"BRB","BA:338","EMP_TEMP_SEX_GAI_NB","SEX_F","GAI_GRADIENT_5","2023",6.109,,,"R1:3513"
"BRB","BA:338","EMP_TEMP_SEX_GAI_NB","SEX_F","GAI_GRADIENT_X","2023",35.333,,,"R1:3513"
"BRB","BA:338","EMP_TEMP_SEX_GAI_NB","SEX_T","GAI_GRADIENT_TOTAL","2022",124.978,,,"R1:3513"
"BRB","BA:338","EMP_TEMP_SEX_GAI_NB","SEX_T","GAI_GRADIENT_4","2022",6.883,,,"R1:3513"
"BRB","BA:338","EMP_TEMP_SEX_GAI_NB","SEX_T","GAI_GRADIENT_3","2022",9.755,,,"R1:3513"
"BRB","BA:338","EMP_TEMP_SEX_GAI_NB","SEX_T","GAI_GRADIENT_2","2022",5.575,,,"R1:3513"
"BRB","BA:338","EMP_TEMP_SEX_GAI_NB","SEX_T","GAI_GRADIENT_1","2022",8.595,,,"R1:3513"
"BRB","BA:338","EMP_TEMP_SEX_GAI_NB","SEX_T","GAI_GRADIENT_5","2022",13.072,,,"R1:3513"
"BRB","BA:338","EMP_TEMP_SEX_GAI_NB","SEX_T","GAI_GRADIENT_X","2022",81.097,,,"R1:3513"
"BRB","BA:338","EMP_TEMP_SEX_GAI_NB","SEX_M","GAI_GRADIENT_TOTAL","2022",64.119,,,"R1:3513"
"BRB","BA:338","EMP_TEMP_SEX_GAI_NB","SEX_M","GAI_GRADIENT_4","2022",1.582,,,"R1:3513"
"BRB","BA:338","EMP_TEMP_SEX_GAI_NB","SEX_M","GAI_GRADIENT_3","2022",2.64,,,"R1:3513"
"BRB","BA:338","EMP_TEMP_SEX_GAI_NB","SEX_M","GAI_GRADIENT_2","2022",2.195,,,"R1:3513"
"BRB","BA:338","EMP_TEMP_SEX_GAI_NB","SEX_M","GAI_GRADIENT_1","2022",3.205,,,"R1:3513"
"BRB","BA:338","EMP_TEMP_SEX_GAI_NB","SEX_M","GAI_GRADIENT_5","2022",6.048,,,"R1:3513"
"BRB","BA:338","EMP_TEMP_SEX_GAI_NB","SEX_M","GAI_GRADIENT_X","2022",48.449,,,"R1:3513"
"BRB","BA:338","EMP_TEMP_SEX_GAI_NB","SEX_F","GAI_GRADIENT_TOTAL","2022",60.859,,,"R1:3513"
"BRB","BA:338","EMP_TEMP_SEX_GAI_NB","SEX_F","GAI_GRADIENT_4","2022",5.302,,,"R1:3513"
"BRB","BA:338","EMP_TEMP_SEX_GAI_NB","SEX_F","GAI_GRADIENT_3","2022",7.114,,,"R1:3513"
"BRB","BA:338","EMP_TEMP_SEX_GAI_NB","SEX_F","GAI_GRADIENT_2","2022",3.38,,,"R1:3513"
"BRB","BA:338","EMP_TEMP_SEX_GAI_NB","SEX_F","GAI_GRADIENT_1","2022",5.39,,,"R1:3513"
"BRB","BA:338","EMP_TEMP_SEX_GAI_NB","SEX_F","GAI_GRADIENT_5","2022",7.024,,,"R1:3513"
"BRB","BA:338","EMP_TEMP_SEX_GAI_NB","SEX_F","GAI_GRADIENT_X","2022",32.649,,,"R1:3513"
"BRB","BA:338","EMP_TEMP_SEX_GAI_NB","SEX_T","GAI_GRADIENT_TOTAL","2021",115.319,,,"R1:3513"
"BRB","BA:338","EMP_TEMP_SEX_GAI_NB","SEX_T","GAI_GRADIENT_4","2021",5.694,,,"R1:3513"
"BRB","BA:338","EMP_TEMP_SEX_GAI_NB","SEX_T","GAI_GRADIENT_3","2021",9.812,,,"R1:3513"
"BRB","BA:338","EMP_TEMP_SEX_GAI_NB","SEX_T","GAI_GRADIENT_2","2021",7.657,,,"R1:3513"
"BRB","BA:338","EMP_TEMP_SEX_GAI_NB","SEX_T","GAI_GRADIENT_1","2021",7.395,,,"R1:3513"
"BRB","BA:338","EMP_TEMP_SEX_GAI_NB","SEX_T","GAI_GRADIENT_5","2021",14.341,,,"R1:3513"
"BRB","BA:338","EMP_TEMP_SEX_GAI_NB","SEX_T","GAI_GRADIENT_X","2021",70.42,,,"R1:3513"
"BRB","BA:338","EMP_TEMP_SEX_GAI_NB","SEX_M","GAI_GRADIENT_TOTAL","2021",59.018,,,"R1:3513"
"BRB","BA:338","EMP_TEMP_SEX_GAI_NB","SEX_M","GAI_GRADIENT_4","2021",1.431,,,"R1:3513"
"BRB","BA:338","EMP_TEMP_SEX_GAI_NB","SEX_M","GAI_GRADIENT_3","2021",2.821,,,"R1:3513"
"BRB","BA:338","EMP_TEMP_SEX_GAI_NB","SEX_M","GAI_GRADIENT_2","2021",2.949,,,"R1:3513"
"BRB","BA:338","EMP_TEMP_SEX_GAI_NB","SEX_M","GAI_GRADIENT_1","2021",3.727,,,"R1:3513"
"BRB","BA:338","EMP_TEMP_SEX_GAI_NB","SEX_M","GAI_GRADIENT_5","2021",7.02,,,"R1:3513"
"BRB","BA:338","EMP_TEMP_SEX_GAI_NB","SEX_M","GAI_GRADIENT_X","2021",41.071,,,"R1:3513"
"BRB","BA:338","EMP_TEMP_SEX_GAI_NB","SEX_F","GAI_GRADIENT_TOTAL","2021",56.301,,,"R1:3513"
"BRB","BA:338","EMP_TEMP_SEX_GAI_NB","SEX_F","GAI_GRADIENT_4","2021",4.263,,,"R1:3513"
"BRB","BA:338","EMP_TEMP_SEX_GAI_NB","SEX_F","GAI_GRADIENT_3","2021",6.991,,,"R1:3513"
"BRB","BA:338","EMP_TEMP_SEX_GAI_NB","SEX_F","GAI_GRADIENT_2","2021",4.709,,,"R1:3513"
"BRB","BA:338","EMP_TEMP_SEX_GAI_NB","SEX_F","GAI_GRADIENT_1","2021",3.668,,,"R1:3513"
"BRB","BA:338","EMP_TEMP_SEX_GAI_NB","SEX_F","GAI_GRADIENT_5","2021",7.322,,,"R1:3513"
"BRB","BA:338","EMP_TEMP_SEX_GAI_NB","SEX_F","GAI_GRADIENT_X","2021",29.349,,,"R1:3513"
"BRB","BA:338","EMP_TEMP_SEX_GAI_NB","SEX_T","GAI_GRADIENT_TOTAL","2019",124.999,,,"R1:3513"
"BRB","BA:338","EMP_TEMP_SEX_GAI_NB","SEX_T","GAI_GRADIENT_4","2019",5.46,,,"R1:3513"
"BRB","BA:338","EMP_TEMP_SEX_GAI_NB","SEX_T","GAI_GRADIENT_3","2019",8.97,,,"R1:3513"
"BRB","BA:338","EMP_TEMP_SEX_GAI_NB","SEX_T","GAI_GRADIENT_2","2019",10.889,,,"R1:3513"
"BRB","BA:338","EMP_TEMP_SEX_GAI_NB","SEX_T","GAI_GRADIENT_1","2019",9.116,,,"R1:3513"
"BRB","BA:338","EMP_TEMP_SEX_GAI_NB","SEX_T","GAI_GRADIENT_5","2019",18.487,,,"R1:3513"
"BRB","BA:338","EMP_TEMP_SEX_GAI_NB","SEX_T","GAI_GRADIENT_X","2019",72.078,,,"R1:3513"
"BRB","BA:338","EMP_TEMP_SEX_GAI_NB","SEX_M","GAI_GRADIENT_TOTAL","2019",62.341,,,"R1:3513"
"BRB","BA:338","EMP_TEMP_SEX_GAI_NB","SEX_M","GAI_GRADIENT_4","2019",1.209,,,"R1:3513"
"BRB","BA:338","EMP_TEMP_SEX_GAI_NB","SEX_M","GAI_GRADIENT_3","2019",2.583,,,"R1:3513"
"BRB","BA:338","EMP_TEMP_SEX_GAI_NB","SEX_M","GAI_GRADIENT_2","2019",4.835,,,"R1:3513"
"BRB","BA:338","EMP_TEMP_SEX_GAI_NB","SEX_M","GAI_GRADIENT_1","2019",3.582,,,"R1:3513"
"BRB","BA:338","EMP_TEMP_SEX_GAI_NB","SEX_M","GAI_GRADIENT_5","2019",9.924,,,"R1:3513"
"BRB","BA:338","EMP_TEMP_SEX_GAI_NB","SEX_M","GAI_GRADIENT_X","2019",40.209,,,"R1:3513"
"BRB","BA:338","EMP_TEMP_SEX_GAI_NB","SEX_F","GAI_GRADIENT_TOTAL","2019",62.657,,,"R1:3513"
"BRB","BA:338","EMP_TEMP_SEX_GAI_NB","SEX_F","GAI_GRADIENT_4","2019",4.251,,,"R1:3513"
"BRB","BA:338","EMP_TEMP_SEX_GAI_NB","SEX_F","GAI_GRADIENT_3","2019",6.387,,,"R1:3513"
"BRB","BA:338","EMP_TEMP_SEX_GAI_NB","SEX_F","GAI_GRADIENT_2","2019",6.054,,,"R1:3513"
"BRB","BA:338","EMP_TEMP_SEX_GAI_NB","SEX_F","GAI_GRADIENT_1","2019",5.534,,,"R1:3513"
"BRB","BA:338","EMP_TEMP_SEX_GAI_NB","SEX_F","GAI_GRADIENT_5","2019",8.564,,,"R1:3513"
"BRB","BA:338","EMP_TEMP_SEX_GAI_NB","SEX_F","GAI_GRADIENT_X","2019",31.868,,,"R1:3513"
"BRB","BB:15690","EMP_TEMP_SEX_GAI_NB","SEX_T","GAI_GRADIENT_TOTAL","2016",88.506,,,"R1:3513"
"BRB","BB:15690","EMP_TEMP_SEX_GAI_NB","SEX_T","GAI_GRADIENT_4","2016",3.518,,,"R1:3513"
"BRB","BB:15690","EMP_TEMP_SEX_GAI_NB","SEX_T","GAI_GRADIENT_3","2016",4.575,,,"R1:3513"
"BRB","BB:15690","EMP_TEMP_SEX_GAI_NB","SEX_T","GAI_GRADIENT_2","2016",6.682,,,"R1:3513"
"BRB","BB:15690","EMP_TEMP_SEX_GAI_NB","SEX_T","GAI_GRADIENT_1","2016",4.648,,,"R1:3513"
"BRB","BB:15690","EMP_TEMP_SEX_GAI_NB","SEX_T","GAI_GRADIENT_5","2016",8.223,,,"R1:3513"
"BRB","BB:15690","EMP_TEMP_SEX_GAI_NB","SEX_T","GAI_GRADIENT_X","2016",60.861,,,"R1:3513"
"BRB","BB:15690","EMP_TEMP_SEX_GAI_NB","SEX_M","GAI_GRADIENT_TOTAL","2016",44.132,,,"R1:3513"
"BRB","BB:15690","EMP_TEMP_SEX_GAI_NB","SEX_M","GAI_GRADIENT_4","2016",0.616,,,"R1:3513"
"BRB","BB:15690","EMP_TEMP_SEX_GAI_NB","SEX_M","GAI_GRADIENT_3","2016",1.229,,,"R1:3513"
"BRB","BB:15690","EMP_TEMP_SEX_GAI_NB","SEX_M","GAI_GRADIENT_2","2016",2.619,,,"R1:3513"
"BRB","BB:15690","EMP_TEMP_SEX_GAI_NB","SEX_M","GAI_GRADIENT_1","2016",2.17,,,"R1:3513"
"BRB","BB:15690","EMP_TEMP_SEX_GAI_NB","SEX_M","GAI_GRADIENT_5","2016",4.026,,,"R1:3513"
"BRB","BB:15690","EMP_TEMP_SEX_GAI_NB","SEX_M","GAI_GRADIENT_X","2016",33.473,,,"R1:3513"
"BRB","BB:15690","EMP_TEMP_SEX_GAI_NB","SEX_F","GAI_GRADIENT_TOTAL","2016",44.374,,,"R1:3513"
"BRB","BB:15690","EMP_TEMP_SEX_GAI_NB","SEX_F","GAI_GRADIENT_4","2016",2.902,,,"R1:3513"
"BRB","BB:15690","EMP_TEMP_SEX_GAI_NB","SEX_F","GAI_GRADIENT_3","2016",3.346,,,"R1:3513"
"BRB","BB:15690","EMP_TEMP_SEX_GAI_NB","SEX_F","GAI_GRADIENT_2","2016",4.063,,,"R1:3513"
"BRB","BB:15690","EMP_TEMP_SEX_GAI_NB","SEX_F","GAI_GRADIENT_1","2016",2.478,,,"R1:3513"
"BRB","BB:15690","EMP_TEMP_SEX_GAI_NB","SEX_F","GAI_GRADIENT_5","2016",4.197,,,"R1:3513"
"BRB","BB:15690","EMP_TEMP_SEX_GAI_NB","SEX_F","GAI_GRADIENT_X","2016",27.388,,,"R1:3513"
"BTN","BA:625","EMP_TEMP_SEX_GAI_NB","SEX_T","GAI_GRADIENT_TOTAL","2025",379.379,,,"R1:3513"
"BTN","BA:625","EMP_TEMP_SEX_GAI_NB","SEX_T","GAI_GRADIENT_X","2025",379.379,,,"R1:3513"
"BTN","BA:625","EMP_TEMP_SEX_GAI_NB","SEX_M","GAI_GRADIENT_TOTAL","2025",226.415,,,"R1:3513"
"BTN","BA:625","EMP_TEMP_SEX_GAI_NB","SEX_M","GAI_GRADIENT_X","2025",226.415,,,"R1:3513"
"BTN","BA:625","EMP_TEMP_SEX_GAI_NB","SEX_F","GAI_GRADIENT_TOTAL","2025",152.963,,,"R1:3513"
"BTN","BA:625","EMP_TEMP_SEX_GAI_NB","SEX_F","GAI_GRADIENT_X","2025",152.963,,,"R1:3513"
"BTN","BA:625","EMP_TEMP_SEX_GAI_NB","SEX_T","GAI_GRADIENT_TOTAL","2024",370.275,,,"R1:3513"
"BTN","BA:625","EMP_TEMP_SEX_GAI_NB","SEX_T","GAI_GRADIENT_4","2024",3.2,,,"R1:3513"
"BTN","BA:625","EMP_TEMP_SEX_GAI_NB","SEX_T","GAI_GRADIENT_3","2024",9.136,,,"R1:3513"
"BTN","BA:625","EMP_TEMP_SEX_GAI_NB","SEX_T","GAI_GRADIENT_2","2024",34.734,,,"R1:3513"
"BTN","BA:625","EMP_TEMP_SEX_GAI_NB","SEX_T","GAI_GRADIENT_1","2024",19.927,,,"R1:3513"
"BTN","BA:625","EMP_TEMP_SEX_GAI_NB","SEX_T","GAI_GRADIENT_5","2024",34.934,,,"R1:3513"
"BTN","BA:625","EMP_TEMP_SEX_GAI_NB","SEX_T","GAI_GRADIENT_X","2024",268.344,,,"R1:3513"
"BTN","BA:625","EMP_TEMP_SEX_GAI_NB","SEX_M","GAI_GRADIENT_TOTAL","2024",225.239,,,"R1:3513"
"BTN","BA:625","EMP_TEMP_SEX_GAI_NB","SEX_M","GAI_GRADIENT_4","2024",1.445,,,"R1:3513"
"BTN","BA:625","EMP_TEMP_SEX_GAI_NB","SEX_M","GAI_GRADIENT_3","2024",4.514,,,"R1:3513"
"BTN","BA:625","EMP_TEMP_SEX_GAI_NB","SEX_M","GAI_GRADIENT_2","2024",16.922,,,"R1:3513"
"BTN","BA:625","EMP_TEMP_SEX_GAI_NB","SEX_M","GAI_GRADIENT_1","2024",16.471,,,"R1:3513"
"BTN","BA:625","EMP_TEMP_SEX_GAI_NB","SEX_M","GAI_GRADIENT_5","2024",24.95,,,"R1:3513"
"BTN","BA:625","EMP_TEMP_SEX_GAI_NB","SEX_M","GAI_GRADIENT_X","2024",160.936,,,"R1:3513"
"BTN","BA:625","EMP_TEMP_SEX_GAI_NB","SEX_F","GAI_GRADIENT_TOTAL","2024",145.036,,,"R1:3513"
"BTN","BA:625","EMP_TEMP_SEX_GAI_NB","SEX_F","GAI_GRADIENT_4","2024",1.756,,,"R1:3513"
"BTN","BA:625","EMP_TEMP_SEX_GAI_NB","SEX_F","GAI_GRADIENT_3","2024",4.621,,,"R1:3513"
"BTN","BA:625","EMP_TEMP_SEX_GAI_NB","SEX_F","GAI_GRADIENT_2","2024",17.812,,,"R1:3513"
"BTN","BA:625","EMP_TEMP_SEX_GAI_NB","SEX_F","GAI_GRADIENT_1","2024",3.455,,,"R1:3513"
"BTN","BA:625","EMP_TEMP_SEX_GAI_NB","SEX_F","GAI_GRADIENT_5","2024",9.984,,,"R1:3513"
"BTN","BA:625","EMP_TEMP_SEX_GAI_NB","SEX_F","GAI_GRADIENT_X","2024",107.408,,,"R1:3513"
"BTN","BA:625","EMP_TEMP_SEX_GAI_NB","SEX_T","GAI_GRADIENT_TOTAL","2023",364.563,,,"R1:3513"
"BTN","BA:625","EMP_TEMP_SEX_GAI_NB","SEX_T","GAI_GRADIENT_4","2023",4.556,,,"R1:3513"
"BTN","BA:625","EMP_TEMP_SEX_GAI_NB","SEX_T","GAI_GRADIENT_3","2023",9.345,,,"R1:3513"
"BTN","BA:625","EMP_TEMP_SEX_GAI_NB","SEX_T","GAI_GRADIENT_2","2023",33.478,,,"R1:3513"
"BTN","BA:625","EMP_TEMP_SEX_GAI_NB","SEX_T","GAI_GRADIENT_1","2023",22.219,,,"R1:3513"
"BTN","BA:625","EMP_TEMP_SEX_GAI_NB","SEX_T","GAI_GRADIENT_5","2023",31.91,,,"R1:3513"
"BTN","BA:625","EMP_TEMP_SEX_GAI_NB","SEX_T","GAI_GRADIENT_X","2023",263.055,,,"R1:3513"
"BTN","BA:625","EMP_TEMP_SEX_GAI_NB","SEX_M","GAI_GRADIENT_TOTAL","2023",214.321,,,"R1:3513"
"BTN","BA:625","EMP_TEMP_SEX_GAI_NB","SEX_M","GAI_GRADIENT_4","2023",1.891,,,"R1:3513"
"BTN","BA:625","EMP_TEMP_SEX_GAI_NB","SEX_M","GAI_GRADIENT_3","2023",4.603,,,"R1:3513"
"BTN","BA:625","EMP_TEMP_SEX_GAI_NB","SEX_M","GAI_GRADIENT_2","2023",17.35,,,"R1:3513"
"BTN","BA:625","EMP_TEMP_SEX_GAI_NB","SEX_M","GAI_GRADIENT_1","2023",16.925,,,"R1:3513"
"BTN","BA:625","EMP_TEMP_SEX_GAI_NB","SEX_M","GAI_GRADIENT_5","2023",20.899,,,"R1:3513"
"BTN","BA:625","EMP_TEMP_SEX_GAI_NB","SEX_M","GAI_GRADIENT_X","2023",152.653,,,"R1:3513"
"BTN","BA:625","EMP_TEMP_SEX_GAI_NB","SEX_F","GAI_GRADIENT_TOTAL","2023",150.242,,,"R1:3513"
"BTN","BA:625","EMP_TEMP_SEX_GAI_NB","SEX_F","GAI_GRADIENT_4","2023",2.665,,,"R1:3513"
"BTN","BA:625","EMP_TEMP_SEX_GAI_NB","SEX_F","GAI_GRADIENT_3","2023",4.742,,,"R1:3513"
"BTN","BA:625","EMP_TEMP_SEX_GAI_NB","SEX_F","GAI_GRADIENT_2","2023",16.128,,,"R1:3513"
"BTN","BA:625","EMP_TEMP_SEX_GAI_NB","SEX_F","GAI_GRADIENT_1","2023",5.293,,,"R1:3513"
"BTN","BA:625","EMP_TEMP_SEX_GAI_NB","SEX_F","GAI_GRADIENT_5","2023",11.011,,,"R1:3513"
"BTN","BA:625","EMP_TEMP_SEX_GAI_NB","SEX_F","GAI_GRADIENT_X","2023",110.402,,,"R1:3513"
"BTN","BA:625","EMP_TEMP_SEX_GAI_NB","SEX_T","GAI_GRADIENT_TOTAL","2022",287.785,,,"R1:3513"
"BTN","BA:625","EMP_TEMP_SEX_GAI_NB","SEX_T","GAI_GRADIENT_4","2022",2.104,,,"R1:3513"
"BTN","BA:625","EMP_TEMP_SEX_GAI_NB","SEX_T","GAI_GRADIENT_3","2022",7.23,,,"R1:3513"
"BTN","BA:625","EMP_TEMP_SEX_GAI_NB","SEX_T","GAI_GRADIENT_2","2022",24.666,,,"R1:3513"
"BTN","BA:625","EMP_TEMP_SEX_GAI_NB","SEX_T","GAI_GRADIENT_1","2022",13.357,,,"R1:3513"
"BTN","BA:625","EMP_TEMP_SEX_GAI_NB","SEX_T","GAI_GRADIENT_5","2022",23.16,,,"R1:3513"
"BTN","BA:625","EMP_TEMP_SEX_GAI_NB","SEX_T","GAI_GRADIENT_X","2022",217.266,,,"R1:3513"
"BTN","BA:625","EMP_TEMP_SEX_GAI_NB","SEX_M","GAI_GRADIENT_TOTAL","2022",163.941,,,"R1:3513"
"BTN","BA:625","EMP_TEMP_SEX_GAI_NB","SEX_M","GAI_GRADIENT_4","2022",0.749,,,"R1:3513"
"BTN","BA:625","EMP_TEMP_SEX_GAI_NB","SEX_M","GAI_GRADIENT_3","2022",2.919,,,"R1:3513"
"BTN","BA:625","EMP_TEMP_SEX_GAI_NB","SEX_M","GAI_GRADIENT_2","2022",10.4,,,"R1:3513"
"BTN","BA:625","EMP_TEMP_SEX_GAI_NB","SEX_M","GAI_GRADIENT_1","2022",10.022,,,"R1:3513"
"BTN","BA:625","EMP_TEMP_SEX_GAI_NB","SEX_M","GAI_GRADIENT_5","2022",14.804,,,"R1:3513"
"BTN","BA:625","EMP_TEMP_SEX_GAI_NB","SEX_M","GAI_GRADIENT_X","2022",125.048,,,"R1:3513"
"BTN","BA:625","EMP_TEMP_SEX_GAI_NB","SEX_F","GAI_GRADIENT_TOTAL","2022",123.844,,,"R1:3513"
"BTN","BA:625","EMP_TEMP_SEX_GAI_NB","SEX_F","GAI_GRADIENT_4","2022",1.356,,,"R1:3513"
"BTN","BA:625","EMP_TEMP_SEX_GAI_NB","SEX_F","GAI_GRADIENT_3","2022",4.311,,,"R1:3513"
"BTN","BA:625","EMP_TEMP_SEX_GAI_NB","SEX_F","GAI_GRADIENT_2","2022",14.267,,,"R1:3513"
"BTN","BA:625","EMP_TEMP_SEX_GAI_NB","SEX_F","GAI_GRADIENT_1","2022",3.335,,,"R1:3513"
"BTN","BA:625","EMP_TEMP_SEX_GAI_NB","SEX_F","GAI_GRADIENT_5","2022",8.357,,,"R1:3513"
"BTN","BA:625","EMP_TEMP_SEX_GAI_NB","SEX_F","GAI_GRADIENT_X","2022",92.218,,,"R1:3513"
"BTN","BA:625","EMP_TEMP_SEX_GAI_NB","SEX_T","GAI_GRADIENT_TOTAL","2021",322.122,,,"R1:3513"
"BTN","BA:625","EMP_TEMP_SEX_GAI_NB","SEX_T","GAI_GRADIENT_4","2021",1.78,,,"R1:3513"
"BTN","BA:625","EMP_TEMP_SEX_GAI_NB","SEX_T","GAI_GRADIENT_3","2021",6.11,,,"R1:3513"
"BTN","BA:625","EMP_TEMP_SEX_GAI_NB","SEX_T","GAI_GRADIENT_2","2021",26.837,,,"R1:3513"
"BTN","BA:625","EMP_TEMP_SEX_GAI_NB","SEX_T","GAI_GRADIENT_1","2021",14.728,,,"R1:3513"
"BTN","BA:625","EMP_TEMP_SEX_GAI_NB","SEX_T","GAI_GRADIENT_5","2021",20.859,,,"R1:3513"
"BTN","BA:625","EMP_TEMP_SEX_GAI_NB","SEX_T","GAI_GRADIENT_X","2021",251.808,,,"R1:3513"
"BTN","BA:625","EMP_TEMP_SEX_GAI_NB","SEX_M","GAI_GRADIENT_TOTAL","2021",167.899,,,"R1:3513"
"BTN","BA:625","EMP_TEMP_SEX_GAI_NB","SEX_M","GAI_GRADIENT_4","2021",0.583,,,"R1:3513"
"BTN","BA:625","EMP_TEMP_SEX_GAI_NB","SEX_M","GAI_GRADIENT_3","2021",2.706,,,"R1:3513"
"BTN","BA:625","EMP_TEMP_SEX_GAI_NB","SEX_M","GAI_GRADIENT_2","2021",10.254,,,"R1:3513"
"BTN","BA:625","EMP_TEMP_SEX_GAI_NB","SEX_M","GAI_GRADIENT_1","2021",10.566,,,"R1:3513"
"BTN","BA:625","EMP_TEMP_SEX_GAI_NB","SEX_M","GAI_GRADIENT_5","2021",14.257,,,"R1:3513"
"BTN","BA:625","EMP_TEMP_SEX_GAI_NB","SEX_M","GAI_GRADIENT_X","2021",129.532,,,"R1:3513"
"BTN","BA:625","EMP_TEMP_SEX_GAI_NB","SEX_F","GAI_GRADIENT_TOTAL","2021",154.223,,,"R1:3513"
"BTN","BA:625","EMP_TEMP_SEX_GAI_NB","SEX_F","GAI_GRADIENT_4","2021",1.197,,,"R1:3513"
"BTN","BA:625","EMP_TEMP_SEX_GAI_NB","SEX_F","GAI_GRADIENT_3","2021",3.404,,,"R1:3513"
"BTN","BA:625","EMP_TEMP_SEX_GAI_NB","SEX_F","GAI_GRADIENT_2","2021",16.583,,,"R1:3513"
"BTN","BA:625","EMP_TEMP_SEX_GAI_NB","SEX_F","GAI_GRADIENT_1","2021",4.161,,,"R1:3513"
"BTN","BA:625","EMP_TEMP_SEX_GAI_NB","SEX_F","GAI_GRADIENT_5","2021",6.602,,,"R1:3513"
"BTN","BA:625","EMP_TEMP_SEX_GAI_NB","SEX_F","GAI_GRADIENT_X","2021",122.275,,,"R1:3513"
"BTN","BA:625","EMP_TEMP_SEX_GAI_NB","SEX_T","GAI_GRADIENT_TOTAL","2020",314.562,,,"R1:3513"
"BTN","BA:625","EMP_TEMP_SEX_GAI_NB","SEX_T","GAI_GRADIENT_4","2020",6.074,,,"R1:3513"
"BTN","BA:625","EMP_TEMP_SEX_GAI_NB","SEX_T","GAI_GRADIENT_3","2020",2.911,,,"R1:3513"
"BTN","BA:625","EMP_TEMP_SEX_GAI_NB","SEX_T","GAI_GRADIENT_2","2020",25.186,,,"R1:3513"
"BTN","BA:625","EMP_TEMP_SEX_GAI_NB","SEX_T","GAI_GRADIENT_1","2020",12.288,,,"R1:3513"
"BTN","BA:625","EMP_TEMP_SEX_GAI_NB","SEX_T","GAI_GRADIENT_5","2020",19.203,,,"R1:3513"
"BTN","BA:625","EMP_TEMP_SEX_GAI_NB","SEX_T","GAI_GRADIENT_X","2020",248.898,,,"R1:3513"
"BTN","BA:625","EMP_TEMP_SEX_GAI_NB","SEX_M","GAI_GRADIENT_TOTAL","2020",162.555,,,"R1:3513"
"BTN","BA:625","EMP_TEMP_SEX_GAI_NB","SEX_M","GAI_GRADIENT_4","2020",2.465,,,"R1:3513"
"BTN","BA:625","EMP_TEMP_SEX_GAI_NB","SEX_M","GAI_GRADIENT_3","2020",1.27,,,"R1:3513"
"BTN","BA:625","EMP_TEMP_SEX_GAI_NB","SEX_M","GAI_GRADIENT_2","2020",10.023,,,"R1:3513"
"BTN","BA:625","EMP_TEMP_SEX_GAI_NB","SEX_M","GAI_GRADIENT_1","2020",9.365,,,"R1:3513"
"BTN","BA:625","EMP_TEMP_SEX_GAI_NB","SEX_M","GAI_GRADIENT_5","2020",13.415,,,"R1:3513"
"BTN","BA:625","EMP_TEMP_SEX_GAI_NB","SEX_M","GAI_GRADIENT_X","2020",126.017,,,"R1:3513"
"BTN","BA:625","EMP_TEMP_SEX_GAI_NB","SEX_F","GAI_GRADIENT_TOTAL","2020",152.007,,,"R1:3513"
"BTN","BA:625","EMP_TEMP_SEX_GAI_NB","SEX_F","GAI_GRADIENT_4","2020",3.61,,,"R1:3513"
"BTN","BA:625","EMP_TEMP_SEX_GAI_NB","SEX_F","GAI_GRADIENT_3","2020",1.641,,,"R1:3513"
"BTN","BA:625","EMP_TEMP_SEX_GAI_NB","SEX_F","GAI_GRADIENT_2","2020",15.164,,,"R1:3513"
"BTN","BA:625","EMP_TEMP_SEX_GAI_NB","SEX_F","GAI_GRADIENT_1","2020",2.923,,,"R1:3513"
"BTN","BA:625","EMP_TEMP_SEX_GAI_NB","SEX_F","GAI_GRADIENT_5","2020",5.788,,,"R1:3513"
"BTN","BA:625","EMP_TEMP_SEX_GAI_NB","SEX_F","GAI_GRADIENT_X","2020",122.881,,,"R1:3513"
"BTN","BA:625","EMP_TEMP_SEX_GAI_NB","SEX_T","GAI_GRADIENT_TOTAL","2019",311.059,,,"R1:3513"
"BTN","BA:625","EMP_TEMP_SEX_GAI_NB","SEX_T","GAI_GRADIENT_4","2019",5.936,,,"R1:3513"
"BTN","BA:625","EMP_TEMP_SEX_GAI_NB","SEX_T","GAI_GRADIENT_3","2019",4.972,,,"R1:3513"
"BTN","BA:625","EMP_TEMP_SEX_GAI_NB","SEX_T","GAI_GRADIENT_2","2019",24.238,,,"R1:3513"
"BTN","BA:625","EMP_TEMP_SEX_GAI_NB","SEX_T","GAI_GRADIENT_1","2019",11.843,,,"R1:3513"
"BTN","BA:625","EMP_TEMP_SEX_GAI_NB","SEX_T","GAI_GRADIENT_5","2019",18.686,,,"R1:3513"
"BTN","BA:625","EMP_TEMP_SEX_GAI_NB","SEX_T","GAI_GRADIENT_X","2019",245.383,,,"R1:3513"
"BTN","BA:625","EMP_TEMP_SEX_GAI_NB","SEX_M","GAI_GRADIENT_TOTAL","2019",165.32,,,"R1:3513"
"BTN","BA:625","EMP_TEMP_SEX_GAI_NB","SEX_M","GAI_GRADIENT_4","2019",3.065,,,"R1:3513"
"BTN","BA:625","EMP_TEMP_SEX_GAI_NB","SEX_M","GAI_GRADIENT_3","2019",2.574,,,"R1:3513"
"BTN","BA:625","EMP_TEMP_SEX_GAI_NB","SEX_M","GAI_GRADIENT_2","2019",10.576,,,"R1:3513"
"BTN","BA:625","EMP_TEMP_SEX_GAI_NB","SEX_M","GAI_GRADIENT_1","2019",9.743,,,"R1:3513"
"BTN","BA:625","EMP_TEMP_SEX_GAI_NB","SEX_M","GAI_GRADIENT_5","2019",12.846,,,"R1:3513"
"BTN","BA:625","EMP_TEMP_SEX_GAI_NB","SEX_M","GAI_GRADIENT_X","2019",126.515,,,"R1:3513"
"BTN","BA:625","EMP_TEMP_SEX_GAI_NB","SEX_F","GAI_GRADIENT_TOTAL","2019",145.74,,,"R1:3513"
"BTN","BA:625","EMP_TEMP_SEX_GAI_NB","SEX_F","GAI_GRADIENT_4","2019",2.871,,,"R1:3513"
"BTN","BA:625","EMP_TEMP_SEX_GAI_NB","SEX_F","GAI_GRADIENT_3","2019",2.398,,,"R1:3513"
"BTN","BA:625","EMP_TEMP_SEX_GAI_NB","SEX_F","GAI_GRADIENT_2","2019",13.662,,,"R1:3513"
"BTN","BA:625","EMP_TEMP_SEX_GAI_NB","SEX_F","GAI_GRADIENT_1","2019",2.1,,,"R1:3513"
"BTN","BA:625","EMP_TEMP_SEX_GAI_NB","SEX_F","GAI_GRADIENT_5","2019",5.84,,,"R1:3513"
"BTN","BA:625","EMP_TEMP_SEX_GAI_NB","SEX_F","GAI_GRADIENT_X","2019",118.869,,,"R1:3513"
"BTN","BA:625","EMP_TEMP_SEX_GAI_NB","SEX_T","GAI_GRADIENT_TOTAL","2018",300.442,,,"R1:3513"
"BTN","BA:625","EMP_TEMP_SEX_GAI_NB","SEX_T","GAI_GRADIENT_4","2018",4.94,,,"R1:3513"
"BTN","BA:625","EMP_TEMP_SEX_GAI_NB","SEX_T","GAI_GRADIENT_3","2018",4.103,,,"R1:3513"
"BTN","BA:625","EMP_TEMP_SEX_GAI_NB","SEX_T","GAI_GRADIENT_2","2018",22.898,,,"R1:3513"
"BTN","BA:625","EMP_TEMP_SEX_GAI_NB","SEX_T","GAI_GRADIENT_1","2018",15.16,,,"R1:3513"
"BTN","BA:625","EMP_TEMP_SEX_GAI_NB","SEX_T","GAI_GRADIENT_5","2018",17.659,,,"R1:3513"
"BTN","BA:625","EMP_TEMP_SEX_GAI_NB","SEX_T","GAI_GRADIENT_X","2018",235.68,,,"R1:3513"
"BTN","BA:625","EMP_TEMP_SEX_GAI_NB","SEX_M","GAI_GRADIENT_TOTAL","2018",164.792,,,"R1:3513"
"BTN","BA:625","EMP_TEMP_SEX_GAI_NB","SEX_M","GAI_GRADIENT_4","2018",2.843,,,"R1:3513"
"BTN","BA:625","EMP_TEMP_SEX_GAI_NB","SEX_M","GAI_GRADIENT_3","2018",2.381,,,"R1:3513"
"BTN","BA:625","EMP_TEMP_SEX_GAI_NB","SEX_M","GAI_GRADIENT_2","2018",9.011,,,"R1:3513"
"BTN","BA:625","EMP_TEMP_SEX_GAI_NB","SEX_M","GAI_GRADIENT_1","2018",11.723,,,"R1:3513"
"BTN","BA:625","EMP_TEMP_SEX_GAI_NB","SEX_M","GAI_GRADIENT_5","2018",13.815,,,"R1:3513"
"BTN","BA:625","EMP_TEMP_SEX_GAI_NB","SEX_M","GAI_GRADIENT_X","2018",125.02,,,"R1:3513"
"BTN","BA:625","EMP_TEMP_SEX_GAI_NB","SEX_F","GAI_GRADIENT_TOTAL","2018",135.649,,,"R1:3513"
"BTN","BA:625","EMP_TEMP_SEX_GAI_NB","SEX_F","GAI_GRADIENT_4","2018",2.097,,,"R1:3513"
"BTN","BA:625","EMP_TEMP_SEX_GAI_NB","SEX_F","GAI_GRADIENT_3","2018",1.722,,,"R1:3513"
"BTN","BA:625","EMP_TEMP_SEX_GAI_NB","SEX_F","GAI_GRADIENT_2","2018",13.888,,,"R1:3513"
"BTN","BA:625","EMP_TEMP_SEX_GAI_NB","SEX_F","GAI_GRADIENT_1","2018",3.438,,,"R1:3513"
"BTN","BA:625","EMP_TEMP_SEX_GAI_NB","SEX_F","GAI_GRADIENT_5","2018",3.844,,,"R1:3513"
"BTN","BA:625","EMP_TEMP_SEX_GAI_NB","SEX_F","GAI_GRADIENT_X","2018",110.66,,,"R1:3513"
"BWA","BX:15710","EMP_TEMP_SEX_GAI_NB","SEX_T","GAI_GRADIENT_TOTAL","2024",861.973,,,"R1:3513"
"BWA","BX:15710","EMP_TEMP_SEX_GAI_NB","SEX_T","GAI_GRADIENT_4","2024",12.108,,,"R1:3513"
"BWA","BX:15710","EMP_TEMP_SEX_GAI_NB","SEX_T","GAI_GRADIENT_3","2024",31.752,,,"R1:3513"
"BWA","BX:15710","EMP_TEMP_SEX_GAI_NB","SEX_T","GAI_GRADIENT_2","2024",30.982,,,"R1:3513"
"BWA","BX:15710","EMP_TEMP_SEX_GAI_NB","SEX_T","GAI_GRADIENT_1","2024",64.993,,,"R1:3513"
"BWA","BX:15710","EMP_TEMP_SEX_GAI_NB","SEX_T","GAI_GRADIENT_5","2024",94.765,,,"R1:3513"
"BWA","BX:15710","EMP_TEMP_SEX_GAI_NB","SEX_T","GAI_GRADIENT_X","2024",627.373,,,"R1:3513"
"BWA","BX:15710","EMP_TEMP_SEX_GAI_NB","SEX_M","GAI_GRADIENT_TOTAL","2024",444.455,,,"R1:3513"
"BWA","BX:15710","EMP_TEMP_SEX_GAI_NB","SEX_M","GAI_GRADIENT_4","2024",3.627,,,"R1:3513"
"BWA","BX:15710","EMP_TEMP_SEX_GAI_NB","SEX_M","GAI_GRADIENT_3","2024",9.473,,,"R1:3513"
"BWA","BX:15710","EMP_TEMP_SEX_GAI_NB","SEX_M","GAI_GRADIENT_2","2024",15.674,,,"R1:3513"
"BWA","BX:15710","EMP_TEMP_SEX_GAI_NB","SEX_M","GAI_GRADIENT_1","2024",25.861,,,"R1:3513"
"BWA","BX:15710","EMP_TEMP_SEX_GAI_NB","SEX_M","GAI_GRADIENT_5","2024",46.867,,,"R1:3513"
"BWA","BX:15710","EMP_TEMP_SEX_GAI_NB","SEX_M","GAI_GRADIENT_X","2024",342.952,,,"R1:3513"
"BWA","BX:15710","EMP_TEMP_SEX_GAI_NB","SEX_F","GAI_GRADIENT_TOTAL","2024",417.518,,,"R1:3513"
"BWA","BX:15710","EMP_TEMP_SEX_GAI_NB","SEX_F","GAI_GRADIENT_4","2024",8.481,,,"R1:3513"
"BWA","BX:15710","EMP_TEMP_SEX_GAI_NB","SEX_F","GAI_GRADIENT_3","2024",22.279,,,"R1:3513"
"BWA","BX:15710","EMP_TEMP_SEX_GAI_NB","SEX_F","GAI_GRADIENT_2","2024",15.308,,,"R1:3513"
"BWA","BX:15710","EMP_TEMP_SEX_GAI_NB","SEX_F","GAI_GRADIENT_1","2024",39.132,,,"R1:3513"
"BWA","BX:15710","EMP_TEMP_SEX_GAI_NB","SEX_F","GAI_GRADIENT_5","2024",47.898,,,"R1:3513"
"BWA","BX:15710","EMP_TEMP_SEX_GAI_NB","SEX_F","GAI_GRADIENT_X","2024",284.421,,,"R1:3513"
"BWA","BX:15710","EMP_TEMP_SEX_GAI_NB","SEX_T","GAI_GRADIENT_TOTAL","2023",869.774,,,"R1:3513"
"BWA","BX:15710","EMP_TEMP_SEX_GAI_NB","SEX_T","GAI_GRADIENT_4","2023",9.79,,,"R1:3513"
"BWA","BX:15710","EMP_TEMP_SEX_GAI_NB","SEX_T","GAI_GRADIENT_3","2023",33.302,,,"R1:3513"
"BWA","BX:15710","EMP_TEMP_SEX_GAI_NB","SEX_T","GAI_GRADIENT_2","2023",34.462,,,"R1:3513"
"BWA","BX:15710","EMP_TEMP_SEX_GAI_NB","SEX_T","GAI_GRADIENT_1","2023",73.645,,,"R1:3513"
"BWA","BX:15710","EMP_TEMP_SEX_GAI_NB","SEX_T","GAI_GRADIENT_5","2023",92.957,,,"R1:3513"
"BWA","BX:15710","EMP_TEMP_SEX_GAI_NB","SEX_T","GAI_GRADIENT_X","2023",625.618,,,"R1:3513"
"BWA","BX:15710","EMP_TEMP_SEX_GAI_NB","SEX_M","GAI_GRADIENT_TOTAL","2023",463.376,,,"R1:3513"
"BWA","BX:15710","EMP_TEMP_SEX_GAI_NB","SEX_M","GAI_GRADIENT_4","2023",1.953,"U",,"R1:3513"
"BWA","BX:15710","EMP_TEMP_SEX_GAI_NB","SEX_M","GAI_GRADIENT_3","2023",9.322,,,"R1:3513"
"BWA","BX:15710","EMP_TEMP_SEX_GAI_NB","SEX_M","GAI_GRADIENT_2","2023",17.987,,,"R1:3513"
"BWA","BX:15710","EMP_TEMP_SEX_GAI_NB","SEX_M","GAI_GRADIENT_1","2023",30.06,,,"R1:3513"
"BWA","BX:15710","EMP_TEMP_SEX_GAI_NB","SEX_M","GAI_GRADIENT_5","2023",41.719,,,"R1:3513"
"BWA","BX:15710","EMP_TEMP_SEX_GAI_NB","SEX_M","GAI_GRADIENT_X","2023",362.336,,,"R1:3513"
"BWA","BX:15710","EMP_TEMP_SEX_GAI_NB","SEX_F","GAI_GRADIENT_TOTAL","2023",406.397,,,"R1:3513"
"BWA","BX:15710","EMP_TEMP_SEX_GAI_NB","SEX_F","GAI_GRADIENT_4","2023",7.837,,,"R1:3513"
"BWA","BX:15710","EMP_TEMP_SEX_GAI_NB","SEX_F","GAI_GRADIENT_3","2023",23.98,,,"R1:3513"
"BWA","BX:15710","EMP_TEMP_SEX_GAI_NB","SEX_F","GAI_GRADIENT_2","2023",16.475,,,"R1:3513"
"BWA","BX:15710","EMP_TEMP_SEX_GAI_NB","SEX_F","GAI_GRADIENT_1","2023",43.585,,,"R1:3513"
"BWA","BX:15710","EMP_TEMP_SEX_GAI_NB","SEX_F","GAI_GRADIENT_5","2023",51.238,,,"R1:3513"
"BWA","BX:15710","EMP_TEMP_SEX_GAI_NB","SEX_F","GAI_GRADIENT_X","2023",263.281,,,"R1:3513"
"BWA","BX:15710","EMP_TEMP_SEX_GAI_NB","SEX_T","GAI_GRADIENT_TOTAL","2022",795.425,,,"R1:3513"
"BWA","BX:15710","EMP_TEMP_SEX_GAI_NB","SEX_T","GAI_GRADIENT_4","2022",17.669,,,"R1:3513"
"BWA","BX:15710","EMP_TEMP_SEX_GAI_NB","SEX_T","GAI_GRADIENT_3","2022",27.852,,,"R1:3513"
"BWA","BX:15710","EMP_TEMP_SEX_GAI_NB","SEX_T","GAI_GRADIENT_2","2022",26.696,,,"R1:3513"
"BWA","BX:15710","EMP_TEMP_SEX_GAI_NB","SEX_T","GAI_GRADIENT_1","2022",60.514,,,"R1:3513"
"BWA","BX:15710","EMP_TEMP_SEX_GAI_NB","SEX_T","GAI_GRADIENT_5","2022",115.408,,,"R1:3513"
"BWA","BX:15710","EMP_TEMP_SEX_GAI_NB","SEX_T","GAI_GRADIENT_X","2022",547.286,,,"R1:3513"
"BWA","BX:15710","EMP_TEMP_SEX_GAI_NB","SEX_M","GAI_GRADIENT_TOTAL","2022",416.206,,,"R1:3513"
"BWA","BX:15710","EMP_TEMP_SEX_GAI_NB","SEX_M","GAI_GRADIENT_4","2022",4.656,,,"R1:3513"
"BWA","BX:15710","EMP_TEMP_SEX_GAI_NB","SEX_M","GAI_GRADIENT_3","2022",9.372,,,"R1:3513"
"BWA","BX:15710","EMP_TEMP_SEX_GAI_NB","SEX_M","GAI_GRADIENT_2","2022",13.177,,,"R1:3513"
"BWA","BX:15710","EMP_TEMP_SEX_GAI_NB","SEX_M","GAI_GRADIENT_1","2022",24.919,,,"R1:3513"
"BWA","BX:15710","EMP_TEMP_SEX_GAI_NB","SEX_M","GAI_GRADIENT_5","2022",51.631,,,"R1:3513"
"BWA","BX:15710","EMP_TEMP_SEX_GAI_NB","SEX_M","GAI_GRADIENT_X","2022",312.451,,,"R1:3513"
"BWA","BX:15710","EMP_TEMP_SEX_GAI_NB","SEX_F","GAI_GRADIENT_TOTAL","2022",379.219,,,"R1:3513"
"BWA","BX:15710","EMP_TEMP_SEX_GAI_NB","SEX_F","GAI_GRADIENT_4","2022",13.013,,,"R1:3513"
"BWA","BX:15710","EMP_TEMP_SEX_GAI_NB","SEX_F","GAI_GRADIENT_3","2022",18.481,,,"R1:3513"
"BWA","BX:15710","EMP_TEMP_SEX_GAI_NB","SEX_F","GAI_GRADIENT_2","2022",13.519,,,"R1:3513"
"BWA","BX:15710","EMP_TEMP_SEX_GAI_NB","SEX_F","GAI_GRADIENT_1","2022",35.596,,,"R1:3513"
"BWA","BX:15710","EMP_TEMP_SEX_GAI_NB","SEX_F","GAI_GRADIENT_5","2022",63.777,,,"R1:3513"
"BWA","BX:15710","EMP_TEMP_SEX_GAI_NB","SEX_F","GAI_GRADIENT_X","2022",234.834,,,"R1:3513"
"BWA","BX:15710","EMP_TEMP_SEX_GAI_NB","SEX_T","GAI_GRADIENT_TOTAL","2021",808.273,,,"R1:3513"
"BWA","BX:15710","EMP_TEMP_SEX_GAI_NB","SEX_T","GAI_GRADIENT_4","2021",13.081,,,"R1:3513"
"BWA","BX:15710","EMP_TEMP_SEX_GAI_NB","SEX_T","GAI_GRADIENT_3","2021",28.172,,,"R1:3513"
"BWA","BX:15710","EMP_TEMP_SEX_GAI_NB","SEX_T","GAI_GRADIENT_2","2021",28.569,,,"R1:3513"
"BWA","BX:15710","EMP_TEMP_SEX_GAI_NB","SEX_T","GAI_GRADIENT_1","2021",72.945,,,"R1:3513"
"BWA","BX:15710","EMP_TEMP_SEX_GAI_NB","SEX_T","GAI_GRADIENT_5","2021",92.351,,,"R1:3513"
"BWA","BX:15710","EMP_TEMP_SEX_GAI_NB","SEX_T","GAI_GRADIENT_X","2021",573.155,,,"R1:3513"
"BWA","BX:15710","EMP_TEMP_SEX_GAI_NB","SEX_M","GAI_GRADIENT_TOTAL","2021",414.111,,,"R1:3513"
"BWA","BX:15710","EMP_TEMP_SEX_GAI_NB","SEX_M","GAI_GRADIENT_4","2021",3.674,,,"R1:3513"
"BWA","BX:15710","EMP_TEMP_SEX_GAI_NB","SEX_M","GAI_GRADIENT_3","2021",7.513,,,"R1:3513"
"BWA","BX:15710","EMP_TEMP_SEX_GAI_NB","SEX_M","GAI_GRADIENT_2","2021",14.495,,,"R1:3513"
"BWA","BX:15710","EMP_TEMP_SEX_GAI_NB","SEX_M","GAI_GRADIENT_1","2021",34.163,,,"R1:3513"
"BWA","BX:15710","EMP_TEMP_SEX_GAI_NB","SEX_M","GAI_GRADIENT_5","2021",39.162,,,"R1:3513"
"BWA","BX:15710","EMP_TEMP_SEX_GAI_NB","SEX_M","GAI_GRADIENT_X","2021",315.105,,,"R1:3513"
"BWA","BX:15710","EMP_TEMP_SEX_GAI_NB","SEX_F","GAI_GRADIENT_TOTAL","2021",394.162,,,"R1:3513"
"BWA","BX:15710","EMP_TEMP_SEX_GAI_NB","SEX_F","GAI_GRADIENT_4","2021",9.407,,,"R1:3513"
"BWA","BX:15710","EMP_TEMP_SEX_GAI_NB","SEX_F","GAI_GRADIENT_3","2021",20.659,,,"R1:3513"
"BWA","BX:15710","EMP_TEMP_SEX_GAI_NB","SEX_F","GAI_GRADIENT_2","2021",14.074,,,"R1:3513"
"BWA","BX:15710","EMP_TEMP_SEX_GAI_NB","SEX_F","GAI_GRADIENT_1","2021",38.783,,,"R1:3513"
"BWA","BX:15710","EMP_TEMP_SEX_GAI_NB","SEX_F","GAI_GRADIENT_5","2021",53.189,,,"R1:3513"
"BWA","BX:15710","EMP_TEMP_SEX_GAI_NB","SEX_F","GAI_GRADIENT_X","2021",258.05,,,"R1:3513"
"BWA","BX:15710","EMP_TEMP_SEX_GAI_NB","SEX_T","GAI_GRADIENT_TOTAL","2020",853.235,,,"R1:3513"
"BWA","BX:15710","EMP_TEMP_SEX_GAI_NB","SEX_T","GAI_GRADIENT_4","2020",16.072,,,"R1:3513"
"BWA","BX:15710","EMP_TEMP_SEX_GAI_NB","SEX_T","GAI_GRADIENT_3","2020",27.187,,,"R1:3513"
"BWA","BX:15710","EMP_TEMP_SEX_GAI_NB","SEX_T","GAI_GRADIENT_2","2020",29.414,,,"R1:3513"
"BWA","BX:15710","EMP_TEMP_SEX_GAI_NB","SEX_T","GAI_GRADIENT_1","2020",67.923,,,"R1:3513"
"BWA","BX:15710","EMP_TEMP_SEX_GAI_NB","SEX_T","GAI_GRADIENT_5","2020",111.329,,,"R1:3513"
"BWA","BX:15710","EMP_TEMP_SEX_GAI_NB","SEX_T","GAI_GRADIENT_X","2020",601.309,,,"R1:3513"
"BWA","BX:15710","EMP_TEMP_SEX_GAI_NB","SEX_M","GAI_GRADIENT_TOTAL","2020",438.14,,,"R1:3513"
"BWA","BX:15710","EMP_TEMP_SEX_GAI_NB","SEX_M","GAI_GRADIENT_4","2020",4.089,,,"R1:3513"
"BWA","BX:15710","EMP_TEMP_SEX_GAI_NB","SEX_M","GAI_GRADIENT_3","2020",8.379,,,"R1:3513"
"BWA","BX:15710","EMP_TEMP_SEX_GAI_NB","SEX_M","GAI_GRADIENT_2","2020",12.364,,,"R1:3513"
"BWA","BX:15710","EMP_TEMP_SEX_GAI_NB","SEX_M","GAI_GRADIENT_1","2020",31.229,,,"R1:3513"
"BWA","BX:15710","EMP_TEMP_SEX_GAI_NB","SEX_M","GAI_GRADIENT_5","2020",51.086,,,"R1:3513"
"BWA","BX:15710","EMP_TEMP_SEX_GAI_NB","SEX_M","GAI_GRADIENT_X","2020",330.994,,,"R1:3513"
"BWA","BX:15710","EMP_TEMP_SEX_GAI_NB","SEX_F","GAI_GRADIENT_TOTAL","2020",415.095,,,"R1:3513"
"BWA","BX:15710","EMP_TEMP_SEX_GAI_NB","SEX_F","GAI_GRADIENT_4","2020",11.984,,,"R1:3513"
"BWA","BX:15710","EMP_TEMP_SEX_GAI_NB","SEX_F","GAI_GRADIENT_3","2020",18.808,,,"R1:3513"
"BWA","BX:15710","EMP_TEMP_SEX_GAI_NB","SEX_F","GAI_GRADIENT_2","2020",17.05,,,"R1:3513"
"BWA","BX:15710","EMP_TEMP_SEX_GAI_NB","SEX_F","GAI_GRADIENT_1","2020",36.694,,,"R1:3513"
"BWA","BX:15710","EMP_TEMP_SEX_GAI_NB","SEX_F","GAI_GRADIENT_5","2020",60.244,,,"R1:3513"
"BWA","BX:15710","EMP_TEMP_SEX_GAI_NB","SEX_F","GAI_GRADIENT_X","2020",270.315,,,"R1:3513"
"BWA","BX:15710","EMP_TEMP_SEX_GAI_NB","SEX_T","GAI_GRADIENT_TOTAL","2019",814.555,"B","I11:264","R1:3513"
"BWA","BX:15710","EMP_TEMP_SEX_GAI_NB","SEX_T","GAI_GRADIENT_4","2019",19.498,"B","I11:264","R1:3513"
"BWA","BX:15710","EMP_TEMP_SEX_GAI_NB","SEX_T","GAI_GRADIENT_3","2019",27.851,"B","I11:264","R1:3513"
"BWA","BX:15710","EMP_TEMP_SEX_GAI_NB","SEX_T","GAI_GRADIENT_2","2019",31.477,"B","I11:264","R1:3513"
"BWA","BX:15710","EMP_TEMP_SEX_GAI_NB","SEX_T","GAI_GRADIENT_1","2019",66.06,"B","I11:264","R1:3513"
"BWA","BX:15710","EMP_TEMP_SEX_GAI_NB","SEX_T","GAI_GRADIENT_5","2019",98.264,"B","I11:264","R1:3513"
"BWA","BX:15710","EMP_TEMP_SEX_GAI_NB","SEX_T","GAI_GRADIENT_X","2019",571.406,"B","I11:264","R1:3513"
"BWA","BX:15710","EMP_TEMP_SEX_GAI_NB","SEX_M","GAI_GRADIENT_TOTAL","2019",420.994,"B","I11:264","R1:3513"
"BWA","BX:15710","EMP_TEMP_SEX_GAI_NB","SEX_M","GAI_GRADIENT_4","2019",5.888,"B","I11:264","R1:3513"
"BWA","BX:15710","EMP_TEMP_SEX_GAI_NB","SEX_M","GAI_GRADIENT_3","2019",8.023,"B","I11:264","R1:3513"
"BWA","BX:15710","EMP_TEMP_SEX_GAI_NB","SEX_M","GAI_GRADIENT_2","2019",14.304,"B","I11:264","R1:3513"
"BWA","BX:15710","EMP_TEMP_SEX_GAI_NB","SEX_M","GAI_GRADIENT_1","2019",28.257,"B","I11:264","R1:3513"
"BWA","BX:15710","EMP_TEMP_SEX_GAI_NB","SEX_M","GAI_GRADIENT_5","2019",45.8,"B","I11:264","R1:3513"
"BWA","BX:15710","EMP_TEMP_SEX_GAI_NB","SEX_M","GAI_GRADIENT_X","2019",318.721,"B","I11:264","R1:3513"
"BWA","BX:15710","EMP_TEMP_SEX_GAI_NB","SEX_F","GAI_GRADIENT_TOTAL","2019",393.562,"B","I11:264","R1:3513"
"BWA","BX:15710","EMP_TEMP_SEX_GAI_NB","SEX_F","GAI_GRADIENT_4","2019",13.61,"B","I11:264","R1:3513"
"BWA","BX:15710","EMP_TEMP_SEX_GAI_NB","SEX_F","GAI_GRADIENT_3","2019",19.828,"B","I11:264","R1:3513"
"BWA","BX:15710","EMP_TEMP_SEX_GAI_NB","SEX_F","GAI_GRADIENT_2","2019",17.173,"B","I11:264","R1:3513"
"BWA","BX:15710","EMP_TEMP_SEX_GAI_NB","SEX_F","GAI_GRADIENT_1","2019",37.803,"B","I11:264","R1:3513"
"BWA","BX:15710","EMP_TEMP_SEX_GAI_NB","SEX_F","GAI_GRADIENT_5","2019",52.464,"B","I11:264","R1:3513"
"BWA","BX:15710","EMP_TEMP_SEX_GAI_NB","SEX_F","GAI_GRADIENT_X","2019",252.684,"B","I11:264","R1:3513"
"CHE","BA:253","EMP_TEMP_SEX_GAI_NB","SEX_T","GAI_GRADIENT_TOTAL","2025",4885.853,,,"R1:3513"
"CHE","BA:253","EMP_TEMP_SEX_GAI_NB","SEX_T","GAI_GRADIENT_4","2025",352.025,,,"R1:3513"
"CHE","BA:253","EMP_TEMP_SEX_GAI_NB","SEX_T","GAI_GRADIENT_3","2025",509.584,,,"R1:3513"
"CHE","BA:253","EMP_TEMP_SEX_GAI_NB","SEX_T","GAI_GRADIENT_2","2025",333.054,,,"R1:3513"
"CHE","BA:253","EMP_TEMP_SEX_GAI_NB","SEX_T","GAI_GRADIENT_1","2025",282.482,,,"R1:3513"
"CHE","BA:253","EMP_TEMP_SEX_GAI_NB","SEX_T","GAI_GRADIENT_5","2025",936.072,,,"R1:3513"
"CHE","BA:253","EMP_TEMP_SEX_GAI_NB","SEX_T","GAI_GRADIENT_X","2025",2472.637,,,"R1:3513"
"CHE","BA:253","EMP_TEMP_SEX_GAI_NB","SEX_M","GAI_GRADIENT_TOTAL","2025",2584.607,,,"R1:3513"
"CHE","BA:253","EMP_TEMP_SEX_GAI_NB","SEX_M","GAI_GRADIENT_4","2025",103.088,,,"R1:3513"
"CHE","BA:253","EMP_TEMP_SEX_GAI_NB","SEX_M","GAI_GRADIENT_3","2025",284.193,,,"R1:3513"
"CHE","BA:253","EMP_TEMP_SEX_GAI_NB","SEX_M","GAI_GRADIENT_2","2025",196.289,,,"R1:3513"
"CHE","BA:253","EMP_TEMP_SEX_GAI_NB","SEX_M","GAI_GRADIENT_1","2025",91.241,,,"R1:3513"
"CHE","BA:253","EMP_TEMP_SEX_GAI_NB","SEX_M","GAI_GRADIENT_5","2025",500.266,,,"R1:3513"
"CHE","BA:253","EMP_TEMP_SEX_GAI_NB","SEX_M","GAI_GRADIENT_X","2025",1409.531,,,"R1:3513"
"CHE","BA:253","EMP_TEMP_SEX_GAI_NB","SEX_F","GAI_GRADIENT_TOTAL","2025",2301.246,,,"R1:3513"
"CHE","BA:253","EMP_TEMP_SEX_GAI_NB","SEX_F","GAI_GRADIENT_4","2025",248.937,,,"R1:3513"
"CHE","BA:253","EMP_TEMP_SEX_GAI_NB","SEX_F","GAI_GRADIENT_3","2025",225.391,,,"R1:3513"
"CHE","BA:253","EMP_TEMP_SEX_GAI_NB","SEX_F","GAI_GRADIENT_2","2025",136.764,,,"R1:3513"
"CHE","BA:253","EMP_TEMP_SEX_GAI_NB","SEX_F","GAI_GRADIENT_1","2025",191.241,,,"R1:3513"
"CHE","BA:253","EMP_TEMP_SEX_GAI_NB","SEX_F","GAI_GRADIENT_5","2025",435.806,,,"R1:3513"
"CHE","BA:253","EMP_TEMP_SEX_GAI_NB","SEX_F","GAI_GRADIENT_X","2025",1063.106,,,"R1:3513"
"CHE","BA:253","EMP_TEMP_SEX_GAI_NB","SEX_T","GAI_GRADIENT_TOTAL","2024",4875.482,,,"R1:3513"
"CHE","BA:253","EMP_TEMP_SEX_GAI_NB","SEX_T","GAI_GRADIENT_4","2024",361.825,,,"R1:3513"
"CHE","BA:253","EMP_TEMP_SEX_GAI_NB","SEX_T","GAI_GRADIENT_3","2024",509.444,,,"R1:3513"
"CHE","BA:253","EMP_TEMP_SEX_GAI_NB","SEX_T","GAI_GRADIENT_2","2024",333.141,,,"R1:3513"
"CHE","BA:253","EMP_TEMP_SEX_GAI_NB","SEX_T","GAI_GRADIENT_1","2024",279.198,,,"R1:3513"
"CHE","BA:253","EMP_TEMP_SEX_GAI_NB","SEX_T","GAI_GRADIENT_5","2024",924.898,,,"R1:3513"
"CHE","BA:253","EMP_TEMP_SEX_GAI_NB","SEX_T","GAI_GRADIENT_X","2024",2466.976,,,"R1:3513"
"CHE","BA:253","EMP_TEMP_SEX_GAI_NB","SEX_M","GAI_GRADIENT_TOTAL","2024",2582.596,,,"R1:3513"
"CHE","BA:253","EMP_TEMP_SEX_GAI_NB","SEX_M","GAI_GRADIENT_4","2024",107.214,,,"R1:3513"
"CHE","BA:253","EMP_TEMP_SEX_GAI_NB","SEX_M","GAI_GRADIENT_3","2024",282.601,,,"R1:3513"
"CHE","BA:253","EMP_TEMP_SEX_GAI_NB","SEX_M","GAI_GRADIENT_2","2024",194.281,,,"R1:3513"
"CHE","BA:253","EMP_TEMP_SEX_GAI_NB","SEX_M","GAI_GRADIENT_1","2024",88.244,,,"R1:3513"
"CHE","BA:253","EMP_TEMP_SEX_GAI_NB","SEX_M","GAI_GRADIENT_5","2024",493.479,,,"R1:3513"
"CHE","BA:253","EMP_TEMP_SEX_GAI_NB","SEX_M","GAI_GRADIENT_X","2024",1416.777,,,"R1:3513"
"CHE","BA:253","EMP_TEMP_SEX_GAI_NB","SEX_F","GAI_GRADIENT_TOTAL","2024",2292.887,,,"R1:3513"
"CHE","BA:253","EMP_TEMP_SEX_GAI_NB","SEX_F","GAI_GRADIENT_4","2024",254.611,,,"R1:3513"
"CHE","BA:253","EMP_TEMP_SEX_GAI_NB","SEX_F","GAI_GRADIENT_3","2024",226.844,,,"R1:3513"
"CHE","BA:253","EMP_TEMP_SEX_GAI_NB","SEX_F","GAI_GRADIENT_2","2024",138.86,,,"R1:3513"
"CHE","BA:253","EMP_TEMP_SEX_GAI_NB","SEX_F","GAI_GRADIENT_1","2024",190.955,,,"R1:3513"
"CHE","BA:253","EMP_TEMP_SEX_GAI_NB","SEX_F","GAI_GRADIENT_5","2024",431.419,,,"R1:3513"
"CHE","BA:253","EMP_TEMP_SEX_GAI_NB","SEX_F","GAI_GRADIENT_X","2024",1050.199,,,"R1:3513"
"CHE","BA:253","EMP_TEMP_SEX_GAI_NB","SEX_T","GAI_GRADIENT_TOTAL","2023",4848.18,,,"R1:3513"
"CHE","BA:253","EMP_TEMP_SEX_GAI_NB","SEX_T","GAI_GRADIENT_4","2023",372.869,,,"R1:3513"
"CHE","BA:253","EMP_TEMP_SEX_GAI_NB","SEX_T","GAI_GRADIENT_3","2023",517.466,,,"R1:3513"
"CHE","BA:253","EMP_TEMP_SEX_GAI_NB","SEX_T","GAI_GRADIENT_2","2023",337.498,,,"R1:3513"
"CHE","BA:253","EMP_TEMP_SEX_GAI_NB","SEX_T","GAI_GRADIENT_1","2023",279.98,,,"R1:3513"
"CHE","BA:253","EMP_TEMP_SEX_GAI_NB","SEX_T","GAI_GRADIENT_5","2023",917.635,,,"R1:3513"
"CHE","BA:253","EMP_TEMP_SEX_GAI_NB","SEX_T","GAI_GRADIENT_X","2023",2422.733,,,"R1:3513"
"CHE","BA:253","EMP_TEMP_SEX_GAI_NB","SEX_M","GAI_GRADIENT_TOTAL","2023",2584.236,,,"R1:3513"
"CHE","BA:253","EMP_TEMP_SEX_GAI_NB","SEX_M","GAI_GRADIENT_4","2023",107.059,,,"R1:3513"
"CHE","BA:253","EMP_TEMP_SEX_GAI_NB","SEX_M","GAI_GRADIENT_3","2023",284.583,,,"R1:3513"
"CHE","BA:253","EMP_TEMP_SEX_GAI_NB","SEX_M","GAI_GRADIENT_2","2023",199.514,,,"R1:3513"
"CHE","BA:253","EMP_TEMP_SEX_GAI_NB","SEX_M","GAI_GRADIENT_1","2023",91.909,,,"R1:3513"
"CHE","BA:253","EMP_TEMP_SEX_GAI_NB","SEX_M","GAI_GRADIENT_5","2023",495.073,,,"R1:3513"
"CHE","BA:253","EMP_TEMP_SEX_GAI_NB","SEX_M","GAI_GRADIENT_X","2023",1406.097,,,"R1:3513"
"CHE","BA:253","EMP_TEMP_SEX_GAI_NB","SEX_F","GAI_GRADIENT_TOTAL","2023",2263.944,,,"R1:3513"
"CHE","BA:253","EMP_TEMP_SEX_GAI_NB","SEX_F","GAI_GRADIENT_4","2023",265.81,,,"R1:3513"
"CHE","BA:253","EMP_TEMP_SEX_GAI_NB","SEX_F","GAI_GRADIENT_3","2023",232.882,,,"R1:3513"
"CHE","BA:253","EMP_TEMP_SEX_GAI_NB","SEX_F","GAI_GRADIENT_2","2023",137.984,,,"R1:3513"
"CHE","BA:253","EMP_TEMP_SEX_GAI_NB","SEX_F","GAI_GRADIENT_1","2023",188.071,,,"R1:3513"
"CHE","BA:253","EMP_TEMP_SEX_GAI_NB","SEX_F","GAI_GRADIENT_5","2023",422.561,,,"R1:3513"
"CHE","BA:253","EMP_TEMP_SEX_GAI_NB","SEX_F","GAI_GRADIENT_X","2023",1016.637,,,"R1:3513"
"CHE","BA:253","EMP_TEMP_SEX_GAI_NB","SEX_T","GAI_GRADIENT_TOTAL","2022",4752.211,,,"R1:3513"
"CHE","BA:253","EMP_TEMP_SEX_GAI_NB","SEX_T","GAI_GRADIENT_4","2022",375.841,,,"R1:3513"
"CHE","BA:253","EMP_TEMP_SEX_GAI_NB","SEX_T","GAI_GRADIENT_3","2022",506.012,,,"R1:3513"
"CHE","BA:253","EMP_TEMP_SEX_GAI_NB","SEX_T","GAI_GRADIENT_2","2022",319.077,,,"R1:3513"
"CHE","BA:253","EMP_TEMP_SEX_GAI_NB","SEX_T","GAI_GRADIENT_1","2022",270.221,,,"R1:3513"
"CHE","BA:253","EMP_TEMP_SEX_GAI_NB","SEX_T","GAI_GRADIENT_5","2022",886.211,,,"R1:3513"
"CHE","BA:253","EMP_TEMP_SEX_GAI_NB","SEX_T","GAI_GRADIENT_X","2022",2394.851,,,"R1:3513"
"CHE","BA:253","EMP_TEMP_SEX_GAI_NB","SEX_M","GAI_GRADIENT_TOTAL","2022",2534.557,,,"R1:3513"
"CHE","BA:253","EMP_TEMP_SEX_GAI_NB","SEX_M","GAI_GRADIENT_4","2022",104.836,,,"R1:3513"
"CHE","BA:253","EMP_TEMP_SEX_GAI_NB","SEX_M","GAI_GRADIENT_3","2022",278.694,,,"R1:3513"
"CHE","BA:253","EMP_TEMP_SEX_GAI_NB","SEX_M","GAI_GRADIENT_2","2022",190.825,,,"R1:3513"
"CHE","BA:253","EMP_TEMP_SEX_GAI_NB","SEX_M","GAI_GRADIENT_1","2022",87.649,,,"R1:3513"
"CHE","BA:253","EMP_TEMP_SEX_GAI_NB","SEX_M","GAI_GRADIENT_5","2022",476.236,,,"R1:3513"
"CHE","BA:253","EMP_TEMP_SEX_GAI_NB","SEX_M","GAI_GRADIENT_X","2022",1396.317,,,"R1:3513"
"CHE","BA:253","EMP_TEMP_SEX_GAI_NB","SEX_F","GAI_GRADIENT_TOTAL","2022",2217.654,,,"R1:3513"
"CHE","BA:253","EMP_TEMP_SEX_GAI_NB","SEX_F","GAI_GRADIENT_4","2022",271.005,,,"R1:3513"
"CHE","BA:253","EMP_TEMP_SEX_GAI_NB","SEX_F","GAI_GRADIENT_3","2022",227.317,,,"R1:3513"
"CHE","BA:253","EMP_TEMP_SEX_GAI_NB","SEX_F","GAI_GRADIENT_2","2022",128.251,,,"R1:3513"
"CHE","BA:253","EMP_TEMP_SEX_GAI_NB","SEX_F","GAI_GRADIENT_1","2022",182.571,,,"R1:3513"
"CHE","BA:253","EMP_TEMP_SEX_GAI_NB","SEX_F","GAI_GRADIENT_5","2022",409.975,,,"R1:3513"
"CHE","BA:253","EMP_TEMP_SEX_GAI_NB","SEX_F","GAI_GRADIENT_X","2022",998.534,,,"R1:3513"
"CHE","BA:253","EMP_TEMP_SEX_GAI_NB","SEX_T","GAI_GRADIENT_TOTAL","2021",4707.008,,,"R1:3513"
"CHE","BA:253","EMP_TEMP_SEX_GAI_NB","SEX_T","GAI_GRADIENT_4","2021",384.458,,,"R1:3513"
"CHE","BA:253","EMP_TEMP_SEX_GAI_NB","SEX_T","GAI_GRADIENT_3","2021",484.831,,,"R1:3513"
"CHE","BA:253","EMP_TEMP_SEX_GAI_NB","SEX_T","GAI_GRADIENT_2","2021",315.808,,,"R1:3513"
"CHE","BA:253","EMP_TEMP_SEX_GAI_NB","SEX_T","GAI_GRADIENT_1","2021",293.83,,,"R1:3513"
"CHE","BA:253","EMP_TEMP_SEX_GAI_NB","SEX_T","GAI_GRADIENT_5","2021",869.221,,,"R1:3513"
"CHE","BA:253","EMP_TEMP_SEX_GAI_NB","SEX_T","GAI_GRADIENT_X","2021",2358.861,,,"R1:3513"
"CHE","BA:253","EMP_TEMP_SEX_GAI_NB","SEX_M","GAI_GRADIENT_TOTAL","2021",2504.734,,,"R1:3513"
"CHE","BA:253","EMP_TEMP_SEX_GAI_NB","SEX_M","GAI_GRADIENT_4","2021",109.659,,,"R1:3513"
"CHE","BA:253","EMP_TEMP_SEX_GAI_NB","SEX_M","GAI_GRADIENT_3","2021",262.552,,,"R1:3513"
"CHE","BA:253","EMP_TEMP_SEX_GAI_NB","SEX_M","GAI_GRADIENT_2","2021",188.279,,,"R1:3513"
"CHE","BA:253","EMP_TEMP_SEX_GAI_NB","SEX_M","GAI_GRADIENT_1","2021",92.196,,,"R1:3513"
"CHE","BA:253","EMP_TEMP_SEX_GAI_NB","SEX_M","GAI_GRADIENT_5","2021",468.914,,,"R1:3513"
"CHE","BA:253","EMP_TEMP_SEX_GAI_NB","SEX_M","GAI_GRADIENT_X","2021",1383.133,,,"R1:3513"
"CHE","BA:253","EMP_TEMP_SEX_GAI_NB","SEX_F","GAI_GRADIENT_TOTAL","2021",2202.274,,,"R1:3513"
"CHE","BA:253","EMP_TEMP_SEX_GAI_NB","SEX_F","GAI_GRADIENT_4","2021",274.798,,,"R1:3513"
"CHE","BA:253","EMP_TEMP_SEX_GAI_NB","SEX_F","GAI_GRADIENT_3","2021",222.279,,,"R1:3513"
"CHE","BA:253","EMP_TEMP_SEX_GAI_NB","SEX_F","GAI_GRADIENT_2","2021",127.528,,,"R1:3513"
"CHE","BA:253","EMP_TEMP_SEX_GAI_NB","SEX_F","GAI_GRADIENT_1","2021",201.634,,,"R1:3513"
"CHE","BA:253","EMP_TEMP_SEX_GAI_NB","SEX_F","GAI_GRADIENT_5","2021",400.307,,,"R1:3513"
"CHE","BA:253","EMP_TEMP_SEX_GAI_NB","SEX_F","GAI_GRADIENT_X","2021",975.728,,,"R1:3513"
"CHE","BA:253","EMP_TEMP_SEX_GAI_NB","SEX_T","GAI_GRADIENT_TOTAL","2020",4696.134,,,"R1:3513"
"CHE","BA:253","EMP_TEMP_SEX_GAI_NB","SEX_T","GAI_GRADIENT_4","2020",411.508,,,"R1:3513"
"CHE","BA:253","EMP_TEMP_SEX_GAI_NB","SEX_T","GAI_GRADIENT_3","2020",448.006,,,"R1:3513"
"CHE","BA:253","EMP_TEMP_SEX_GAI_NB","SEX_T","GAI_GRADIENT_2","2020",315.709,,,"R1:3513"
"CHE","BA:253","EMP_TEMP_SEX_GAI_NB","SEX_T","GAI_GRADIENT_1","2020",303.037,,,"R1:3513"
"CHE","BA:253","EMP_TEMP_SEX_GAI_NB","SEX_T","GAI_GRADIENT_5","2020",873.058,,,"R1:3513"
"CHE","BA:253","EMP_TEMP_SEX_GAI_NB","SEX_T","GAI_GRADIENT_X","2020",2344.816,,,"R1:3513"
"CHE","BA:253","EMP_TEMP_SEX_GAI_NB","SEX_M","GAI_GRADIENT_TOTAL","2020",2504.436,,,"R1:3513"
"CHE","BA:253","EMP_TEMP_SEX_GAI_NB","SEX_M","GAI_GRADIENT_4","2020",129.985,,,"R1:3513"
"CHE","BA:253","EMP_TEMP_SEX_GAI_NB","SEX_M","GAI_GRADIENT_3","2020",235.914,,,"R1:3513"
"CHE","BA:253","EMP_TEMP_SEX_GAI_NB","SEX_M","GAI_GRADIENT_2","2020",188.855,,,"R1:3513"
"CHE","BA:253","EMP_TEMP_SEX_GAI_NB","SEX_M","GAI_GRADIENT_1","2020",99.589,,,"R1:3513"
"CHE","BA:253","EMP_TEMP_SEX_GAI_NB","SEX_M","GAI_GRADIENT_5","2020",458.1,,,"R1:3513"
"CHE","BA:253","EMP_TEMP_SEX_GAI_NB","SEX_M","GAI_GRADIENT_X","2020",1391.993,,,"R1:3513"
"CHE","BA:253","EMP_TEMP_SEX_GAI_NB","SEX_F","GAI_GRADIENT_TOTAL","2020",2191.698,,,"R1:3513"
"CHE","BA:253","EMP_TEMP_SEX_GAI_NB","SEX_F","GAI_GRADIENT_4","2020",281.523,,,"R1:3513"
"CHE","BA:253","EMP_TEMP_SEX_GAI_NB","SEX_F","GAI_GRADIENT_3","2020",212.092,,,"R1:3513"
"CHE","BA:253","EMP_TEMP_SEX_GAI_NB","SEX_F","GAI_GRADIENT_2","2020",126.853,,,"R1:3513"
"CHE","BA:253","EMP_TEMP_SEX_GAI_NB","SEX_F","GAI_GRADIENT_1","2020",203.448,,,"R1:3513"
"CHE","BA:253","EMP_TEMP_SEX_GAI_NB","SEX_F","GAI_GRADIENT_5","2020",414.958,,,"R1:3513"
"CHE","BA:253","EMP_TEMP_SEX_GAI_NB","SEX_F","GAI_GRADIENT_X","2020",952.823,,,"R1:3513"
"CHE","BA:253","EMP_TEMP_SEX_GAI_NB","SEX_T","GAI_GRADIENT_TOTAL","2019",4705.783,,,"R1:3513"
"CHE","BA:253","EMP_TEMP_SEX_GAI_NB","SEX_T","GAI_GRADIENT_4","2019",416.413,,,"R1:3513"
"CHE","BA:253","EMP_TEMP_SEX_GAI_NB","SEX_T","GAI_GRADIENT_3","2019",442.528,,,"R1:3513"
"CHE","BA:253","EMP_TEMP_SEX_GAI_NB","SEX_T","GAI_GRADIENT_2","2019",295.059,,,"R1:3513"
"CHE","BA:253","EMP_TEMP_SEX_GAI_NB","SEX_T","GAI_GRADIENT_1","2019",311.978,,,"R1:3513"
"CHE","BA:253","EMP_TEMP_SEX_GAI_NB","SEX_T","GAI_GRADIENT_5","2019",882.451,,,"R1:3513"
"CHE","BA:253","EMP_TEMP_SEX_GAI_NB","SEX_T","GAI_GRADIENT_X","2019",2357.355,,,"R1:3513"
"CHE","BA:253","EMP_TEMP_SEX_GAI_NB","SEX_M","GAI_GRADIENT_TOTAL","2019",2507.097,,,"R1:3513"
"CHE","BA:253","EMP_TEMP_SEX_GAI_NB","SEX_M","GAI_GRADIENT_4","2019",126.577,,,"R1:3513"
"CHE","BA:253","EMP_TEMP_SEX_GAI_NB","SEX_M","GAI_GRADIENT_3","2019",238.072,,,"R1:3513"
"CHE","BA:253","EMP_TEMP_SEX_GAI_NB","SEX_M","GAI_GRADIENT_2","2019",180.881,,,"R1:3513"
"CHE","BA:253","EMP_TEMP_SEX_GAI_NB","SEX_M","GAI_GRADIENT_1","2019",99.714,,,"R1:3513"
"CHE","BA:253","EMP_TEMP_SEX_GAI_NB","SEX_M","GAI_GRADIENT_5","2019",461.65,,,"R1:3513"
"CHE","BA:253","EMP_TEMP_SEX_GAI_NB","SEX_M","GAI_GRADIENT_X","2019",1400.203,,,"R1:3513"
"CHE","BA:253","EMP_TEMP_SEX_GAI_NB","SEX_F","GAI_GRADIENT_TOTAL","2019",2198.686,,,"R1:3513"
"CHE","BA:253","EMP_TEMP_SEX_GAI_NB","SEX_F","GAI_GRADIENT_4","2019",289.836,,,"R1:3513"
"CHE","BA:253","EMP_TEMP_SEX_GAI_NB","SEX_F","GAI_GRADIENT_3","2019",204.456,,,"R1:3513"
"CHE","BA:253","EMP_TEMP_SEX_GAI_NB","SEX_F","GAI_GRADIENT_2","2019",114.178,,,"R1:3513"
"CHE","BA:253","EMP_TEMP_SEX_GAI_NB","SEX_F","GAI_GRADIENT_1","2019",212.264,,,"R1:3513"
"CHE","BA:253","EMP_TEMP_SEX_GAI_NB","SEX_F","GAI_GRADIENT_5","2019",420.801,,,"R1:3513"
"CHE","BA:253","EMP_TEMP_SEX_GAI_NB","SEX_F","GAI_GRADIENT_X","2019",957.151,,,"R1:3513"
"CHE","BA:253","EMP_TEMP_SEX_GAI_NB","SEX_T","GAI_GRADIENT_TOTAL","2018",4675.326,,,"R1:3513"
"CHE","BA:253","EMP_TEMP_SEX_GAI_NB","SEX_T","GAI_GRADIENT_4","2018",411.902,,,"R1:3513"
"CHE","BA:253","EMP_TEMP_SEX_GAI_NB","SEX_T","GAI_GRADIENT_3","2018",439.026,,,"R1:3513"
"CHE","BA:253","EMP_TEMP_SEX_GAI_NB","SEX_T","GAI_GRADIENT_2","2018",281.011,,,"R1:3513"
"CHE","BA:253","EMP_TEMP_SEX_GAI_NB","SEX_T","GAI_GRADIENT_1","2018",311.104,,,"R1:3513"
"CHE","BA:253","EMP_TEMP_SEX_GAI_NB","SEX_T","GAI_GRADIENT_5","2018",862.823,,,"R1:3513"
"CHE","BA:253","EMP_TEMP_SEX_GAI_NB","SEX_T","GAI_GRADIENT_X","2018",2369.458,,,"R1:3513"
"CHE","BA:253","EMP_TEMP_SEX_GAI_NB","SEX_M","GAI_GRADIENT_TOTAL","2018",2502.085,,,"R1:3513"
"CHE","BA:253","EMP_TEMP_SEX_GAI_NB","SEX_M","GAI_GRADIENT_4","2018",127.826,,,"R1:3513"
"CHE","BA:253","EMP_TEMP_SEX_GAI_NB","SEX_M","GAI_GRADIENT_3","2018",238.077,,,"R1:3513"
"CHE","BA:253","EMP_TEMP_SEX_GAI_NB","SEX_M","GAI_GRADIENT_2","2018",172.602,,,"R1:3513"
"CHE","BA:253","EMP_TEMP_SEX_GAI_NB","SEX_M","GAI_GRADIENT_1","2018",99.164,,,"R1:3513"
"CHE","BA:253","EMP_TEMP_SEX_GAI_NB","SEX_M","GAI_GRADIENT_5","2018",457.839,,,"R1:3513"
"CHE","BA:253","EMP_TEMP_SEX_GAI_NB","SEX_M","GAI_GRADIENT_X","2018",1406.577,,,"R1:3513"
"CHE","BA:253","EMP_TEMP_SEX_GAI_NB","SEX_F","GAI_GRADIENT_TOTAL","2018",2173.24,,,"R1:3513"
"CHE","BA:253","EMP_TEMP_SEX_GAI_NB","SEX_F","GAI_GRADIENT_4","2018",284.076,,,"R1:3513"
"CHE","BA:253","EMP_TEMP_SEX_GAI_NB","SEX_F","GAI_GRADIENT_3","2018",200.949,,,"R1:3513"
"CHE","BA:253","EMP_TEMP_SEX_GAI_NB","SEX_F","GAI_GRADIENT_2","2018",108.409,,,"R1:3513"
"CHE","BA:253","EMP_TEMP_SEX_GAI_NB","SEX_F","GAI_GRADIENT_1","2018",211.941,,,"R1:3513"
"CHE","BA:253","EMP_TEMP_SEX_GAI_NB","SEX_F","GAI_GRADIENT_5","2018",404.984,,,"R1:3513"
"CHE","BA:253","EMP_TEMP_SEX_GAI_NB","SEX_F","GAI_GRADIENT_X","2018",962.881,,,"R1:3513"
"CHE","BA:253","EMP_TEMP_SEX_GAI_NB","SEX_T","GAI_GRADIENT_TOTAL","2017",4636.74,,,"R1:3513"
"CHE","BA:253","EMP_TEMP_SEX_GAI_NB","SEX_T","GAI_GRADIENT_4","2017",414.467,,,"R1:3513"
"CHE","BA:253","EMP_TEMP_SEX_GAI_NB","SEX_T","GAI_GRADIENT_3","2017",430.421,,,"R1:3513"
"CHE","BA:253","EMP_TEMP_SEX_GAI_NB","SEX_T","GAI_GRADIENT_2","2017",275.172,,,"R1:3513"
"CHE","BA:253","EMP_TEMP_SEX_GAI_NB","SEX_T","GAI_GRADIENT_1","2017",319.123,,,"R1:3513"
"CHE","BA:253","EMP_TEMP_SEX_GAI_NB","SEX_T","GAI_GRADIENT_5","2017",836.184,,,"R1:3513"
"CHE","BA:253","EMP_TEMP_SEX_GAI_NB","SEX_T","GAI_GRADIENT_X","2017",2361.372,,,"R1:3513"
"CHE","BA:253","EMP_TEMP_SEX_GAI_NB","SEX_M","GAI_GRADIENT_TOTAL","2017",2486.782,,,"R1:3513"
"CHE","BA:253","EMP_TEMP_SEX_GAI_NB","SEX_M","GAI_GRADIENT_4","2017",127.994,,,"R1:3513"
"CHE","BA:253","EMP_TEMP_SEX_GAI_NB","SEX_M","GAI_GRADIENT_3","2017",226.228,,,"R1:3513"
"CHE","BA:253","EMP_TEMP_SEX_GAI_NB","SEX_M","GAI_GRADIENT_2","2017",171.683,,,"R1:3513"
"CHE","BA:253","EMP_TEMP_SEX_GAI_NB","SEX_M","GAI_GRADIENT_1","2017",101.449,,,"R1:3513"
"CHE","BA:253","EMP_TEMP_SEX_GAI_NB","SEX_M","GAI_GRADIENT_5","2017",445.204,,,"R1:3513"
"CHE","BA:253","EMP_TEMP_SEX_GAI_NB","SEX_M","GAI_GRADIENT_X","2017",1414.224,,,"R1:3513"
"CHE","BA:253","EMP_TEMP_SEX_GAI_NB","SEX_F","GAI_GRADIENT_TOTAL","2017",2149.958,,,"R1:3513"
"CHE","BA:253","EMP_TEMP_SEX_GAI_NB","SEX_F","GAI_GRADIENT_4","2017",286.473,,,"R1:3513"
"CHE","BA:253","EMP_TEMP_SEX_GAI_NB","SEX_F","GAI_GRADIENT_3","2017",204.194,,,"R1:3513"
"CHE","BA:253","EMP_TEMP_SEX_GAI_NB","SEX_F","GAI_GRADIENT_2","2017",103.489,,,"R1:3513"
"CHE","BA:253","EMP_TEMP_SEX_GAI_NB","SEX_F","GAI_GRADIENT_1","2017",217.675,,,"R1:3513"
"CHE","BA:253","EMP_TEMP_SEX_GAI_NB","SEX_F","GAI_GRADIENT_5","2017",390.98,,,"R1:3513"
"CHE","BA:253","EMP_TEMP_SEX_GAI_NB","SEX_F","GAI_GRADIENT_X","2017",947.147,,,"R1:3513"
"CHE","BA:253","EMP_TEMP_SEX_GAI_NB","SEX_T","GAI_GRADIENT_TOTAL","2016",4604.41,,,"R1:3513"
"CHE","BA:253","EMP_TEMP_SEX_GAI_NB","SEX_T","GAI_GRADIENT_4","2016",422.992,,,"R1:3513"
"CHE","BA:253","EMP_TEMP_SEX_GAI_NB","SEX_T","GAI_GRADIENT_3","2016",429.088,,,"R1:3513"
"CHE","BA:253","EMP_TEMP_SEX_GAI_NB","SEX_T","GAI_GRADIENT_2","2016",280.882,,,"R1:3513"
"CHE","BA:253","EMP_TEMP_SEX_GAI_NB","SEX_T","GAI_GRADIENT_1","2016",315.741,,,"R1:3513"
"CHE","BA:253","EMP_TEMP_SEX_GAI_NB","SEX_T","GAI_GRADIENT_5","2016",803.214,,,"R1:3513"
"CHE","BA:253","EMP_TEMP_SEX_GAI_NB","SEX_T","GAI_GRADIENT_X","2016",2352.493,,,"R1:3513"
"CHE","BA:253","EMP_TEMP_SEX_GAI_NB","SEX_M","GAI_GRADIENT_TOTAL","2016",2460.714,,,"R1:3513"
"CHE","BA:253","EMP_TEMP_SEX_GAI_NB","SEX_M","GAI_GRADIENT_4","2016",124.832,,,"R1:3513"
"CHE","BA:253","EMP_TEMP_SEX_GAI_NB","SEX_M","GAI_GRADIENT_3","2016",233.712,,,"R1:3513"
"CHE","BA:253","EMP_TEMP_SEX_GAI_NB","SEX_M","GAI_GRADIENT_2","2016",169.693,,,"R1:3513"
"CHE","BA:253","EMP_TEMP_SEX_GAI_NB","SEX_M","GAI_GRADIENT_1","2016",96.759,,,"R1:3513"
"CHE","BA:253","EMP_TEMP_SEX_GAI_NB","SEX_M","GAI_GRADIENT_5","2016",423.222,,,"R1:3513"
"CHE","BA:253","EMP_TEMP_SEX_GAI_NB","SEX_M","GAI_GRADIENT_X","2016",1412.496,,,"R1:3513"
"CHE","BA:253","EMP_TEMP_SEX_GAI_NB","SEX_F","GAI_GRADIENT_TOTAL","2016",2143.696,,,"R1:3513"
"CHE","BA:253","EMP_TEMP_SEX_GAI_NB","SEX_F","GAI_GRADIENT_4","2016",298.161,,,"R1:3513"
"CHE","BA:253","EMP_TEMP_SEX_GAI_NB","SEX_F","GAI_GRADIENT_3","2016",195.376,,,"R1:3513"
"CHE","BA:253","EMP_TEMP_SEX_GAI_NB","SEX_F","GAI_GRADIENT_2","2016",111.189,,,"R1:3513"
"CHE","BA:253","EMP_TEMP_SEX_GAI_NB","SEX_F","GAI_GRADIENT_1","2016",218.982,,,"R1:3513"
"CHE","BA:253","EMP_TEMP_SEX_GAI_NB","SEX_F","GAI_GRADIENT_5","2016",379.992,,,"R1:3513"
"CHE","BA:253","EMP_TEMP_SEX_GAI_NB","SEX_F","GAI_GRADIENT_X","2016",939.997,,,"R1:3513"
"CHE","BA:253","EMP_TEMP_SEX_GAI_NB","SEX_T","GAI_GRADIENT_TOTAL","2015",4538.398,,,"R1:3513"
"CHE","BA:253","EMP_TEMP_SEX_GAI_NB","SEX_T","GAI_GRADIENT_4","2015",442.956,,,"R1:3513"
"CHE","BA:253","EMP_TEMP_SEX_GAI_NB","SEX_T","GAI_GRADIENT_3","2015",417.211,,,"R1:3513"
"CHE","BA:253","EMP_TEMP_SEX_GAI_NB","SEX_T","GAI_GRADIENT_2","2015",263.534,,,"R1:3513"
"CHE","BA:253","EMP_TEMP_SEX_GAI_NB","SEX_T","GAI_GRADIENT_1","2015",314.938,,,"R1:3513"
"CHE","BA:253","EMP_TEMP_SEX_GAI_NB","SEX_T","GAI_GRADIENT_5","2015",798.329,,,"R1:3513"
"CHE","BA:253","EMP_TEMP_SEX_GAI_NB","SEX_T","GAI_GRADIENT_X","2015",2301.431,,,"R1:3513"
"CHE","BA:253","EMP_TEMP_SEX_GAI_NB","SEX_M","GAI_GRADIENT_TOTAL","2015",2430.353,,,"R1:3513"
"CHE","BA:253","EMP_TEMP_SEX_GAI_NB","SEX_M","GAI_GRADIENT_4","2015",132.417,,,"R1:3513"
"CHE","BA:253","EMP_TEMP_SEX_GAI_NB","SEX_M","GAI_GRADIENT_3","2015",218.701,,,"R1:3513"
"CHE","BA:253","EMP_TEMP_SEX_GAI_NB","SEX_M","GAI_GRADIENT_2","2015",166.403,,,"R1:3513"
"CHE","BA:253","EMP_TEMP_SEX_GAI_NB","SEX_M","GAI_GRADIENT_1","2015",94.584,,,"R1:3513"
"CHE","BA:253","EMP_TEMP_SEX_GAI_NB","SEX_M","GAI_GRADIENT_5","2015",423.292,,,"R1:3513"
"CHE","BA:253","EMP_TEMP_SEX_GAI_NB","SEX_M","GAI_GRADIENT_X","2015",1394.958,,,"R1:3513"
"CHE","BA:253","EMP_TEMP_SEX_GAI_NB","SEX_F","GAI_GRADIENT_TOTAL","2015",2108.045,,,"R1:3513"
"CHE","BA:253","EMP_TEMP_SEX_GAI_NB","SEX_F","GAI_GRADIENT_4","2015",310.539,,,"R1:3513"
"CHE","BA:253","EMP_TEMP_SEX_GAI_NB","SEX_F","GAI_GRADIENT_3","2015",198.511,,,"R1:3513"
"CHE","BA:253","EMP_TEMP_SEX_GAI_NB","SEX_F","GAI_GRADIENT_2","2015",97.132,,,"R1:3513"
"CHE","BA:253","EMP_TEMP_SEX_GAI_NB","SEX_F","GAI_GRADIENT_1","2015",220.354,,,"R1:3513"
"CHE","BA:253","EMP_TEMP_SEX_GAI_NB","SEX_F","GAI_GRADIENT_5","2015",375.037,,,"R1:3513"
"CHE","BA:253","EMP_TEMP_SEX_GAI_NB","SEX_F","GAI_GRADIENT_X","2015",906.473,,,"R1:3513"
"CHE","BA:253","EMP_TEMP_SEX_GAI_NB","SEX_T","GAI_GRADIENT_TOTAL","2014",4469.001,,,"R1:3513"
"CHE","BA:253","EMP_TEMP_SEX_GAI_NB","SEX_T","GAI_GRADIENT_4","2014",432.613,,,"R1:3513"
"CHE","BA:253","EMP_TEMP_SEX_GAI_NB","SEX_T","GAI_GRADIENT_3","2014",408.495,,,"R1:3513"
"CHE","BA:253","EMP_TEMP_SEX_GAI_NB","SEX_T","GAI_GRADIENT_2","2014",267.788,,,"R1:3513"
"CHE","BA:253","EMP_TEMP_SEX_GAI_NB","SEX_T","GAI_GRADIENT_1","2014",324.568,,,"R1:3513"
"CHE","BA:253","EMP_TEMP_SEX_GAI_NB","SEX_T","GAI_GRADIENT_5","2014",769.698,,,"R1:3513"
"CHE","BA:253","EMP_TEMP_SEX_GAI_NB","SEX_T","GAI_GRADIENT_X","2014",2265.838,,,"R1:3513"
"CHE","BA:253","EMP_TEMP_SEX_GAI_NB","SEX_M","GAI_GRADIENT_TOTAL","2014",2397.519,,,"R1:3513"
"CHE","BA:253","EMP_TEMP_SEX_GAI_NB","SEX_M","GAI_GRADIENT_4","2014",130.965,,,"R1:3513"
"CHE","BA:253","EMP_TEMP_SEX_GAI_NB","SEX_M","GAI_GRADIENT_3","2014",212.462,,,"R1:3513"
"CHE","BA:253","EMP_TEMP_SEX_GAI_NB","SEX_M","GAI_GRADIENT_2","2014",175.815,,,"R1:3513"
"CHE","BA:253","EMP_TEMP_SEX_GAI_NB","SEX_M","GAI_GRADIENT_1","2014",98.282,,,"R1:3513"
"CHE","BA:253","EMP_TEMP_SEX_GAI_NB","SEX_M","GAI_GRADIENT_5","2014",408.592,,,"R1:3513"
"CHE","BA:253","EMP_TEMP_SEX_GAI_NB","SEX_M","GAI_GRADIENT_X","2014",1371.401,,,"R1:3513"
"CHE","BA:253","EMP_TEMP_SEX_GAI_NB","SEX_F","GAI_GRADIENT_TOTAL","2014",2071.482,,,"R1:3513"
"CHE","BA:253","EMP_TEMP_SEX_GAI_NB","SEX_F","GAI_GRADIENT_4","2014",301.648,,,"R1:3513"
"CHE","BA:253","EMP_TEMP_SEX_GAI_NB","SEX_F","GAI_GRADIENT_3","2014",196.032,,,"R1:3513"
"CHE","BA:253","EMP_TEMP_SEX_GAI_NB","SEX_F","GAI_GRADIENT_2","2014",91.974,,,"R1:3513"
"CHE","BA:253","EMP_TEMP_SEX_GAI_NB","SEX_F","GAI_GRADIENT_1","2014",226.286,,,"R1:3513"
"CHE","BA:253","EMP_TEMP_SEX_GAI_NB","SEX_F","GAI_GRADIENT_5","2014",361.106,,,"R1:3513"
"CHE","BA:253","EMP_TEMP_SEX_GAI_NB","SEX_F","GAI_GRADIENT_X","2014",894.437,,,"R1:3513"
"CHE","BA:253","EMP_TEMP_SEX_GAI_NB","SEX_T","GAI_GRADIENT_TOTAL","2013",4392.971,,,"R1:3513"
"CHE","BA:253","EMP_TEMP_SEX_GAI_NB","SEX_T","GAI_GRADIENT_4","2013",421.872,,,"R1:3513"
"CHE","BA:253","EMP_TEMP_SEX_GAI_NB","SEX_T","GAI_GRADIENT_3","2013",400.999,,,"R1:3513"
"CHE","BA:253","EMP_TEMP_SEX_GAI_NB","SEX_T","GAI_GRADIENT_2","2013",256.922,,,"R1:3513"
"CHE","BA:253","EMP_TEMP_SEX_GAI_NB","SEX_T","GAI_GRADIENT_1","2013",323.84,,,"R1:3513"
"CHE","BA:253","EMP_TEMP_SEX_GAI_NB","SEX_T","GAI_GRADIENT_5","2013",735.635,,,"R1:3513"
"CHE","BA:253","EMP_TEMP_SEX_GAI_NB","SEX_T","GAI_GRADIENT_X","2013",2253.702,,,"R1:3513"
"CHE","BA:253","EMP_TEMP_SEX_GAI_NB","SEX_M","GAI_GRADIENT_TOTAL","2013",2368.591,,,"R1:3513"
"CHE","BA:253","EMP_TEMP_SEX_GAI_NB","SEX_M","GAI_GRADIENT_4","2013",130.957,,,"R1:3513"
"CHE","BA:253","EMP_TEMP_SEX_GAI_NB","SEX_M","GAI_GRADIENT_3","2013",208.935,,,"R1:3513"
"CHE","BA:253","EMP_TEMP_SEX_GAI_NB","SEX_M","GAI_GRADIENT_2","2013",164.69,,,"R1:3513"
"CHE","BA:253","EMP_TEMP_SEX_GAI_NB","SEX_M","GAI_GRADIENT_1","2013",96.62,,,"R1:3513"
"CHE","BA:253","EMP_TEMP_SEX_GAI_NB","SEX_M","GAI_GRADIENT_5","2013",397.801,,,"R1:3513"
"CHE","BA:253","EMP_TEMP_SEX_GAI_NB","SEX_M","GAI_GRADIENT_X","2013",1369.588,,,"R1:3513"
"CHE","BA:253","EMP_TEMP_SEX_GAI_NB","SEX_F","GAI_GRADIENT_TOTAL","2013",2024.38,,,"R1:3513"
"CHE","BA:253","EMP_TEMP_SEX_GAI_NB","SEX_F","GAI_GRADIENT_4","2013",290.916,,,"R1:3513"
"CHE","BA:253","EMP_TEMP_SEX_GAI_NB","SEX_F","GAI_GRADIENT_3","2013",192.064,,,"R1:3513"
"CHE","BA:253","EMP_TEMP_SEX_GAI_NB","SEX_F","GAI_GRADIENT_2","2013",92.232,,,"R1:3513"
"CHE","BA:253","EMP_TEMP_SEX_GAI_NB","SEX_F","GAI_GRADIENT_1","2013",227.22,,,"R1:3513"
"CHE","BA:253","EMP_TEMP_SEX_GAI_NB","SEX_F","GAI_GRADIENT_5","2013",337.834,,,"R1:3513"
"CHE","BA:253","EMP_TEMP_SEX_GAI_NB","SEX_F","GAI_GRADIENT_X","2013",884.115,,,"R1:3513"
"CHE","BA:253","EMP_TEMP_SEX_GAI_NB","SEX_T","GAI_GRADIENT_TOTAL","2012",4351.391,,,"R1:3513"
"CHE","BA:253","EMP_TEMP_SEX_GAI_NB","SEX_T","GAI_GRADIENT_4","2012",416.534,,,"R1:3513"
"CHE","BA:253","EMP_TEMP_SEX_GAI_NB","SEX_T","GAI_GRADIENT_3","2012",395.115,,,"R1:3513"
"CHE","BA:253","EMP_TEMP_SEX_GAI_NB","SEX_T","GAI_GRADIENT_2","2012",236.842,,,"R1:3513"
"CHE","BA:253","EMP_TEMP_SEX_GAI_NB","SEX_T","GAI_GRADIENT_1","2012",325.947,,,"R1:3513"
"CHE","BA:253","EMP_TEMP_SEX_GAI_NB","SEX_T","GAI_GRADIENT_5","2012",715.239,,,"R1:3513"
"CHE","BA:253","EMP_TEMP_SEX_GAI_NB","SEX_T","GAI_GRADIENT_X","2012",2261.713,,,"R1:3513"
"CHE","BA:253","EMP_TEMP_SEX_GAI_NB","SEX_M","GAI_GRADIENT_TOTAL","2012",2354.914,,,"R1:3513"
"CHE","BA:253","EMP_TEMP_SEX_GAI_NB","SEX_M","GAI_GRADIENT_4","2012",129.507,,,"R1:3513"
"CHE","BA:253","EMP_TEMP_SEX_GAI_NB","SEX_M","GAI_GRADIENT_3","2012",204.06,,,"R1:3513"
"CHE","BA:253","EMP_TEMP_SEX_GAI_NB","SEX_M","GAI_GRADIENT_2","2012",155.696,,,"R1:3513"
"CHE","BA:253","EMP_TEMP_SEX_GAI_NB","SEX_M","GAI_GRADIENT_1","2012",93.13,,,"R1:3513"
"CHE","BA:253","EMP_TEMP_SEX_GAI_NB","SEX_M","GAI_GRADIENT_5","2012",392.637,,,"R1:3513"
"CHE","BA:253","EMP_TEMP_SEX_GAI_NB","SEX_M","GAI_GRADIENT_X","2012",1379.883,,,"R1:3513"
"CHE","BA:253","EMP_TEMP_SEX_GAI_NB","SEX_F","GAI_GRADIENT_TOTAL","2012",1996.477,,,"R1:3513"
"CHE","BA:253","EMP_TEMP_SEX_GAI_NB","SEX_F","GAI_GRADIENT_4","2012",287.027,,,"R1:3513"
"CHE","BA:253","EMP_TEMP_SEX_GAI_NB","SEX_F","GAI_GRADIENT_3","2012",191.055,,,"R1:3513"
"CHE","BA:253","EMP_TEMP_SEX_GAI_NB","SEX_F","GAI_GRADIENT_2","2012",81.146,,,"R1:3513"
"CHE","BA:253","EMP_TEMP_SEX_GAI_NB","SEX_F","GAI_GRADIENT_1","2012",232.817,,,"R1:3513"
"CHE","BA:253","EMP_TEMP_SEX_GAI_NB","SEX_F","GAI_GRADIENT_5","2012",322.602,,,"R1:3513"
"CHE","BA:253","EMP_TEMP_SEX_GAI_NB","SEX_F","GAI_GRADIENT_X","2012",881.83,,,"R1:3513"
"CHE","BA:253","EMP_TEMP_SEX_GAI_NB","SEX_T","GAI_GRADIENT_TOTAL","2011",4298.055,,,"R1:3513"
"CHE","BA:253","EMP_TEMP_SEX_GAI_NB","SEX_T","GAI_GRADIENT_4","2011",419.348,,,"R1:3513"
"CHE","BA:253","EMP_TEMP_SEX_GAI_NB","SEX_T","GAI_GRADIENT_3","2011",383.783,,,"R1:3513"
"CHE","BA:253","EMP_TEMP_SEX_GAI_NB","SEX_T","GAI_GRADIENT_2","2011",235.052,,,"R1:3513"
"CHE","BA:253","EMP_TEMP_SEX_GAI_NB","SEX_T","GAI_GRADIENT_1","2011",320.729,,,"R1:3513"
"CHE","BA:253","EMP_TEMP_SEX_GAI_NB","SEX_T","GAI_GRADIENT_5","2011",705.126,,,"R1:3513"
"CHE","BA:253","EMP_TEMP_SEX_GAI_NB","SEX_T","GAI_GRADIENT_X","2011",2234.018,,,"R1:3513"
"CHE","BA:253","EMP_TEMP_SEX_GAI_NB","SEX_M","GAI_GRADIENT_TOTAL","2011",2334.698,,,"R1:3513"
"CHE","BA:253","EMP_TEMP_SEX_GAI_NB","SEX_M","GAI_GRADIENT_4","2011",131.083,,,"R1:3513"
"CHE","BA:253","EMP_TEMP_SEX_GAI_NB","SEX_M","GAI_GRADIENT_3","2011",195.798,,,"R1:3513"
"CHE","BA:253","EMP_TEMP_SEX_GAI_NB","SEX_M","GAI_GRADIENT_2","2011",153.972,,,"R1:3513"
"CHE","BA:253","EMP_TEMP_SEX_GAI_NB","SEX_M","GAI_GRADIENT_1","2011",92.489,,,"R1:3513"
"CHE","BA:253","EMP_TEMP_SEX_GAI_NB","SEX_M","GAI_GRADIENT_5","2011",395.194,,,"R1:3513"
"CHE","BA:253","EMP_TEMP_SEX_GAI_NB","SEX_M","GAI_GRADIENT_X","2011",1366.162,,,"R1:3513"
"CHE","BA:253","EMP_TEMP_SEX_GAI_NB","SEX_F","GAI_GRADIENT_TOTAL","2011",1963.356,,,"R1:3513"
"CHE","BA:253","EMP_TEMP_SEX_GAI_NB","SEX_F","GAI_GRADIENT_4","2011",288.264,,,"R1:3513"
"CHE","BA:253","EMP_TEMP_SEX_GAI_NB","SEX_F","GAI_GRADIENT_3","2011",187.985,,,"R1:3513"
"CHE","BA:253","EMP_TEMP_SEX_GAI_NB","SEX_F","GAI_GRADIENT_2","2011",81.08,,,"R1:3513"
"CHE","BA:253","EMP_TEMP_SEX_GAI_NB","SEX_F","GAI_GRADIENT_1","2011",228.24,,,"R1:3513"
"CHE","BA:253","EMP_TEMP_SEX_GAI_NB","SEX_F","GAI_GRADIENT_5","2011",309.931,,,"R1:3513"
"CHE","BA:253","EMP_TEMP_SEX_GAI_NB","SEX_F","GAI_GRADIENT_X","2011",867.856,,,"R1:3513"
"CHE","BA:253","EMP_TEMP_SEX_GAI_NB","SEX_T","GAI_GRADIENT_TOTAL","2010",4207.608,,,"R1:3513"
"CHE","BA:253","EMP_TEMP_SEX_GAI_NB","SEX_T","GAI_GRADIENT_4","2010",408.857,,,"R1:3513"
"CHE","BA:253","EMP_TEMP_SEX_GAI_NB","SEX_T","GAI_GRADIENT_3","2010",377.884,,,"R1:3513"
"CHE","BA:253","EMP_TEMP_SEX_GAI_NB","SEX_T","GAI_GRADIENT_2","2010",235.369,,,"R1:3513"
"CHE","BA:253","EMP_TEMP_SEX_GAI_NB","SEX_T","GAI_GRADIENT_1","2010",310.523,,,"R1:3513"
"CHE","BA:253","EMP_TEMP_SEX_GAI_NB","SEX_T","GAI_GRADIENT_5","2010",687.864,,,"R1:3513"
"CHE","BA:253","EMP_TEMP_SEX_GAI_NB","SEX_T","GAI_GRADIENT_X","2010",2187.11,,,"R1:3513"
"CHE","BA:253","EMP_TEMP_SEX_GAI_NB","SEX_M","GAI_GRADIENT_TOTAL","2010",2288.722,,,"R1:3513"
"CHE","BA:253","EMP_TEMP_SEX_GAI_NB","SEX_M","GAI_GRADIENT_4","2010",125.004,,,"R1:3513"
"CHE","BA:253","EMP_TEMP_SEX_GAI_NB","SEX_M","GAI_GRADIENT_3","2010",195.155,,,"R1:3513"
"CHE","BA:253","EMP_TEMP_SEX_GAI_NB","SEX_M","GAI_GRADIENT_2","2010",156.197,,,"R1:3513"
"CHE","BA:253","EMP_TEMP_SEX_GAI_NB","SEX_M","GAI_GRADIENT_1","2010",92.56,,,"R1:3513"
"CHE","BA:253","EMP_TEMP_SEX_GAI_NB","SEX_M","GAI_GRADIENT_5","2010",388.756,,,"R1:3513"
"CHE","BA:253","EMP_TEMP_SEX_GAI_NB","SEX_M","GAI_GRADIENT_X","2010",1331.051,,,"R1:3513"
"CHE","BA:253","EMP_TEMP_SEX_GAI_NB","SEX_F","GAI_GRADIENT_TOTAL","2010",1918.886,,,"R1:3513"
"CHE","BA:253","EMP_TEMP_SEX_GAI_NB","SEX_F","GAI_GRADIENT_4","2010",283.852,,,"R1:3513"
"CHE","BA:253","EMP_TEMP_SEX_GAI_NB","SEX_F","GAI_GRADIENT_3","2010",182.73,,,"R1:3513"
"CHE","BA:253","EMP_TEMP_SEX_GAI_NB","SEX_F","GAI_GRADIENT_2","2010",79.171,,,"R1:3513"
"CHE","BA:253","EMP_TEMP_SEX_GAI_NB","SEX_F","GAI_GRADIENT_1","2010",217.964,,,"R1:3513"
"CHE","BA:253","EMP_TEMP_SEX_GAI_NB","SEX_F","GAI_GRADIENT_5","2010",299.109,,,"R1:3513"
"CHE","BA:253","EMP_TEMP_SEX_GAI_NB","SEX_F","GAI_GRADIENT_X","2010",856.06,,,"R1:3513"
"CHE","BA:253","EMP_TEMP_SEX_GAI_NB","SEX_T","GAI_GRADIENT_TOTAL","2009",4268.025,,,"R1:3513"
"CHE","BA:253","EMP_TEMP_SEX_GAI_NB","SEX_T","GAI_GRADIENT_4","2009",392.09,,,"R1:3513"
"CHE","BA:253","EMP_TEMP_SEX_GAI_NB","SEX_T","GAI_GRADIENT_3","2009",395.187,,,"R1:3513"
"CHE","BA:253","EMP_TEMP_SEX_GAI_NB","SEX_T","GAI_GRADIENT_2","2009",233.381,,,"R1:3513"
"CHE","BA:253","EMP_TEMP_SEX_GAI_NB","SEX_T","GAI_GRADIENT_1","2009",301.642,,,"R1:3513"
"CHE","BA:253","EMP_TEMP_SEX_GAI_NB","SEX_T","GAI_GRADIENT_5","2009",709.588,,,"R1:3513"
"CHE","BA:253","EMP_TEMP_SEX_GAI_NB","SEX_T","GAI_GRADIENT_X","2009",2236.137,,,"R1:3513"
"CHE","BA:253","EMP_TEMP_SEX_GAI_NB","SEX_M","GAI_GRADIENT_TOTAL","2009",2304.381,,,"R1:3513"
"CHE","BA:253","EMP_TEMP_SEX_GAI_NB","SEX_M","GAI_GRADIENT_4","2009",116.253,,,"R1:3513"
"CHE","BA:253","EMP_TEMP_SEX_GAI_NB","SEX_M","GAI_GRADIENT_3","2009",214.832,,,"R1:3513"
"CHE","BA:253","EMP_TEMP_SEX_GAI_NB","SEX_M","GAI_GRADIENT_2","2009",153.742,,,"R1:3513"
"CHE","BA:253","EMP_TEMP_SEX_GAI_NB","SEX_M","GAI_GRADIENT_1","2009",91.446,,,"R1:3513"
"CHE","BA:253","EMP_TEMP_SEX_GAI_NB","SEX_M","GAI_GRADIENT_5","2009",383.998,,,"R1:3513"
"CHE","BA:253","EMP_TEMP_SEX_GAI_NB","SEX_M","GAI_GRADIENT_X","2009",1344.11,,,"R1:3513"
"CHE","BA:253","EMP_TEMP_SEX_GAI_NB","SEX_F","GAI_GRADIENT_TOTAL","2009",1963.644,,,"R1:3513"
"CHE","BA:253","EMP_TEMP_SEX_GAI_NB","SEX_F","GAI_GRADIENT_4","2009",275.837,,,"R1:3513"
"CHE","BA:253","EMP_TEMP_SEX_GAI_NB","SEX_F","GAI_GRADIENT_3","2009",180.356,,,"R1:3513"
"CHE","BA:253","EMP_TEMP_SEX_GAI_NB","SEX_F","GAI_GRADIENT_2","2009",79.64,,,"R1:3513"
"CHE","BA:253","EMP_TEMP_SEX_GAI_NB","SEX_F","GAI_GRADIENT_1","2009",210.196,,,"R1:3513"
"CHE","BA:253","EMP_TEMP_SEX_GAI_NB","SEX_F","GAI_GRADIENT_5","2009",325.589,,,"R1:3513"
"CHE","BA:253","EMP_TEMP_SEX_GAI_NB","SEX_F","GAI_GRADIENT_X","2009",892.027,,,"R1:3513"
"CHE","BA:253","EMP_TEMP_SEX_GAI_NB","SEX_T","GAI_GRADIENT_TOTAL","2008",4228.789,,,"R1:3513"
"CHE","BA:253","EMP_TEMP_SEX_GAI_NB","SEX_T","GAI_GRADIENT_4","2008",400.761,,,"R1:3513"
"CHE","BA:253","EMP_TEMP_SEX_GAI_NB","SEX_T","GAI_GRADIENT_3","2008",393.459,,,"R1:3513"
"CHE","BA:253","EMP_TEMP_SEX_GAI_NB","SEX_T","GAI_GRADIENT_2","2008",235.631,,,"R1:3513"
"CHE","BA:253","EMP_TEMP_SEX_GAI_NB","SEX_T","GAI_GRADIENT_1","2008",306.891,,,"R1:3513"
"CHE","BA:253","EMP_TEMP_SEX_GAI_NB","SEX_T","GAI_GRADIENT_5","2008",697.27,,,"R1:3513"
"CHE","BA:253","EMP_TEMP_SEX_GAI_NB","SEX_T","GAI_GRADIENT_X","2008",2194.777,,,"R1:3513"
"CHE","BA:253","EMP_TEMP_SEX_GAI_NB","SEX_M","GAI_GRADIENT_TOTAL","2008",2289.21,,,"R1:3513"
"CHE","BA:253","EMP_TEMP_SEX_GAI_NB","SEX_M","GAI_GRADIENT_4","2008",117.08,,,"R1:3513"
"CHE","BA:253","EMP_TEMP_SEX_GAI_NB","SEX_M","GAI_GRADIENT_3","2008",211.299,,,"R1:3513"
"CHE","BA:253","EMP_TEMP_SEX_GAI_NB","SEX_M","GAI_GRADIENT_2","2008",159.309,,,"R1:3513"
"CHE","BA:253","EMP_TEMP_SEX_GAI_NB","SEX_M","GAI_GRADIENT_1","2008",92.784,,,"R1:3513"
"CHE","BA:253","EMP_TEMP_SEX_GAI_NB","SEX_M","GAI_GRADIENT_5","2008",391.182,,,"R1:3513"
"CHE","BA:253","EMP_TEMP_SEX_GAI_NB","SEX_M","GAI_GRADIENT_X","2008",1317.557,,,"R1:3513"
"CHE","BA:253","EMP_TEMP_SEX_GAI_NB","SEX_F","GAI_GRADIENT_TOTAL","2008",1939.579,,,"R1:3513"
"CHE","BA:253","EMP_TEMP_SEX_GAI_NB","SEX_F","GAI_GRADIENT_4","2008",283.681,,,"R1:3513"
"CHE","BA:253","EMP_TEMP_SEX_GAI_NB","SEX_F","GAI_GRADIENT_3","2008",182.161,,,"R1:3513"
"CHE","BA:253","EMP_TEMP_SEX_GAI_NB","SEX_F","GAI_GRADIENT_2","2008",76.322,,,"R1:3513"
"CHE","BA:253","EMP_TEMP_SEX_GAI_NB","SEX_F","GAI_GRADIENT_1","2008",214.107,,,"R1:3513"
"CHE","BA:253","EMP_TEMP_SEX_GAI_NB","SEX_F","GAI_GRADIENT_5","2008",306.088,,,"R1:3513"
"CHE","BA:253","EMP_TEMP_SEX_GAI_NB","SEX_F","GAI_GRADIENT_X","2008",877.22,,,"R1:3513"
"CHE","BA:253","EMP_TEMP_SEX_GAI_NB","SEX_T","GAI_GRADIENT_TOTAL","2007",4122.04,,,"R1:3513"
"CHE","BA:253","EMP_TEMP_SEX_GAI_NB","SEX_T","GAI_GRADIENT_4","2007",398.142,,,"R1:3513"
"CHE","BA:253","EMP_TEMP_SEX_GAI_NB","SEX_T","GAI_GRADIENT_3","2007",373.817,,,"R1:3513"
"CHE","BA:253","EMP_TEMP_SEX_GAI_NB","SEX_T","GAI_GRADIENT_2","2007",227.9,,,"R1:3513"
"CHE","BA:253","EMP_TEMP_SEX_GAI_NB","SEX_T","GAI_GRADIENT_1","2007",296.376,,,"R1:3513"
"CHE","BA:253","EMP_TEMP_SEX_GAI_NB","SEX_T","GAI_GRADIENT_5","2007",678.194,,,"R1:3513"
"CHE","BA:253","EMP_TEMP_SEX_GAI_NB","SEX_T","GAI_GRADIENT_X","2007",2147.611,,,"R1:3513"
"CHE","BA:253","EMP_TEMP_SEX_GAI_NB","SEX_M","GAI_GRADIENT_TOTAL","2007",2259.233,,,"R1:3513"
"CHE","BA:253","EMP_TEMP_SEX_GAI_NB","SEX_M","GAI_GRADIENT_4","2007",115.275,,,"R1:3513"
"CHE","BA:253","EMP_TEMP_SEX_GAI_NB","SEX_M","GAI_GRADIENT_3","2007",200.115,,,"R1:3513"
"CHE","BA:253","EMP_TEMP_SEX_GAI_NB","SEX_M","GAI_GRADIENT_2","2007",156.123,,,"R1:3513"
"CHE","BA:253","EMP_TEMP_SEX_GAI_NB","SEX_M","GAI_GRADIENT_1","2007",91.829,,,"R1:3513"
"CHE","BA:253","EMP_TEMP_SEX_GAI_NB","SEX_M","GAI_GRADIENT_5","2007",382.233,,,"R1:3513"
"CHE","BA:253","EMP_TEMP_SEX_GAI_NB","SEX_M","GAI_GRADIENT_X","2007",1313.659,,,"R1:3513"
"CHE","BA:253","EMP_TEMP_SEX_GAI_NB","SEX_F","GAI_GRADIENT_TOTAL","2007",1862.806,,,"R1:3513"
"CHE","BA:253","EMP_TEMP_SEX_GAI_NB","SEX_F","GAI_GRADIENT_4","2007",282.867,,,"R1:3513"
"CHE","BA:253","EMP_TEMP_SEX_GAI_NB","SEX_F","GAI_GRADIENT_3","2007",173.702,,,"R1:3513"
"CHE","BA:253","EMP_TEMP_SEX_GAI_NB","SEX_F","GAI_GRADIENT_2","2007",71.777,,,"R1:3513"
"CHE","BA:253","EMP_TEMP_SEX_GAI_NB","SEX_F","GAI_GRADIENT_1","2007",204.547,,,"R1:3513"
"CHE","BA:253","EMP_TEMP_SEX_GAI_NB","SEX_F","GAI_GRADIENT_5","2007",295.961,,,"R1:3513"
"CHE","BA:253","EMP_TEMP_SEX_GAI_NB","SEX_F","GAI_GRADIENT_X","2007",833.952,,,"R1:3513"
"CHE","BA:253","EMP_TEMP_SEX_GAI_NB","SEX_T","GAI_GRADIENT_TOTAL","2006",4051.375,,,"R1:3513"
"CHE","BA:253","EMP_TEMP_SEX_GAI_NB","SEX_T","GAI_GRADIENT_4","2006",397.308,,,"R1:3513"
"CHE","BA:253","EMP_TEMP_SEX_GAI_NB","SEX_T","GAI_GRADIENT_3","2006",373.856,,,"R1:3513"
"CHE","BA:253","EMP_TEMP_SEX_GAI_NB","SEX_T","GAI_GRADIENT_2","2006",219.232,,,"R1:3513"
"CHE","BA:253","EMP_TEMP_SEX_GAI_NB","SEX_T","GAI_GRADIENT_1","2006",299.257,,,"R1:3513"
"CHE","BA:253","EMP_TEMP_SEX_GAI_NB","SEX_T","GAI_GRADIENT_5","2006",665.425,,,"R1:3513"
"CHE","BA:253","EMP_TEMP_SEX_GAI_NB","SEX_T","GAI_GRADIENT_X","2006",2096.298,,,"R1:3513"
"CHE","BA:253","EMP_TEMP_SEX_GAI_NB","SEX_M","GAI_GRADIENT_TOTAL","2006",2213.89,,,"R1:3513"
"CHE","BA:253","EMP_TEMP_SEX_GAI_NB","SEX_M","GAI_GRADIENT_4","2006",115.495,,,"R1:3513"
"CHE","BA:253","EMP_TEMP_SEX_GAI_NB","SEX_M","GAI_GRADIENT_3","2006",200.458,,,"R1:3513"
"CHE","BA:253","EMP_TEMP_SEX_GAI_NB","SEX_M","GAI_GRADIENT_2","2006",154.543,,,"R1:3513"
"CHE","BA:253","EMP_TEMP_SEX_GAI_NB","SEX_M","GAI_GRADIENT_1","2006",94.818,,,"R1:3513"
"CHE","BA:253","EMP_TEMP_SEX_GAI_NB","SEX_M","GAI_GRADIENT_5","2006",379.354,,,"R1:3513"
"CHE","BA:253","EMP_TEMP_SEX_GAI_NB","SEX_M","GAI_GRADIENT_X","2006",1269.222,,,"R1:3513"
"CHE","BA:253","EMP_TEMP_SEX_GAI_NB","SEX_F","GAI_GRADIENT_TOTAL","2006",1837.485,,,"R1:3513"
"CHE","BA:253","EMP_TEMP_SEX_GAI_NB","SEX_F","GAI_GRADIENT_4","2006",281.813,,,"R1:3513"
"CHE","BA:253","EMP_TEMP_SEX_GAI_NB","SEX_F","GAI_GRADIENT_3","2006",173.398,,,"R1:3513"
"CHE","BA:253","EMP_TEMP_SEX_GAI_NB","SEX_F","GAI_GRADIENT_2","2006",64.688,,,"R1:3513"
"CHE","BA:253","EMP_TEMP_SEX_GAI_NB","SEX_F","GAI_GRADIENT_1","2006",204.439,,,"R1:3513"
"CHE","BA:253","EMP_TEMP_SEX_GAI_NB","SEX_F","GAI_GRADIENT_5","2006",286.07,,,"R1:3513"
"CHE","BA:253","EMP_TEMP_SEX_GAI_NB","SEX_F","GAI_GRADIENT_X","2006",827.076,,,"R1:3513"
"CHE","BA:253","EMP_TEMP_SEX_GAI_NB","SEX_T","GAI_GRADIENT_TOTAL","2005",3974.488,,,"R1:3513"
"CHE","BA:253","EMP_TEMP_SEX_GAI_NB","SEX_T","GAI_GRADIENT_4","2005",403.633,,,"R1:3513"
"CHE","BA:253","EMP_TEMP_SEX_GAI_NB","SEX_T","GAI_GRADIENT_3","2005",384.402,,,"R1:3513"
"CHE","BA:253","EMP_TEMP_SEX_GAI_NB","SEX_T","GAI_GRADIENT_2","2005",215.351,,,"R1:3513"
"CHE","BA:253","EMP_TEMP_SEX_GAI_NB","SEX_T","GAI_GRADIENT_1","2005",301.206,,,"R1:3513"
"CHE","BA:253","EMP_TEMP_SEX_GAI_NB","SEX_T","GAI_GRADIENT_5","2005",635.744,,,"R1:3513"
"CHE","BA:253","EMP_TEMP_SEX_GAI_NB","SEX_T","GAI_GRADIENT_X","2005",2034.152,,,"R1:3513"
"CHE","BA:253","EMP_TEMP_SEX_GAI_NB","SEX_M","GAI_GRADIENT_TOTAL","2005",2172.04,,,"R1:3513"
"CHE","BA:253","EMP_TEMP_SEX_GAI_NB","SEX_M","GAI_GRADIENT_4","2005",115.169,,,"R1:3513"
"CHE","BA:253","EMP_TEMP_SEX_GAI_NB","SEX_M","GAI_GRADIENT_3","2005",202.416,,,"R1:3513"
"CHE","BA:253","EMP_TEMP_SEX_GAI_NB","SEX_M","GAI_GRADIENT_2","2005",153.211,,,"R1:3513"
"CHE","BA:253","EMP_TEMP_SEX_GAI_NB","SEX_M","GAI_GRADIENT_1","2005",90.398,,,"R1:3513"
"CHE","BA:253","EMP_TEMP_SEX_GAI_NB","SEX_M","GAI_GRADIENT_5","2005",371.197,,,"R1:3513"
"CHE","BA:253","EMP_TEMP_SEX_GAI_NB","SEX_M","GAI_GRADIENT_X","2005",1239.649,,,"R1:3513"
"CHE","BA:253","EMP_TEMP_SEX_GAI_NB","SEX_F","GAI_GRADIENT_TOTAL","2005",1802.447,,,"R1:3513"
"CHE","BA:253","EMP_TEMP_SEX_GAI_NB","SEX_F","GAI_GRADIENT_4","2005",288.464,,,"R1:3513"
"CHE","BA:253","EMP_TEMP_SEX_GAI_NB","SEX_F","GAI_GRADIENT_3","2005",181.986,,,"R1:3513"
"CHE","BA:253","EMP_TEMP_SEX_GAI_NB","SEX_F","GAI_GRADIENT_2","2005",62.14,,,"R1:3513"
"CHE","BA:253","EMP_TEMP_SEX_GAI_NB","SEX_F","GAI_GRADIENT_1","2005",210.808,,,"R1:3513"
"CHE","BA:253","EMP_TEMP_SEX_GAI_NB","SEX_F","GAI_GRADIENT_5","2005",264.546,,,"R1:3513"
"CHE","BA:253","EMP_TEMP_SEX_GAI_NB","SEX_F","GAI_GRADIENT_X","2005",794.503,,,"R1:3513"
"CHE","BA:253","EMP_TEMP_SEX_GAI_NB","SEX_T","GAI_GRADIENT_TOTAL","2004",3959.157,,,"R1:3513"
"CHE","BA:253","EMP_TEMP_SEX_GAI_NB","SEX_T","GAI_GRADIENT_4","2004",391.426,,,"R1:3513"
"CHE","BA:253","EMP_TEMP_SEX_GAI_NB","SEX_T","GAI_GRADIENT_3","2004",383.382,,,"R1:3513"
"CHE","BA:253","EMP_TEMP_SEX_GAI_NB","SEX_T","GAI_GRADIENT_2","2004",212.219,,,"R1:3513"
"CHE","BA:253","EMP_TEMP_SEX_GAI_NB","SEX_T","GAI_GRADIENT_1","2004",289.284,,,"R1:3513"
"CHE","BA:253","EMP_TEMP_SEX_GAI_NB","SEX_T","GAI_GRADIENT_5","2004",640.418,,,"R1:3513"
"CHE","BA:253","EMP_TEMP_SEX_GAI_NB","SEX_T","GAI_GRADIENT_X","2004",2042.43,,,"R1:3513"
"CHE","BA:253","EMP_TEMP_SEX_GAI_NB","SEX_M","GAI_GRADIENT_TOTAL","2004",2173.22,,,"R1:3513"
"CHE","BA:253","EMP_TEMP_SEX_GAI_NB","SEX_M","GAI_GRADIENT_4","2004",117.522,,,"R1:3513"
"CHE","BA:253","EMP_TEMP_SEX_GAI_NB","SEX_M","GAI_GRADIENT_3","2004",199.295,,,"R1:3513"
"CHE","BA:253","EMP_TEMP_SEX_GAI_NB","SEX_M","GAI_GRADIENT_2","2004",150.919,,,"R1:3513"
"CHE","BA:253","EMP_TEMP_SEX_GAI_NB","SEX_M","GAI_GRADIENT_1","2004",87.216,,,"R1:3513"
"CHE","BA:253","EMP_TEMP_SEX_GAI_NB","SEX_M","GAI_GRADIENT_5","2004",372.625,,,"R1:3513"
"CHE","BA:253","EMP_TEMP_SEX_GAI_NB","SEX_M","GAI_GRADIENT_X","2004",1245.643,,,"R1:3513"
"CHE","BA:253","EMP_TEMP_SEX_GAI_NB","SEX_F","GAI_GRADIENT_TOTAL","2004",1785.938,,,"R1:3513"
"CHE","BA:253","EMP_TEMP_SEX_GAI_NB","SEX_F","GAI_GRADIENT_4","2004",273.904,,,"R1:3513"
"CHE","BA:253","EMP_TEMP_SEX_GAI_NB","SEX_F","GAI_GRADIENT_3","2004",184.087,,,"R1:3513"
"CHE","BA:253","EMP_TEMP_SEX_GAI_NB","SEX_F","GAI_GRADIENT_2","2004",61.3,,,"R1:3513"
"CHE","BA:253","EMP_TEMP_SEX_GAI_NB","SEX_F","GAI_GRADIENT_1","2004",202.067,,,"R1:3513"
"CHE","BA:253","EMP_TEMP_SEX_GAI_NB","SEX_F","GAI_GRADIENT_5","2004",267.793,,,"R1:3513"
"CHE","BA:253","EMP_TEMP_SEX_GAI_NB","SEX_F","GAI_GRADIENT_X","2004",796.787,,,"R1:3513"
"CHE","BA:253","EMP_TEMP_SEX_GAI_NB","SEX_T","GAI_GRADIENT_TOTAL","2003",3963.028,,,"R1:3513"
"CHE","BA:253","EMP_TEMP_SEX_GAI_NB","SEX_T","GAI_GRADIENT_4","2003",403.977,,,"R1:3513"
"CHE","BA:253","EMP_TEMP_SEX_GAI_NB","SEX_T","GAI_GRADIENT_3","2003",394.192,,,"R1:3513"
"CHE","BA:253","EMP_TEMP_SEX_GAI_NB","SEX_T","GAI_GRADIENT_2","2003",216.184,,,"R1:3513"
"CHE","BA:253","EMP_TEMP_SEX_GAI_NB","SEX_T","GAI_GRADIENT_1","2003",293.995,,,"R1:3513"
"CHE","BA:253","EMP_TEMP_SEX_GAI_NB","SEX_T","GAI_GRADIENT_5","2003",626.595,,,"R1:3513"
"CHE","BA:253","EMP_TEMP_SEX_GAI_NB","SEX_T","GAI_GRADIENT_X","2003",2028.085,,,"R1:3513"
"CHE","BA:253","EMP_TEMP_SEX_GAI_NB","SEX_M","GAI_GRADIENT_TOTAL","2003",2177.286,,,"R1:3513"
"CHE","BA:253","EMP_TEMP_SEX_GAI_NB","SEX_M","GAI_GRADIENT_4","2003",118.64,,,"R1:3513"
"CHE","BA:253","EMP_TEMP_SEX_GAI_NB","SEX_M","GAI_GRADIENT_3","2003",204.633,,,"R1:3513"
"CHE","BA:253","EMP_TEMP_SEX_GAI_NB","SEX_M","GAI_GRADIENT_2","2003",149.739,,,"R1:3513"
"CHE","BA:253","EMP_TEMP_SEX_GAI_NB","SEX_M","GAI_GRADIENT_1","2003",91.169,,,"R1:3513"
"CHE","BA:253","EMP_TEMP_SEX_GAI_NB","SEX_M","GAI_GRADIENT_5","2003",371.44,,,"R1:3513"
"CHE","BA:253","EMP_TEMP_SEX_GAI_NB","SEX_M","GAI_GRADIENT_X","2003",1241.665,,,"R1:3513"
"CHE","BA:253","EMP_TEMP_SEX_GAI_NB","SEX_F","GAI_GRADIENT_TOTAL","2003",1785.742,,,"R1:3513"
"CHE","BA:253","EMP_TEMP_SEX_GAI_NB","SEX_F","GAI_GRADIENT_4","2003",285.337,,,"R1:3513"
"CHE","BA:253","EMP_TEMP_SEX_GAI_NB","SEX_F","GAI_GRADIENT_3","2003",189.559,,,"R1:3513"
"CHE","BA:253","EMP_TEMP_SEX_GAI_NB","SEX_F","GAI_GRADIENT_2","2003",66.445,,,"R1:3513"
"CHE","BA:253","EMP_TEMP_SEX_GAI_NB","SEX_F","GAI_GRADIENT_1","2003",202.826,,,"R1:3513"
"CHE","BA:253","EMP_TEMP_SEX_GAI_NB","SEX_F","GAI_GRADIENT_5","2003",255.155,,,"R1:3513"
"CHE","BA:253","EMP_TEMP_SEX_GAI_NB","SEX_F","GAI_GRADIENT_X","2003",786.42,,,"R1:3513"
"CHE","BA:253","EMP_TEMP_SEX_GAI_NB","SEX_T","GAI_GRADIENT_TOTAL","2002",3964.898,,,"R1:3513"
"CHE","BA:253","EMP_TEMP_SEX_GAI_NB","SEX_T","GAI_GRADIENT_4","2002",400.239,,,"R1:3513"
"CHE","BA:253","EMP_TEMP_SEX_GAI_NB","SEX_T","GAI_GRADIENT_3","2002",394.651,,,"R1:3513"
"CHE","BA:253","EMP_TEMP_SEX_GAI_NB","SEX_T","GAI_GRADIENT_2","2002",208.543,,,"R1:3513"
"CHE","BA:253","EMP_TEMP_SEX_GAI_NB","SEX_T","GAI_GRADIENT_1","2002",291.051,,,"R1:3513"
"CHE","BA:253","EMP_TEMP_SEX_GAI_NB","SEX_T","GAI_GRADIENT_5","2002",627.751,,,"R1:3513"
"CHE","BA:253","EMP_TEMP_SEX_GAI_NB","SEX_T","GAI_GRADIENT_X","2002",2042.664,,,"R1:3513"
"CHE","BA:253","EMP_TEMP_SEX_GAI_NB","SEX_M","GAI_GRADIENT_TOTAL","2002",2174.886,,,"R1:3513"
"CHE","BA:253","EMP_TEMP_SEX_GAI_NB","SEX_M","GAI_GRADIENT_4","2002",119.621,,,"R1:3513"
"CHE","BA:253","EMP_TEMP_SEX_GAI_NB","SEX_M","GAI_GRADIENT_3","2002",198.574,,,"R1:3513"
"CHE","BA:253","EMP_TEMP_SEX_GAI_NB","SEX_M","GAI_GRADIENT_2","2002",146.332,,,"R1:3513"
"CHE","BA:253","EMP_TEMP_SEX_GAI_NB","SEX_M","GAI_GRADIENT_1","2002",80.626,,,"R1:3513"
"CHE","BA:253","EMP_TEMP_SEX_GAI_NB","SEX_M","GAI_GRADIENT_5","2002",371.596,,,"R1:3513"
"CHE","BA:253","EMP_TEMP_SEX_GAI_NB","SEX_M","GAI_GRADIENT_X","2002",1258.137,,,"R1:3513"
"CHE","BA:253","EMP_TEMP_SEX_GAI_NB","SEX_F","GAI_GRADIENT_TOTAL","2002",1790.012,,,"R1:3513"
"CHE","BA:253","EMP_TEMP_SEX_GAI_NB","SEX_F","GAI_GRADIENT_4","2002",280.618,,,"R1:3513"
"CHE","BA:253","EMP_TEMP_SEX_GAI_NB","SEX_F","GAI_GRADIENT_3","2002",196.077,,,"R1:3513"
"CHE","BA:253","EMP_TEMP_SEX_GAI_NB","SEX_F","GAI_GRADIENT_2","2002",62.211,,,"R1:3513"
"CHE","BA:253","EMP_TEMP_SEX_GAI_NB","SEX_F","GAI_GRADIENT_1","2002",210.425,,,"R1:3513"
"CHE","BA:253","EMP_TEMP_SEX_GAI_NB","SEX_F","GAI_GRADIENT_5","2002",256.156,,,"R1:3513"
"CHE","BA:253","EMP_TEMP_SEX_GAI_NB","SEX_F","GAI_GRADIENT_X","2002",784.527,,,"R1:3513"
"CHE","BA:253","EMP_TEMP_SEX_GAI_NB","SEX_T","GAI_GRADIENT_TOTAL","2001",3938.18,,,"R1:3513"
"CHE","BA:253","EMP_TEMP_SEX_GAI_NB","SEX_T","GAI_GRADIENT_4","2001",400.172,,,"R1:3513"
"CHE","BA:253","EMP_TEMP_SEX_GAI_NB","SEX_T","GAI_GRADIENT_3","2001",399.614,,,"R1:3513"
"CHE","BA:253","EMP_TEMP_SEX_GAI_NB","SEX_T","GAI_GRADIENT_2","2001",196.753,,,"R1:3513"
"CHE","BA:253","EMP_TEMP_SEX_GAI_NB","SEX_T","GAI_GRADIENT_1","2001",280.356,,,"R1:3513"
"CHE","BA:253","EMP_TEMP_SEX_GAI_NB","SEX_T","GAI_GRADIENT_5","2001",607.684,,,"R1:3513"
"CHE","BA:253","EMP_TEMP_SEX_GAI_NB","SEX_T","GAI_GRADIENT_X","2001",2053.599,,,"R1:3513"
"CHE","BA:253","EMP_TEMP_SEX_GAI_NB","SEX_M","GAI_GRADIENT_TOTAL","2001",2190.023,,,"R1:3513"
"CHE","BA:253","EMP_TEMP_SEX_GAI_NB","SEX_M","GAI_GRADIENT_4","2001",121.467,,,"R1:3513"
"CHE","BA:253","EMP_TEMP_SEX_GAI_NB","SEX_M","GAI_GRADIENT_3","2001",204.844,,,"R1:3513"
"CHE","BA:253","EMP_TEMP_SEX_GAI_NB","SEX_M","GAI_GRADIENT_2","2001",140.086,,,"R1:3513"
"CHE","BA:253","EMP_TEMP_SEX_GAI_NB","SEX_M","GAI_GRADIENT_1","2001",79.768,,,"R1:3513"
"CHE","BA:253","EMP_TEMP_SEX_GAI_NB","SEX_M","GAI_GRADIENT_5","2001",352.93,,,"R1:3513"
"CHE","BA:253","EMP_TEMP_SEX_GAI_NB","SEX_M","GAI_GRADIENT_X","2001",1290.927,,,"R1:3513"
"CHE","BA:253","EMP_TEMP_SEX_GAI_NB","SEX_F","GAI_GRADIENT_TOTAL","2001",1748.157,,,"R1:3513"
"CHE","BA:253","EMP_TEMP_SEX_GAI_NB","SEX_F","GAI_GRADIENT_4","2001",278.705,,,"R1:3513"
"CHE","BA:253","EMP_TEMP_SEX_GAI_NB","SEX_F","GAI_GRADIENT_3","2001",194.77,,,"R1:3513"
"CHE","BA:253","EMP_TEMP_SEX_GAI_NB","SEX_F","GAI_GRADIENT_2","2001",56.667,,,"R1:3513"
"CHE","BA:253","EMP_TEMP_SEX_GAI_NB","SEX_F","GAI_GRADIENT_1","2001",200.588,,,"R1:3513"
"CHE","BA:253","EMP_TEMP_SEX_GAI_NB","SEX_F","GAI_GRADIENT_5","2001",254.754,,,"R1:3513"
"CHE","BA:253","EMP_TEMP_SEX_GAI_NB","SEX_F","GAI_GRADIENT_X","2001",762.672,,,"R1:3513"
"CHE","BA:253","EMP_TEMP_SEX_GAI_NB","SEX_T","GAI_GRADIENT_TOTAL","2000",3878.752,,,"R1:3513"
"CHE","BA:253","EMP_TEMP_SEX_GAI_NB","SEX_T","GAI_GRADIENT_4","2000",372.982,,,"R1:3513"
"CHE","BA:253","EMP_TEMP_SEX_GAI_NB","SEX_T","GAI_GRADIENT_3","2000",394.961,,,"R1:3513"
"CHE","BA:253","EMP_TEMP_SEX_GAI_NB","SEX_T","GAI_GRADIENT_2","2000",194.701,,,"R1:3513"
"CHE","BA:253","EMP_TEMP_SEX_GAI_NB","SEX_T","GAI_GRADIENT_1","2000",269.97,,,"R1:3513"
"CHE","BA:253","EMP_TEMP_SEX_GAI_NB","SEX_T","GAI_GRADIENT_5","2000",612.345,,,"R1:3513"
"CHE","BA:253","EMP_TEMP_SEX_GAI_NB","SEX_T","GAI_GRADIENT_X","2000",2033.794,,,"R1:3513"
"CHE","BA:253","EMP_TEMP_SEX_GAI_NB","SEX_M","GAI_GRADIENT_TOTAL","2000",2172.222,,,"R1:3513"
"CHE","BA:253","EMP_TEMP_SEX_GAI_NB","SEX_M","GAI_GRADIENT_4","2000",118.283,,,"R1:3513"
"CHE","BA:253","EMP_TEMP_SEX_GAI_NB","SEX_M","GAI_GRADIENT_3","2000",190.048,,,"R1:3513"
"CHE","BA:253","EMP_TEMP_SEX_GAI_NB","SEX_M","GAI_GRADIENT_2","2000",139.081,,,"R1:3513"
"CHE","BA:253","EMP_TEMP_SEX_GAI_NB","SEX_M","GAI_GRADIENT_1","2000",74.186,,,"R1:3513"
"CHE","BA:253","EMP_TEMP_SEX_GAI_NB","SEX_M","GAI_GRADIENT_5","2000",368.74,,,"R1:3513"
"CHE","BA:253","EMP_TEMP_SEX_GAI_NB","SEX_M","GAI_GRADIENT_X","2000",1281.884,,,"R1:3513"
"CHE","BA:253","EMP_TEMP_SEX_GAI_NB","SEX_F","GAI_GRADIENT_TOTAL","2000",1706.53,,,"R1:3513"
"CHE","BA:253","EMP_TEMP_SEX_GAI_NB","SEX_F","GAI_GRADIENT_4","2000",254.698,,,"R1:3513"
"CHE","BA:253","EMP_TEMP_SEX_GAI_NB","SEX_F","GAI_GRADIENT_3","2000",204.913,,,"R1:3513"
"CHE","BA:253","EMP_TEMP_SEX_GAI_NB","SEX_F","GAI_GRADIENT_2","2000",55.62,,,"R1:3513"
"CHE","BA:253","EMP_TEMP_SEX_GAI_NB","SEX_F","GAI_GRADIENT_1","2000",195.785,,,"R1:3513"
"CHE","BA:253","EMP_TEMP_SEX_GAI_NB","SEX_F","GAI_GRADIENT_5","2000",243.605,,,"R1:3513"
"CHE","BA:253","EMP_TEMP_SEX_GAI_NB","SEX_F","GAI_GRADIENT_X","2000",751.909,,,"R1:3513"
"CHE","BA:253","EMP_TEMP_SEX_GAI_NB","SEX_T","GAI_GRADIENT_TOTAL","1999",3861.97,,,"R1:3513"
"CHE","BA:253","EMP_TEMP_SEX_GAI_NB","SEX_T","GAI_GRADIENT_4","1999",391.72,,,"R1:3513"
"CHE","BA:253","EMP_TEMP_SEX_GAI_NB","SEX_T","GAI_GRADIENT_3","1999",389.871,,,"R1:3513"
"CHE","BA:253","EMP_TEMP_SEX_GAI_NB","SEX_T","GAI_GRADIENT_2","1999",181.072,,,"R1:3513"
"CHE","BA:253","EMP_TEMP_SEX_GAI_NB","SEX_T","GAI_GRADIENT_1","1999",276.212,,,"R1:3513"
"CHE","BA:253","EMP_TEMP_SEX_GAI_NB","SEX_T","GAI_GRADIENT_5","1999",575.848,,,"R1:3513"
"CHE","BA:253","EMP_TEMP_SEX_GAI_NB","SEX_T","GAI_GRADIENT_X","1999",2047.248,,,"R1:3513"
"CHE","BA:253","EMP_TEMP_SEX_GAI_NB","SEX_M","GAI_GRADIENT_TOTAL","1999",2157.302,,,"R1:3513"
"CHE","BA:253","EMP_TEMP_SEX_GAI_NB","SEX_M","GAI_GRADIENT_4","1999",129.109,,,"R1:3513"
"CHE","BA:253","EMP_TEMP_SEX_GAI_NB","SEX_M","GAI_GRADIENT_3","1999",188.807,,,"R1:3513"
"CHE","BA:253","EMP_TEMP_SEX_GAI_NB","SEX_M","GAI_GRADIENT_2","1999",130.961,,,"R1:3513"
"CHE","BA:253","EMP_TEMP_SEX_GAI_NB","SEX_M","GAI_GRADIENT_1","1999",86.013,,,"R1:3513"
"CHE","BA:253","EMP_TEMP_SEX_GAI_NB","SEX_M","GAI_GRADIENT_5","1999",342.148,,,"R1:3513"
"CHE","BA:253","EMP_TEMP_SEX_GAI_NB","SEX_M","GAI_GRADIENT_X","1999",1280.263,,,"R1:3513"
"CHE","BA:253","EMP_TEMP_SEX_GAI_NB","SEX_F","GAI_GRADIENT_TOTAL","1999",1704.669,,,"R1:3513"
"CHE","BA:253","EMP_TEMP_SEX_GAI_NB","SEX_F","GAI_GRADIENT_4","1999",262.611,,,"R1:3513"
"CHE","BA:253","EMP_TEMP_SEX_GAI_NB","SEX_F","GAI_GRADIENT_3","1999",201.064,,,"R1:3513"
"CHE","BA:253","EMP_TEMP_SEX_GAI_NB","SEX_F","GAI_GRADIENT_2","1999",50.111,,,"R1:3513"
"CHE","BA:253","EMP_TEMP_SEX_GAI_NB","SEX_F","GAI_GRADIENT_1","1999",190.199,,,"R1:3513"
"CHE","BA:253","EMP_TEMP_SEX_GAI_NB","SEX_F","GAI_GRADIENT_5","1999",233.7,,,"R1:3513"
"CHE","BA:253","EMP_TEMP_SEX_GAI_NB","SEX_F","GAI_GRADIENT_X","1999",766.985,,,"R1:3513"
"CHE","BA:253","EMP_TEMP_SEX_GAI_NB","SEX_T","GAI_GRADIENT_TOTAL","1998",3832.992,,,"R1:3513"
"CHE","BA:253","EMP_TEMP_SEX_GAI_NB","SEX_T","GAI_GRADIENT_4","1998",381.594,,,"R1:3513"
"CHE","BA:253","EMP_TEMP_SEX_GAI_NB","SEX_T","GAI_GRADIENT_3","1998",388.317,,,"R1:3513"
"CHE","BA:253","EMP_TEMP_SEX_GAI_NB","SEX_T","GAI_GRADIENT_2","1998",169.93,,,"R1:3513"
"CHE","BA:253","EMP_TEMP_SEX_GAI_NB","SEX_T","GAI_GRADIENT_1","1998",282.195,,,"R1:3513"
"CHE","BA:253","EMP_TEMP_SEX_GAI_NB","SEX_T","GAI_GRADIENT_5","1998",576.493,,,"R1:3513"
"CHE","BA:253","EMP_TEMP_SEX_GAI_NB","SEX_T","GAI_GRADIENT_X","1998",2034.464,,,"R1:3513"
"CHE","BA:253","EMP_TEMP_SEX_GAI_NB","SEX_M","GAI_GRADIENT_TOTAL","1998",2146.302,,,"R1:3513"
"CHE","BA:253","EMP_TEMP_SEX_GAI_NB","SEX_M","GAI_GRADIENT_4","1998",129.037,,,"R1:3513"
"CHE","BA:253","EMP_TEMP_SEX_GAI_NB","SEX_M","GAI_GRADIENT_3","1998",187.486,,,"R1:3513"
"CHE","BA:253","EMP_TEMP_SEX_GAI_NB","SEX_M","GAI_GRADIENT_2","1998",126.216,,,"R1:3513"
"CHE","BA:253","EMP_TEMP_SEX_GAI_NB","SEX_M","GAI_GRADIENT_1","1998",83.062,,,"R1:3513"
"CHE","BA:253","EMP_TEMP_SEX_GAI_NB","SEX_M","GAI_GRADIENT_5","1998",344.941,,,"R1:3513"
"CHE","BA:253","EMP_TEMP_SEX_GAI_NB","SEX_M","GAI_GRADIENT_X","1998",1275.56,,,"R1:3513"
"CHE","BA:253","EMP_TEMP_SEX_GAI_NB","SEX_F","GAI_GRADIENT_TOTAL","1998",1686.69,,,"R1:3513"
"CHE","BA:253","EMP_TEMP_SEX_GAI_NB","SEX_F","GAI_GRADIENT_4","1998",252.557,,,"R1:3513"
"CHE","BA:253","EMP_TEMP_SEX_GAI_NB","SEX_F","GAI_GRADIENT_3","1998",200.83,,,"R1:3513"
"CHE","BA:253","EMP_TEMP_SEX_GAI_NB","SEX_F","GAI_GRADIENT_2","1998",43.714,,,"R1:3513"
"CHE","BA:253","EMP_TEMP_SEX_GAI_NB","SEX_F","GAI_GRADIENT_1","1998",199.134,,,"R1:3513"
"CHE","BA:253","EMP_TEMP_SEX_GAI_NB","SEX_F","GAI_GRADIENT_5","1998",231.552,,,"R1:3513"
"CHE","BA:253","EMP_TEMP_SEX_GAI_NB","SEX_F","GAI_GRADIENT_X","1998",758.904,,,"R1:3513"
"CHE","BA:253","EMP_TEMP_SEX_GAI_NB","SEX_T","GAI_GRADIENT_TOTAL","1997",3765.599,,,"R1:3513"
"CHE","BA:253","EMP_TEMP_SEX_GAI_NB","SEX_T","GAI_GRADIENT_4","1997",375.245,,,"R1:3513"
"CHE","BA:253","EMP_TEMP_SEX_GAI_NB","SEX_T","GAI_GRADIENT_3","1997",384.023,,,"R1:3513"
"CHE","BA:253","EMP_TEMP_SEX_GAI_NB","SEX_T","GAI_GRADIENT_2","1997",181.686,,,"R1:3513"
"CHE","BA:253","EMP_TEMP_SEX_GAI_NB","SEX_T","GAI_GRADIENT_1","1997",290.083,,,"R1:3513"
"CHE","BA:253","EMP_TEMP_SEX_GAI_NB","SEX_T","GAI_GRADIENT_5","1997",560.684,,,"R1:3513"
"CHE","BA:253","EMP_TEMP_SEX_GAI_NB","SEX_T","GAI_GRADIENT_X","1997",1973.877,,,"R1:3513"
"CHE","BA:253","EMP_TEMP_SEX_GAI_NB","SEX_M","GAI_GRADIENT_TOTAL","1997",2116.709,,,"R1:3513"
"CHE","BA:253","EMP_TEMP_SEX_GAI_NB","SEX_M","GAI_GRADIENT_4","1997",127.49,,,"R1:3513"
"CHE","BA:253","EMP_TEMP_SEX_GAI_NB","SEX_M","GAI_GRADIENT_3","1997",183.1,,,"R1:3513"
"CHE","BA:253","EMP_TEMP_SEX_GAI_NB","SEX_M","GAI_GRADIENT_2","1997",139.438,,,"R1:3513"
"CHE","BA:253","EMP_TEMP_SEX_GAI_NB","SEX_M","GAI_GRADIENT_1","1997",80.337,,,"R1:3513"
"CHE","BA:253","EMP_TEMP_SEX_GAI_NB","SEX_M","GAI_GRADIENT_5","1997",341.32,,,"R1:3513"
"CHE","BA:253","EMP_TEMP_SEX_GAI_NB","SEX_M","GAI_GRADIENT_X","1997",1245.025,,,"R1:3513"
"CHE","BA:253","EMP_TEMP_SEX_GAI_NB","SEX_F","GAI_GRADIENT_TOTAL","1997",1648.89,,,"R1:3513"
"CHE","BA:253","EMP_TEMP_SEX_GAI_NB","SEX_F","GAI_GRADIENT_4","1997",247.755,,,"R1:3513"
"CHE","BA:253","EMP_TEMP_SEX_GAI_NB","SEX_F","GAI_GRADIENT_3","1997",200.924,,,"R1:3513"
"CHE","BA:253","EMP_TEMP_SEX_GAI_NB","SEX_F","GAI_GRADIENT_2","1997",42.248,,,"R1:3513"
"CHE","BA:253","EMP_TEMP_SEX_GAI_NB","SEX_F","GAI_GRADIENT_1","1997",209.746,,,"R1:3513"
"CHE","BA:253","EMP_TEMP_SEX_GAI_NB","SEX_F","GAI_GRADIENT_5","1997",219.365,,,"R1:3513"
"CHE","BA:253","EMP_TEMP_SEX_GAI_NB","SEX_F","GAI_GRADIENT_X","1997",728.852,,,"R1:3513"
"CHE","BA:253","EMP_TEMP_SEX_GAI_NB","SEX_T","GAI_GRADIENT_TOTAL","1996",3780.575,,,"R1:3513"
"CHE","BA:253","EMP_TEMP_SEX_GAI_NB","SEX_T","GAI_GRADIENT_4","1996",418.832,,,"R1:3513"
"CHE","BA:253","EMP_TEMP_SEX_GAI_NB","SEX_T","GAI_GRADIENT_3","1996",370.244,,,"R1:3513"
"CHE","BA:253","EMP_TEMP_SEX_GAI_NB","SEX_T","GAI_GRADIENT_2","1996",179.343,,,"R1:3513"
"CHE","BA:253","EMP_TEMP_SEX_GAI_NB","SEX_T","GAI_GRADIENT_1","1996",279.19,,,"R1:3513"
"CHE","BA:253","EMP_TEMP_SEX_GAI_NB","SEX_T","GAI_GRADIENT_5","1996",533.919,,,"R1:3513"
"CHE","BA:253","EMP_TEMP_SEX_GAI_NB","SEX_T","GAI_GRADIENT_X","1996",1999.046,,,"R1:3513"
"CHE","BA:253","EMP_TEMP_SEX_GAI_NB","SEX_M","GAI_GRADIENT_TOTAL","1996",2138.258,,,"R1:3513"
"CHE","BA:253","EMP_TEMP_SEX_GAI_NB","SEX_M","GAI_GRADIENT_4","1996",143.365,,,"R1:3513"
"CHE","BA:253","EMP_TEMP_SEX_GAI_NB","SEX_M","GAI_GRADIENT_3","1996",179.662,,,"R1:3513"
"CHE","BA:253","EMP_TEMP_SEX_GAI_NB","SEX_M","GAI_GRADIENT_2","1996",137.26,,,"R1:3513"
"CHE","BA:253","EMP_TEMP_SEX_GAI_NB","SEX_M","GAI_GRADIENT_1","1996",68.128,,,"R1:3513"
"CHE","BA:253","EMP_TEMP_SEX_GAI_NB","SEX_M","GAI_GRADIENT_5","1996",333.461,,,"R1:3513"
"CHE","BA:253","EMP_TEMP_SEX_GAI_NB","SEX_M","GAI_GRADIENT_X","1996",1276.381,,,"R1:3513"
"CHE","BA:253","EMP_TEMP_SEX_GAI_NB","SEX_F","GAI_GRADIENT_TOTAL","1996",1642.317,,,"R1:3513"
"CHE","BA:253","EMP_TEMP_SEX_GAI_NB","SEX_F","GAI_GRADIENT_4","1996",275.467,,,"R1:3513"
"CHE","BA:253","EMP_TEMP_SEX_GAI_NB","SEX_F","GAI_GRADIENT_3","1996",190.582,,,"R1:3513"
"CHE","BA:253","EMP_TEMP_SEX_GAI_NB","SEX_F","GAI_GRADIENT_2","1996",42.084,,,"R1:3513"
"CHE","BA:253","EMP_TEMP_SEX_GAI_NB","SEX_F","GAI_GRADIENT_1","1996",211.062,,,"R1:3513"
"CHE","BA:253","EMP_TEMP_SEX_GAI_NB","SEX_F","GAI_GRADIENT_5","1996",200.458,,,"R1:3513"
"CHE","BA:253","EMP_TEMP_SEX_GAI_NB","SEX_F","GAI_GRADIENT_X","1996",722.665,,,"R1:3513"
"CHL","BX:138","EMP_TEMP_SEX_GAI_NB","SEX_T","GAI_GRADIENT_TOTAL","2022",9190.261,,,"R1:3513"
"CHL","BX:138","EMP_TEMP_SEX_GAI_NB","SEX_T","GAI_GRADIENT_4","2022",219.269,,,"R1:3513"
"CHL","BX:138","EMP_TEMP_SEX_GAI_NB","SEX_T","GAI_GRADIENT_3","2022",619.21,,,"R1:3513"
"CHL","BX:138","EMP_TEMP_SEX_GAI_NB","SEX_T","GAI_GRADIENT_2","2022",656.461,,,"R1:3513"
"CHL","BX:138","EMP_TEMP_SEX_GAI_NB","SEX_T","GAI_GRADIENT_1","2022",954.813,,,"R1:3513"
"CHL","BX:138","EMP_TEMP_SEX_GAI_NB","SEX_T","GAI_GRADIENT_5","2022",1345.287,,,"R1:3513"
"CHL","BX:138","EMP_TEMP_SEX_GAI_NB","SEX_T","GAI_GRADIENT_X","2022",5395.221,,,"R1:3513"
"CHL","BX:138","EMP_TEMP_SEX_GAI_NB","SEX_M","GAI_GRADIENT_TOTAL","2022",5332.085,,,"R1:3513"
"CHL","BX:138","EMP_TEMP_SEX_GAI_NB","SEX_M","GAI_GRADIENT_4","2022",86.158,,,"R1:3513"
"CHL","BX:138","EMP_TEMP_SEX_GAI_NB","SEX_M","GAI_GRADIENT_3","2022",252.255,,,"R1:3513"
"CHL","BX:138","EMP_TEMP_SEX_GAI_NB","SEX_M","GAI_GRADIENT_2","2022",359.4,,,"R1:3513"
"CHL","BX:138","EMP_TEMP_SEX_GAI_NB","SEX_M","GAI_GRADIENT_1","2022",474.847,,,"R1:3513"
"CHL","BX:138","EMP_TEMP_SEX_GAI_NB","SEX_M","GAI_GRADIENT_5","2022",802.963,,,"R1:3513"
"CHL","BX:138","EMP_TEMP_SEX_GAI_NB","SEX_M","GAI_GRADIENT_X","2022",3356.462,,,"R1:3513"
"CHL","BX:138","EMP_TEMP_SEX_GAI_NB","SEX_F","GAI_GRADIENT_TOTAL","2022",3858.176,,,"R1:3513"
"CHL","BX:138","EMP_TEMP_SEX_GAI_NB","SEX_F","GAI_GRADIENT_4","2022",133.111,,,"R1:3513"
"CHL","BX:138","EMP_TEMP_SEX_GAI_NB","SEX_F","GAI_GRADIENT_3","2022",366.955,,,"R1:3513"
"CHL","BX:138","EMP_TEMP_SEX_GAI_NB","SEX_F","GAI_GRADIENT_2","2022",297.061,,,"R1:3513"
"CHL","BX:138","EMP_TEMP_SEX_GAI_NB","SEX_F","GAI_GRADIENT_1","2022",479.966,,,"R1:3513"
"CHL","BX:138","EMP_TEMP_SEX_GAI_NB","SEX_F","GAI_GRADIENT_5","2022",542.324,,,"R1:3513"
"CHL","BX:138","EMP_TEMP_SEX_GAI_NB","SEX_F","GAI_GRADIENT_X","2022",2038.759,,,"R1:3513"
"CHL","BX:138","EMP_TEMP_SEX_GAI_NB","SEX_T","GAI_GRADIENT_TOTAL","2020",7663.258,,,"R1:3513"
"CHL","BX:138","EMP_TEMP_SEX_GAI_NB","SEX_T","GAI_GRADIENT_4","2020",205.032,,,"R1:3513"
"CHL","BX:138","EMP_TEMP_SEX_GAI_NB","SEX_T","GAI_GRADIENT_3","2020",583.497,,,"R1:3513"
"CHL","BX:138","EMP_TEMP_SEX_GAI_NB","SEX_T","GAI_GRADIENT_2","2020",515.74,,,"R1:3513"
"CHL","BX:138","EMP_TEMP_SEX_GAI_NB","SEX_T","GAI_GRADIENT_1","2020",869.904,,,"R1:3513"
"CHL","BX:138","EMP_TEMP_SEX_GAI_NB","SEX_T","GAI_GRADIENT_5","2020",960.628,,,"R1:3513"
"CHL","BX:138","EMP_TEMP_SEX_GAI_NB","SEX_T","GAI_GRADIENT_X","2020",4528.457,,,"R1:3513"
"CHL","BX:138","EMP_TEMP_SEX_GAI_NB","SEX_M","GAI_GRADIENT_TOTAL","2020",4159.003,,,"R1:3513"
"CHL","BX:138","EMP_TEMP_SEX_GAI_NB","SEX_M","GAI_GRADIENT_4","2020",69.225,,,"R1:3513"
"CHL","BX:138","EMP_TEMP_SEX_GAI_NB","SEX_M","GAI_GRADIENT_3","2020",225.193,,,"R1:3513"
"CHL","BX:138","EMP_TEMP_SEX_GAI_NB","SEX_M","GAI_GRADIENT_2","2020",250.154,,,"R1:3513"
"CHL","BX:138","EMP_TEMP_SEX_GAI_NB","SEX_M","GAI_GRADIENT_1","2020",414.301,,,"R1:3513"
"CHL","BX:138","EMP_TEMP_SEX_GAI_NB","SEX_M","GAI_GRADIENT_5","2020",542.241,,,"R1:3513"
"CHL","BX:138","EMP_TEMP_SEX_GAI_NB","SEX_M","GAI_GRADIENT_X","2020",2657.889,,,"R1:3513"
"CHL","BX:138","EMP_TEMP_SEX_GAI_NB","SEX_F","GAI_GRADIENT_TOTAL","2020",3504.255,,,"R1:3513"
"CHL","BX:138","EMP_TEMP_SEX_GAI_NB","SEX_F","GAI_GRADIENT_4","2020",135.807,,,"R1:3513"
"CHL","BX:138","EMP_TEMP_SEX_GAI_NB","SEX_F","GAI_GRADIENT_3","2020",358.304,,,"R1:3513"
"CHL","BX:138","EMP_TEMP_SEX_GAI_NB","SEX_F","GAI_GRADIENT_2","2020",265.586,,,"R1:3513"
"CHL","BX:138","EMP_TEMP_SEX_GAI_NB","SEX_F","GAI_GRADIENT_1","2020",455.603,,,"R1:3513"
"CHL","BX:138","EMP_TEMP_SEX_GAI_NB","SEX_F","GAI_GRADIENT_5","2020",418.387,,,"R1:3513"
"CHL","BX:138","EMP_TEMP_SEX_GAI_NB","SEX_F","GAI_GRADIENT_X","2020",1870.568,,,"R1:3513"
"COK","BA:15665","EMP_TEMP_SEX_GAI_NB","SEX_T","GAI_GRADIENT_TOTAL","2023",8.527,,,"R1:3513"
"COK","BA:15665","EMP_TEMP_SEX_GAI_NB","SEX_T","GAI_GRADIENT_4","2023",0.223,,,"R1:3513"
"COK","BA:15665","EMP_TEMP_SEX_GAI_NB","SEX_T","GAI_GRADIENT_3","2023",0.647,,,"R1:3513"
"COK","BA:15665","EMP_TEMP_SEX_GAI_NB","SEX_T","GAI_GRADIENT_2","2023",0.898,,,"R1:3513"
"COK","BA:15665","EMP_TEMP_SEX_GAI_NB","SEX_T","GAI_GRADIENT_1","2023",0.69,,,"R1:3513"
"COK","BA:15665","EMP_TEMP_SEX_GAI_NB","SEX_T","GAI_GRADIENT_5","2023",1.457,,,"R1:3513"
"COK","BA:15665","EMP_TEMP_SEX_GAI_NB","SEX_T","GAI_GRADIENT_X","2023",4.612,,,"R1:3513"
"COK","BA:15665","EMP_TEMP_SEX_GAI_NB","SEX_M","GAI_GRADIENT_TOTAL","2023",4.308,,,"R1:3513"
"COK","BA:15665","EMP_TEMP_SEX_GAI_NB","SEX_M","GAI_GRADIENT_4","2023",0.058,"U",,"R1:3513"
"COK","BA:15665","EMP_TEMP_SEX_GAI_NB","SEX_M","GAI_GRADIENT_3","2023",0.142,"U",,"R1:3513"
"COK","BA:15665","EMP_TEMP_SEX_GAI_NB","SEX_M","GAI_GRADIENT_2","2023",0.302,,,"R1:3513"
"COK","BA:15665","EMP_TEMP_SEX_GAI_NB","SEX_M","GAI_GRADIENT_1","2023",0.167,,,"R1:3513"
"COK","BA:15665","EMP_TEMP_SEX_GAI_NB","SEX_M","GAI_GRADIENT_5","2023",0.633,,,"R1:3513"
"COK","BA:15665","EMP_TEMP_SEX_GAI_NB","SEX_M","GAI_GRADIENT_X","2023",3.006,,,"R1:3513"
"COK","BA:15665","EMP_TEMP_SEX_GAI_NB","SEX_F","GAI_GRADIENT_TOTAL","2023",4.219,,,"R1:3513"
"COK","BA:15665","EMP_TEMP_SEX_GAI_NB","SEX_F","GAI_GRADIENT_4","2023",0.165,,,"R1:3513"
"COK","BA:15665","EMP_TEMP_SEX_GAI_NB","SEX_F","GAI_GRADIENT_3","2023",0.505,,,"R1:3513"
"COK","BA:15665","EMP_TEMP_SEX_GAI_NB","SEX_F","GAI_GRADIENT_2","2023",0.596,,,"R1:3513"
"COK","BA:15665","EMP_TEMP_SEX_GAI_NB","SEX_F","GAI_GRADIENT_1","2023",0.523,,,"R1:3513"
"COK","BA:15665","EMP_TEMP_SEX_GAI_NB","SEX_F","GAI_GRADIENT_5","2023",0.824,,,"R1:3513"
"COK","BA:15665","EMP_TEMP_SEX_GAI_NB","SEX_F","GAI_GRADIENT_X","2023",1.606,,,"R1:3513"
"COK","BA:15665","EMP_TEMP_SEX_GAI_NB","SEX_T","GAI_GRADIENT_TOTAL","2019",8.011,"B","I11:264","R1:3513"
"COK","BA:15665","EMP_TEMP_SEX_GAI_NB","SEX_T","GAI_GRADIENT_4","2019",0.349,"B","I11:264","R1:3513"
"COK","BA:15665","EMP_TEMP_SEX_GAI_NB","SEX_T","GAI_GRADIENT_3","2019",0.521,"B","I11:264","R1:3513"
"COK","BA:15665","EMP_TEMP_SEX_GAI_NB","SEX_T","GAI_GRADIENT_2","2019",0.714,"B","I11:264","R1:3513"
"COK","BA:15665","EMP_TEMP_SEX_GAI_NB","SEX_T","GAI_GRADIENT_1","2019",0.753,"B","I11:264","R1:3513"
"COK","BA:15665","EMP_TEMP_SEX_GAI_NB","SEX_T","GAI_GRADIENT_5","2019",1.122,"B","I11:264","R1:3513"
"COK","BA:15665","EMP_TEMP_SEX_GAI_NB","SEX_T","GAI_GRADIENT_X","2019",4.551,"B","I11:264","R1:3513"
"COK","BA:15665","EMP_TEMP_SEX_GAI_NB","SEX_M","GAI_GRADIENT_TOTAL","2019",4.311,"B","I11:264","R1:3513"
"COK","BA:15665","EMP_TEMP_SEX_GAI_NB","SEX_M","GAI_GRADIENT_4","2019",,"U","I11:264","R1:3513"
"COK","BA:15665","EMP_TEMP_SEX_GAI_NB","SEX_M","GAI_GRADIENT_3","2019",0.15,"B","I11:264","R1:3513"
"COK","BA:15665","EMP_TEMP_SEX_GAI_NB","SEX_M","GAI_GRADIENT_2","2019",0.215,"B","I11:264","R1:3513"
"COK","BA:15665","EMP_TEMP_SEX_GAI_NB","SEX_M","GAI_GRADIENT_1","2019",0.226,"B","I11:264","R1:3513"
"COK","BA:15665","EMP_TEMP_SEX_GAI_NB","SEX_M","GAI_GRADIENT_5","2019",0.573,"B","I11:264","R1:3513"
"COK","BA:15665","EMP_TEMP_SEX_GAI_NB","SEX_M","GAI_GRADIENT_X","2019",3.11,"B","I11:264","R1:3513"
"COK","BA:15665","EMP_TEMP_SEX_GAI_NB","SEX_F","GAI_GRADIENT_TOTAL","2019",3.7,"B","I11:264","R1:3513"
"COK","BA:15665","EMP_TEMP_SEX_GAI_NB","SEX_F","GAI_GRADIENT_4","2019",0.311,"B","I11:264","R1:3513"
"COK","BA:15665","EMP_TEMP_SEX_GAI_NB","SEX_F","GAI_GRADIENT_3","2019",0.371,"B","I11:264","R1:3513"
"COK","BA:15665","EMP_TEMP_SEX_GAI_NB","SEX_F","GAI_GRADIENT_2","2019",0.5,"B","I11:264","R1:3513"
"COK","BA:15665","EMP_TEMP_SEX_GAI_NB","SEX_F","GAI_GRADIENT_1","2019",0.528,"B","I11:264","R1:3513"
"COK","BA:15665","EMP_TEMP_SEX_GAI_NB","SEX_F","GAI_GRADIENT_5","2019",0.549,"B","I11:264","R1:3513"
"COK","BA:15665","EMP_TEMP_SEX_GAI_NB","SEX_F","GAI_GRADIENT_X","2019",1.441,"B","I11:264","R1:3513"
"COL","BA:358","EMP_TEMP_SEX_GAI_NB","SEX_T","GAI_GRADIENT_TOTAL","2025",23827.434,,,"R1:3513"
"COL","BA:358","EMP_TEMP_SEX_GAI_NB","SEX_T","GAI_GRADIENT_4","2025",667.988,,,"R1:3513"
"COL","BA:358","EMP_TEMP_SEX_GAI_NB","SEX_T","GAI_GRADIENT_3","2025",1192.217,,,"R1:3513"
"COL","BA:358","EMP_TEMP_SEX_GAI_NB","SEX_T","GAI_GRADIENT_2","2025",1878.934,,,"R1:3513"
"COL","BA:358","EMP_TEMP_SEX_GAI_NB","SEX_T","GAI_GRADIENT_1","2025",2171.975,,,"R1:3513"
"COL","BA:358","EMP_TEMP_SEX_GAI_NB","SEX_T","GAI_GRADIENT_5","2025",3368.194,,,"R1:3513"
"COL","BA:358","EMP_TEMP_SEX_GAI_NB","SEX_T","GAI_GRADIENT_X","2025",14548.127,,,"R1:3513"
"COL","BA:358","EMP_TEMP_SEX_GAI_NB","SEX_M","GAI_GRADIENT_TOTAL","2025",13934.487,,,"R1:3513"
"COL","BA:358","EMP_TEMP_SEX_GAI_NB","SEX_M","GAI_GRADIENT_4","2025",208.841,,,"R1:3513"
"COL","BA:358","EMP_TEMP_SEX_GAI_NB","SEX_M","GAI_GRADIENT_3","2025",478.309,,,"R1:3513"
"COL","BA:358","EMP_TEMP_SEX_GAI_NB","SEX_M","GAI_GRADIENT_2","2025",903.209,,,"R1:3513"
"COL","BA:358","EMP_TEMP_SEX_GAI_NB","SEX_M","GAI_GRADIENT_1","2025",964.374,,,"R1:3513"
"COL","BA:358","EMP_TEMP_SEX_GAI_NB","SEX_M","GAI_GRADIENT_5","2025",2119.59,,,"R1:3513"
"COL","BA:358","EMP_TEMP_SEX_GAI_NB","SEX_M","GAI_GRADIENT_X","2025",9260.163,,,"R1:3513"
"COL","BA:358","EMP_TEMP_SEX_GAI_NB","SEX_F","GAI_GRADIENT_TOTAL","2025",9892.947,,,"R1:3513"
"COL","BA:358","EMP_TEMP_SEX_GAI_NB","SEX_F","GAI_GRADIENT_4","2025",459.146,,,"R1:3513"
"COL","BA:358","EMP_TEMP_SEX_GAI_NB","SEX_F","GAI_GRADIENT_3","2025",713.908,,,"R1:3513"
"COL","BA:358","EMP_TEMP_SEX_GAI_NB","SEX_F","GAI_GRADIENT_2","2025",975.724,,,"R1:3513"
"COL","BA:358","EMP_TEMP_SEX_GAI_NB","SEX_F","GAI_GRADIENT_1","2025",1207.601,,,"R1:3513"
"COL","BA:358","EMP_TEMP_SEX_GAI_NB","SEX_F","GAI_GRADIENT_5","2025",1248.603,,,"R1:3513"
"COL","BA:358","EMP_TEMP_SEX_GAI_NB","SEX_F","GAI_GRADIENT_X","2025",5287.963,,,"R1:3513"
"COL","BA:358","EMP_TEMP_SEX_GAI_NB","SEX_T","GAI_GRADIENT_TOTAL","2024",23036.043,,,"R1:3513"
"COL","BA:358","EMP_TEMP_SEX_GAI_NB","SEX_T","GAI_GRADIENT_4","2024",675.044,,,"R1:3513"
"COL","BA:358","EMP_TEMP_SEX_GAI_NB","SEX_T","GAI_GRADIENT_3","2024",1121.005,,,"R1:3513"
"COL","BA:358","EMP_TEMP_SEX_GAI_NB","SEX_T","GAI_GRADIENT_2","2024",1897.226,,,"R1:3513"
"COL","BA:358","EMP_TEMP_SEX_GAI_NB","SEX_T","GAI_GRADIENT_1","2024",2079.416,,,"R1:3513"
"COL","BA:358","EMP_TEMP_SEX_GAI_NB","SEX_T","GAI_GRADIENT_5","2024",3260.028,,,"R1:3513"
"COL","BA:358","EMP_TEMP_SEX_GAI_NB","SEX_T","GAI_GRADIENT_X","2024",14003.325,,,"R1:3513"
"COL","BA:358","EMP_TEMP_SEX_GAI_NB","SEX_M","GAI_GRADIENT_TOTAL","2024",13489.021,,,"R1:3513"
"COL","BA:358","EMP_TEMP_SEX_GAI_NB","SEX_M","GAI_GRADIENT_4","2024",215.899,,,"R1:3513"
"COL","BA:358","EMP_TEMP_SEX_GAI_NB","SEX_M","GAI_GRADIENT_3","2024",443.742,,,"R1:3513"
"COL","BA:358","EMP_TEMP_SEX_GAI_NB","SEX_M","GAI_GRADIENT_2","2024",917.036,,,"R1:3513"
"COL","BA:358","EMP_TEMP_SEX_GAI_NB","SEX_M","GAI_GRADIENT_1","2024",944.544,,,"R1:3513"
"COL","BA:358","EMP_TEMP_SEX_GAI_NB","SEX_M","GAI_GRADIENT_5","2024",2031.941,,,"R1:3513"
"COL","BA:358","EMP_TEMP_SEX_GAI_NB","SEX_M","GAI_GRADIENT_X","2024",8935.86,,,"R1:3513"
"COL","BA:358","EMP_TEMP_SEX_GAI_NB","SEX_F","GAI_GRADIENT_TOTAL","2024",9547.022,,,"R1:3513"
"COL","BA:358","EMP_TEMP_SEX_GAI_NB","SEX_F","GAI_GRADIENT_4","2024",459.145,,,"R1:3513"
"COL","BA:358","EMP_TEMP_SEX_GAI_NB","SEX_F","GAI_GRADIENT_3","2024",677.263,,,"R1:3513"
"COL","BA:358","EMP_TEMP_SEX_GAI_NB","SEX_F","GAI_GRADIENT_2","2024",980.19,,,"R1:3513"
"COL","BA:358","EMP_TEMP_SEX_GAI_NB","SEX_F","GAI_GRADIENT_1","2024",1134.871,,,"R1:3513"
"COL","BA:358","EMP_TEMP_SEX_GAI_NB","SEX_F","GAI_GRADIENT_5","2024",1228.087,,,"R1:3513"
"COL","BA:358","EMP_TEMP_SEX_GAI_NB","SEX_F","GAI_GRADIENT_X","2024",5067.465,,,"R1:3513"
"COL","BA:358","EMP_TEMP_SEX_GAI_NB","SEX_T","GAI_GRADIENT_TOTAL","2023",22788.394,,,"R1:3513"
"COL","BA:358","EMP_TEMP_SEX_GAI_NB","SEX_T","GAI_GRADIENT_4","2023",605.618,,,"R1:3513"
"COL","BA:358","EMP_TEMP_SEX_GAI_NB","SEX_T","GAI_GRADIENT_3","2023",1138.663,,,"R1:3513"
"COL","BA:358","EMP_TEMP_SEX_GAI_NB","SEX_T","GAI_GRADIENT_2","2023",1958.439,,,"R1:3513"
"COL","BA:358","EMP_TEMP_SEX_GAI_NB","SEX_T","GAI_GRADIENT_1","2023",2075.613,,,"R1:3513"
"COL","BA:358","EMP_TEMP_SEX_GAI_NB","SEX_T","GAI_GRADIENT_5","2023",3105.594,,,"R1:3513"
"COL","BA:358","EMP_TEMP_SEX_GAI_NB","SEX_T","GAI_GRADIENT_X","2023",13904.466,,,"R1:3513"
"COL","BA:358","EMP_TEMP_SEX_GAI_NB","SEX_M","GAI_GRADIENT_TOTAL","2023",13356.18,,,"R1:3513"
"COL","BA:358","EMP_TEMP_SEX_GAI_NB","SEX_M","GAI_GRADIENT_4","2023",190.595,,,"R1:3513"
"COL","BA:358","EMP_TEMP_SEX_GAI_NB","SEX_M","GAI_GRADIENT_3","2023",455.49,,,"R1:3513"
"COL","BA:358","EMP_TEMP_SEX_GAI_NB","SEX_M","GAI_GRADIENT_2","2023",938.274,,,"R1:3513"
"COL","BA:358","EMP_TEMP_SEX_GAI_NB","SEX_M","GAI_GRADIENT_1","2023",942.568,,,"R1:3513"
"COL","BA:358","EMP_TEMP_SEX_GAI_NB","SEX_M","GAI_GRADIENT_5","2023",1983.65,,,"R1:3513"
"COL","BA:358","EMP_TEMP_SEX_GAI_NB","SEX_M","GAI_GRADIENT_X","2023",8845.603,,,"R1:3513"
"COL","BA:358","EMP_TEMP_SEX_GAI_NB","SEX_F","GAI_GRADIENT_TOTAL","2023",9432.214,,,"R1:3513"
"COL","BA:358","EMP_TEMP_SEX_GAI_NB","SEX_F","GAI_GRADIENT_4","2023",415.024,,,"R1:3513"
"COL","BA:358","EMP_TEMP_SEX_GAI_NB","SEX_F","GAI_GRADIENT_3","2023",683.172,,,"R1:3513"
"COL","BA:358","EMP_TEMP_SEX_GAI_NB","SEX_F","GAI_GRADIENT_2","2023",1020.165,,,"R1:3513"
"COL","BA:358","EMP_TEMP_SEX_GAI_NB","SEX_F","GAI_GRADIENT_1","2023",1133.045,,,"R1:3513"
"COL","BA:358","EMP_TEMP_SEX_GAI_NB","SEX_F","GAI_GRADIENT_5","2023",1121.944,,,"R1:3513"
"COL","BA:358","EMP_TEMP_SEX_GAI_NB","SEX_F","GAI_GRADIENT_X","2023",5058.863,,,"R1:3513"
"COL","BA:358","EMP_TEMP_SEX_GAI_NB","SEX_T","GAI_GRADIENT_TOTAL","2022",22032.18,"B","I11:264","R1:3513"
"COL","BA:358","EMP_TEMP_SEX_GAI_NB","SEX_T","GAI_GRADIENT_4","2022",595.06,"B","I11:264","R1:3513"
"COL","BA:358","EMP_TEMP_SEX_GAI_NB","SEX_T","GAI_GRADIENT_3","2022",1074.348,"B","I11:264","R1:3513"
"COL","BA:358","EMP_TEMP_SEX_GAI_NB","SEX_T","GAI_GRADIENT_2","2022",2066.373,"B","I11:264","R1:3513"
"COL","BA:358","EMP_TEMP_SEX_GAI_NB","SEX_T","GAI_GRADIENT_1","2022",1910.154,"B","I11:264","R1:3513"
"COL","BA:358","EMP_TEMP_SEX_GAI_NB","SEX_T","GAI_GRADIENT_5","2022",2936.433,"B","I11:264","R1:3513"
"COL","BA:358","EMP_TEMP_SEX_GAI_NB","SEX_T","GAI_GRADIENT_X","2022",13449.812,"B","I11:264","R1:3513"
"COL","BA:358","EMP_TEMP_SEX_GAI_NB","SEX_M","GAI_GRADIENT_TOTAL","2022",13039.819,"B","I11:264","R1:3513"
"COL","BA:358","EMP_TEMP_SEX_GAI_NB","SEX_M","GAI_GRADIENT_4","2022",187.457,"B","I11:264","R1:3513"
"COL","BA:358","EMP_TEMP_SEX_GAI_NB","SEX_M","GAI_GRADIENT_3","2022",431.102,"B","I11:264","R1:3513"
"COL","BA:358","EMP_TEMP_SEX_GAI_NB","SEX_M","GAI_GRADIENT_2","2022",990.222,"B","I11:264","R1:3513"
"COL","BA:358","EMP_TEMP_SEX_GAI_NB","SEX_M","GAI_GRADIENT_1","2022",884.906,"B","I11:264","R1:3513"
"COL","BA:358","EMP_TEMP_SEX_GAI_NB","SEX_M","GAI_GRADIENT_5","2022",1886.192,"B","I11:264","R1:3513"
"COL","BA:358","EMP_TEMP_SEX_GAI_NB","SEX_M","GAI_GRADIENT_X","2022",8659.941,"B","I11:264","R1:3513"
"COL","BA:358","EMP_TEMP_SEX_GAI_NB","SEX_F","GAI_GRADIENT_TOTAL","2022",8992.361,"B","I11:264","R1:3513"
"COL","BA:358","EMP_TEMP_SEX_GAI_NB","SEX_F","GAI_GRADIENT_4","2022",407.603,"B","I11:264","R1:3513"
"COL","BA:358","EMP_TEMP_SEX_GAI_NB","SEX_F","GAI_GRADIENT_3","2022",643.246,"B","I11:264","R1:3513"
"COL","BA:358","EMP_TEMP_SEX_GAI_NB","SEX_F","GAI_GRADIENT_2","2022",1076.151,"B","I11:264","R1:3513"
"COL","BA:358","EMP_TEMP_SEX_GAI_NB","SEX_F","GAI_GRADIENT_1","2022",1025.248,"B","I11:264","R1:3513"
"COL","BA:358","EMP_TEMP_SEX_GAI_NB","SEX_F","GAI_GRADIENT_5","2022",1050.241,"B","I11:264","R1:3513"
"COL","BA:358","EMP_TEMP_SEX_GAI_NB","SEX_F","GAI_GRADIENT_X","2022",4789.871,"B","I11:264","R1:3513"
"CPV","BA:7395","EMP_TEMP_SEX_GAI_NB","SEX_T","GAI_GRADIENT_TOTAL","2009",142.989,,,"R1:3513"
"CPV","BA:7395","EMP_TEMP_SEX_GAI_NB","SEX_T","GAI_GRADIENT_4","2009",1.501,,,"R1:3513"
"CPV","BA:7395","EMP_TEMP_SEX_GAI_NB","SEX_T","GAI_GRADIENT_3","2009",4.051,,,"R1:3513"
"CPV","BA:7395","EMP_TEMP_SEX_GAI_NB","SEX_T","GAI_GRADIENT_2","2009",5.242,,,"R1:3513"
"CPV","BA:7395","EMP_TEMP_SEX_GAI_NB","SEX_T","GAI_GRADIENT_1","2009",11.921,,,"R1:3513"
"CPV","BA:7395","EMP_TEMP_SEX_GAI_NB","SEX_T","GAI_GRADIENT_5","2009",13.071,,,"R1:3513"
"CPV","BA:7395","EMP_TEMP_SEX_GAI_NB","SEX_T","GAI_GRADIENT_X","2009",107.203,,,"R1:3513"
"CPV","BA:7395","EMP_TEMP_SEX_GAI_NB","SEX_M","GAI_GRADIENT_TOTAL","2009",77.491,,,"R1:3513"
"CPV","BA:7395","EMP_TEMP_SEX_GAI_NB","SEX_M","GAI_GRADIENT_4","2009",0.561,,,"R1:3513"
"CPV","BA:7395","EMP_TEMP_SEX_GAI_NB","SEX_M","GAI_GRADIENT_3","2009",1.364,,,"R1:3513"
"CPV","BA:7395","EMP_TEMP_SEX_GAI_NB","SEX_M","GAI_GRADIENT_2","2009",2.291,,,"R1:3513"
"CPV","BA:7395","EMP_TEMP_SEX_GAI_NB","SEX_M","GAI_GRADIENT_1","2009",5.906,,,"R1:3513"
"CPV","BA:7395","EMP_TEMP_SEX_GAI_NB","SEX_M","GAI_GRADIENT_5","2009",5.412,,,"R1:3513"
"CPV","BA:7395","EMP_TEMP_SEX_GAI_NB","SEX_M","GAI_GRADIENT_X","2009",61.958,,,"R1:3513"
"CPV","BA:7395","EMP_TEMP_SEX_GAI_NB","SEX_F","GAI_GRADIENT_TOTAL","2009",65.498,,,"R1:3513"
"CPV","BA:7395","EMP_TEMP_SEX_GAI_NB","SEX_F","GAI_GRADIENT_4","2009",0.94,,,"R1:3513"
"CPV","BA:7395","EMP_TEMP_SEX_GAI_NB","SEX_F","GAI_GRADIENT_3","2009",2.687,,,"R1:3513"
"CPV","BA:7395","EMP_TEMP_SEX_GAI_NB","SEX_F","GAI_GRADIENT_2","2009",2.952,,,"R1:3513"
"CPV","BA:7395","EMP_TEMP_SEX_GAI_NB","SEX_F","GAI_GRADIENT_1","2009",6.015,,,"R1:3513"
"CPV","BA:7395","EMP_TEMP_SEX_GAI_NB","SEX_F","GAI_GRADIENT_5","2009",7.659,,,"R1:3513"
"CPV","BA:7395","EMP_TEMP_SEX_GAI_NB","SEX_F","GAI_GRADIENT_X","2009",45.245,,,"R1:3513"
"CRI","BA:12883","EMP_TEMP_SEX_GAI_NB","SEX_T","GAI_GRADIENT_TOTAL","2025",2230.356,,,"R1:3513"
"CRI","BA:12883","EMP_TEMP_SEX_GAI_NB","SEX_T","GAI_GRADIENT_4","2025",69.104,,,"R1:3513"
"CRI","BA:12883","EMP_TEMP_SEX_GAI_NB","SEX_T","GAI_GRADIENT_3","2025",143.478,,,"R1:3513"
"CRI","BA:12883","EMP_TEMP_SEX_GAI_NB","SEX_T","GAI_GRADIENT_2","2025",201.103,,,"R1:3513"
"CRI","BA:12883","EMP_TEMP_SEX_GAI_NB","SEX_T","GAI_GRADIENT_1","2025",201.129,,,"R1:3513"
"CRI","BA:12883","EMP_TEMP_SEX_GAI_NB","SEX_T","GAI_GRADIENT_5","2025",286.018,,,"R1:3513"
"CRI","BA:12883","EMP_TEMP_SEX_GAI_NB","SEX_T","GAI_GRADIENT_X","2025",1329.524,,,"R1:3513"
"CRI","BA:12883","EMP_TEMP_SEX_GAI_NB","SEX_M","GAI_GRADIENT_TOTAL","2025",1359.856,,,"R1:3513"
"CRI","BA:12883","EMP_TEMP_SEX_GAI_NB","SEX_M","GAI_GRADIENT_4","2025",27.513,,,"R1:3513"
"CRI","BA:12883","EMP_TEMP_SEX_GAI_NB","SEX_M","GAI_GRADIENT_3","2025",62.911,,,"R1:3513"
"CRI","BA:12883","EMP_TEMP_SEX_GAI_NB","SEX_M","GAI_GRADIENT_2","2025",115.388,,,"R1:3513"
"CRI","BA:12883","EMP_TEMP_SEX_GAI_NB","SEX_M","GAI_GRADIENT_1","2025",119.329,,,"R1:3513"
"CRI","BA:12883","EMP_TEMP_SEX_GAI_NB","SEX_M","GAI_GRADIENT_5","2025",204.753,,,"R1:3513"
"CRI","BA:12883","EMP_TEMP_SEX_GAI_NB","SEX_M","GAI_GRADIENT_X","2025",829.962,,,"R1:3513"
"CRI","BA:12883","EMP_TEMP_SEX_GAI_NB","SEX_F","GAI_GRADIENT_TOTAL","2025",870.5,,,"R1:3513"
"CRI","BA:12883","EMP_TEMP_SEX_GAI_NB","SEX_F","GAI_GRADIENT_4","2025",41.591,,,"R1:3513"
"CRI","BA:12883","EMP_TEMP_SEX_GAI_NB","SEX_F","GAI_GRADIENT_3","2025",80.567,,,"R1:3513"
"CRI","BA:12883","EMP_TEMP_SEX_GAI_NB","SEX_F","GAI_GRADIENT_2","2025",85.715,,,"R1:3513"
"CRI","BA:12883","EMP_TEMP_SEX_GAI_NB","SEX_F","GAI_GRADIENT_1","2025",81.801,,,"R1:3513"
"CRI","BA:12883","EMP_TEMP_SEX_GAI_NB","SEX_F","GAI_GRADIENT_5","2025",81.264,,,"R1:3513"
"CRI","BA:12883","EMP_TEMP_SEX_GAI_NB","SEX_F","GAI_GRADIENT_X","2025",499.562,,,"R1:3513"
"CRI","BA:12883","EMP_TEMP_SEX_GAI_NB","SEX_T","GAI_GRADIENT_TOTAL","2024",2258.25,,,"R1:3513"
"CRI","BA:12883","EMP_TEMP_SEX_GAI_NB","SEX_T","GAI_GRADIENT_4","2024",62.002,,,"R1:3513"
"CRI","BA:12883","EMP_TEMP_SEX_GAI_NB","SEX_T","GAI_GRADIENT_3","2024",148.971,,,"R1:3513"
"CRI","BA:12883","EMP_TEMP_SEX_GAI_NB","SEX_T","GAI_GRADIENT_2","2024",214.346,,,"R1:3513"
"CRI","BA:12883","EMP_TEMP_SEX_GAI_NB","SEX_T","GAI_GRADIENT_1","2024",194.557,,,"R1:3513"
"CRI","BA:12883","EMP_TEMP_SEX_GAI_NB","SEX_T","GAI_GRADIENT_5","2024",273.462,,,"R1:3513"
"CRI","BA:12883","EMP_TEMP_SEX_GAI_NB","SEX_T","GAI_GRADIENT_X","2024",1364.912,,,"R1:3513"
"CRI","BA:12883","EMP_TEMP_SEX_GAI_NB","SEX_M","GAI_GRADIENT_TOTAL","2024",1371.872,,,"R1:3513"
"CRI","BA:12883","EMP_TEMP_SEX_GAI_NB","SEX_M","GAI_GRADIENT_4","2024",27.183,,,"R1:3513"
"CRI","BA:12883","EMP_TEMP_SEX_GAI_NB","SEX_M","GAI_GRADIENT_3","2024",73.104,,,"R1:3513"
"CRI","BA:12883","EMP_TEMP_SEX_GAI_NB","SEX_M","GAI_GRADIENT_2","2024",123.421,,,"R1:3513"
"CRI","BA:12883","EMP_TEMP_SEX_GAI_NB","SEX_M","GAI_GRADIENT_1","2024",111.639,,,"R1:3513"
"CRI","BA:12883","EMP_TEMP_SEX_GAI_NB","SEX_M","GAI_GRADIENT_5","2024",188.688,,,"R1:3513"
"CRI","BA:12883","EMP_TEMP_SEX_GAI_NB","SEX_M","GAI_GRADIENT_X","2024",847.838,,,"R1:3513"
"CRI","BA:12883","EMP_TEMP_SEX_GAI_NB","SEX_F","GAI_GRADIENT_TOTAL","2024",886.378,,,"R1:3513"
"CRI","BA:12883","EMP_TEMP_SEX_GAI_NB","SEX_F","GAI_GRADIENT_4","2024",34.819,,,"R1:3513"
"CRI","BA:12883","EMP_TEMP_SEX_GAI_NB","SEX_F","GAI_GRADIENT_3","2024",75.867,,,"R1:3513"
"CRI","BA:12883","EMP_TEMP_SEX_GAI_NB","SEX_F","GAI_GRADIENT_2","2024",90.925,,,"R1:3513"
"CRI","BA:12883","EMP_TEMP_SEX_GAI_NB","SEX_F","GAI_GRADIENT_1","2024",82.918,,,"R1:3513"
"CRI","BA:12883","EMP_TEMP_SEX_GAI_NB","SEX_F","GAI_GRADIENT_5","2024",84.774,,,"R1:3513"
"CRI","BA:12883","EMP_TEMP_SEX_GAI_NB","SEX_F","GAI_GRADIENT_X","2024",517.074,,,"R1:3513"
"CRI","BA:12883","EMP_TEMP_SEX_GAI_NB","SEX_T","GAI_GRADIENT_TOTAL","2023",2163.953,,,"R1:3513"
"CRI","BA:12883","EMP_TEMP_SEX_GAI_NB","SEX_T","GAI_GRADIENT_4","2023",59.01,,,"R1:3513"
"CRI","BA:12883","EMP_TEMP_SEX_GAI_NB","SEX_T","GAI_GRADIENT_3","2023",131.882,,,"R1:3513"
"CRI","BA:12883","EMP_TEMP_SEX_GAI_NB","SEX_T","GAI_GRADIENT_2","2023",190.332,,,"R1:3513"
"CRI","BA:12883","EMP_TEMP_SEX_GAI_NB","SEX_T","GAI_GRADIENT_1","2023",193.119,,,"R1:3513"
"CRI","BA:12883","EMP_TEMP_SEX_GAI_NB","SEX_T","GAI_GRADIENT_5","2023",247.034,,,"R1:3513"
"CRI","BA:12883","EMP_TEMP_SEX_GAI_NB","SEX_T","GAI_GRADIENT_X","2023",1342.577,,,"R1:3513"
"CRI","BA:12883","EMP_TEMP_SEX_GAI_NB","SEX_M","GAI_GRADIENT_TOTAL","2023",1348.88,,,"R1:3513"
"CRI","BA:12883","EMP_TEMP_SEX_GAI_NB","SEX_M","GAI_GRADIENT_4","2023",26.817,,,"R1:3513"
"CRI","BA:12883","EMP_TEMP_SEX_GAI_NB","SEX_M","GAI_GRADIENT_3","2023",66.063,,,"R1:3513"
"CRI","BA:12883","EMP_TEMP_SEX_GAI_NB","SEX_M","GAI_GRADIENT_2","2023",109.765,,,"R1:3513"
"CRI","BA:12883","EMP_TEMP_SEX_GAI_NB","SEX_M","GAI_GRADIENT_1","2023",110.036,,,"R1:3513"
"CRI","BA:12883","EMP_TEMP_SEX_GAI_NB","SEX_M","GAI_GRADIENT_5","2023",175.556,,,"R1:3513"
"CRI","BA:12883","EMP_TEMP_SEX_GAI_NB","SEX_M","GAI_GRADIENT_X","2023",860.642,,,"R1:3513"
"CRI","BA:12883","EMP_TEMP_SEX_GAI_NB","SEX_F","GAI_GRADIENT_TOTAL","2023",815.073,,,"R1:3513"
"CRI","BA:12883","EMP_TEMP_SEX_GAI_NB","SEX_F","GAI_GRADIENT_4","2023",32.193,,,"R1:3513"
"CRI","BA:12883","EMP_TEMP_SEX_GAI_NB","SEX_F","GAI_GRADIENT_3","2023",65.819,,,"R1:3513"
"CRI","BA:12883","EMP_TEMP_SEX_GAI_NB","SEX_F","GAI_GRADIENT_2","2023",80.567,,,"R1:3513"
"CRI","BA:12883","EMP_TEMP_SEX_GAI_NB","SEX_F","GAI_GRADIENT_1","2023",83.082,,,"R1:3513"
"CRI","BA:12883","EMP_TEMP_SEX_GAI_NB","SEX_F","GAI_GRADIENT_5","2023",71.478,,,"R1:3513"
"CRI","BA:12883","EMP_TEMP_SEX_GAI_NB","SEX_F","GAI_GRADIENT_X","2023",481.935,,,"R1:3513"
"CRI","BA:12883","EMP_TEMP_SEX_GAI_NB","SEX_T","GAI_GRADIENT_TOTAL","2022",2235.855,,,"R1:3513"
"CRI","BA:12883","EMP_TEMP_SEX_GAI_NB","SEX_T","GAI_GRADIENT_4","2022",61.132,,,"R1:3513"
"CRI","BA:12883","EMP_TEMP_SEX_GAI_NB","SEX_T","GAI_GRADIENT_3","2022",117.372,,,"R1:3513"
"CRI","BA:12883","EMP_TEMP_SEX_GAI_NB","SEX_T","GAI_GRADIENT_2","2022",203.187,,,"R1:3513"
"CRI","BA:12883","EMP_TEMP_SEX_GAI_NB","SEX_T","GAI_GRADIENT_1","2022",186.977,,,"R1:3513"
"CRI","BA:12883","EMP_TEMP_SEX_GAI_NB","SEX_T","GAI_GRADIENT_5","2022",238.228,,,"R1:3513"
"CRI","BA:12883","EMP_TEMP_SEX_GAI_NB","SEX_T","GAI_GRADIENT_X","2022",1428.959,,,"R1:3513"
"CRI","BA:12883","EMP_TEMP_SEX_GAI_NB","SEX_M","GAI_GRADIENT_TOTAL","2022",1367.524,,,"R1:3513"
"CRI","BA:12883","EMP_TEMP_SEX_GAI_NB","SEX_M","GAI_GRADIENT_4","2022",25.878,,,"R1:3513"
"CRI","BA:12883","EMP_TEMP_SEX_GAI_NB","SEX_M","GAI_GRADIENT_3","2022",54.681,,,"R1:3513"
"CRI","BA:12883","EMP_TEMP_SEX_GAI_NB","SEX_M","GAI_GRADIENT_2","2022",112.894,,,"R1:3513"
"CRI","BA:12883","EMP_TEMP_SEX_GAI_NB","SEX_M","GAI_GRADIENT_1","2022",112.286,,,"R1:3513"
"CRI","BA:12883","EMP_TEMP_SEX_GAI_NB","SEX_M","GAI_GRADIENT_5","2022",173.834,,,"R1:3513"
"CRI","BA:12883","EMP_TEMP_SEX_GAI_NB","SEX_M","GAI_GRADIENT_X","2022",887.951,,,"R1:3513"
"CRI","BA:12883","EMP_TEMP_SEX_GAI_NB","SEX_F","GAI_GRADIENT_TOTAL","2022",868.332,,,"R1:3513"
"CRI","BA:12883","EMP_TEMP_SEX_GAI_NB","SEX_F","GAI_GRADIENT_4","2022",35.254,,,"R1:3513"
"CRI","BA:12883","EMP_TEMP_SEX_GAI_NB","SEX_F","GAI_GRADIENT_3","2022",62.691,,,"R1:3513"
"CRI","BA:12883","EMP_TEMP_SEX_GAI_NB","SEX_F","GAI_GRADIENT_2","2022",90.292,,,"R1:3513"
"CRI","BA:12883","EMP_TEMP_SEX_GAI_NB","SEX_F","GAI_GRADIENT_1","2022",74.692,,,"R1:3513"
"CRI","BA:12883","EMP_TEMP_SEX_GAI_NB","SEX_F","GAI_GRADIENT_5","2022",64.394,,,"R1:3513"
"CRI","BA:12883","EMP_TEMP_SEX_GAI_NB","SEX_F","GAI_GRADIENT_X","2022",541.008,,,"R1:3513"
"CRI","BA:12883","EMP_TEMP_SEX_GAI_NB","SEX_T","GAI_GRADIENT_TOTAL","2021",2122.234,,,"R1:3513"
"CRI","BA:12883","EMP_TEMP_SEX_GAI_NB","SEX_T","GAI_GRADIENT_4","2021",51.67,,,"R1:3513"
"CRI","BA:12883","EMP_TEMP_SEX_GAI_NB","SEX_T","GAI_GRADIENT_3","2021",116.75,,,"R1:3513"
"CRI","BA:12883","EMP_TEMP_SEX_GAI_NB","SEX_T","GAI_GRADIENT_2","2021",205.826,,,"R1:3513"
"CRI","BA:12883","EMP_TEMP_SEX_GAI_NB","SEX_T","GAI_GRADIENT_1","2021",169.146,,,"R1:3513"
"CRI","BA:12883","EMP_TEMP_SEX_GAI_NB","SEX_T","GAI_GRADIENT_5","2021",217.53,,,"R1:3513"
"CRI","BA:12883","EMP_TEMP_SEX_GAI_NB","SEX_T","GAI_GRADIENT_X","2021",1361.313,,,"R1:3513"
"CRI","BA:12883","EMP_TEMP_SEX_GAI_NB","SEX_M","GAI_GRADIENT_TOTAL","2021",1315.778,,,"R1:3513"
"CRI","BA:12883","EMP_TEMP_SEX_GAI_NB","SEX_M","GAI_GRADIENT_4","2021",24.457,,,"R1:3513"
"CRI","BA:12883","EMP_TEMP_SEX_GAI_NB","SEX_M","GAI_GRADIENT_3","2021",50.195,,,"R1:3513"
"CRI","BA:12883","EMP_TEMP_SEX_GAI_NB","SEX_M","GAI_GRADIENT_2","2021",119.042,,,"R1:3513"
"CRI","BA:12883","EMP_TEMP_SEX_GAI_NB","SEX_M","GAI_GRADIENT_1","2021",104.368,,,"R1:3513"
"CRI","BA:12883","EMP_TEMP_SEX_GAI_NB","SEX_M","GAI_GRADIENT_5","2021",158.333,,,"R1:3513"
"CRI","BA:12883","EMP_TEMP_SEX_GAI_NB","SEX_M","GAI_GRADIENT_X","2021",859.383,,,"R1:3513"
"CRI","BA:12883","EMP_TEMP_SEX_GAI_NB","SEX_F","GAI_GRADIENT_TOTAL","2021",806.456,,,"R1:3513"
"CRI","BA:12883","EMP_TEMP_SEX_GAI_NB","SEX_F","GAI_GRADIENT_4","2021",27.213,,,"R1:3513"
"CRI","BA:12883","EMP_TEMP_SEX_GAI_NB","SEX_F","GAI_GRADIENT_3","2021",66.555,,,"R1:3513"
"CRI","BA:12883","EMP_TEMP_SEX_GAI_NB","SEX_F","GAI_GRADIENT_2","2021",86.784,,,"R1:3513"
"CRI","BA:12883","EMP_TEMP_SEX_GAI_NB","SEX_F","GAI_GRADIENT_1","2021",64.778,,,"R1:3513"
"CRI","BA:12883","EMP_TEMP_SEX_GAI_NB","SEX_F","GAI_GRADIENT_5","2021",59.196,,,"R1:3513"
"CRI","BA:12883","EMP_TEMP_SEX_GAI_NB","SEX_F","GAI_GRADIENT_X","2021",501.93,,,"R1:3513"
"CRI","BA:12883","EMP_TEMP_SEX_GAI_NB","SEX_T","GAI_GRADIENT_TOTAL","2020",2024.586,,,"R1:3513"
"CRI","BA:12883","EMP_TEMP_SEX_GAI_NB","SEX_T","GAI_GRADIENT_4","2020",46.777,,,"R1:3513"
"CRI","BA:12883","EMP_TEMP_SEX_GAI_NB","SEX_T","GAI_GRADIENT_3","2020",129.698,,,"R1:3513"
"CRI","BA:12883","EMP_TEMP_SEX_GAI_NB","SEX_T","GAI_GRADIENT_2","2020",174.978,,,"R1:3513"
"CRI","BA:12883","EMP_TEMP_SEX_GAI_NB","SEX_T","GAI_GRADIENT_1","2020",164.455,,,"R1:3513"
"CRI","BA:12883","EMP_TEMP_SEX_GAI_NB","SEX_T","GAI_GRADIENT_5","2020",209.251,,,"R1:3513"
"CRI","BA:12883","EMP_TEMP_SEX_GAI_NB","SEX_T","GAI_GRADIENT_X","2020",1299.426,,,"R1:3513"
"CRI","BA:12883","EMP_TEMP_SEX_GAI_NB","SEX_M","GAI_GRADIENT_TOTAL","2020",1265.337,,,"R1:3513"
"CRI","BA:12883","EMP_TEMP_SEX_GAI_NB","SEX_M","GAI_GRADIENT_4","2020",23.614,,,"R1:3513"
"CRI","BA:12883","EMP_TEMP_SEX_GAI_NB","SEX_M","GAI_GRADIENT_3","2020",56.614,,,"R1:3513"
"CRI","BA:12883","EMP_TEMP_SEX_GAI_NB","SEX_M","GAI_GRADIENT_2","2020",105.112,,,"R1:3513"
"CRI","BA:12883","EMP_TEMP_SEX_GAI_NB","SEX_M","GAI_GRADIENT_1","2020",103.954,,,"R1:3513"
"CRI","BA:12883","EMP_TEMP_SEX_GAI_NB","SEX_M","GAI_GRADIENT_5","2020",145.296,,,"R1:3513"
"CRI","BA:12883","EMP_TEMP_SEX_GAI_NB","SEX_M","GAI_GRADIENT_X","2020",830.748,,,"R1:3513"
"CRI","BA:12883","EMP_TEMP_SEX_GAI_NB","SEX_F","GAI_GRADIENT_TOTAL","2020",759.249,,,"R1:3513"
"CRI","BA:12883","EMP_TEMP_SEX_GAI_NB","SEX_F","GAI_GRADIENT_4","2020",23.163,,,"R1:3513"
"CRI","BA:12883","EMP_TEMP_SEX_GAI_NB","SEX_F","GAI_GRADIENT_3","2020",73.084,,,"R1:3513"
"CRI","BA:12883","EMP_TEMP_SEX_GAI_NB","SEX_F","GAI_GRADIENT_2","2020",69.867,,,"R1:3513"
"CRI","BA:12883","EMP_TEMP_SEX_GAI_NB","SEX_F","GAI_GRADIENT_1","2020",60.502,,,"R1:3513"
"CRI","BA:12883","EMP_TEMP_SEX_GAI_NB","SEX_F","GAI_GRADIENT_5","2020",63.955,,,"R1:3513"
"CRI","BA:12883","EMP_TEMP_SEX_GAI_NB","SEX_F","GAI_GRADIENT_X","2020",468.678,,,"R1:3513"
"CRI","BA:12883","EMP_TEMP_SEX_GAI_NB","SEX_T","GAI_GRADIENT_TOTAL","2019",2260.413,,,"R1:3513"
"CRI","BA:12883","EMP_TEMP_SEX_GAI_NB","SEX_T","GAI_GRADIENT_4","2019",52.413,,,"R1:3513"
"CRI","BA:12883","EMP_TEMP_SEX_GAI_NB","SEX_T","GAI_GRADIENT_3","2019",140.732,,,"R1:3513"
"CRI","BA:12883","EMP_TEMP_SEX_GAI_NB","SEX_T","GAI_GRADIENT_2","2019",199.393,,,"R1:3513"
"CRI","BA:12883","EMP_TEMP_SEX_GAI_NB","SEX_T","GAI_GRADIENT_1","2019",178.069,,,"R1:3513"
"CRI","BA:12883","EMP_TEMP_SEX_GAI_NB","SEX_T","GAI_GRADIENT_5","2019",245.215,,,"R1:3513"
"CRI","BA:12883","EMP_TEMP_SEX_GAI_NB","SEX_T","GAI_GRADIENT_X","2019",1444.591,,,"R1:3513"
"CRI","BA:12883","EMP_TEMP_SEX_GAI_NB","SEX_M","GAI_GRADIENT_TOTAL","2019",1374.501,,,"R1:3513"
"CRI","BA:12883","EMP_TEMP_SEX_GAI_NB","SEX_M","GAI_GRADIENT_4","2019",25.984,,,"R1:3513"
"CRI","BA:12883","EMP_TEMP_SEX_GAI_NB","SEX_M","GAI_GRADIENT_3","2019",55.799,,,"R1:3513"
"CRI","BA:12883","EMP_TEMP_SEX_GAI_NB","SEX_M","GAI_GRADIENT_2","2019",110.22,,,"R1:3513"
"CRI","BA:12883","EMP_TEMP_SEX_GAI_NB","SEX_M","GAI_GRADIENT_1","2019",102.553,,,"R1:3513"
"CRI","BA:12883","EMP_TEMP_SEX_GAI_NB","SEX_M","GAI_GRADIENT_5","2019",174.923,,,"R1:3513"
"CRI","BA:12883","EMP_TEMP_SEX_GAI_NB","SEX_M","GAI_GRADIENT_X","2019",905.021,,,"R1:3513"
"CRI","BA:12883","EMP_TEMP_SEX_GAI_NB","SEX_F","GAI_GRADIENT_TOTAL","2019",885.912,,,"R1:3513"
"CRI","BA:12883","EMP_TEMP_SEX_GAI_NB","SEX_F","GAI_GRADIENT_4","2019",26.428,,,"R1:3513"
"CRI","BA:12883","EMP_TEMP_SEX_GAI_NB","SEX_F","GAI_GRADIENT_3","2019",84.933,,,"R1:3513"
"CRI","BA:12883","EMP_TEMP_SEX_GAI_NB","SEX_F","GAI_GRADIENT_2","2019",89.174,,,"R1:3513"
"CRI","BA:12883","EMP_TEMP_SEX_GAI_NB","SEX_F","GAI_GRADIENT_1","2019",75.516,,,"R1:3513"
"CRI","BA:12883","EMP_TEMP_SEX_GAI_NB","SEX_F","GAI_GRADIENT_5","2019",70.292,,,"R1:3513"
"CRI","BA:12883","EMP_TEMP_SEX_GAI_NB","SEX_F","GAI_GRADIENT_X","2019",539.569,,,"R1:3513"
"CRI","BA:12883","EMP_TEMP_SEX_GAI_NB","SEX_T","GAI_GRADIENT_TOTAL","2018",2201.777,,,"R1:3513"
"CRI","BA:12883","EMP_TEMP_SEX_GAI_NB","SEX_T","GAI_GRADIENT_4","2018",57.155,,,"R1:3513"
"CRI","BA:12883","EMP_TEMP_SEX_GAI_NB","SEX_T","GAI_GRADIENT_3","2018",113.238,,,"R1:3513"
"CRI","BA:12883","EMP_TEMP_SEX_GAI_NB","SEX_T","GAI_GRADIENT_2","2018",180.202,,,"R1:3513"
"CRI","BA:12883","EMP_TEMP_SEX_GAI_NB","SEX_T","GAI_GRADIENT_1","2018",165.621,,,"R1:3513"
"CRI","BA:12883","EMP_TEMP_SEX_GAI_NB","SEX_T","GAI_GRADIENT_5","2018",245.289,,,"R1:3513"
"CRI","BA:12883","EMP_TEMP_SEX_GAI_NB","SEX_T","GAI_GRADIENT_X","2018",1440.273,,,"R1:3513"
"CRI","BA:12883","EMP_TEMP_SEX_GAI_NB","SEX_M","GAI_GRADIENT_TOTAL","2018",1371.388,,,"R1:3513"
"CRI","BA:12883","EMP_TEMP_SEX_GAI_NB","SEX_M","GAI_GRADIENT_4","2018",26.954,,,"R1:3513"
"CRI","BA:12883","EMP_TEMP_SEX_GAI_NB","SEX_M","GAI_GRADIENT_3","2018",50.468,,,"R1:3513"
"CRI","BA:12883","EMP_TEMP_SEX_GAI_NB","SEX_M","GAI_GRADIENT_2","2018",100.761,,,"R1:3513"
"CRI","BA:12883","EMP_TEMP_SEX_GAI_NB","SEX_M","GAI_GRADIENT_1","2018",90.639,,,"R1:3513"
"CRI","BA:12883","EMP_TEMP_SEX_GAI_NB","SEX_M","GAI_GRADIENT_5","2018",177.896,,,"R1:3513"
"CRI","BA:12883","EMP_TEMP_SEX_GAI_NB","SEX_M","GAI_GRADIENT_X","2018",924.67,,,"R1:3513"
"CRI","BA:12883","EMP_TEMP_SEX_GAI_NB","SEX_F","GAI_GRADIENT_TOTAL","2018",830.389,,,"R1:3513"
"CRI","BA:12883","EMP_TEMP_SEX_GAI_NB","SEX_F","GAI_GRADIENT_4","2018",30.201,,,"R1:3513"
"CRI","BA:12883","EMP_TEMP_SEX_GAI_NB","SEX_F","GAI_GRADIENT_3","2018",62.77,,,"R1:3513"
"CRI","BA:12883","EMP_TEMP_SEX_GAI_NB","SEX_F","GAI_GRADIENT_2","2018",79.44,,,"R1:3513"
"CRI","BA:12883","EMP_TEMP_SEX_GAI_NB","SEX_F","GAI_GRADIENT_1","2018",74.982,,,"R1:3513"
"CRI","BA:12883","EMP_TEMP_SEX_GAI_NB","SEX_F","GAI_GRADIENT_5","2018",67.393,,,"R1:3513"
"CRI","BA:12883","EMP_TEMP_SEX_GAI_NB","SEX_F","GAI_GRADIENT_X","2018",515.603,,,"R1:3513"
"CRI","BA:12883","EMP_TEMP_SEX_GAI_NB","SEX_T","GAI_GRADIENT_TOTAL","2017",2118.331,,,"R1:3513"
"CRI","BA:12883","EMP_TEMP_SEX_GAI_NB","SEX_T","GAI_GRADIENT_4","2017",60.166,,,"R1:3513"
"CRI","BA:12883","EMP_TEMP_SEX_GAI_NB","SEX_T","GAI_GRADIENT_3","2017",92.996,,,"R1:3513"
"CRI","BA:12883","EMP_TEMP_SEX_GAI_NB","SEX_T","GAI_GRADIENT_2","2017",191.77,,,"R1:3513"
"CRI","BA:12883","EMP_TEMP_SEX_GAI_NB","SEX_T","GAI_GRADIENT_1","2017",178.931,,,"R1:3513"
"CRI","BA:12883","EMP_TEMP_SEX_GAI_NB","SEX_T","GAI_GRADIENT_5","2017",224.694,,,"R1:3513"
"CRI","BA:12883","EMP_TEMP_SEX_GAI_NB","SEX_T","GAI_GRADIENT_X","2017",1369.774,,,"R1:3513"
"CRI","BA:12883","EMP_TEMP_SEX_GAI_NB","SEX_M","GAI_GRADIENT_TOTAL","2017",1331.469,,,"R1:3513"
"CRI","BA:12883","EMP_TEMP_SEX_GAI_NB","SEX_M","GAI_GRADIENT_4","2017",25.541,,,"R1:3513"
"CRI","BA:12883","EMP_TEMP_SEX_GAI_NB","SEX_M","GAI_GRADIENT_3","2017",41.314,,,"R1:3513"
"CRI","BA:12883","EMP_TEMP_SEX_GAI_NB","SEX_M","GAI_GRADIENT_2","2017",110.379,,,"R1:3513"
"CRI","BA:12883","EMP_TEMP_SEX_GAI_NB","SEX_M","GAI_GRADIENT_1","2017",102.057,,,"R1:3513"
"CRI","BA:12883","EMP_TEMP_SEX_GAI_NB","SEX_M","GAI_GRADIENT_5","2017",166.048,,,"R1:3513"
"CRI","BA:12883","EMP_TEMP_SEX_GAI_NB","SEX_M","GAI_GRADIENT_X","2017",886.13,,,"R1:3513"
"CRI","BA:12883","EMP_TEMP_SEX_GAI_NB","SEX_F","GAI_GRADIENT_TOTAL","2017",786.862,,,"R1:3513"
"CRI","BA:12883","EMP_TEMP_SEX_GAI_NB","SEX_F","GAI_GRADIENT_4","2017",34.625,,,"R1:3513"
"CRI","BA:12883","EMP_TEMP_SEX_GAI_NB","SEX_F","GAI_GRADIENT_3","2017",51.682,,,"R1:3513"
"CRI","BA:12883","EMP_TEMP_SEX_GAI_NB","SEX_F","GAI_GRADIENT_2","2017",81.391,,,"R1:3513"
"CRI","BA:12883","EMP_TEMP_SEX_GAI_NB","SEX_F","GAI_GRADIENT_1","2017",76.874,,,"R1:3513"
"CRI","BA:12883","EMP_TEMP_SEX_GAI_NB","SEX_F","GAI_GRADIENT_5","2017",58.645,,,"R1:3513"
"CRI","BA:12883","EMP_TEMP_SEX_GAI_NB","SEX_F","GAI_GRADIENT_X","2017",483.644,,,"R1:3513"
"CZE","BA:149","EMP_TEMP_SEX_GAI_NB","SEX_T","GAI_GRADIENT_TOTAL","2024",5192.417,,,"R1:3513"
"CZE","BA:149","EMP_TEMP_SEX_GAI_NB","SEX_T","GAI_GRADIENT_4","2024",213.106,,,"R1:3513"
"CZE","BA:149","EMP_TEMP_SEX_GAI_NB","SEX_T","GAI_GRADIENT_3","2024",458.381,,,"R1:3513"
"CZE","BA:149","EMP_TEMP_SEX_GAI_NB","SEX_T","GAI_GRADIENT_2","2024",317.639,,,"R1:3513"
"CZE","BA:149","EMP_TEMP_SEX_GAI_NB","SEX_T","GAI_GRADIENT_1","2024",292.319,,,"R1:3513"
"CZE","BA:149","EMP_TEMP_SEX_GAI_NB","SEX_T","GAI_GRADIENT_5","2024",1024.946,,,"R1:3513"
"CZE","BA:149","EMP_TEMP_SEX_GAI_NB","SEX_T","GAI_GRADIENT_X","2024",2886.026,,,"R1:3513"
"CZE","BA:149","EMP_TEMP_SEX_GAI_NB","SEX_M","GAI_GRADIENT_TOTAL","2024",2845.606,,,"R1:3513"
"CZE","BA:149","EMP_TEMP_SEX_GAI_NB","SEX_M","GAI_GRADIENT_4","2024",31.026,,,"R1:3513"
"CZE","BA:149","EMP_TEMP_SEX_GAI_NB","SEX_M","GAI_GRADIENT_3","2024",210.32,,,"R1:3513"
"CZE","BA:149","EMP_TEMP_SEX_GAI_NB","SEX_M","GAI_GRADIENT_2","2024",185.39,,,"R1:3513"
"CZE","BA:149","EMP_TEMP_SEX_GAI_NB","SEX_M","GAI_GRADIENT_1","2024",104.091,,,"R1:3513"
"CZE","BA:149","EMP_TEMP_SEX_GAI_NB","SEX_M","GAI_GRADIENT_5","2024",521.809,,,"R1:3513"
"CZE","BA:149","EMP_TEMP_SEX_GAI_NB","SEX_M","GAI_GRADIENT_X","2024",1792.971,,,"R1:3513"
"CZE","BA:149","EMP_TEMP_SEX_GAI_NB","SEX_F","GAI_GRADIENT_TOTAL","2024",2346.811,,,"R1:3513"
"CZE","BA:149","EMP_TEMP_SEX_GAI_NB","SEX_F","GAI_GRADIENT_4","2024",182.08,,,"R1:3513"
"CZE","BA:149","EMP_TEMP_SEX_GAI_NB","SEX_F","GAI_GRADIENT_3","2024",248.061,,,"R1:3513"
"CZE","BA:149","EMP_TEMP_SEX_GAI_NB","SEX_F","GAI_GRADIENT_2","2024",132.25,,,"R1:3513"
"CZE","BA:149","EMP_TEMP_SEX_GAI_NB","SEX_F","GAI_GRADIENT_1","2024",188.228,,,"R1:3513"
"CZE","BA:149","EMP_TEMP_SEX_GAI_NB","SEX_F","GAI_GRADIENT_5","2024",503.137,,,"R1:3513"
"CZE","BA:149","EMP_TEMP_SEX_GAI_NB","SEX_F","GAI_GRADIENT_X","2024",1093.055,,,"R1:3513"
"CZE","BA:149","EMP_TEMP_SEX_GAI_NB","SEX_T","GAI_GRADIENT_TOTAL","2023",5060.846,,,"R1:3513"
"CZE","BA:149","EMP_TEMP_SEX_GAI_NB","SEX_T","GAI_GRADIENT_4","2023",207.355,,,"R1:3513"
"CZE","BA:149","EMP_TEMP_SEX_GAI_NB","SEX_T","GAI_GRADIENT_3","2023",421.124,,,"R1:3513"
"CZE","BA:149","EMP_TEMP_SEX_GAI_NB","SEX_T","GAI_GRADIENT_2","2023",313.196,,,"R1:3513"
"CZE","BA:149","EMP_TEMP_SEX_GAI_NB","SEX_T","GAI_GRADIENT_1","2023",285.809,,,"R1:3513"
"CZE","BA:149","EMP_TEMP_SEX_GAI_NB","SEX_T","GAI_GRADIENT_5","2023",997.964,,,"R1:3513"
"CZE","BA:149","EMP_TEMP_SEX_GAI_NB","SEX_T","GAI_GRADIENT_X","2023",2835.398,,,"R1:3513"
"CZE","BA:149","EMP_TEMP_SEX_GAI_NB","SEX_M","GAI_GRADIENT_TOTAL","2023",2836.324,,,"R1:3513"
"CZE","BA:149","EMP_TEMP_SEX_GAI_NB","SEX_M","GAI_GRADIENT_4","2023",35.676,,,"R1:3513"
"CZE","BA:149","EMP_TEMP_SEX_GAI_NB","SEX_M","GAI_GRADIENT_3","2023",204.426,,,"R1:3513"
"CZE","BA:149","EMP_TEMP_SEX_GAI_NB","SEX_M","GAI_GRADIENT_2","2023",184.403,,,"R1:3513"
"CZE","BA:149","EMP_TEMP_SEX_GAI_NB","SEX_M","GAI_GRADIENT_1","2023",103.427,,,"R1:3513"
"CZE","BA:149","EMP_TEMP_SEX_GAI_NB","SEX_M","GAI_GRADIENT_5","2023",530.593,,,"R1:3513"
"CZE","BA:149","EMP_TEMP_SEX_GAI_NB","SEX_M","GAI_GRADIENT_X","2023",1777.799,,,"R1:3513"
"CZE","BA:149","EMP_TEMP_SEX_GAI_NB","SEX_F","GAI_GRADIENT_TOTAL","2023",2224.522,,,"R1:3513"
"CZE","BA:149","EMP_TEMP_SEX_GAI_NB","SEX_F","GAI_GRADIENT_4","2023",171.68,,,"R1:3513"
"CZE","BA:149","EMP_TEMP_SEX_GAI_NB","SEX_F","GAI_GRADIENT_3","2023",216.697,,,"R1:3513"
"CZE","BA:149","EMP_TEMP_SEX_GAI_NB","SEX_F","GAI_GRADIENT_2","2023",128.793,,,"R1:3513"
"CZE","BA:149","EMP_TEMP_SEX_GAI_NB","SEX_F","GAI_GRADIENT_1","2023",182.382,,,"R1:3513"
"CZE","BA:149","EMP_TEMP_SEX_GAI_NB","SEX_F","GAI_GRADIENT_5","2023",467.37,,,"R1:3513"
"CZE","BA:149","EMP_TEMP_SEX_GAI_NB","SEX_F","GAI_GRADIENT_X","2023",1057.599,,,"R1:3513"
"CZE","BA:149","EMP_TEMP_SEX_GAI_NB","SEX_T","GAI_GRADIENT_TOTAL","2022",5169.322,,,"R1:3513"
"CZE","BA:149","EMP_TEMP_SEX_GAI_NB","SEX_T","GAI_GRADIENT_4","2022",287.847,,,"R1:3513"
"CZE","BA:149","EMP_TEMP_SEX_GAI_NB","SEX_T","GAI_GRADIENT_3","2022",424.714,,,"R1:3513"
"CZE","BA:149","EMP_TEMP_SEX_GAI_NB","SEX_T","GAI_GRADIENT_2","2022",343.811,,,"R1:3513"
"CZE","BA:149","EMP_TEMP_SEX_GAI_NB","SEX_T","GAI_GRADIENT_1","2022",295.122,,,"R1:3513"
"CZE","BA:149","EMP_TEMP_SEX_GAI_NB","SEX_T","GAI_GRADIENT_5","2022",1022.83,,,"R1:3513"
"CZE","BA:149","EMP_TEMP_SEX_GAI_NB","SEX_T","GAI_GRADIENT_X","2022",2794.998,,,"R1:3513"
"CZE","BA:149","EMP_TEMP_SEX_GAI_NB","SEX_M","GAI_GRADIENT_TOTAL","2022",2882.008,,,"R1:3513"
"CZE","BA:149","EMP_TEMP_SEX_GAI_NB","SEX_M","GAI_GRADIENT_4","2022",43.172,,,"R1:3513"
"CZE","BA:149","EMP_TEMP_SEX_GAI_NB","SEX_M","GAI_GRADIENT_3","2022",198.187,,,"R1:3513"
"CZE","BA:149","EMP_TEMP_SEX_GAI_NB","SEX_M","GAI_GRADIENT_2","2022",212.878,,,"R1:3513"
"CZE","BA:149","EMP_TEMP_SEX_GAI_NB","SEX_M","GAI_GRADIENT_1","2022",108.073,,,"R1:3513"
"CZE","BA:149","EMP_TEMP_SEX_GAI_NB","SEX_M","GAI_GRADIENT_5","2022",552.199,,,"R1:3513"
"CZE","BA:149","EMP_TEMP_SEX_GAI_NB","SEX_M","GAI_GRADIENT_X","2022",1767.5,,,"R1:3513"
"CZE","BA:149","EMP_TEMP_SEX_GAI_NB","SEX_F","GAI_GRADIENT_TOTAL","2022",2287.314,,,"R1:3513"
"CZE","BA:149","EMP_TEMP_SEX_GAI_NB","SEX_F","GAI_GRADIENT_4","2022",244.675,,,"R1:3513"
"CZE","BA:149","EMP_TEMP_SEX_GAI_NB","SEX_F","GAI_GRADIENT_3","2022",226.527,,,"R1:3513"
"CZE","BA:149","EMP_TEMP_SEX_GAI_NB","SEX_F","GAI_GRADIENT_2","2022",130.933,,,"R1:3513"
"CZE","BA:149","EMP_TEMP_SEX_GAI_NB","SEX_F","GAI_GRADIENT_1","2022",187.05,,,"R1:3513"
"CZE","BA:149","EMP_TEMP_SEX_GAI_NB","SEX_F","GAI_GRADIENT_5","2022",470.631,,,"R1:3513"
"CZE","BA:149","EMP_TEMP_SEX_GAI_NB","SEX_F","GAI_GRADIENT_X","2022",1027.498,,,"R1:3513"
"CZE","BA:149","EMP_TEMP_SEX_GAI_NB","SEX_T","GAI_GRADIENT_TOTAL","2021",5218.97,,,"R1:3513"
"CZE","BA:149","EMP_TEMP_SEX_GAI_NB","SEX_T","GAI_GRADIENT_4","2021",315.819,,,"R1:3513"
"CZE","BA:149","EMP_TEMP_SEX_GAI_NB","SEX_T","GAI_GRADIENT_3","2021",427.403,,,"R1:3513"
"CZE","BA:149","EMP_TEMP_SEX_GAI_NB","SEX_T","GAI_GRADIENT_2","2021",368.433,,,"R1:3513"
"CZE","BA:149","EMP_TEMP_SEX_GAI_NB","SEX_T","GAI_GRADIENT_1","2021",300.675,,,"R1:3513"
"CZE","BA:149","EMP_TEMP_SEX_GAI_NB","SEX_T","GAI_GRADIENT_5","2021",1046.934,,,"R1:3513"
"CZE","BA:149","EMP_TEMP_SEX_GAI_NB","SEX_T","GAI_GRADIENT_X","2021",2759.706,,,"R1:3513"
"CZE","BA:149","EMP_TEMP_SEX_GAI_NB","SEX_M","GAI_GRADIENT_TOTAL","2021",2919.121,,,"R1:3513"
"CZE","BA:149","EMP_TEMP_SEX_GAI_NB","SEX_M","GAI_GRADIENT_4","2021",49.174,,,"R1:3513"
"CZE","BA:149","EMP_TEMP_SEX_GAI_NB","SEX_M","GAI_GRADIENT_3","2021",205.751,,,"R1:3513"
"CZE","BA:149","EMP_TEMP_SEX_GAI_NB","SEX_M","GAI_GRADIENT_2","2021",228.579,,,"R1:3513"
"CZE","BA:149","EMP_TEMP_SEX_GAI_NB","SEX_M","GAI_GRADIENT_1","2021",108.033,,,"R1:3513"
"CZE","BA:149","EMP_TEMP_SEX_GAI_NB","SEX_M","GAI_GRADIENT_5","2021",566.666,,,"R1:3513"
"CZE","BA:149","EMP_TEMP_SEX_GAI_NB","SEX_M","GAI_GRADIENT_X","2021",1760.918,,,"R1:3513"
"CZE","BA:149","EMP_TEMP_SEX_GAI_NB","SEX_F","GAI_GRADIENT_TOTAL","2021",2299.849,,,"R1:3513"
"CZE","BA:149","EMP_TEMP_SEX_GAI_NB","SEX_F","GAI_GRADIENT_4","2021",266.645,,,"R1:3513"
"CZE","BA:149","EMP_TEMP_SEX_GAI_NB","SEX_F","GAI_GRADIENT_3","2021",221.652,,,"R1:3513"
"CZE","BA:149","EMP_TEMP_SEX_GAI_NB","SEX_F","GAI_GRADIENT_2","2021",139.854,,,"R1:3513"
"CZE","BA:149","EMP_TEMP_SEX_GAI_NB","SEX_F","GAI_GRADIENT_1","2021",192.642,,,"R1:3513"
"CZE","BA:149","EMP_TEMP_SEX_GAI_NB","SEX_F","GAI_GRADIENT_5","2021",480.268,,,"R1:3513"
"CZE","BA:149","EMP_TEMP_SEX_GAI_NB","SEX_F","GAI_GRADIENT_X","2021",998.788,,,"R1:3513"
"CZE","BA:149","EMP_TEMP_SEX_GAI_NB","SEX_T","GAI_GRADIENT_TOTAL","2020",5235.144,,,"R1:3513"
"CZE","BA:149","EMP_TEMP_SEX_GAI_NB","SEX_T","GAI_GRADIENT_4","2020",300.247,,,"R1:3513"
"CZE","BA:149","EMP_TEMP_SEX_GAI_NB","SEX_T","GAI_GRADIENT_3","2020",423.086,,,"R1:3513"
"CZE","BA:149","EMP_TEMP_SEX_GAI_NB","SEX_T","GAI_GRADIENT_2","2020",367.454,,,"R1:3513"
"CZE","BA:149","EMP_TEMP_SEX_GAI_NB","SEX_T","GAI_GRADIENT_1","2020",302.382,,,"R1:3513"
"CZE","BA:149","EMP_TEMP_SEX_GAI_NB","SEX_T","GAI_GRADIENT_5","2020",1038.024,,,"R1:3513"
"CZE","BA:149","EMP_TEMP_SEX_GAI_NB","SEX_T","GAI_GRADIENT_X","2020",2803.951,,,"R1:3513"
"CZE","BA:149","EMP_TEMP_SEX_GAI_NB","SEX_M","GAI_GRADIENT_TOTAL","2020",2928.443,,,"R1:3513"
"CZE","BA:149","EMP_TEMP_SEX_GAI_NB","SEX_M","GAI_GRADIENT_4","2020",42.891,,,"R1:3513"
"CZE","BA:149","EMP_TEMP_SEX_GAI_NB","SEX_M","GAI_GRADIENT_3","2020",200.01,,,"R1:3513"
"CZE","BA:149","EMP_TEMP_SEX_GAI_NB","SEX_M","GAI_GRADIENT_2","2020",220.742,,,"R1:3513"
"CZE","BA:149","EMP_TEMP_SEX_GAI_NB","SEX_M","GAI_GRADIENT_1","2020",106.385,,,"R1:3513"
"CZE","BA:149","EMP_TEMP_SEX_GAI_NB","SEX_M","GAI_GRADIENT_5","2020",555.322,,,"R1:3513"
"CZE","BA:149","EMP_TEMP_SEX_GAI_NB","SEX_M","GAI_GRADIENT_X","2020",1803.095,,,"R1:3513"
"CZE","BA:149","EMP_TEMP_SEX_GAI_NB","SEX_F","GAI_GRADIENT_TOTAL","2020",2306.7,,,"R1:3513"
"CZE","BA:149","EMP_TEMP_SEX_GAI_NB","SEX_F","GAI_GRADIENT_4","2020",257.356,,,"R1:3513"
"CZE","BA:149","EMP_TEMP_SEX_GAI_NB","SEX_F","GAI_GRADIENT_3","2020",223.076,,,"R1:3513"
"CZE","BA:149","EMP_TEMP_SEX_GAI_NB","SEX_F","GAI_GRADIENT_2","2020",146.713,,,"R1:3513"
"CZE","BA:149","EMP_TEMP_SEX_GAI_NB","SEX_F","GAI_GRADIENT_1","2020",195.998,,,"R1:3513"
"CZE","BA:149","EMP_TEMP_SEX_GAI_NB","SEX_F","GAI_GRADIENT_5","2020",482.702,,,"R1:3513"
"CZE","BA:149","EMP_TEMP_SEX_GAI_NB","SEX_F","GAI_GRADIENT_X","2020",1000.856,,,"R1:3513"
"CZE","BA:149","EMP_TEMP_SEX_GAI_NB","SEX_T","GAI_GRADIENT_TOTAL","2019",5303.096,,,"R1:3513"
"CZE","BA:149","EMP_TEMP_SEX_GAI_NB","SEX_T","GAI_GRADIENT_4","2019",308.042,,,"R1:3513"
"CZE","BA:149","EMP_TEMP_SEX_GAI_NB","SEX_T","GAI_GRADIENT_3","2019",422.712,,,"R1:3513"
"CZE","BA:149","EMP_TEMP_SEX_GAI_NB","SEX_T","GAI_GRADIENT_2","2019",376.13,,,"R1:3513"
"CZE","BA:149","EMP_TEMP_SEX_GAI_NB","SEX_T","GAI_GRADIENT_1","2019",311.717,,,"R1:3513"
"CZE","BA:149","EMP_TEMP_SEX_GAI_NB","SEX_T","GAI_GRADIENT_5","2019",1064.613,,,"R1:3513"
"CZE","BA:149","EMP_TEMP_SEX_GAI_NB","SEX_T","GAI_GRADIENT_X","2019",2819.883,,,"R1:3513"
"CZE","BA:149","EMP_TEMP_SEX_GAI_NB","SEX_M","GAI_GRADIENT_TOTAL","2019",2950.744,,,"R1:3513"
"CZE","BA:149","EMP_TEMP_SEX_GAI_NB","SEX_M","GAI_GRADIENT_4","2019",46.24,,,"R1:3513"
"CZE","BA:149","EMP_TEMP_SEX_GAI_NB","SEX_M","GAI_GRADIENT_3","2019",192.001,,,"R1:3513"
"CZE","BA:149","EMP_TEMP_SEX_GAI_NB","SEX_M","GAI_GRADIENT_2","2019",222.992,,,"R1:3513"
"CZE","BA:149","EMP_TEMP_SEX_GAI_NB","SEX_M","GAI_GRADIENT_1","2019",108.941,,,"R1:3513"
"CZE","BA:149","EMP_TEMP_SEX_GAI_NB","SEX_M","GAI_GRADIENT_5","2019",575.506,,,"R1:3513"
"CZE","BA:149","EMP_TEMP_SEX_GAI_NB","SEX_M","GAI_GRADIENT_X","2019",1805.063,,,"R1:3513"
"CZE","BA:149","EMP_TEMP_SEX_GAI_NB","SEX_F","GAI_GRADIENT_TOTAL","2019",2352.352,,,"R1:3513"
"CZE","BA:149","EMP_TEMP_SEX_GAI_NB","SEX_F","GAI_GRADIENT_4","2019",261.801,,,"R1:3513"
"CZE","BA:149","EMP_TEMP_SEX_GAI_NB","SEX_F","GAI_GRADIENT_3","2019",230.711,,,"R1:3513"
"CZE","BA:149","EMP_TEMP_SEX_GAI_NB","SEX_F","GAI_GRADIENT_2","2019",153.138,,,"R1:3513"
"CZE","BA:149","EMP_TEMP_SEX_GAI_NB","SEX_F","GAI_GRADIENT_1","2019",202.776,,,"R1:3513"
"CZE","BA:149","EMP_TEMP_SEX_GAI_NB","SEX_F","GAI_GRADIENT_5","2019",489.107,,,"R1:3513"
"CZE","BA:149","EMP_TEMP_SEX_GAI_NB","SEX_F","GAI_GRADIENT_X","2019",1014.819,,,"R1:3513"
"CZE","BA:149","EMP_TEMP_SEX_GAI_NB","SEX_T","GAI_GRADIENT_TOTAL","2018",5293.789,,,"R1:3513"
"CZE","BA:149","EMP_TEMP_SEX_GAI_NB","SEX_T","GAI_GRADIENT_4","2018",300.752,,,"R1:3513"
"CZE","BA:149","EMP_TEMP_SEX_GAI_NB","SEX_T","GAI_GRADIENT_3","2018",428.688,,,"R1:3513"
"CZE","BA:149","EMP_TEMP_SEX_GAI_NB","SEX_T","GAI_GRADIENT_2","2018",384.217,,,"R1:3513"
"CZE","BA:149","EMP_TEMP_SEX_GAI_NB","SEX_T","GAI_GRADIENT_1","2018",315.231,,,"R1:3513"
"CZE","BA:149","EMP_TEMP_SEX_GAI_NB","SEX_T","GAI_GRADIENT_5","2018",1047.989,,,"R1:3513"
"CZE","BA:149","EMP_TEMP_SEX_GAI_NB","SEX_T","GAI_GRADIENT_X","2018",2816.912,,,"R1:3513"
"CZE","BA:149","EMP_TEMP_SEX_GAI_NB","SEX_M","GAI_GRADIENT_TOTAL","2018",2946.467,,,"R1:3513"
"CZE","BA:149","EMP_TEMP_SEX_GAI_NB","SEX_M","GAI_GRADIENT_4","2018",42.886,,,"R1:3513"
"CZE","BA:149","EMP_TEMP_SEX_GAI_NB","SEX_M","GAI_GRADIENT_3","2018",191.385,,,"R1:3513"
"CZE","BA:149","EMP_TEMP_SEX_GAI_NB","SEX_M","GAI_GRADIENT_2","2018",236.854,,,"R1:3513"
"CZE","BA:149","EMP_TEMP_SEX_GAI_NB","SEX_M","GAI_GRADIENT_1","2018",112.28,,,"R1:3513"
"CZE","BA:149","EMP_TEMP_SEX_GAI_NB","SEX_M","GAI_GRADIENT_5","2018",558.83,,,"R1:3513"
"CZE","BA:149","EMP_TEMP_SEX_GAI_NB","SEX_M","GAI_GRADIENT_X","2018",1804.232,,,"R1:3513"
"CZE","BA:149","EMP_TEMP_SEX_GAI_NB","SEX_F","GAI_GRADIENT_TOTAL","2018",2347.322,,,"R1:3513"
"CZE","BA:149","EMP_TEMP_SEX_GAI_NB","SEX_F","GAI_GRADIENT_4","2018",257.866,,,"R1:3513"
"CZE","BA:149","EMP_TEMP_SEX_GAI_NB","SEX_F","GAI_GRADIENT_3","2018",237.303,,,"R1:3513"
"CZE","BA:149","EMP_TEMP_SEX_GAI_NB","SEX_F","GAI_GRADIENT_2","2018",147.364,,,"R1:3513"
"CZE","BA:149","EMP_TEMP_SEX_GAI_NB","SEX_F","GAI_GRADIENT_1","2018",202.951,,,"R1:3513"
"CZE","BA:149","EMP_TEMP_SEX_GAI_NB","SEX_F","GAI_GRADIENT_5","2018",489.159,,,"R1:3513"
"CZE","BA:149","EMP_TEMP_SEX_GAI_NB","SEX_F","GAI_GRADIENT_X","2018",1012.68,,,"R1:3513"
"CZE","BA:149","EMP_TEMP_SEX_GAI_NB","SEX_T","GAI_GRADIENT_TOTAL","2017",5221.605,,,"R1:3513"
"CZE","BA:149","EMP_TEMP_SEX_GAI_NB","SEX_T","GAI_GRADIENT_4","2017",298.988,,,"R1:3513"
"CZE","BA:149","EMP_TEMP_SEX_GAI_NB","SEX_T","GAI_GRADIENT_3","2017",417.74,,,"R1:3513"
"CZE","BA:149","EMP_TEMP_SEX_GAI_NB","SEX_T","GAI_GRADIENT_2","2017",372.883,,,"R1:3513"
"CZE","BA:149","EMP_TEMP_SEX_GAI_NB","SEX_T","GAI_GRADIENT_1","2017",310.021,,,"R1:3513"
"CZE","BA:149","EMP_TEMP_SEX_GAI_NB","SEX_T","GAI_GRADIENT_5","2017",1050.43,,,"R1:3513"
"CZE","BA:149","EMP_TEMP_SEX_GAI_NB","SEX_T","GAI_GRADIENT_X","2017",2771.543,,,"R1:3513"
"CZE","BA:149","EMP_TEMP_SEX_GAI_NB","SEX_M","GAI_GRADIENT_TOTAL","2017",2915.762,,,"R1:3513"
"CZE","BA:149","EMP_TEMP_SEX_GAI_NB","SEX_M","GAI_GRADIENT_4","2017",38.876,,,"R1:3513"
"CZE","BA:149","EMP_TEMP_SEX_GAI_NB","SEX_M","GAI_GRADIENT_3","2017",183.373,,,"R1:3513"
"CZE","BA:149","EMP_TEMP_SEX_GAI_NB","SEX_M","GAI_GRADIENT_2","2017",225.749,,,"R1:3513"
"CZE","BA:149","EMP_TEMP_SEX_GAI_NB","SEX_M","GAI_GRADIENT_1","2017",105.223,,,"R1:3513"
"CZE","BA:149","EMP_TEMP_SEX_GAI_NB","SEX_M","GAI_GRADIENT_5","2017",576.373,,,"R1:3513"
"CZE","BA:149","EMP_TEMP_SEX_GAI_NB","SEX_M","GAI_GRADIENT_X","2017",1786.169,,,"R1:3513"
"CZE","BA:149","EMP_TEMP_SEX_GAI_NB","SEX_F","GAI_GRADIENT_TOTAL","2017",2305.842,,,"R1:3513"
"CZE","BA:149","EMP_TEMP_SEX_GAI_NB","SEX_F","GAI_GRADIENT_4","2017",260.111,,,"R1:3513"
"CZE","BA:149","EMP_TEMP_SEX_GAI_NB","SEX_F","GAI_GRADIENT_3","2017",234.367,,,"R1:3513"
"CZE","BA:149","EMP_TEMP_SEX_GAI_NB","SEX_F","GAI_GRADIENT_2","2017",147.135,,,"R1:3513"
"CZE","BA:149","EMP_TEMP_SEX_GAI_NB","SEX_F","GAI_GRADIENT_1","2017",204.798,,,"R1:3513"
"CZE","BA:149","EMP_TEMP_SEX_GAI_NB","SEX_F","GAI_GRADIENT_5","2017",474.058,,,"R1:3513"
"CZE","BA:149","EMP_TEMP_SEX_GAI_NB","SEX_F","GAI_GRADIENT_X","2017",985.374,,,"R1:3513"
"CZE","BA:149","EMP_TEMP_SEX_GAI_NB","SEX_T","GAI_GRADIENT_TOTAL","2016",5138.578,,,"R1:3513"
"CZE","BA:149","EMP_TEMP_SEX_GAI_NB","SEX_T","GAI_GRADIENT_4","2016",291.47,,,"R1:3513"
"CZE","BA:149","EMP_TEMP_SEX_GAI_NB","SEX_T","GAI_GRADIENT_3","2016",393.917,,,"R1:3513"
"CZE","BA:149","EMP_TEMP_SEX_GAI_NB","SEX_T","GAI_GRADIENT_2","2016",382.031,,,"R1:3513"
"CZE","BA:149","EMP_TEMP_SEX_GAI_NB","SEX_T","GAI_GRADIENT_1","2016",316.869,,,"R1:3513"
"CZE","BA:149","EMP_TEMP_SEX_GAI_NB","SEX_T","GAI_GRADIENT_5","2016",1018.383,,,"R1:3513"
"CZE","BA:149","EMP_TEMP_SEX_GAI_NB","SEX_T","GAI_GRADIENT_X","2016",2735.908,,,"R1:3513"
"CZE","BA:149","EMP_TEMP_SEX_GAI_NB","SEX_M","GAI_GRADIENT_TOTAL","2016",2876.659,,,"R1:3513"
"CZE","BA:149","EMP_TEMP_SEX_GAI_NB","SEX_M","GAI_GRADIENT_4","2016",35.86,,,"R1:3513"
"CZE","BA:149","EMP_TEMP_SEX_GAI_NB","SEX_M","GAI_GRADIENT_3","2016",169.357,,,"R1:3513"
"CZE","BA:149","EMP_TEMP_SEX_GAI_NB","SEX_M","GAI_GRADIENT_2","2016",227.446,,,"R1:3513"
"CZE","BA:149","EMP_TEMP_SEX_GAI_NB","SEX_M","GAI_GRADIENT_1","2016",103.762,,,"R1:3513"
"CZE","BA:149","EMP_TEMP_SEX_GAI_NB","SEX_M","GAI_GRADIENT_5","2016",569.886,,,"R1:3513"
"CZE","BA:149","EMP_TEMP_SEX_GAI_NB","SEX_M","GAI_GRADIENT_X","2016",1770.348,,,"R1:3513"
"CZE","BA:149","EMP_TEMP_SEX_GAI_NB","SEX_F","GAI_GRADIENT_TOTAL","2016",2261.919,,,"R1:3513"
"CZE","BA:149","EMP_TEMP_SEX_GAI_NB","SEX_F","GAI_GRADIENT_4","2016",255.61,,,"R1:3513"
"CZE","BA:149","EMP_TEMP_SEX_GAI_NB","SEX_F","GAI_GRADIENT_3","2016",224.56,,,"R1:3513"
"CZE","BA:149","EMP_TEMP_SEX_GAI_NB","SEX_F","GAI_GRADIENT_2","2016",154.585,,,"R1:3513"
"CZE","BA:149","EMP_TEMP_SEX_GAI_NB","SEX_F","GAI_GRADIENT_1","2016",213.107,,,"R1:3513"
"CZE","BA:149","EMP_TEMP_SEX_GAI_NB","SEX_F","GAI_GRADIENT_5","2016",448.497,,,"R1:3513"
"CZE","BA:149","EMP_TEMP_SEX_GAI_NB","SEX_F","GAI_GRADIENT_X","2016",965.56,,,"R1:3513"
"CZE","BA:149","EMP_TEMP_SEX_GAI_NB","SEX_T","GAI_GRADIENT_TOTAL","2015",5041.903,,,"R1:3513"
"CZE","BA:149","EMP_TEMP_SEX_GAI_NB","SEX_T","GAI_GRADIENT_4","2015",284.274,,,"R1:3513"
"CZE","BA:149","EMP_TEMP_SEX_GAI_NB","SEX_T","GAI_GRADIENT_3","2015",374.091,,,"R1:3513"
"CZE","BA:149","EMP_TEMP_SEX_GAI_NB","SEX_T","GAI_GRADIENT_2","2015",380.184,,,"R1:3513"
"CZE","BA:149","EMP_TEMP_SEX_GAI_NB","SEX_T","GAI_GRADIENT_1","2015",319.466,,,"R1:3513"
"CZE","BA:149","EMP_TEMP_SEX_GAI_NB","SEX_T","GAI_GRADIENT_5","2015",1004.813,,,"R1:3513"
"CZE","BA:149","EMP_TEMP_SEX_GAI_NB","SEX_T","GAI_GRADIENT_X","2015",2679.075,,,"R1:3513"
"CZE","BA:149","EMP_TEMP_SEX_GAI_NB","SEX_M","GAI_GRADIENT_TOTAL","2015",2837.313,,,"R1:3513"
"CZE","BA:149","EMP_TEMP_SEX_GAI_NB","SEX_M","GAI_GRADIENT_4","2015",38.431,,,"R1:3513"
"CZE","BA:149","EMP_TEMP_SEX_GAI_NB","SEX_M","GAI_GRADIENT_3","2015",164.471,,,"R1:3513"
"CZE","BA:149","EMP_TEMP_SEX_GAI_NB","SEX_M","GAI_GRADIENT_2","2015",228.791,,,"R1:3513"
"CZE","BA:149","EMP_TEMP_SEX_GAI_NB","SEX_M","GAI_GRADIENT_1","2015",103.921,,,"R1:3513"
"CZE","BA:149","EMP_TEMP_SEX_GAI_NB","SEX_M","GAI_GRADIENT_5","2015",556.465,,,"R1:3513"
"CZE","BA:149","EMP_TEMP_SEX_GAI_NB","SEX_M","GAI_GRADIENT_X","2015",1745.234,,,"R1:3513"
"CZE","BA:149","EMP_TEMP_SEX_GAI_NB","SEX_F","GAI_GRADIENT_TOTAL","2015",2204.59,,,"R1:3513"
"CZE","BA:149","EMP_TEMP_SEX_GAI_NB","SEX_F","GAI_GRADIENT_4","2015",245.844,,,"R1:3513"
"CZE","BA:149","EMP_TEMP_SEX_GAI_NB","SEX_F","GAI_GRADIENT_3","2015",209.62,,,"R1:3513"
"CZE","BA:149","EMP_TEMP_SEX_GAI_NB","SEX_F","GAI_GRADIENT_2","2015",151.393,,,"R1:3513"
"CZE","BA:149","EMP_TEMP_SEX_GAI_NB","SEX_F","GAI_GRADIENT_1","2015",215.545,,,"R1:3513"
"CZE","BA:149","EMP_TEMP_SEX_GAI_NB","SEX_F","GAI_GRADIENT_5","2015",448.347,,,"R1:3513"
"CZE","BA:149","EMP_TEMP_SEX_GAI_NB","SEX_F","GAI_GRADIENT_X","2015",933.841,,,"R1:3513"
"CZE","BA:149","EMP_TEMP_SEX_GAI_NB","SEX_T","GAI_GRADIENT_TOTAL","2014",4974.295,,,"R1:3513"
"CZE","BA:149","EMP_TEMP_SEX_GAI_NB","SEX_T","GAI_GRADIENT_4","2014",273.936,,,"R1:3513"
"CZE","BA:149","EMP_TEMP_SEX_GAI_NB","SEX_T","GAI_GRADIENT_3","2014",377.309,,,"R1:3513"
"CZE","BA:149","EMP_TEMP_SEX_GAI_NB","SEX_T","GAI_GRADIENT_2","2014",387.263,,,"R1:3513"
"CZE","BA:149","EMP_TEMP_SEX_GAI_NB","SEX_T","GAI_GRADIENT_1","2014",301.086,,,"R1:3513"
"CZE","BA:149","EMP_TEMP_SEX_GAI_NB","SEX_T","GAI_GRADIENT_5","2014",966.112,,,"R1:3513"
"CZE","BA:149","EMP_TEMP_SEX_GAI_NB","SEX_T","GAI_GRADIENT_X","2014",2668.589,,,"R1:3513"
"CZE","BA:149","EMP_TEMP_SEX_GAI_NB","SEX_M","GAI_GRADIENT_TOTAL","2014",2816.96,,,"R1:3513"
"CZE","BA:149","EMP_TEMP_SEX_GAI_NB","SEX_M","GAI_GRADIENT_4","2014",36.769,,,"R1:3513"
"CZE","BA:149","EMP_TEMP_SEX_GAI_NB","SEX_M","GAI_GRADIENT_3","2014",168.878,,,"R1:3513"
"CZE","BA:149","EMP_TEMP_SEX_GAI_NB","SEX_M","GAI_GRADIENT_2","2014",233.583,,,"R1:3513"
"CZE","BA:149","EMP_TEMP_SEX_GAI_NB","SEX_M","GAI_GRADIENT_1","2014",98.368,,,"R1:3513"
"CZE","BA:149","EMP_TEMP_SEX_GAI_NB","SEX_M","GAI_GRADIENT_5","2014",540.922,,,"R1:3513"
"CZE","BA:149","EMP_TEMP_SEX_GAI_NB","SEX_M","GAI_GRADIENT_X","2014",1738.44,,,"R1:3513"
"CZE","BA:149","EMP_TEMP_SEX_GAI_NB","SEX_F","GAI_GRADIENT_TOTAL","2014",2157.335,,,"R1:3513"
"CZE","BA:149","EMP_TEMP_SEX_GAI_NB","SEX_F","GAI_GRADIENT_4","2014",237.167,,,"R1:3513"
"CZE","BA:149","EMP_TEMP_SEX_GAI_NB","SEX_F","GAI_GRADIENT_3","2014",208.431,,,"R1:3513"
"CZE","BA:149","EMP_TEMP_SEX_GAI_NB","SEX_F","GAI_GRADIENT_2","2014",153.679,,,"R1:3513"
"CZE","BA:149","EMP_TEMP_SEX_GAI_NB","SEX_F","GAI_GRADIENT_1","2014",202.719,,,"R1:3513"
"CZE","BA:149","EMP_TEMP_SEX_GAI_NB","SEX_F","GAI_GRADIENT_5","2014",425.19,,,"R1:3513"
"CZE","BA:149","EMP_TEMP_SEX_GAI_NB","SEX_F","GAI_GRADIENT_X","2014",930.149,,,"R1:3513"
"CZE","BA:149","EMP_TEMP_SEX_GAI_NB","SEX_T","GAI_GRADIENT_TOTAL","2013",4937.084,,,"R1:3513"
"CZE","BA:149","EMP_TEMP_SEX_GAI_NB","SEX_T","GAI_GRADIENT_4","2013",284.583,,,"R1:3513"
"CZE","BA:149","EMP_TEMP_SEX_GAI_NB","SEX_T","GAI_GRADIENT_3","2013",382.793,,,"R1:3513"
"CZE","BA:149","EMP_TEMP_SEX_GAI_NB","SEX_T","GAI_GRADIENT_2","2013",389.65,,,"R1:3513"
"CZE","BA:149","EMP_TEMP_SEX_GAI_NB","SEX_T","GAI_GRADIENT_1","2013",322.501,,,"R1:3513"
"CZE","BA:149","EMP_TEMP_SEX_GAI_NB","SEX_T","GAI_GRADIENT_5","2013",931.446,,,"R1:3513"
"CZE","BA:149","EMP_TEMP_SEX_GAI_NB","SEX_T","GAI_GRADIENT_X","2013",2626.11,,,"R1:3513"
"CZE","BA:149","EMP_TEMP_SEX_GAI_NB","SEX_M","GAI_GRADIENT_TOTAL","2013",2794.047,,,"R1:3513"
"CZE","BA:149","EMP_TEMP_SEX_GAI_NB","SEX_M","GAI_GRADIENT_4","2013",43.458,,,"R1:3513"
"CZE","BA:149","EMP_TEMP_SEX_GAI_NB","SEX_M","GAI_GRADIENT_3","2013",161.973,,,"R1:3513"
"CZE","BA:149","EMP_TEMP_SEX_GAI_NB","SEX_M","GAI_GRADIENT_2","2013",239.493,,,"R1:3513"
"CZE","BA:149","EMP_TEMP_SEX_GAI_NB","SEX_M","GAI_GRADIENT_1","2013",99.965,,,"R1:3513"
"CZE","BA:149","EMP_TEMP_SEX_GAI_NB","SEX_M","GAI_GRADIENT_5","2013",533.462,,,"R1:3513"
"CZE","BA:149","EMP_TEMP_SEX_GAI_NB","SEX_M","GAI_GRADIENT_X","2013",1715.696,,,"R1:3513"
"CZE","BA:149","EMP_TEMP_SEX_GAI_NB","SEX_F","GAI_GRADIENT_TOTAL","2013",2143.037,,,"R1:3513"
"CZE","BA:149","EMP_TEMP_SEX_GAI_NB","SEX_F","GAI_GRADIENT_4","2013",241.125,,,"R1:3513"
"CZE","BA:149","EMP_TEMP_SEX_GAI_NB","SEX_F","GAI_GRADIENT_3","2013",220.82,,,"R1:3513"
"CZE","BA:149","EMP_TEMP_SEX_GAI_NB","SEX_F","GAI_GRADIENT_2","2013",150.158,,,"R1:3513"
"CZE","BA:149","EMP_TEMP_SEX_GAI_NB","SEX_F","GAI_GRADIENT_1","2013",222.536,,,"R1:3513"
"CZE","BA:149","EMP_TEMP_SEX_GAI_NB","SEX_F","GAI_GRADIENT_5","2013",397.985,,,"R1:3513"
"CZE","BA:149","EMP_TEMP_SEX_GAI_NB","SEX_F","GAI_GRADIENT_X","2013",910.414,,,"R1:3513"
"CZE","BA:149","EMP_TEMP_SEX_GAI_NB","SEX_T","GAI_GRADIENT_TOTAL","2012",4890.053,,,"R1:3513"
"CZE","BA:149","EMP_TEMP_SEX_GAI_NB","SEX_T","GAI_GRADIENT_4","2012",268.127,,,"R1:3513"
"CZE","BA:149","EMP_TEMP_SEX_GAI_NB","SEX_T","GAI_GRADIENT_3","2012",371.416,,,"R1:3513"
"CZE","BA:149","EMP_TEMP_SEX_GAI_NB","SEX_T","GAI_GRADIENT_2","2012",369.276,,,"R1:3513"
"CZE","BA:149","EMP_TEMP_SEX_GAI_NB","SEX_T","GAI_GRADIENT_1","2012",328.022,,,"R1:3513"
"CZE","BA:149","EMP_TEMP_SEX_GAI_NB","SEX_T","GAI_GRADIENT_5","2012",924.831,,,"R1:3513"
"CZE","BA:149","EMP_TEMP_SEX_GAI_NB","SEX_T","GAI_GRADIENT_X","2012",2628.382,,,"R1:3513"
"CZE","BA:149","EMP_TEMP_SEX_GAI_NB","SEX_M","GAI_GRADIENT_TOTAL","2012",2778.566,,,"R1:3513"
"CZE","BA:149","EMP_TEMP_SEX_GAI_NB","SEX_M","GAI_GRADIENT_4","2012",43.446,,,"R1:3513"
"CZE","BA:149","EMP_TEMP_SEX_GAI_NB","SEX_M","GAI_GRADIENT_3","2012",159.138,,,"R1:3513"
"CZE","BA:149","EMP_TEMP_SEX_GAI_NB","SEX_M","GAI_GRADIENT_2","2012",220.581,,,"R1:3513"
"CZE","BA:149","EMP_TEMP_SEX_GAI_NB","SEX_M","GAI_GRADIENT_1","2012",104.519,,,"R1:3513"
"CZE","BA:149","EMP_TEMP_SEX_GAI_NB","SEX_M","GAI_GRADIENT_5","2012",533.702,,,"R1:3513"
"CZE","BA:149","EMP_TEMP_SEX_GAI_NB","SEX_M","GAI_GRADIENT_X","2012",1717.181,,,"R1:3513"
"CZE","BA:149","EMP_TEMP_SEX_GAI_NB","SEX_F","GAI_GRADIENT_TOTAL","2012",2111.487,,,"R1:3513"
"CZE","BA:149","EMP_TEMP_SEX_GAI_NB","SEX_F","GAI_GRADIENT_4","2012",224.681,,,"R1:3513"
"CZE","BA:149","EMP_TEMP_SEX_GAI_NB","SEX_F","GAI_GRADIENT_3","2012",212.278,,,"R1:3513"
"CZE","BA:149","EMP_TEMP_SEX_GAI_NB","SEX_F","GAI_GRADIENT_2","2012",148.695,,,"R1:3513"
"CZE","BA:149","EMP_TEMP_SEX_GAI_NB","SEX_F","GAI_GRADIENT_1","2012",223.503,,,"R1:3513"
"CZE","BA:149","EMP_TEMP_SEX_GAI_NB","SEX_F","GAI_GRADIENT_5","2012",391.13,,,"R1:3513"
"CZE","BA:149","EMP_TEMP_SEX_GAI_NB","SEX_F","GAI_GRADIENT_X","2012",911.201,,,"R1:3513"
"CZE","BA:149","EMP_TEMP_SEX_GAI_NB","SEX_T","GAI_GRADIENT_TOTAL","2011",4872.406,,,"R1:3513"
"CZE","BA:149","EMP_TEMP_SEX_GAI_NB","SEX_T","GAI_GRADIENT_4","2011",260.645,,,"R1:3513"
"CZE","BA:149","EMP_TEMP_SEX_GAI_NB","SEX_T","GAI_GRADIENT_3","2011",373.674,,,"R1:3513"
"CZE","BA:149","EMP_TEMP_SEX_GAI_NB","SEX_T","GAI_GRADIENT_2","2011",372.702,,,"R1:3513"
"CZE","BA:149","EMP_TEMP_SEX_GAI_NB","SEX_T","GAI_GRADIENT_1","2011",337.647,,,"R1:3513"
"CZE","BA:149","EMP_TEMP_SEX_GAI_NB","SEX_T","GAI_GRADIENT_5","2011",944.137,,,"R1:3513"
"CZE","BA:149","EMP_TEMP_SEX_GAI_NB","SEX_T","GAI_GRADIENT_X","2011",2583.601,,,"R1:3513"
"CZE","BA:149","EMP_TEMP_SEX_GAI_NB","SEX_M","GAI_GRADIENT_TOTAL","2011",2777.336,,,"R1:3513"
"CZE","BA:149","EMP_TEMP_SEX_GAI_NB","SEX_M","GAI_GRADIENT_4","2011",40.636,,,"R1:3513"
"CZE","BA:149","EMP_TEMP_SEX_GAI_NB","SEX_M","GAI_GRADIENT_3","2011",160.243,,,"R1:3513"
"CZE","BA:149","EMP_TEMP_SEX_GAI_NB","SEX_M","GAI_GRADIENT_2","2011",226.281,,,"R1:3513"
"CZE","BA:149","EMP_TEMP_SEX_GAI_NB","SEX_M","GAI_GRADIENT_1","2011",100.972,,,"R1:3513"
"CZE","BA:149","EMP_TEMP_SEX_GAI_NB","SEX_M","GAI_GRADIENT_5","2011",550.068,,,"R1:3513"
"CZE","BA:149","EMP_TEMP_SEX_GAI_NB","SEX_M","GAI_GRADIENT_X","2011",1699.137,,,"R1:3513"
"CZE","BA:149","EMP_TEMP_SEX_GAI_NB","SEX_F","GAI_GRADIENT_TOTAL","2011",2095.07,,,"R1:3513"
"CZE","BA:149","EMP_TEMP_SEX_GAI_NB","SEX_F","GAI_GRADIENT_4","2011",220.009,,,"R1:3513"
"CZE","BA:149","EMP_TEMP_SEX_GAI_NB","SEX_F","GAI_GRADIENT_3","2011",213.431,,,"R1:3513"
"CZE","BA:149","EMP_TEMP_SEX_GAI_NB","SEX_F","GAI_GRADIENT_2","2011",146.421,,,"R1:3513"
"CZE","BA:149","EMP_TEMP_SEX_GAI_NB","SEX_F","GAI_GRADIENT_1","2011",236.675,,,"R1:3513"
"CZE","BA:149","EMP_TEMP_SEX_GAI_NB","SEX_F","GAI_GRADIENT_5","2011",394.07,,,"R1:3513"
"CZE","BA:149","EMP_TEMP_SEX_GAI_NB","SEX_F","GAI_GRADIENT_X","2011",884.464,,,"R1:3513"
"DOM","BA:13413","EMP_TEMP_SEX_GAI_NB","SEX_T","GAI_GRADIENT_TOTAL","2025",5139.951,,,"R1:3513"
"DOM","BA:13413","EMP_TEMP_SEX_GAI_NB","SEX_T","GAI_GRADIENT_4","2025",56.364,,,"R1:3513"
"DOM","BA:13413","EMP_TEMP_SEX_GAI_NB","SEX_T","GAI_GRADIENT_3","2025",312.725,,,"R1:3513"
"DOM","BA:13413","EMP_TEMP_SEX_GAI_NB","SEX_T","GAI_GRADIENT_2","2025",486.147,,,"R1:3513"
"DOM","BA:13413","EMP_TEMP_SEX_GAI_NB","SEX_T","GAI_GRADIENT_1","2025",444.119,,,"R1:3513"
"DOM","BA:13413","EMP_TEMP_SEX_GAI_NB","SEX_T","GAI_GRADIENT_5","2025",640.369,,,"R1:3513"
"DOM","BA:13413","EMP_TEMP_SEX_GAI_NB","SEX_T","GAI_GRADIENT_X","2025",3200.228,,,"R1:3513"
"DOM","BA:13413","EMP_TEMP_SEX_GAI_NB","SEX_M","GAI_GRADIENT_TOTAL","2025",2959.121,,,"R1:3513"
"DOM","BA:13413","EMP_TEMP_SEX_GAI_NB","SEX_M","GAI_GRADIENT_4","2025",26.625,,,"R1:3513"
"DOM","BA:13413","EMP_TEMP_SEX_GAI_NB","SEX_M","GAI_GRADIENT_3","2025",96.118,,,"R1:3513"
"DOM","BA:13413","EMP_TEMP_SEX_GAI_NB","SEX_M","GAI_GRADIENT_2","2025",212.479,,,"R1:3513"
"DOM","BA:13413","EMP_TEMP_SEX_GAI_NB","SEX_M","GAI_GRADIENT_1","2025",244.751,,,"R1:3513"
"DOM","BA:13413","EMP_TEMP_SEX_GAI_NB","SEX_M","GAI_GRADIENT_5","2025",460.957,,,"R1:3513"
"DOM","BA:13413","EMP_TEMP_SEX_GAI_NB","SEX_M","GAI_GRADIENT_X","2025",1918.192,,,"R1:3513"
"DOM","BA:13413","EMP_TEMP_SEX_GAI_NB","SEX_F","GAI_GRADIENT_TOTAL","2025",2180.83,,,"R1:3513"
"DOM","BA:13413","EMP_TEMP_SEX_GAI_NB","SEX_F","GAI_GRADIENT_4","2025",29.739,,,"R1:3513"
"DOM","BA:13413","EMP_TEMP_SEX_GAI_NB","SEX_F","GAI_GRADIENT_3","2025",216.607,,,"R1:3513"
"DOM","BA:13413","EMP_TEMP_SEX_GAI_NB","SEX_F","GAI_GRADIENT_2","2025",273.667,,,"R1:3513"
"DOM","BA:13413","EMP_TEMP_SEX_GAI_NB","SEX_F","GAI_GRADIENT_1","2025",199.368,,,"R1:3513"
"DOM","BA:13413","EMP_TEMP_SEX_GAI_NB","SEX_F","GAI_GRADIENT_5","2025",179.412,,,"R1:3513"
"DOM","BA:13413","EMP_TEMP_SEX_GAI_NB","SEX_F","GAI_GRADIENT_X","2025",1282.036,,,"R1:3513"
"DOM","BA:13413","EMP_TEMP_SEX_GAI_NB","SEX_T","GAI_GRADIENT_TOTAL","2024",5006.036,,,"R1:3513"
"DOM","BA:13413","EMP_TEMP_SEX_GAI_NB","SEX_T","GAI_GRADIENT_4","2024",60.279,,,"R1:3513"
"DOM","BA:13413","EMP_TEMP_SEX_GAI_NB","SEX_T","GAI_GRADIENT_3","2024",313.567,,,"R1:3513"
"DOM","BA:13413","EMP_TEMP_SEX_GAI_NB","SEX_T","GAI_GRADIENT_2","2024",485.594,,,"R1:3513"
"DOM","BA:13413","EMP_TEMP_SEX_GAI_NB","SEX_T","GAI_GRADIENT_1","2024",428.793,,,"R1:3513"
"DOM","BA:13413","EMP_TEMP_SEX_GAI_NB","SEX_T","GAI_GRADIENT_5","2024",605.53,,,"R1:3513"
"DOM","BA:13413","EMP_TEMP_SEX_GAI_NB","SEX_T","GAI_GRADIENT_X","2024",3112.272,,,"R1:3513"
"DOM","BA:13413","EMP_TEMP_SEX_GAI_NB","SEX_M","GAI_GRADIENT_TOTAL","2024",2917.824,,,"R1:3513"
"DOM","BA:13413","EMP_TEMP_SEX_GAI_NB","SEX_M","GAI_GRADIENT_4","2024",22.179,,,"R1:3513"
"DOM","BA:13413","EMP_TEMP_SEX_GAI_NB","SEX_M","GAI_GRADIENT_3","2024",90.232,,,"R1:3513"
"DOM","BA:13413","EMP_TEMP_SEX_GAI_NB","SEX_M","GAI_GRADIENT_2","2024",208.573,,,"R1:3513"
"DOM","BA:13413","EMP_TEMP_SEX_GAI_NB","SEX_M","GAI_GRADIENT_1","2024",245.896,,,"R1:3513"
"DOM","BA:13413","EMP_TEMP_SEX_GAI_NB","SEX_M","GAI_GRADIENT_5","2024",442.585,,,"R1:3513"
"DOM","BA:13413","EMP_TEMP_SEX_GAI_NB","SEX_M","GAI_GRADIENT_X","2024",1908.359,,,"R1:3513"
"DOM","BA:13413","EMP_TEMP_SEX_GAI_NB","SEX_F","GAI_GRADIENT_TOTAL","2024",2088.213,,,"R1:3513"
"DOM","BA:13413","EMP_TEMP_SEX_GAI_NB","SEX_F","GAI_GRADIENT_4","2024",38.1,,,"R1:3513"
"DOM","BA:13413","EMP_TEMP_SEX_GAI_NB","SEX_F","GAI_GRADIENT_3","2024",223.335,,,"R1:3513"
"DOM","BA:13413","EMP_TEMP_SEX_GAI_NB","SEX_F","GAI_GRADIENT_2","2024",277.022,,,"R1:3513"
"DOM","BA:13413","EMP_TEMP_SEX_GAI_NB","SEX_F","GAI_GRADIENT_1","2024",182.897,,,"R1:3513"
"DOM","BA:13413","EMP_TEMP_SEX_GAI_NB","SEX_F","GAI_GRADIENT_5","2024",162.945,,,"R1:3513"
"DOM","BA:13413","EMP_TEMP_SEX_GAI_NB","SEX_F","GAI_GRADIENT_X","2024",1203.914,,,"R1:3513"
"DOM","BA:13413","EMP_TEMP_SEX_GAI_NB","SEX_T","GAI_GRADIENT_TOTAL","2023",4835.318,,,"R1:3513"
"DOM","BA:13413","EMP_TEMP_SEX_GAI_NB","SEX_T","GAI_GRADIENT_4","2023",59.603,,,"R1:3513"
"DOM","BA:13413","EMP_TEMP_SEX_GAI_NB","SEX_T","GAI_GRADIENT_3","2023",263.19,,,"R1:3513"
"DOM","BA:13413","EMP_TEMP_SEX_GAI_NB","SEX_T","GAI_GRADIENT_2","2023",447.429,,,"R1:3513"
"DOM","BA:13413","EMP_TEMP_SEX_GAI_NB","SEX_T","GAI_GRADIENT_1","2023",419.144,,,"R1:3513"
"DOM","BA:13413","EMP_TEMP_SEX_GAI_NB","SEX_T","GAI_GRADIENT_5","2023",548.012,,,"R1:3513"
"DOM","BA:13413","EMP_TEMP_SEX_GAI_NB","SEX_T","GAI_GRADIENT_X","2023",3097.941,,,"R1:3513"
"DOM","BA:13413","EMP_TEMP_SEX_GAI_NB","SEX_M","GAI_GRADIENT_TOTAL","2023",2821.42,,,"R1:3513"
"DOM","BA:13413","EMP_TEMP_SEX_GAI_NB","SEX_M","GAI_GRADIENT_4","2023",27.567,,,"R1:3513"
"DOM","BA:13413","EMP_TEMP_SEX_GAI_NB","SEX_M","GAI_GRADIENT_3","2023",74.408,,,"R1:3513"
"DOM","BA:13413","EMP_TEMP_SEX_GAI_NB","SEX_M","GAI_GRADIENT_2","2023",204.617,,,"R1:3513"
"DOM","BA:13413","EMP_TEMP_SEX_GAI_NB","SEX_M","GAI_GRADIENT_1","2023",243.011,,,"R1:3513"
"DOM","BA:13413","EMP_TEMP_SEX_GAI_NB","SEX_M","GAI_GRADIENT_5","2023",411.283,,,"R1:3513"
"DOM","BA:13413","EMP_TEMP_SEX_GAI_NB","SEX_M","GAI_GRADIENT_X","2023",1860.535,,,"R1:3513"
"DOM","BA:13413","EMP_TEMP_SEX_GAI_NB","SEX_F","GAI_GRADIENT_TOTAL","2023",2013.898,,,"R1:3513"
"DOM","BA:13413","EMP_TEMP_SEX_GAI_NB","SEX_F","GAI_GRADIENT_4","2023",32.036,,,"R1:3513"
"DOM","BA:13413","EMP_TEMP_SEX_GAI_NB","SEX_F","GAI_GRADIENT_3","2023",188.781,,,"R1:3513"
"DOM","BA:13413","EMP_TEMP_SEX_GAI_NB","SEX_F","GAI_GRADIENT_2","2023",242.812,,,"R1:3513"
"DOM","BA:13413","EMP_TEMP_SEX_GAI_NB","SEX_F","GAI_GRADIENT_1","2023",176.133,,,"R1:3513"
"DOM","BA:13413","EMP_TEMP_SEX_GAI_NB","SEX_F","GAI_GRADIENT_5","2023",136.729,,,"R1:3513"
"DOM","BA:13413","EMP_TEMP_SEX_GAI_NB","SEX_F","GAI_GRADIENT_X","2023",1237.406,,,"R1:3513"
"DOM","BA:13413","EMP_TEMP_SEX_GAI_NB","SEX_T","GAI_GRADIENT_TOTAL","2022",4687.379,,,"R1:3513"
"DOM","BA:13413","EMP_TEMP_SEX_GAI_NB","SEX_T","GAI_GRADIENT_4","2022",53.023,,,"R1:3513"
"DOM","BA:13413","EMP_TEMP_SEX_GAI_NB","SEX_T","GAI_GRADIENT_3","2022",254.522,,,"R1:3513"
"DOM","BA:13413","EMP_TEMP_SEX_GAI_NB","SEX_T","GAI_GRADIENT_2","2022",458.749,,,"R1:3513"
"DOM","BA:13413","EMP_TEMP_SEX_GAI_NB","SEX_T","GAI_GRADIENT_1","2022",395.3,,,"R1:3513"
"DOM","BA:13413","EMP_TEMP_SEX_GAI_NB","SEX_T","GAI_GRADIENT_5","2022",520.443,,,"R1:3513"
"DOM","BA:13413","EMP_TEMP_SEX_GAI_NB","SEX_T","GAI_GRADIENT_X","2022",3005.342,,,"R1:3513"
"DOM","BA:13413","EMP_TEMP_SEX_GAI_NB","SEX_M","GAI_GRADIENT_TOTAL","2022",2767.51,,,"R1:3513"
"DOM","BA:13413","EMP_TEMP_SEX_GAI_NB","SEX_M","GAI_GRADIENT_4","2022",20.231,,,"R1:3513"
"DOM","BA:13413","EMP_TEMP_SEX_GAI_NB","SEX_M","GAI_GRADIENT_3","2022",74.675,,,"R1:3513"
"DOM","BA:13413","EMP_TEMP_SEX_GAI_NB","SEX_M","GAI_GRADIENT_2","2022",207.678,,,"R1:3513"
"DOM","BA:13413","EMP_TEMP_SEX_GAI_NB","SEX_M","GAI_GRADIENT_1","2022",234.606,,,"R1:3513"
"DOM","BA:13413","EMP_TEMP_SEX_GAI_NB","SEX_M","GAI_GRADIENT_5","2022",382.534,,,"R1:3513"
"DOM","BA:13413","EMP_TEMP_SEX_GAI_NB","SEX_M","GAI_GRADIENT_X","2022",1847.787,,,"R1:3513"
"DOM","BA:13413","EMP_TEMP_SEX_GAI_NB","SEX_F","GAI_GRADIENT_TOTAL","2022",1919.869,,,"R1:3513"
"DOM","BA:13413","EMP_TEMP_SEX_GAI_NB","SEX_F","GAI_GRADIENT_4","2022",32.792,,,"R1:3513"
"DOM","BA:13413","EMP_TEMP_SEX_GAI_NB","SEX_F","GAI_GRADIENT_3","2022",179.847,,,"R1:3513"
"DOM","BA:13413","EMP_TEMP_SEX_GAI_NB","SEX_F","GAI_GRADIENT_2","2022",251.071,,,"R1:3513"
"DOM","BA:13413","EMP_TEMP_SEX_GAI_NB","SEX_F","GAI_GRADIENT_1","2022",160.695,,,"R1:3513"
"DOM","BA:13413","EMP_TEMP_SEX_GAI_NB","SEX_F","GAI_GRADIENT_5","2022",137.909,,,"R1:3513"
"DOM","BA:13413","EMP_TEMP_SEX_GAI_NB","SEX_F","GAI_GRADIENT_X","2022",1157.555,,,"R1:3513"
"DOM","BA:13413","EMP_TEMP_SEX_GAI_NB","SEX_T","GAI_GRADIENT_TOTAL","2021",4556.645,,,"R1:3513"
"DOM","BA:13413","EMP_TEMP_SEX_GAI_NB","SEX_T","GAI_GRADIENT_4","2021",54.071,,,"R1:3513"
"DOM","BA:13413","EMP_TEMP_SEX_GAI_NB","SEX_T","GAI_GRADIENT_3","2021",234.09,,,"R1:3513"
"DOM","BA:13413","EMP_TEMP_SEX_GAI_NB","SEX_T","GAI_GRADIENT_2","2021",422.363,,,"R1:3513"
"DOM","BA:13413","EMP_TEMP_SEX_GAI_NB","SEX_T","GAI_GRADIENT_1","2021",386.52,,,"R1:3513"
"DOM","BA:13413","EMP_TEMP_SEX_GAI_NB","SEX_T","GAI_GRADIENT_5","2021",516.305,,,"R1:3513"
"DOM","BA:13413","EMP_TEMP_SEX_GAI_NB","SEX_T","GAI_GRADIENT_X","2021",2943.296,,,"R1:3513"
"DOM","BA:13413","EMP_TEMP_SEX_GAI_NB","SEX_M","GAI_GRADIENT_TOTAL","2021",2724.285,,,"R1:3513"
"DOM","BA:13413","EMP_TEMP_SEX_GAI_NB","SEX_M","GAI_GRADIENT_4","2021",28.205,,,"R1:3513"
"DOM","BA:13413","EMP_TEMP_SEX_GAI_NB","SEX_M","GAI_GRADIENT_3","2021",70.498,,,"R1:3513"
"DOM","BA:13413","EMP_TEMP_SEX_GAI_NB","SEX_M","GAI_GRADIENT_2","2021",192.051,,,"R1:3513"
"DOM","BA:13413","EMP_TEMP_SEX_GAI_NB","SEX_M","GAI_GRADIENT_1","2021",233.466,,,"R1:3513"
"DOM","BA:13413","EMP_TEMP_SEX_GAI_NB","SEX_M","GAI_GRADIENT_5","2021",383.963,,,"R1:3513"
"DOM","BA:13413","EMP_TEMP_SEX_GAI_NB","SEX_M","GAI_GRADIENT_X","2021",1816.102,,,"R1:3513"
"DOM","BA:13413","EMP_TEMP_SEX_GAI_NB","SEX_F","GAI_GRADIENT_TOTAL","2021",1832.36,,,"R1:3513"
"DOM","BA:13413","EMP_TEMP_SEX_GAI_NB","SEX_F","GAI_GRADIENT_4","2021",25.866,,,"R1:3513"
"DOM","BA:13413","EMP_TEMP_SEX_GAI_NB","SEX_F","GAI_GRADIENT_3","2021",163.592,,,"R1:3513"
"DOM","BA:13413","EMP_TEMP_SEX_GAI_NB","SEX_F","GAI_GRADIENT_2","2021",230.312,,,"R1:3513"
"DOM","BA:13413","EMP_TEMP_SEX_GAI_NB","SEX_F","GAI_GRADIENT_1","2021",153.054,,,"R1:3513"
"DOM","BA:13413","EMP_TEMP_SEX_GAI_NB","SEX_F","GAI_GRADIENT_5","2021",132.342,,,"R1:3513"
"DOM","BA:13413","EMP_TEMP_SEX_GAI_NB","SEX_F","GAI_GRADIENT_X","2021",1127.193,,,"R1:3513"
"DOM","BA:13413","EMP_TEMP_SEX_GAI_NB","SEX_T","GAI_GRADIENT_TOTAL","2020",4390.655,"B","I11:264","R1:3513"
"DOM","BA:13413","EMP_TEMP_SEX_GAI_NB","SEX_T","GAI_GRADIENT_4","2020",55.421,"B","I11:264","R1:3513"
"DOM","BA:13413","EMP_TEMP_SEX_GAI_NB","SEX_T","GAI_GRADIENT_3","2020",226.058,"B","I11:264","R1:3513"
"DOM","BA:13413","EMP_TEMP_SEX_GAI_NB","SEX_T","GAI_GRADIENT_2","2020",434.22,"B","I11:264","R1:3513"
"DOM","BA:13413","EMP_TEMP_SEX_GAI_NB","SEX_T","GAI_GRADIENT_1","2020",348.148,"B","I11:264","R1:3513"
"DOM","BA:13413","EMP_TEMP_SEX_GAI_NB","SEX_T","GAI_GRADIENT_5","2020",552.296,"B","I11:264","R1:3513"
"DOM","BA:13413","EMP_TEMP_SEX_GAI_NB","SEX_T","GAI_GRADIENT_X","2020",2774.512,"B","I11:264","R1:3513"
"DOM","BA:13413","EMP_TEMP_SEX_GAI_NB","SEX_M","GAI_GRADIENT_TOTAL","2020",2636.798,"B","I11:264","R1:3513"
"DOM","BA:13413","EMP_TEMP_SEX_GAI_NB","SEX_M","GAI_GRADIENT_4","2020",31.229,"B","I11:264","R1:3513"
"DOM","BA:13413","EMP_TEMP_SEX_GAI_NB","SEX_M","GAI_GRADIENT_3","2020",64.29,"B","I11:264","R1:3513"
"DOM","BA:13413","EMP_TEMP_SEX_GAI_NB","SEX_M","GAI_GRADIENT_2","2020",193.577,"B","I11:264","R1:3513"
"DOM","BA:13413","EMP_TEMP_SEX_GAI_NB","SEX_M","GAI_GRADIENT_1","2020",199.125,"B","I11:264","R1:3513"
"DOM","BA:13413","EMP_TEMP_SEX_GAI_NB","SEX_M","GAI_GRADIENT_5","2020",425.371,"B","I11:264","R1:3513"
"DOM","BA:13413","EMP_TEMP_SEX_GAI_NB","SEX_M","GAI_GRADIENT_X","2020",1723.204,"B","I11:264","R1:3513"
"DOM","BA:13413","EMP_TEMP_SEX_GAI_NB","SEX_F","GAI_GRADIENT_TOTAL","2020",1753.857,"B","I11:264","R1:3513"
"DOM","BA:13413","EMP_TEMP_SEX_GAI_NB","SEX_F","GAI_GRADIENT_4","2020",24.192,"B","I11:264","R1:3513"
"DOM","BA:13413","EMP_TEMP_SEX_GAI_NB","SEX_F","GAI_GRADIENT_3","2020",161.767,"B","I11:264","R1:3513"
"DOM","BA:13413","EMP_TEMP_SEX_GAI_NB","SEX_F","GAI_GRADIENT_2","2020",240.643,"B","I11:264","R1:3513"
"DOM","BA:13413","EMP_TEMP_SEX_GAI_NB","SEX_F","GAI_GRADIENT_1","2020",149.022,"B","I11:264","R1:3513"
"DOM","BA:13413","EMP_TEMP_SEX_GAI_NB","SEX_F","GAI_GRADIENT_5","2020",126.925,"B","I11:264","R1:3513"
"DOM","BA:13413","EMP_TEMP_SEX_GAI_NB","SEX_F","GAI_GRADIENT_X","2020",1051.308,"B","I11:264","R1:3513"
"DOM","BA:13413","EMP_TEMP_SEX_GAI_NB","SEX_T","GAI_GRADIENT_TOTAL","2019",4663.268,,,"R1:3513"
"DOM","BA:13413","EMP_TEMP_SEX_GAI_NB","SEX_T","GAI_GRADIENT_4","2019",51.645,,,"R1:3513"
"DOM","BA:13413","EMP_TEMP_SEX_GAI_NB","SEX_T","GAI_GRADIENT_3","2019",248.792,,,"R1:3513"
"DOM","BA:13413","EMP_TEMP_SEX_GAI_NB","SEX_T","GAI_GRADIENT_2","2019",501.823,,,"R1:3513"
"DOM","BA:13413","EMP_TEMP_SEX_GAI_NB","SEX_T","GAI_GRADIENT_1","2019",471.562,,,"R1:3513"
"DOM","BA:13413","EMP_TEMP_SEX_GAI_NB","SEX_T","GAI_GRADIENT_5","2019",506.998,,,"R1:3513"
"DOM","BA:13413","EMP_TEMP_SEX_GAI_NB","SEX_T","GAI_GRADIENT_X","2019",2882.447,,,"R1:3513"
"DOM","BA:13413","EMP_TEMP_SEX_GAI_NB","SEX_M","GAI_GRADIENT_TOTAL","2019",2771.497,,,"R1:3513"
"DOM","BA:13413","EMP_TEMP_SEX_GAI_NB","SEX_M","GAI_GRADIENT_4","2019",24.848,,,"R1:3513"
"DOM","BA:13413","EMP_TEMP_SEX_GAI_NB","SEX_M","GAI_GRADIENT_3","2019",77.289,,,"R1:3513"
"DOM","BA:13413","EMP_TEMP_SEX_GAI_NB","SEX_M","GAI_GRADIENT_2","2019",237.544,,,"R1:3513"
"DOM","BA:13413","EMP_TEMP_SEX_GAI_NB","SEX_M","GAI_GRADIENT_1","2019",243.924,,,"R1:3513"
"DOM","BA:13413","EMP_TEMP_SEX_GAI_NB","SEX_M","GAI_GRADIENT_5","2019",367.22,,,"R1:3513"
"DOM","BA:13413","EMP_TEMP_SEX_GAI_NB","SEX_M","GAI_GRADIENT_X","2019",1820.67,,,"R1:3513"
"DOM","BA:13413","EMP_TEMP_SEX_GAI_NB","SEX_F","GAI_GRADIENT_TOTAL","2019",1891.771,,,"R1:3513"
"DOM","BA:13413","EMP_TEMP_SEX_GAI_NB","SEX_F","GAI_GRADIENT_4","2019",26.797,,,"R1:3513"
"DOM","BA:13413","EMP_TEMP_SEX_GAI_NB","SEX_F","GAI_GRADIENT_3","2019",171.503,,,"R1:3513"
"DOM","BA:13413","EMP_TEMP_SEX_GAI_NB","SEX_F","GAI_GRADIENT_2","2019",264.278,,,"R1:3513"
"DOM","BA:13413","EMP_TEMP_SEX_GAI_NB","SEX_F","GAI_GRADIENT_1","2019",227.638,,,"R1:3513"
"DOM","BA:13413","EMP_TEMP_SEX_GAI_NB","SEX_F","GAI_GRADIENT_5","2019",139.778,,,"R1:3513"
"DOM","BA:13413","EMP_TEMP_SEX_GAI_NB","SEX_F","GAI_GRADIENT_X","2019",1061.777,,,"R1:3513"
"DOM","BA:13413","EMP_TEMP_SEX_GAI_NB","SEX_T","GAI_GRADIENT_TOTAL","2018",4539.256,,,"R1:3513"
"DOM","BA:13413","EMP_TEMP_SEX_GAI_NB","SEX_T","GAI_GRADIENT_4","2018",48.546,,,"R1:3513"
"DOM","BA:13413","EMP_TEMP_SEX_GAI_NB","SEX_T","GAI_GRADIENT_3","2018",227.013,,,"R1:3513"
"DOM","BA:13413","EMP_TEMP_SEX_GAI_NB","SEX_T","GAI_GRADIENT_2","2018",437.825,,,"R1:3513"
"DOM","BA:13413","EMP_TEMP_SEX_GAI_NB","SEX_T","GAI_GRADIENT_1","2018",513.902,,,"R1:3513"
"DOM","BA:13413","EMP_TEMP_SEX_GAI_NB","SEX_T","GAI_GRADIENT_5","2018",478.039,,,"R1:3513"
"DOM","BA:13413","EMP_TEMP_SEX_GAI_NB","SEX_T","GAI_GRADIENT_X","2018",2833.931,,,"R1:3513"
"DOM","BA:13413","EMP_TEMP_SEX_GAI_NB","SEX_M","GAI_GRADIENT_TOTAL","2018",2747.194,,,"R1:3513"
"DOM","BA:13413","EMP_TEMP_SEX_GAI_NB","SEX_M","GAI_GRADIENT_4","2018",24.461,,,"R1:3513"
"DOM","BA:13413","EMP_TEMP_SEX_GAI_NB","SEX_M","GAI_GRADIENT_3","2018",72.07,,,"R1:3513"
"DOM","BA:13413","EMP_TEMP_SEX_GAI_NB","SEX_M","GAI_GRADIENT_2","2018",210.164,,,"R1:3513"
"DOM","BA:13413","EMP_TEMP_SEX_GAI_NB","SEX_M","GAI_GRADIENT_1","2018",272.534,,,"R1:3513"
"DOM","BA:13413","EMP_TEMP_SEX_GAI_NB","SEX_M","GAI_GRADIENT_5","2018",350.93,,,"R1:3513"
"DOM","BA:13413","EMP_TEMP_SEX_GAI_NB","SEX_M","GAI_GRADIENT_X","2018",1817.035,,,"R1:3513"
"DOM","BA:13413","EMP_TEMP_SEX_GAI_NB","SEX_F","GAI_GRADIENT_TOTAL","2018",1792.061,,,"R1:3513"
"DOM","BA:13413","EMP_TEMP_SEX_GAI_NB","SEX_F","GAI_GRADIENT_4","2018",24.085,,,"R1:3513"
"DOM","BA:13413","EMP_TEMP_SEX_GAI_NB","SEX_F","GAI_GRADIENT_3","2018",154.944,,,"R1:3513"
"DOM","BA:13413","EMP_TEMP_SEX_GAI_NB","SEX_F","GAI_GRADIENT_2","2018",227.661,,,"R1:3513"
"DOM","BA:13413","EMP_TEMP_SEX_GAI_NB","SEX_F","GAI_GRADIENT_1","2018",241.368,,,"R1:3513"
"DOM","BA:13413","EMP_TEMP_SEX_GAI_NB","SEX_F","GAI_GRADIENT_5","2018",127.109,,,"R1:3513"
"DOM","BA:13413","EMP_TEMP_SEX_GAI_NB","SEX_F","GAI_GRADIENT_X","2018",1016.895,,,"R1:3513"
"DOM","BA:13413","EMP_TEMP_SEX_GAI_NB","SEX_T","GAI_GRADIENT_TOTAL","2017",4382.658,,,"R1:3513"
"DOM","BA:13413","EMP_TEMP_SEX_GAI_NB","SEX_T","GAI_GRADIENT_4","2017",55.24,,,"R1:3513"
"DOM","BA:13413","EMP_TEMP_SEX_GAI_NB","SEX_T","GAI_GRADIENT_3","2017",194.664,,,"R1:3513"
"DOM","BA:13413","EMP_TEMP_SEX_GAI_NB","SEX_T","GAI_GRADIENT_2","2017",401.244,,,"R1:3513"
"DOM","BA:13413","EMP_TEMP_SEX_GAI_NB","SEX_T","GAI_GRADIENT_1","2017",488.941,,,"R1:3513"
"DOM","BA:13413","EMP_TEMP_SEX_GAI_NB","SEX_T","GAI_GRADIENT_5","2017",455.746,,,"R1:3513"
"DOM","BA:13413","EMP_TEMP_SEX_GAI_NB","SEX_T","GAI_GRADIENT_X","2017",2786.823,,,"R1:3513"
"DOM","BA:13413","EMP_TEMP_SEX_GAI_NB","SEX_M","GAI_GRADIENT_TOTAL","2017",2642.372,,,"R1:3513"
"DOM","BA:13413","EMP_TEMP_SEX_GAI_NB","SEX_M","GAI_GRADIENT_4","2017",26.468,,,"R1:3513"
"DOM","BA:13413","EMP_TEMP_SEX_GAI_NB","SEX_M","GAI_GRADIENT_3","2017",55.383,,,"R1:3513"
"DOM","BA:13413","EMP_TEMP_SEX_GAI_NB","SEX_M","GAI_GRADIENT_2","2017",184.074,,,"R1:3513"
"DOM","BA:13413","EMP_TEMP_SEX_GAI_NB","SEX_M","GAI_GRADIENT_1","2017",261.877,,,"R1:3513"
"DOM","BA:13413","EMP_TEMP_SEX_GAI_NB","SEX_M","GAI_GRADIENT_5","2017",339.308,,,"R1:3513"
"DOM","BA:13413","EMP_TEMP_SEX_GAI_NB","SEX_M","GAI_GRADIENT_X","2017",1775.263,,,"R1:3513"
"DOM","BA:13413","EMP_TEMP_SEX_GAI_NB","SEX_F","GAI_GRADIENT_TOTAL","2017",1740.285,,,"R1:3513"
"DOM","BA:13413","EMP_TEMP_SEX_GAI_NB","SEX_F","GAI_GRADIENT_4","2017",28.772,,,"R1:3513"
"DOM","BA:13413","EMP_TEMP_SEX_GAI_NB","SEX_F","GAI_GRADIENT_3","2017",139.281,,,"R1:3513"
"DOM","BA:13413","EMP_TEMP_SEX_GAI_NB","SEX_F","GAI_GRADIENT_2","2017",217.17,,,"R1:3513"
"DOM","BA:13413","EMP_TEMP_SEX_GAI_NB","SEX_F","GAI_GRADIENT_1","2017",227.064,,,"R1:3513"
"DOM","BA:13413","EMP_TEMP_SEX_GAI_NB","SEX_F","GAI_GRADIENT_5","2017",116.438,,,"R1:3513"
"DOM","BA:13413","EMP_TEMP_SEX_GAI_NB","SEX_F","GAI_GRADIENT_X","2017",1011.56,,,"R1:3513"
"DOM","BA:13413","EMP_TEMP_SEX_GAI_NB","SEX_T","GAI_GRADIENT_TOTAL","2016",4262.42,,,"R1:3513"
"DOM","BA:13413","EMP_TEMP_SEX_GAI_NB","SEX_T","GAI_GRADIENT_4","2016",54.304,,,"R1:3513"
"DOM","BA:13413","EMP_TEMP_SEX_GAI_NB","SEX_T","GAI_GRADIENT_3","2016",192.587,,,"R1:3513"
"DOM","BA:13413","EMP_TEMP_SEX_GAI_NB","SEX_T","GAI_GRADIENT_2","2016",410.644,,,"R1:3513"
"DOM","BA:13413","EMP_TEMP_SEX_GAI_NB","SEX_T","GAI_GRADIENT_1","2016",480.882,,,"R1:3513"
"DOM","BA:13413","EMP_TEMP_SEX_GAI_NB","SEX_T","GAI_GRADIENT_5","2016",468.168,,,"R1:3513"
"DOM","BA:13413","EMP_TEMP_SEX_GAI_NB","SEX_T","GAI_GRADIENT_X","2016",2655.835,,,"R1:3513"
"DOM","BA:13413","EMP_TEMP_SEX_GAI_NB","SEX_M","GAI_GRADIENT_TOTAL","2016",2599.403,,,"R1:3513"
"DOM","BA:13413","EMP_TEMP_SEX_GAI_NB","SEX_M","GAI_GRADIENT_4","2016",25.97,,,"R1:3513"
"DOM","BA:13413","EMP_TEMP_SEX_GAI_NB","SEX_M","GAI_GRADIENT_3","2016",59.086,,,"R1:3513"
"DOM","BA:13413","EMP_TEMP_SEX_GAI_NB","SEX_M","GAI_GRADIENT_2","2016",210.416,,,"R1:3513"
"DOM","BA:13413","EMP_TEMP_SEX_GAI_NB","SEX_M","GAI_GRADIENT_1","2016",254.837,,,"R1:3513"
"DOM","BA:13413","EMP_TEMP_SEX_GAI_NB","SEX_M","GAI_GRADIENT_5","2016",356.693,,,"R1:3513"
"DOM","BA:13413","EMP_TEMP_SEX_GAI_NB","SEX_M","GAI_GRADIENT_X","2016",1692.401,,,"R1:3513"
"DOM","BA:13413","EMP_TEMP_SEX_GAI_NB","SEX_F","GAI_GRADIENT_TOTAL","2016",1663.017,,,"R1:3513"
"DOM","BA:13413","EMP_TEMP_SEX_GAI_NB","SEX_F","GAI_GRADIENT_4","2016",28.335,,,"R1:3513"
"DOM","BA:13413","EMP_TEMP_SEX_GAI_NB","SEX_F","GAI_GRADIENT_3","2016",133.5,,,"R1:3513"
"DOM","BA:13413","EMP_TEMP_SEX_GAI_NB","SEX_F","GAI_GRADIENT_2","2016",200.228,,,"R1:3513"
"DOM","BA:13413","EMP_TEMP_SEX_GAI_NB","SEX_F","GAI_GRADIENT_1","2016",226.045,,,"R1:3513"
"DOM","BA:13413","EMP_TEMP_SEX_GAI_NB","SEX_F","GAI_GRADIENT_5","2016",111.475,,,"R1:3513"
"DOM","BA:13413","EMP_TEMP_SEX_GAI_NB","SEX_F","GAI_GRADIENT_X","2016",963.434,,,"R1:3513"
"DOM","BA:13413","EMP_TEMP_SEX_GAI_NB","SEX_T","GAI_GRADIENT_TOTAL","2015",4113.889,"B","I11:264","R1:3513"
"DOM","BA:13413","EMP_TEMP_SEX_GAI_NB","SEX_T","GAI_GRADIENT_4","2015",50.193,"B","I11:264","R1:3513"
"DOM","BA:13413","EMP_TEMP_SEX_GAI_NB","SEX_T","GAI_GRADIENT_3","2015",191,"B","I11:264","R1:3513"
"DOM","BA:13413","EMP_TEMP_SEX_GAI_NB","SEX_T","GAI_GRADIENT_2","2015",362.874,"B","I11:264","R1:3513"
"DOM","BA:13413","EMP_TEMP_SEX_GAI_NB","SEX_T","GAI_GRADIENT_1","2015",460.841,"B","I11:264","R1:3513"
"DOM","BA:13413","EMP_TEMP_SEX_GAI_NB","SEX_T","GAI_GRADIENT_5","2015",432.356,"B","I11:264","R1:3513"
"DOM","BA:13413","EMP_TEMP_SEX_GAI_NB","SEX_T","GAI_GRADIENT_X","2015",2616.624,"B","I11:264","R1:3513"
"DOM","BA:13413","EMP_TEMP_SEX_GAI_NB","SEX_M","GAI_GRADIENT_TOTAL","2015",2523.597,"B","I11:264","R1:3513"
"DOM","BA:13413","EMP_TEMP_SEX_GAI_NB","SEX_M","GAI_GRADIENT_4","2015",23.973,"B","I11:264","R1:3513"
"DOM","BA:13413","EMP_TEMP_SEX_GAI_NB","SEX_M","GAI_GRADIENT_3","2015",55.189,"B","I11:264","R1:3513"
"DOM","BA:13413","EMP_TEMP_SEX_GAI_NB","SEX_M","GAI_GRADIENT_2","2015",194.689,"B","I11:264","R1:3513"
"DOM","BA:13413","EMP_TEMP_SEX_GAI_NB","SEX_M","GAI_GRADIENT_1","2015",268.844,"B","I11:264","R1:3513"
"DOM","BA:13413","EMP_TEMP_SEX_GAI_NB","SEX_M","GAI_GRADIENT_5","2015",328.655,"B","I11:264","R1:3513"
"DOM","BA:13413","EMP_TEMP_SEX_GAI_NB","SEX_M","GAI_GRADIENT_X","2015",1652.247,"B","I11:264","R1:3513"
"DOM","BA:13413","EMP_TEMP_SEX_GAI_NB","SEX_F","GAI_GRADIENT_TOTAL","2015",1590.292,"B","I11:264","R1:3513"
"DOM","BA:13413","EMP_TEMP_SEX_GAI_NB","SEX_F","GAI_GRADIENT_4","2015",26.221,"B","I11:264","R1:3513"
"DOM","BA:13413","EMP_TEMP_SEX_GAI_NB","SEX_F","GAI_GRADIENT_3","2015",135.811,"B","I11:264","R1:3513"
"DOM","BA:13413","EMP_TEMP_SEX_GAI_NB","SEX_F","GAI_GRADIENT_2","2015",168.185,"B","I11:264","R1:3513"
"DOM","BA:13413","EMP_TEMP_SEX_GAI_NB","SEX_F","GAI_GRADIENT_1","2015",191.997,"B","I11:264","R1:3513"
"DOM","BA:13413","EMP_TEMP_SEX_GAI_NB","SEX_F","GAI_GRADIENT_5","2015",103.701,"B","I11:264","R1:3513"
"DOM","BA:13413","EMP_TEMP_SEX_GAI_NB","SEX_F","GAI_GRADIENT_X","2015",964.378,"B","I11:264","R1:3513"
"ECU","BA:19","EMP_TEMP_SEX_GAI_NB","SEX_T","GAI_GRADIENT_TOTAL","2025",8329.553,,,"R1:3513"
"ECU","BA:19","EMP_TEMP_SEX_GAI_NB","SEX_T","GAI_GRADIENT_4","2025",91.01,,,"R1:3513"
"ECU","BA:19","EMP_TEMP_SEX_GAI_NB","SEX_T","GAI_GRADIENT_3","2025",232.944,,,"R1:3513"
"ECU","BA:19","EMP_TEMP_SEX_GAI_NB","SEX_T","GAI_GRADIENT_2","2025",473.949,,,"R1:3513"
"ECU","BA:19","EMP_TEMP_SEX_GAI_NB","SEX_T","GAI_GRADIENT_1","2025",810.57,,,"R1:3513"
"ECU","BA:19","EMP_TEMP_SEX_GAI_NB","SEX_T","GAI_GRADIENT_5","2025",647.421,,,"R1:3513"
"ECU","BA:19","EMP_TEMP_SEX_GAI_NB","SEX_T","GAI_GRADIENT_X","2025",6073.658,,,"R1:3513"
"ECU","BA:19","EMP_TEMP_SEX_GAI_NB","SEX_M","GAI_GRADIENT_TOTAL","2025",4915.071,,,"R1:3513"
"ECU","BA:19","EMP_TEMP_SEX_GAI_NB","SEX_M","GAI_GRADIENT_4","2025",32.843,,,"R1:3513"
"ECU","BA:19","EMP_TEMP_SEX_GAI_NB","SEX_M","GAI_GRADIENT_3","2025",79.332,,,"R1:3513"
"ECU","BA:19","EMP_TEMP_SEX_GAI_NB","SEX_M","GAI_GRADIENT_2","2025",197.069,,,"R1:3513"
"ECU","BA:19","EMP_TEMP_SEX_GAI_NB","SEX_M","GAI_GRADIENT_1","2025",428.537,,,"R1:3513"
"ECU","BA:19","EMP_TEMP_SEX_GAI_NB","SEX_M","GAI_GRADIENT_5","2025",420.504,,,"R1:3513"
"ECU","BA:19","EMP_TEMP_SEX_GAI_NB","SEX_M","GAI_GRADIENT_X","2025",3756.785,,,"R1:3513"
"ECU","BA:19","EMP_TEMP_SEX_GAI_NB","SEX_F","GAI_GRADIENT_TOTAL","2025",3414.482,,,"R1:3513"
"ECU","BA:19","EMP_TEMP_SEX_GAI_NB","SEX_F","GAI_GRADIENT_4","2025",58.167,,,"R1:3513"
"ECU","BA:19","EMP_TEMP_SEX_GAI_NB","SEX_F","GAI_GRADIENT_3","2025",153.612,,,"R1:3513"
"ECU","BA:19","EMP_TEMP_SEX_GAI_NB","SEX_F","GAI_GRADIENT_2","2025",276.88,,,"R1:3513"
"ECU","BA:19","EMP_TEMP_SEX_GAI_NB","SEX_F","GAI_GRADIENT_1","2025",382.032,,,"R1:3513"
"ECU","BA:19","EMP_TEMP_SEX_GAI_NB","SEX_F","GAI_GRADIENT_5","2025",226.917,,,"R1:3513"
"ECU","BA:19","EMP_TEMP_SEX_GAI_NB","SEX_F","GAI_GRADIENT_X","2025",2316.874,,,"R1:3513"
"ECU","BA:19","EMP_TEMP_SEX_GAI_NB","SEX_T","GAI_GRADIENT_TOTAL","2024",8241.676,,,"R1:3513"
"ECU","BA:19","EMP_TEMP_SEX_GAI_NB","SEX_T","GAI_GRADIENT_4","2024",95.671,,,"R1:3513"
"ECU","BA:19","EMP_TEMP_SEX_GAI_NB","SEX_T","GAI_GRADIENT_3","2024",223.515,,,"R1:3513"
"ECU","BA:19","EMP_TEMP_SEX_GAI_NB","SEX_T","GAI_GRADIENT_2","2024",470.578,,,"R1:3513"
"ECU","BA:19","EMP_TEMP_SEX_GAI_NB","SEX_T","GAI_GRADIENT_1","2024",816.603,,,"R1:3513"
"ECU","BA:19","EMP_TEMP_SEX_GAI_NB","SEX_T","GAI_GRADIENT_5","2024",646.33,,,"R1:3513"
"ECU","BA:19","EMP_TEMP_SEX_GAI_NB","SEX_T","GAI_GRADIENT_X","2024",5988.978,,,"R1:3513"
"ECU","BA:19","EMP_TEMP_SEX_GAI_NB","SEX_M","GAI_GRADIENT_TOTAL","2024",4847.993,,,"R1:3513"
"ECU","BA:19","EMP_TEMP_SEX_GAI_NB","SEX_M","GAI_GRADIENT_4","2024",31.55,,,"R1:3513"
"ECU","BA:19","EMP_TEMP_SEX_GAI_NB","SEX_M","GAI_GRADIENT_3","2024",76.679,,,"R1:3513"
"ECU","BA:19","EMP_TEMP_SEX_GAI_NB","SEX_M","GAI_GRADIENT_2","2024",200.712,,,"R1:3513"
"ECU","BA:19","EMP_TEMP_SEX_GAI_NB","SEX_M","GAI_GRADIENT_1","2024",455.555,,,"R1:3513"
"ECU","BA:19","EMP_TEMP_SEX_GAI_NB","SEX_M","GAI_GRADIENT_5","2024",419.139,,,"R1:3513"
"ECU","BA:19","EMP_TEMP_SEX_GAI_NB","SEX_M","GAI_GRADIENT_X","2024",3664.358,,,"R1:3513"
"ECU","BA:19","EMP_TEMP_SEX_GAI_NB","SEX_F","GAI_GRADIENT_TOTAL","2024",3393.683,,,"R1:3513"
"ECU","BA:19","EMP_TEMP_SEX_GAI_NB","SEX_F","GAI_GRADIENT_4","2024",64.122,,,"R1:3513"
"ECU","BA:19","EMP_TEMP_SEX_GAI_NB","SEX_F","GAI_GRADIENT_3","2024",146.836,,,"R1:3513"
"ECU","BA:19","EMP_TEMP_SEX_GAI_NB","SEX_F","GAI_GRADIENT_2","2024",269.866,,,"R1:3513"
"ECU","BA:19","EMP_TEMP_SEX_GAI_NB","SEX_F","GAI_GRADIENT_1","2024",361.049,,,"R1:3513"
"ECU","BA:19","EMP_TEMP_SEX_GAI_NB","SEX_F","GAI_GRADIENT_5","2024",227.191,,,"R1:3513"
"ECU","BA:19","EMP_TEMP_SEX_GAI_NB","SEX_F","GAI_GRADIENT_X","2024",2324.62,,,"R1:3513"
"ECU","BA:19","EMP_TEMP_SEX_GAI_NB","SEX_T","GAI_GRADIENT_TOTAL","2023",8109.647,,,"R1:3513"
"ECU","BA:19","EMP_TEMP_SEX_GAI_NB","SEX_T","GAI_GRADIENT_4","2023",87.375,,,"R1:3513"
"ECU","BA:19","EMP_TEMP_SEX_GAI_NB","SEX_T","GAI_GRADIENT_3","2023",213.382,,,"R1:3513"
"ECU","BA:19","EMP_TEMP_SEX_GAI_NB","SEX_T","GAI_GRADIENT_2","2023",505.719,,,"R1:3513"
"ECU","BA:19","EMP_TEMP_SEX_GAI_NB","SEX_T","GAI_GRADIENT_1","2023",842.711,,,"R1:3513"
"ECU","BA:19","EMP_TEMP_SEX_GAI_NB","SEX_T","GAI_GRADIENT_5","2023",674.907,,,"R1:3513"
"ECU","BA:19","EMP_TEMP_SEX_GAI_NB","SEX_T","GAI_GRADIENT_X","2023",5785.553,,,"R1:3513"
"ECU","BA:19","EMP_TEMP_SEX_GAI_NB","SEX_M","GAI_GRADIENT_TOTAL","2023",4641.103,,,"R1:3513"
"ECU","BA:19","EMP_TEMP_SEX_GAI_NB","SEX_M","GAI_GRADIENT_4","2023",27.99,,,"R1:3513"
"ECU","BA:19","EMP_TEMP_SEX_GAI_NB","SEX_M","GAI_GRADIENT_3","2023",69.821,,,"R1:3513"
"ECU","BA:19","EMP_TEMP_SEX_GAI_NB","SEX_M","GAI_GRADIENT_2","2023",199.101,,,"R1:3513"
"ECU","BA:19","EMP_TEMP_SEX_GAI_NB","SEX_M","GAI_GRADIENT_1","2023",459.067,,,"R1:3513"
"ECU","BA:19","EMP_TEMP_SEX_GAI_NB","SEX_M","GAI_GRADIENT_5","2023",430.389,,,"R1:3513"
"ECU","BA:19","EMP_TEMP_SEX_GAI_NB","SEX_M","GAI_GRADIENT_X","2023",3454.735,,,"R1:3513"
"ECU","BA:19","EMP_TEMP_SEX_GAI_NB","SEX_F","GAI_GRADIENT_TOTAL","2023",3468.544,,,"R1:3513"
"ECU","BA:19","EMP_TEMP_SEX_GAI_NB","SEX_F","GAI_GRADIENT_4","2023",59.385,,,"R1:3513"
"ECU","BA:19","EMP_TEMP_SEX_GAI_NB","SEX_F","GAI_GRADIENT_3","2023",143.561,,,"R1:3513"
"ECU","BA:19","EMP_TEMP_SEX_GAI_NB","SEX_F","GAI_GRADIENT_2","2023",306.618,,,"R1:3513"
"ECU","BA:19","EMP_TEMP_SEX_GAI_NB","SEX_F","GAI_GRADIENT_1","2023",383.644,,,"R1:3513"
"ECU","BA:19","EMP_TEMP_SEX_GAI_NB","SEX_F","GAI_GRADIENT_5","2023",244.518,,,"R1:3513"
"ECU","BA:19","EMP_TEMP_SEX_GAI_NB","SEX_F","GAI_GRADIENT_X","2023",2330.818,,,"R1:3513"
"ECU","BA:19","EMP_TEMP_SEX_GAI_NB","SEX_T","GAI_GRADIENT_TOTAL","2022",8150.68,,,"R1:3513"
"ECU","BA:19","EMP_TEMP_SEX_GAI_NB","SEX_T","GAI_GRADIENT_4","2022",90.274,,,"R1:3513"
"ECU","BA:19","EMP_TEMP_SEX_GAI_NB","SEX_T","GAI_GRADIENT_3","2022",202.363,,,"R1:3513"
"ECU","BA:19","EMP_TEMP_SEX_GAI_NB","SEX_T","GAI_GRADIENT_2","2022",547.751,,,"R1:3513"
"ECU","BA:19","EMP_TEMP_SEX_GAI_NB","SEX_T","GAI_GRADIENT_1","2022",849.669,,,"R1:3513"
"ECU","BA:19","EMP_TEMP_SEX_GAI_NB","SEX_T","GAI_GRADIENT_5","2022",624.66,,,"R1:3513"
"ECU","BA:19","EMP_TEMP_SEX_GAI_NB","SEX_T","GAI_GRADIENT_X","2022",5835.962,,,"R1:3513"
"ECU","BA:19","EMP_TEMP_SEX_GAI_NB","SEX_M","GAI_GRADIENT_TOTAL","2022",4733.161,,,"R1:3513"
"ECU","BA:19","EMP_TEMP_SEX_GAI_NB","SEX_M","GAI_GRADIENT_4","2022",33.556,,,"R1:3513"
"ECU","BA:19","EMP_TEMP_SEX_GAI_NB","SEX_M","GAI_GRADIENT_3","2022",69.963,,,"R1:3513"
"ECU","BA:19","EMP_TEMP_SEX_GAI_NB","SEX_M","GAI_GRADIENT_2","2022",207.011,,,"R1:3513"
"ECU","BA:19","EMP_TEMP_SEX_GAI_NB","SEX_M","GAI_GRADIENT_1","2022",467.522,,,"R1:3513"
"ECU","BA:19","EMP_TEMP_SEX_GAI_NB","SEX_M","GAI_GRADIENT_5","2022",393.503,,,"R1:3513"
"ECU","BA:19","EMP_TEMP_SEX_GAI_NB","SEX_M","GAI_GRADIENT_X","2022",3561.607,,,"R1:3513"
"ECU","BA:19","EMP_TEMP_SEX_GAI_NB","SEX_F","GAI_GRADIENT_TOTAL","2022",3417.519,,,"R1:3513"
"ECU","BA:19","EMP_TEMP_SEX_GAI_NB","SEX_F","GAI_GRADIENT_4","2022",56.718,,,"R1:3513"
"ECU","BA:19","EMP_TEMP_SEX_GAI_NB","SEX_F","GAI_GRADIENT_3","2022",132.4,,,"R1:3513"
"ECU","BA:19","EMP_TEMP_SEX_GAI_NB","SEX_F","GAI_GRADIENT_2","2022",340.739,,,"R1:3513"
"ECU","BA:19","EMP_TEMP_SEX_GAI_NB","SEX_F","GAI_GRADIENT_1","2022",382.147,,,"R1:3513"
"ECU","BA:19","EMP_TEMP_SEX_GAI_NB","SEX_F","GAI_GRADIENT_5","2022",231.158,,,"R1:3513"
"ECU","BA:19","EMP_TEMP_SEX_GAI_NB","SEX_F","GAI_GRADIENT_X","2022",2274.356,,,"R1:3513"
"ECU","BA:19","EMP_TEMP_SEX_GAI_NB","SEX_T","GAI_GRADIENT_TOTAL","2021",7948.655,,,"R1:3513"
"ECU","BA:19","EMP_TEMP_SEX_GAI_NB","SEX_T","GAI_GRADIENT_4","2021",97.64,,,"R1:3513"
"ECU","BA:19","EMP_TEMP_SEX_GAI_NB","SEX_T","GAI_GRADIENT_3","2021",213.077,,,"R1:3513"
"ECU","BA:19","EMP_TEMP_SEX_GAI_NB","SEX_T","GAI_GRADIENT_2","2021",560.988,,,"R1:3513"
"ECU","BA:19","EMP_TEMP_SEX_GAI_NB","SEX_T","GAI_GRADIENT_1","2021",854.466,,,"R1:3513"
"ECU","BA:19","EMP_TEMP_SEX_GAI_NB","SEX_T","GAI_GRADIENT_5","2021",579.639,,,"R1:3513"
"ECU","BA:19","EMP_TEMP_SEX_GAI_NB","SEX_T","GAI_GRADIENT_X","2021",5642.844,,,"R1:3513"
"ECU","BA:19","EMP_TEMP_SEX_GAI_NB","SEX_M","GAI_GRADIENT_TOTAL","2021",4666.32,,,"R1:3513"
"ECU","BA:19","EMP_TEMP_SEX_GAI_NB","SEX_M","GAI_GRADIENT_4","2021",34.779,,,"R1:3513"
"ECU","BA:19","EMP_TEMP_SEX_GAI_NB","SEX_M","GAI_GRADIENT_3","2021",74.909,,,"R1:3513"
"ECU","BA:19","EMP_TEMP_SEX_GAI_NB","SEX_M","GAI_GRADIENT_2","2021",217.375,,,"R1:3513"
"ECU","BA:19","EMP_TEMP_SEX_GAI_NB","SEX_M","GAI_GRADIENT_1","2021",480.293,,,"R1:3513"
"ECU","BA:19","EMP_TEMP_SEX_GAI_NB","SEX_M","GAI_GRADIENT_5","2021",371.336,,,"R1:3513"
"ECU","BA:19","EMP_TEMP_SEX_GAI_NB","SEX_M","GAI_GRADIENT_X","2021",3487.628,,,"R1:3513"
"ECU","BA:19","EMP_TEMP_SEX_GAI_NB","SEX_F","GAI_GRADIENT_TOTAL","2021",3282.335,,,"R1:3513"
"ECU","BA:19","EMP_TEMP_SEX_GAI_NB","SEX_F","GAI_GRADIENT_4","2021",62.861,,,"R1:3513"
"ECU","BA:19","EMP_TEMP_SEX_GAI_NB","SEX_F","GAI_GRADIENT_3","2021",138.169,,,"R1:3513"
"ECU","BA:19","EMP_TEMP_SEX_GAI_NB","SEX_F","GAI_GRADIENT_2","2021",343.614,,,"R1:3513"
"ECU","BA:19","EMP_TEMP_SEX_GAI_NB","SEX_F","GAI_GRADIENT_1","2021",374.173,,,"R1:3513"
"ECU","BA:19","EMP_TEMP_SEX_GAI_NB","SEX_F","GAI_GRADIENT_5","2021",208.303,,,"R1:3513"
"ECU","BA:19","EMP_TEMP_SEX_GAI_NB","SEX_F","GAI_GRADIENT_X","2021",2155.215,,,"R1:3513"
"ECU","BA:19","EMP_TEMP_SEX_GAI_NB","SEX_T","GAI_GRADIENT_TOTAL","2020",7063.092,"B","I11:264","R1:3513"
"ECU","BA:19","EMP_TEMP_SEX_GAI_NB","SEX_T","GAI_GRADIENT_4","2020",91.831,"B","I11:264","R1:3513"
"ECU","BA:19","EMP_TEMP_SEX_GAI_NB","SEX_T","GAI_GRADIENT_3","2020",218.114,"B","I11:264","R1:3513"
"ECU","BA:19","EMP_TEMP_SEX_GAI_NB","SEX_T","GAI_GRADIENT_2","2020",539.099,"B","I11:264","R1:3513"
"ECU","BA:19","EMP_TEMP_SEX_GAI_NB","SEX_T","GAI_GRADIENT_1","2020",728.805,"B","I11:264","R1:3513"
"ECU","BA:19","EMP_TEMP_SEX_GAI_NB","SEX_T","GAI_GRADIENT_5","2020",497.272,"B","I11:264","R1:3513"
"ECU","BA:19","EMP_TEMP_SEX_GAI_NB","SEX_T","GAI_GRADIENT_X","2020",4987.971,"B","I11:264","R1:3513"
"ECU","BA:19","EMP_TEMP_SEX_GAI_NB","SEX_M","GAI_GRADIENT_TOTAL","2020",4193.8,"B","I11:264","R1:3513"
"ECU","BA:19","EMP_TEMP_SEX_GAI_NB","SEX_M","GAI_GRADIENT_4","2020",34.626,"B","I11:264","R1:3513"
"ECU","BA:19","EMP_TEMP_SEX_GAI_NB","SEX_M","GAI_GRADIENT_3","2020",68.998,"B","I11:264","R1:3513"
"ECU","BA:19","EMP_TEMP_SEX_GAI_NB","SEX_M","GAI_GRADIENT_2","2020",238.609,"B","I11:264","R1:3513"
"ECU","BA:19","EMP_TEMP_SEX_GAI_NB","SEX_M","GAI_GRADIENT_1","2020",417.375,"B","I11:264","R1:3513"
"ECU","BA:19","EMP_TEMP_SEX_GAI_NB","SEX_M","GAI_GRADIENT_5","2020",328.621,"B","I11:264","R1:3513"
"ECU","BA:19","EMP_TEMP_SEX_GAI_NB","SEX_M","GAI_GRADIENT_X","2020",3105.57,"B","I11:264","R1:3513"
"ECU","BA:19","EMP_TEMP_SEX_GAI_NB","SEX_F","GAI_GRADIENT_TOTAL","2020",2869.292,"B","I11:264","R1:3513"
"ECU","BA:19","EMP_TEMP_SEX_GAI_NB","SEX_F","GAI_GRADIENT_4","2020",57.205,"B","I11:264","R1:3513"
"ECU","BA:19","EMP_TEMP_SEX_GAI_NB","SEX_F","GAI_GRADIENT_3","2020",149.116,"B","I11:264","R1:3513"
"ECU","BA:19","EMP_TEMP_SEX_GAI_NB","SEX_F","GAI_GRADIENT_2","2020",300.489,"B","I11:264","R1:3513"
"ECU","BA:19","EMP_TEMP_SEX_GAI_NB","SEX_F","GAI_GRADIENT_1","2020",311.43,"B","I11:264","R1:3513"
"ECU","BA:19","EMP_TEMP_SEX_GAI_NB","SEX_F","GAI_GRADIENT_5","2020",168.651,"B","I11:264","R1:3513"
"ECU","BA:19","EMP_TEMP_SEX_GAI_NB","SEX_F","GAI_GRADIENT_X","2020",1882.401,"B","I11:264","R1:3513"
"ECU","BA:19","EMP_TEMP_SEX_GAI_NB","SEX_T","GAI_GRADIENT_TOTAL","2019",7853.175,,,"R1:3513"
"ECU","BA:19","EMP_TEMP_SEX_GAI_NB","SEX_T","GAI_GRADIENT_4","2019",85.802,,,"R1:3513"
"ECU","BA:19","EMP_TEMP_SEX_GAI_NB","SEX_T","GAI_GRADIENT_3","2019",231.742,,,"R1:3513"
"ECU","BA:19","EMP_TEMP_SEX_GAI_NB","SEX_T","GAI_GRADIENT_2","2019",573.793,,,"R1:3513"
"ECU","BA:19","EMP_TEMP_SEX_GAI_NB","SEX_T","GAI_GRADIENT_1","2019",843.965,,,"R1:3513"
"ECU","BA:19","EMP_TEMP_SEX_GAI_NB","SEX_T","GAI_GRADIENT_5","2019",583.737,,,"R1:3513"
"ECU","BA:19","EMP_TEMP_SEX_GAI_NB","SEX_T","GAI_GRADIENT_X","2019",5534.136,,,"R1:3513"
"ECU","BA:19","EMP_TEMP_SEX_GAI_NB","SEX_M","GAI_GRADIENT_TOTAL","2019",4574.141,,,"R1:3513"
"ECU","BA:19","EMP_TEMP_SEX_GAI_NB","SEX_M","GAI_GRADIENT_4","2019",32.84,,,"R1:3513"
"ECU","BA:19","EMP_TEMP_SEX_GAI_NB","SEX_M","GAI_GRADIENT_3","2019",79.566,,,"R1:3513"
"ECU","BA:19","EMP_TEMP_SEX_GAI_NB","SEX_M","GAI_GRADIENT_2","2019",230.098,,,"R1:3513"
"ECU","BA:19","EMP_TEMP_SEX_GAI_NB","SEX_M","GAI_GRADIENT_1","2019",481.523,,,"R1:3513"
"ECU","BA:19","EMP_TEMP_SEX_GAI_NB","SEX_M","GAI_GRADIENT_5","2019",385.011,,,"R1:3513"
"ECU","BA:19","EMP_TEMP_SEX_GAI_NB","SEX_M","GAI_GRADIENT_X","2019",3365.103,,,"R1:3513"
"ECU","BA:19","EMP_TEMP_SEX_GAI_NB","SEX_F","GAI_GRADIENT_TOTAL","2019",3279.033,,,"R1:3513"
"ECU","BA:19","EMP_TEMP_SEX_GAI_NB","SEX_F","GAI_GRADIENT_4","2019",52.962,,,"R1:3513"
"ECU","BA:19","EMP_TEMP_SEX_GAI_NB","SEX_F","GAI_GRADIENT_3","2019",152.176,,,"R1:3513"
"ECU","BA:19","EMP_TEMP_SEX_GAI_NB","SEX_F","GAI_GRADIENT_2","2019",343.695,,,"R1:3513"
"ECU","BA:19","EMP_TEMP_SEX_GAI_NB","SEX_F","GAI_GRADIENT_1","2019",362.441,,,"R1:3513"
"ECU","BA:19","EMP_TEMP_SEX_GAI_NB","SEX_F","GAI_GRADIENT_5","2019",198.726,,,"R1:3513"
"ECU","BA:19","EMP_TEMP_SEX_GAI_NB","SEX_F","GAI_GRADIENT_X","2019",2169.033,,,"R1:3513"
"ECU","BA:19","EMP_TEMP_SEX_GAI_NB","SEX_T","GAI_GRADIENT_TOTAL","2018",7778.909,,,"R1:3513"
"ECU","BA:19","EMP_TEMP_SEX_GAI_NB","SEX_T","GAI_GRADIENT_4","2018",72.16,,,"R1:3513"
"ECU","BA:19","EMP_TEMP_SEX_GAI_NB","SEX_T","GAI_GRADIENT_3","2018",238.175,,,"R1:3513"
"ECU","BA:19","EMP_TEMP_SEX_GAI_NB","SEX_T","GAI_GRADIENT_2","2018",573.531,,,"R1:3513"
"ECU","BA:19","EMP_TEMP_SEX_GAI_NB","SEX_T","GAI_GRADIENT_1","2018",850.102,,,"R1:3513"
"ECU","BA:19","EMP_TEMP_SEX_GAI_NB","SEX_T","GAI_GRADIENT_5","2018",568.236,,,"R1:3513"
"ECU","BA:19","EMP_TEMP_SEX_GAI_NB","SEX_T","GAI_GRADIENT_X","2018",5476.706,,,"R1:3513"
"ECU","BA:19","EMP_TEMP_SEX_GAI_NB","SEX_M","GAI_GRADIENT_TOTAL","2018",4544.343,,,"R1:3513"
"ECU","BA:19","EMP_TEMP_SEX_GAI_NB","SEX_M","GAI_GRADIENT_4","2018",29.087,,,"R1:3513"
"ECU","BA:19","EMP_TEMP_SEX_GAI_NB","SEX_M","GAI_GRADIENT_3","2018",78.062,,,"R1:3513"
"ECU","BA:19","EMP_TEMP_SEX_GAI_NB","SEX_M","GAI_GRADIENT_2","2018",229.998,,,"R1:3513"
"ECU","BA:19","EMP_TEMP_SEX_GAI_NB","SEX_M","GAI_GRADIENT_1","2018",487.619,,,"R1:3513"
"ECU","BA:19","EMP_TEMP_SEX_GAI_NB","SEX_M","GAI_GRADIENT_5","2018",380.075,,,"R1:3513"
"ECU","BA:19","EMP_TEMP_SEX_GAI_NB","SEX_M","GAI_GRADIENT_X","2018",3339.502,,,"R1:3513"
"ECU","BA:19","EMP_TEMP_SEX_GAI_NB","SEX_F","GAI_GRADIENT_TOTAL","2018",3234.566,,,"R1:3513"
"ECU","BA:19","EMP_TEMP_SEX_GAI_NB","SEX_F","GAI_GRADIENT_4","2018",43.073,,,"R1:3513"
"ECU","BA:19","EMP_TEMP_SEX_GAI_NB","SEX_F","GAI_GRADIENT_3","2018",160.113,,,"R1:3513"
"ECU","BA:19","EMP_TEMP_SEX_GAI_NB","SEX_F","GAI_GRADIENT_2","2018",343.533,,,"R1:3513"
"ECU","BA:19","EMP_TEMP_SEX_GAI_NB","SEX_F","GAI_GRADIENT_1","2018",362.482,,,"R1:3513"
"ECU","BA:19","EMP_TEMP_SEX_GAI_NB","SEX_F","GAI_GRADIENT_5","2018",188.161,,,"R1:3513"
"ECU","BA:19","EMP_TEMP_SEX_GAI_NB","SEX_F","GAI_GRADIENT_X","2018",2137.204,,,"R1:3513"
"ECU","BA:19","EMP_TEMP_SEX_GAI_NB","SEX_T","GAI_GRADIENT_TOTAL","2017",7766.294,,,"R1:3513"
"ECU","BA:19","EMP_TEMP_SEX_GAI_NB","SEX_T","GAI_GRADIENT_4","2017",58.013,,,"R1:3513"
"ECU","BA:19","EMP_TEMP_SEX_GAI_NB","SEX_T","GAI_GRADIENT_3","2017",239.11,,,"R1:3513"
"ECU","BA:19","EMP_TEMP_SEX_GAI_NB","SEX_T","GAI_GRADIENT_2","2017",567.99,,,"R1:3513"
"ECU","BA:19","EMP_TEMP_SEX_GAI_NB","SEX_T","GAI_GRADIENT_1","2017",830.341,,,"R1:3513"
"ECU","BA:19","EMP_TEMP_SEX_GAI_NB","SEX_T","GAI_GRADIENT_5","2017",538.23,,,"R1:3513"
"ECU","BA:19","EMP_TEMP_SEX_GAI_NB","SEX_T","GAI_GRADIENT_X","2017",5532.61,,,"R1:3513"
"ECU","BA:19","EMP_TEMP_SEX_GAI_NB","SEX_M","GAI_GRADIENT_TOTAL","2017",4494.983,,,"R1:3513"
"ECU","BA:19","EMP_TEMP_SEX_GAI_NB","SEX_M","GAI_GRADIENT_4","2017",25.916,,,"R1:3513"
"ECU","BA:19","EMP_TEMP_SEX_GAI_NB","SEX_M","GAI_GRADIENT_3","2017",73.17,,,"R1:3513"
"ECU","BA:19","EMP_TEMP_SEX_GAI_NB","SEX_M","GAI_GRADIENT_2","2017",227.479,,,"R1:3513"
"ECU","BA:19","EMP_TEMP_SEX_GAI_NB","SEX_M","GAI_GRADIENT_1","2017",482.769,,,"R1:3513"
"ECU","BA:19","EMP_TEMP_SEX_GAI_NB","SEX_M","GAI_GRADIENT_5","2017",370.301,,,"R1:3513"
"ECU","BA:19","EMP_TEMP_SEX_GAI_NB","SEX_M","GAI_GRADIENT_X","2017",3315.349,,,"R1:3513"
"ECU","BA:19","EMP_TEMP_SEX_GAI_NB","SEX_F","GAI_GRADIENT_TOTAL","2017",3271.312,,,"R1:3513"
"ECU","BA:19","EMP_TEMP_SEX_GAI_NB","SEX_F","GAI_GRADIENT_4","2017",32.097,,,"R1:3513"
"ECU","BA:19","EMP_TEMP_SEX_GAI_NB","SEX_F","GAI_GRADIENT_3","2017",165.94,,,"R1:3513"
"ECU","BA:19","EMP_TEMP_SEX_GAI_NB","SEX_F","GAI_GRADIENT_2","2017",340.511,,,"R1:3513"
"ECU","BA:19","EMP_TEMP_SEX_GAI_NB","SEX_F","GAI_GRADIENT_1","2017",347.572,,,"R1:3513"
"ECU","BA:19","EMP_TEMP_SEX_GAI_NB","SEX_F","GAI_GRADIENT_5","2017",167.93,,,"R1:3513"
"ECU","BA:19","EMP_TEMP_SEX_GAI_NB","SEX_F","GAI_GRADIENT_X","2017",2217.262,,,"R1:3513"
"ECU","BA:19","EMP_TEMP_SEX_GAI_NB","SEX_T","GAI_GRADIENT_TOTAL","2016",7482.136,,,"R1:3513"
"ECU","BA:19","EMP_TEMP_SEX_GAI_NB","SEX_T","GAI_GRADIENT_4","2016",69.351,,,"R1:3513"
"ECU","BA:19","EMP_TEMP_SEX_GAI_NB","SEX_T","GAI_GRADIENT_3","2016",248.003,,,"R1:3513"
"ECU","BA:19","EMP_TEMP_SEX_GAI_NB","SEX_T","GAI_GRADIENT_2","2016",533.968,,,"R1:3513"
"ECU","BA:19","EMP_TEMP_SEX_GAI_NB","SEX_T","GAI_GRADIENT_1","2016",556.2,,,"R1:3513"
"ECU","BA:19","EMP_TEMP_SEX_GAI_NB","SEX_T","GAI_GRADIENT_5","2016",504.084,,,"R1:3513"
"ECU","BA:19","EMP_TEMP_SEX_GAI_NB","SEX_T","GAI_GRADIENT_X","2016",5570.53,,,"R1:3513"
"ECU","BA:19","EMP_TEMP_SEX_GAI_NB","SEX_M","GAI_GRADIENT_TOTAL","2016",4350.539,,,"R1:3513"
"ECU","BA:19","EMP_TEMP_SEX_GAI_NB","SEX_M","GAI_GRADIENT_4","2016",26.834,,,"R1:3513"
"ECU","BA:19","EMP_TEMP_SEX_GAI_NB","SEX_M","GAI_GRADIENT_3","2016",78.269,,,"R1:3513"
"ECU","BA:19","EMP_TEMP_SEX_GAI_NB","SEX_M","GAI_GRADIENT_2","2016",248.49,,,"R1:3513"
"ECU","BA:19","EMP_TEMP_SEX_GAI_NB","SEX_M","GAI_GRADIENT_1","2016",369.701,,,"R1:3513"
"ECU","BA:19","EMP_TEMP_SEX_GAI_NB","SEX_M","GAI_GRADIENT_5","2016",341.977,,,"R1:3513"
"ECU","BA:19","EMP_TEMP_SEX_GAI_NB","SEX_M","GAI_GRADIENT_X","2016",3285.267,,,"R1:3513"
"ECU","BA:19","EMP_TEMP_SEX_GAI_NB","SEX_F","GAI_GRADIENT_TOTAL","2016",3131.598,,,"R1:3513"
"ECU","BA:19","EMP_TEMP_SEX_GAI_NB","SEX_F","GAI_GRADIENT_4","2016",42.518,,,"R1:3513"
"ECU","BA:19","EMP_TEMP_SEX_GAI_NB","SEX_F","GAI_GRADIENT_3","2016",169.734,,,"R1:3513"
"ECU","BA:19","EMP_TEMP_SEX_GAI_NB","SEX_F","GAI_GRADIENT_2","2016",285.478,,,"R1:3513"
"ECU","BA:19","EMP_TEMP_SEX_GAI_NB","SEX_F","GAI_GRADIENT_1","2016",186.498,,,"R1:3513"
"ECU","BA:19","EMP_TEMP_SEX_GAI_NB","SEX_F","GAI_GRADIENT_5","2016",162.107,,,"R1:3513"
"ECU","BA:19","EMP_TEMP_SEX_GAI_NB","SEX_F","GAI_GRADIENT_X","2016",2285.263,,,"R1:3513"
"ECU","BA:19","EMP_TEMP_SEX_GAI_NB","SEX_T","GAI_GRADIENT_TOTAL","2015",7151.013,,,"R1:3513"
"ECU","BA:19","EMP_TEMP_SEX_GAI_NB","SEX_T","GAI_GRADIENT_4","2015",75.982,,,"R1:3513"
"ECU","BA:19","EMP_TEMP_SEX_GAI_NB","SEX_T","GAI_GRADIENT_3","2015",254.165,,,"R1:3513"
"ECU","BA:19","EMP_TEMP_SEX_GAI_NB","SEX_T","GAI_GRADIENT_2","2015",522.878,,,"R1:3513"
"ECU","BA:19","EMP_TEMP_SEX_GAI_NB","SEX_T","GAI_GRADIENT_1","2015",510.279,,,"R1:3513"
"ECU","BA:19","EMP_TEMP_SEX_GAI_NB","SEX_T","GAI_GRADIENT_5","2015",557.653,,,"R1:3513"
"ECU","BA:19","EMP_TEMP_SEX_GAI_NB","SEX_T","GAI_GRADIENT_X","2015",5230.056,,,"R1:3513"
"ECU","BA:19","EMP_TEMP_SEX_GAI_NB","SEX_M","GAI_GRADIENT_TOTAL","2015",4250.583,,,"R1:3513"
"ECU","BA:19","EMP_TEMP_SEX_GAI_NB","SEX_M","GAI_GRADIENT_4","2015",29.999,,,"R1:3513"
"ECU","BA:19","EMP_TEMP_SEX_GAI_NB","SEX_M","GAI_GRADIENT_3","2015",80.476,,,"R1:3513"
"ECU","BA:19","EMP_TEMP_SEX_GAI_NB","SEX_M","GAI_GRADIENT_2","2015",237.109,,,"R1:3513"
"ECU","BA:19","EMP_TEMP_SEX_GAI_NB","SEX_M","GAI_GRADIENT_1","2015",349.777,,,"R1:3513"
"ECU","BA:19","EMP_TEMP_SEX_GAI_NB","SEX_M","GAI_GRADIENT_5","2015",391.4,,,"R1:3513"
"ECU","BA:19","EMP_TEMP_SEX_GAI_NB","SEX_M","GAI_GRADIENT_X","2015",3161.822,,,"R1:3513"
"ECU","BA:19","EMP_TEMP_SEX_GAI_NB","SEX_F","GAI_GRADIENT_TOTAL","2015",2900.43,,,"R1:3513"
"ECU","BA:19","EMP_TEMP_SEX_GAI_NB","SEX_F","GAI_GRADIENT_4","2015",45.983,,,"R1:3513"
"ECU","BA:19","EMP_TEMP_SEX_GAI_NB","SEX_F","GAI_GRADIENT_3","2015",173.689,,,"R1:3513"
"ECU","BA:19","EMP_TEMP_SEX_GAI_NB","SEX_F","GAI_GRADIENT_2","2015",285.769,,,"R1:3513"
"ECU","BA:19","EMP_TEMP_SEX_GAI_NB","SEX_F","GAI_GRADIENT_1","2015",160.502,,,"R1:3513"
"ECU","BA:19","EMP_TEMP_SEX_GAI_NB","SEX_F","GAI_GRADIENT_5","2015",166.253,,,"R1:3513"
"ECU","BA:19","EMP_TEMP_SEX_GAI_NB","SEX_F","GAI_GRADIENT_X","2015",2068.235,,,"R1:3513"
"ECU","BA:19","EMP_TEMP_SEX_GAI_NB","SEX_T","GAI_GRADIENT_TOTAL","2014",6784.36,,,"R1:3513"
"ECU","BA:19","EMP_TEMP_SEX_GAI_NB","SEX_T","GAI_GRADIENT_4","2014",88.89,,,"R1:3513"
"ECU","BA:19","EMP_TEMP_SEX_GAI_NB","SEX_T","GAI_GRADIENT_3","2014",257.769,,,"R1:3513"
"ECU","BA:19","EMP_TEMP_SEX_GAI_NB","SEX_T","GAI_GRADIENT_2","2014",479.434,,,"R1:3513"
"ECU","BA:19","EMP_TEMP_SEX_GAI_NB","SEX_T","GAI_GRADIENT_1","2014",520.616,,,"R1:3513"
"ECU","BA:19","EMP_TEMP_SEX_GAI_NB","SEX_T","GAI_GRADIENT_5","2014",537.269,,,"R1:3513"
"ECU","BA:19","EMP_TEMP_SEX_GAI_NB","SEX_T","GAI_GRADIENT_X","2014",4900.381,,,"R1:3513"
"ECU","BA:19","EMP_TEMP_SEX_GAI_NB","SEX_M","GAI_GRADIENT_TOTAL","2014",4124.391,,,"R1:3513"
"ECU","BA:19","EMP_TEMP_SEX_GAI_NB","SEX_M","GAI_GRADIENT_4","2014",37.233,,,"R1:3513"
"ECU","BA:19","EMP_TEMP_SEX_GAI_NB","SEX_M","GAI_GRADIENT_3","2014",83.159,,,"R1:3513"
"ECU","BA:19","EMP_TEMP_SEX_GAI_NB","SEX_M","GAI_GRADIENT_2","2014",232.239,,,"R1:3513"
"ECU","BA:19","EMP_TEMP_SEX_GAI_NB","SEX_M","GAI_GRADIENT_1","2014",332.491,,,"R1:3513"
"ECU","BA:19","EMP_TEMP_SEX_GAI_NB","SEX_M","GAI_GRADIENT_5","2014",375.731,,,"R1:3513"
"ECU","BA:19","EMP_TEMP_SEX_GAI_NB","SEX_M","GAI_GRADIENT_X","2014",3063.538,,,"R1:3513"
"ECU","BA:19","EMP_TEMP_SEX_GAI_NB","SEX_F","GAI_GRADIENT_TOTAL","2014",2659.969,,,"R1:3513"
"ECU","BA:19","EMP_TEMP_SEX_GAI_NB","SEX_F","GAI_GRADIENT_4","2014",51.657,,,"R1:3513"
"ECU","BA:19","EMP_TEMP_SEX_GAI_NB","SEX_F","GAI_GRADIENT_3","2014",174.61,,,"R1:3513"
"ECU","BA:19","EMP_TEMP_SEX_GAI_NB","SEX_F","GAI_GRADIENT_2","2014",247.195,,,"R1:3513"
"ECU","BA:19","EMP_TEMP_SEX_GAI_NB","SEX_F","GAI_GRADIENT_1","2014",188.125,,,"R1:3513"
"ECU","BA:19","EMP_TEMP_SEX_GAI_NB","SEX_F","GAI_GRADIENT_5","2014",161.539,,,"R1:3513"
"ECU","BA:19","EMP_TEMP_SEX_GAI_NB","SEX_F","GAI_GRADIENT_X","2014",1836.843,,,"R1:3513"
"ECU","BA:19","EMP_TEMP_SEX_GAI_NB","SEX_T","GAI_GRADIENT_TOTAL","2013",6695.018,,,"R1:3513"
"ECU","BA:19","EMP_TEMP_SEX_GAI_NB","SEX_T","GAI_GRADIENT_4","2013",85.498,,,"R1:3513"
"ECU","BA:19","EMP_TEMP_SEX_GAI_NB","SEX_T","GAI_GRADIENT_3","2013",264.657,,,"R1:3513"
"ECU","BA:19","EMP_TEMP_SEX_GAI_NB","SEX_T","GAI_GRADIENT_2","2013",642.215,,,"R1:3513"
"ECU","BA:19","EMP_TEMP_SEX_GAI_NB","SEX_T","GAI_GRADIENT_1","2013",500.142,,,"R1:3513"
"ECU","BA:19","EMP_TEMP_SEX_GAI_NB","SEX_T","GAI_GRADIENT_5","2013",494.615,,,"R1:3513"
"ECU","BA:19","EMP_TEMP_SEX_GAI_NB","SEX_T","GAI_GRADIENT_X","2013",4707.891,,,"R1:3513"
"ECU","BA:19","EMP_TEMP_SEX_GAI_NB","SEX_M","GAI_GRADIENT_TOTAL","2013",4043.419,,,"R1:3513"
"ECU","BA:19","EMP_TEMP_SEX_GAI_NB","SEX_M","GAI_GRADIENT_4","2013",36.769,,,"R1:3513"
"ECU","BA:19","EMP_TEMP_SEX_GAI_NB","SEX_M","GAI_GRADIENT_3","2013",84.87,,,"R1:3513"
"ECU","BA:19","EMP_TEMP_SEX_GAI_NB","SEX_M","GAI_GRADIENT_2","2013",297.844,,,"R1:3513"
"ECU","BA:19","EMP_TEMP_SEX_GAI_NB","SEX_M","GAI_GRADIENT_1","2013",307.071,,,"R1:3513"
"ECU","BA:19","EMP_TEMP_SEX_GAI_NB","SEX_M","GAI_GRADIENT_5","2013",359.331,,,"R1:3513"
"ECU","BA:19","EMP_TEMP_SEX_GAI_NB","SEX_M","GAI_GRADIENT_X","2013",2957.534,,,"R1:3513"
"ECU","BA:19","EMP_TEMP_SEX_GAI_NB","SEX_F","GAI_GRADIENT_TOTAL","2013",2651.598,,,"R1:3513"
"ECU","BA:19","EMP_TEMP_SEX_GAI_NB","SEX_F","GAI_GRADIENT_4","2013",48.729,,,"R1:3513"
"ECU","BA:19","EMP_TEMP_SEX_GAI_NB","SEX_F","GAI_GRADIENT_3","2013",179.788,,,"R1:3513"
"ECU","BA:19","EMP_TEMP_SEX_GAI_NB","SEX_F","GAI_GRADIENT_2","2013",344.37,,,"R1:3513"
"ECU","BA:19","EMP_TEMP_SEX_GAI_NB","SEX_F","GAI_GRADIENT_1","2013",193.071,,,"R1:3513"
"ECU","BA:19","EMP_TEMP_SEX_GAI_NB","SEX_F","GAI_GRADIENT_5","2013",135.284,,,"R1:3513"
"ECU","BA:19","EMP_TEMP_SEX_GAI_NB","SEX_F","GAI_GRADIENT_X","2013",1750.357,,,"R1:3513"
"EGY","BA:582","EMP_TEMP_SEX_GAI_NB","SEX_T","GAI_GRADIENT_TOTAL","2024",32677.758,"B","I11:264","R1:3513"
"EGY","BA:582","EMP_TEMP_SEX_GAI_NB","SEX_T","GAI_GRADIENT_4","2024",494.351,"B","I11:264","R1:3513"
"EGY","BA:582","EMP_TEMP_SEX_GAI_NB","SEX_T","GAI_GRADIENT_3","2024",1087.566,"B","I11:264","R1:3513"
"EGY","BA:582","EMP_TEMP_SEX_GAI_NB","SEX_T","GAI_GRADIENT_2","2024",1342.534,"B","I11:264","R1:3513"
"EGY","BA:582","EMP_TEMP_SEX_GAI_NB","SEX_T","GAI_GRADIENT_1","2024",4646.154,"B","I11:264","R1:3513"
"EGY","BA:582","EMP_TEMP_SEX_GAI_NB","SEX_T","GAI_GRADIENT_5","2024",3185.771,"B","I11:264","R1:3513"
"EGY","BA:582","EMP_TEMP_SEX_GAI_NB","SEX_T","GAI_GRADIENT_X","2024",21921.384,"B","I11:264","R1:3513"
"EGY","BA:582","EMP_TEMP_SEX_GAI_NB","SEX_M","GAI_GRADIENT_TOTAL","2024",25253.641,"B","I11:264","R1:3513"
"EGY","BA:582","EMP_TEMP_SEX_GAI_NB","SEX_M","GAI_GRADIENT_4","2024",384.923,"B","I11:264","R1:3513"
"EGY","BA:582","EMP_TEMP_SEX_GAI_NB","SEX_M","GAI_GRADIENT_3","2024",791.758,"B","I11:264","R1:3513"
"EGY","BA:582","EMP_TEMP_SEX_GAI_NB","SEX_M","GAI_GRADIENT_2","2024",1163.345,"B","I11:264","R1:3513"
"EGY","BA:582","EMP_TEMP_SEX_GAI_NB","SEX_M","GAI_GRADIENT_1","2024",4002.478,"B","I11:264","R1:3513"
"EGY","BA:582","EMP_TEMP_SEX_GAI_NB","SEX_M","GAI_GRADIENT_5","2024",2341.001,"B","I11:264","R1:3513"
"EGY","BA:582","EMP_TEMP_SEX_GAI_NB","SEX_M","GAI_GRADIENT_X","2024",16570.137,"B","I11:264","R1:3513"
"EGY","BA:582","EMP_TEMP_SEX_GAI_NB","SEX_F","GAI_GRADIENT_TOTAL","2024",7424.118,"B","I11:264","R1:3513"
"EGY","BA:582","EMP_TEMP_SEX_GAI_NB","SEX_F","GAI_GRADIENT_4","2024",109.428,"B","I11:264","R1:3513"
"EGY","BA:582","EMP_TEMP_SEX_GAI_NB","SEX_F","GAI_GRADIENT_3","2024",295.808,"B","I11:264","R1:3513"
"EGY","BA:582","EMP_TEMP_SEX_GAI_NB","SEX_F","GAI_GRADIENT_2","2024",179.189,"B","I11:264","R1:3513"
"EGY","BA:582","EMP_TEMP_SEX_GAI_NB","SEX_F","GAI_GRADIENT_1","2024",643.675,"B","I11:264","R1:3513"
"EGY","BA:582","EMP_TEMP_SEX_GAI_NB","SEX_F","GAI_GRADIENT_5","2024",844.77,"B","I11:264","R1:3513"
"EGY","BA:582","EMP_TEMP_SEX_GAI_NB","SEX_F","GAI_GRADIENT_X","2024",5351.247,"B","I11:264","R1:3513"
"EGY","BA:582","EMP_TEMP_SEX_GAI_NB","SEX_T","GAI_GRADIENT_TOTAL","2023",29886.073,,,"R1:3513"
"EGY","BA:582","EMP_TEMP_SEX_GAI_NB","SEX_T","GAI_GRADIENT_4","2023",471.012,,,"R1:3513"
"EGY","BA:582","EMP_TEMP_SEX_GAI_NB","SEX_T","GAI_GRADIENT_3","2023",1101.322,,,"R1:3513"
"EGY","BA:582","EMP_TEMP_SEX_GAI_NB","SEX_T","GAI_GRADIENT_2","2023",1354.672,,,"R1:3513"
"EGY","BA:582","EMP_TEMP_SEX_GAI_NB","SEX_T","GAI_GRADIENT_1","2023",4380.035,,,"R1:3513"
"EGY","BA:582","EMP_TEMP_SEX_GAI_NB","SEX_T","GAI_GRADIENT_5","2023",3031.537,,,"R1:3513"
"EGY","BA:582","EMP_TEMP_SEX_GAI_NB","SEX_T","GAI_GRADIENT_X","2023",19547.496,,,"R1:3513"
"EGY","BA:582","EMP_TEMP_SEX_GAI_NB","SEX_M","GAI_GRADIENT_TOTAL","2023",24474.763,,,"R1:3513"
"EGY","BA:582","EMP_TEMP_SEX_GAI_NB","SEX_M","GAI_GRADIENT_4","2023",367.087,,,"R1:3513"
"EGY","BA:582","EMP_TEMP_SEX_GAI_NB","SEX_M","GAI_GRADIENT_3","2023",823.731,,,"R1:3513"
"EGY","BA:582","EMP_TEMP_SEX_GAI_NB","SEX_M","GAI_GRADIENT_2","2023",1183.581,,,"R1:3513"
"EGY","BA:582","EMP_TEMP_SEX_GAI_NB","SEX_M","GAI_GRADIENT_1","2023",3763.36,,,"R1:3513"
"EGY","BA:582","EMP_TEMP_SEX_GAI_NB","SEX_M","GAI_GRADIENT_5","2023",2225.404,,,"R1:3513"
"EGY","BA:582","EMP_TEMP_SEX_GAI_NB","SEX_M","GAI_GRADIENT_X","2023",16111.6,,,"R1:3513"
"EGY","BA:582","EMP_TEMP_SEX_GAI_NB","SEX_F","GAI_GRADIENT_TOTAL","2023",5411.31,,,"R1:3513"
"EGY","BA:582","EMP_TEMP_SEX_GAI_NB","SEX_F","GAI_GRADIENT_4","2023",103.925,,,"R1:3513"
"EGY","BA:582","EMP_TEMP_SEX_GAI_NB","SEX_F","GAI_GRADIENT_3","2023",277.59,,,"R1:3513"
"EGY","BA:582","EMP_TEMP_SEX_GAI_NB","SEX_F","GAI_GRADIENT_2","2023",171.092,,,"R1:3513"
"EGY","BA:582","EMP_TEMP_SEX_GAI_NB","SEX_F","GAI_GRADIENT_1","2023",616.675,,,"R1:3513"
"EGY","BA:582","EMP_TEMP_SEX_GAI_NB","SEX_F","GAI_GRADIENT_5","2023",806.133,,,"R1:3513"
"EGY","BA:582","EMP_TEMP_SEX_GAI_NB","SEX_F","GAI_GRADIENT_X","2023",3435.896,,,"R1:3513"
"EGY","BA:582","EMP_TEMP_SEX_GAI_NB","SEX_T","GAI_GRADIENT_TOTAL","2022",27976.39,,,"R1:3513"
"EGY","BA:582","EMP_TEMP_SEX_GAI_NB","SEX_T","GAI_GRADIENT_4","2022",419.198,,,"R1:3513"
"EGY","BA:582","EMP_TEMP_SEX_GAI_NB","SEX_T","GAI_GRADIENT_3","2022",1034.513,,,"R1:3513"
"EGY","BA:582","EMP_TEMP_SEX_GAI_NB","SEX_T","GAI_GRADIENT_2","2022",1321.993,,,"R1:3513"
"EGY","BA:582","EMP_TEMP_SEX_GAI_NB","SEX_T","GAI_GRADIENT_1","2022",4360.137,,,"R1:3513"
"EGY","BA:582","EMP_TEMP_SEX_GAI_NB","SEX_T","GAI_GRADIENT_5","2022",2849.587,,,"R1:3513"
"EGY","BA:582","EMP_TEMP_SEX_GAI_NB","SEX_T","GAI_GRADIENT_X","2022",17990.962,,,"R1:3513"
"EGY","BA:582","EMP_TEMP_SEX_GAI_NB","SEX_M","GAI_GRADIENT_TOTAL","2022",23785.721,,,"R1:3513"
"EGY","BA:582","EMP_TEMP_SEX_GAI_NB","SEX_M","GAI_GRADIENT_4","2022",319.469,,,"R1:3513"
"EGY","BA:582","EMP_TEMP_SEX_GAI_NB","SEX_M","GAI_GRADIENT_3","2022",770.088,,,"R1:3513"
"EGY","BA:582","EMP_TEMP_SEX_GAI_NB","SEX_M","GAI_GRADIENT_2","2022",1159.327,,,"R1:3513"
"EGY","BA:582","EMP_TEMP_SEX_GAI_NB","SEX_M","GAI_GRADIENT_1","2022",3753.058,,,"R1:3513"
"EGY","BA:582","EMP_TEMP_SEX_GAI_NB","SEX_M","GAI_GRADIENT_5","2022",2108.137,,,"R1:3513"
"EGY","BA:582","EMP_TEMP_SEX_GAI_NB","SEX_M","GAI_GRADIENT_X","2022",15675.643,,,"R1:3513"
"EGY","BA:582","EMP_TEMP_SEX_GAI_NB","SEX_F","GAI_GRADIENT_TOTAL","2022",4190.669,,,"R1:3513"
"EGY","BA:582","EMP_TEMP_SEX_GAI_NB","SEX_F","GAI_GRADIENT_4","2022",99.729,,,"R1:3513"
"EGY","BA:582","EMP_TEMP_SEX_GAI_NB","SEX_F","GAI_GRADIENT_3","2022",264.425,,,"R1:3513"
"EGY","BA:582","EMP_TEMP_SEX_GAI_NB","SEX_F","GAI_GRADIENT_2","2022",162.666,,,"R1:3513"
"EGY","BA:582","EMP_TEMP_SEX_GAI_NB","SEX_F","GAI_GRADIENT_1","2022",607.079,,,"R1:3513"
"EGY","BA:582","EMP_TEMP_SEX_GAI_NB","SEX_F","GAI_GRADIENT_5","2022",741.45,,,"R1:3513"
"EGY","BA:582","EMP_TEMP_SEX_GAI_NB","SEX_F","GAI_GRADIENT_X","2022",2315.319,,,"R1:3513"
"EGY","BA:582","EMP_TEMP_SEX_GAI_NB","SEX_T","GAI_GRADIENT_TOTAL","2021",27240.999,,,"R1:3513"
"EGY","BA:582","EMP_TEMP_SEX_GAI_NB","SEX_T","GAI_GRADIENT_4","2021",398.039,,,"R1:3513"
"EGY","BA:582","EMP_TEMP_SEX_GAI_NB","SEX_T","GAI_GRADIENT_3","2021",1003.725,,,"R1:3513"
"EGY","BA:582","EMP_TEMP_SEX_GAI_NB","SEX_T","GAI_GRADIENT_2","2021",1308.611,,,"R1:3513"
"EGY","BA:582","EMP_TEMP_SEX_GAI_NB","SEX_T","GAI_GRADIENT_1","2021",4161.672,,,"R1:3513"
"EGY","BA:582","EMP_TEMP_SEX_GAI_NB","SEX_T","GAI_GRADIENT_5","2021",2822.425,,,"R1:3513"
"EGY","BA:582","EMP_TEMP_SEX_GAI_NB","SEX_T","GAI_GRADIENT_X","2021",17546.528,,,"R1:3513"
"EGY","BA:582","EMP_TEMP_SEX_GAI_NB","SEX_M","GAI_GRADIENT_TOTAL","2021",22959.882,,,"R1:3513"
"EGY","BA:582","EMP_TEMP_SEX_GAI_NB","SEX_M","GAI_GRADIENT_4","2021",290.34,,,"R1:3513"
"EGY","BA:582","EMP_TEMP_SEX_GAI_NB","SEX_M","GAI_GRADIENT_3","2021",740.73,,,"R1:3513"
"EGY","BA:582","EMP_TEMP_SEX_GAI_NB","SEX_M","GAI_GRADIENT_2","2021",1146.774,,,"R1:3513"
"EGY","BA:582","EMP_TEMP_SEX_GAI_NB","SEX_M","GAI_GRADIENT_1","2021",3546.297,,,"R1:3513"
"EGY","BA:582","EMP_TEMP_SEX_GAI_NB","SEX_M","GAI_GRADIENT_5","2021",2053.67,,,"R1:3513"
"EGY","BA:582","EMP_TEMP_SEX_GAI_NB","SEX_M","GAI_GRADIENT_X","2021",15182.07,,,"R1:3513"
"EGY","BA:582","EMP_TEMP_SEX_GAI_NB","SEX_F","GAI_GRADIENT_TOTAL","2021",4281.117,,,"R1:3513"
"EGY","BA:582","EMP_TEMP_SEX_GAI_NB","SEX_F","GAI_GRADIENT_4","2021",107.699,,,"R1:3513"
"EGY","BA:582","EMP_TEMP_SEX_GAI_NB","SEX_F","GAI_GRADIENT_3","2021",262.994,,,"R1:3513"
"EGY","BA:582","EMP_TEMP_SEX_GAI_NB","SEX_F","GAI_GRADIENT_2","2021",161.837,,,"R1:3513"
"EGY","BA:582","EMP_TEMP_SEX_GAI_NB","SEX_F","GAI_GRADIENT_1","2021",615.374,,,"R1:3513"
"EGY","BA:582","EMP_TEMP_SEX_GAI_NB","SEX_F","GAI_GRADIENT_5","2021",768.755,,,"R1:3513"
"EGY","BA:582","EMP_TEMP_SEX_GAI_NB","SEX_F","GAI_GRADIENT_X","2021",2364.457,,,"R1:3513"
"EGY","BA:582","EMP_TEMP_SEX_GAI_NB","SEX_T","GAI_GRADIENT_TOTAL","2020",26238.958,,,"R1:3513"
"EGY","BA:582","EMP_TEMP_SEX_GAI_NB","SEX_T","GAI_GRADIENT_4","2020",390.51,,,"R1:3513"
"EGY","BA:582","EMP_TEMP_SEX_GAI_NB","SEX_T","GAI_GRADIENT_3","2020",1001.878,,,"R1:3513"
"EGY","BA:582","EMP_TEMP_SEX_GAI_NB","SEX_T","GAI_GRADIENT_2","2020",1178.343,,,"R1:3513"
"EGY","BA:582","EMP_TEMP_SEX_GAI_NB","SEX_T","GAI_GRADIENT_1","2020",4017.157,,,"R1:3513"
"EGY","BA:582","EMP_TEMP_SEX_GAI_NB","SEX_T","GAI_GRADIENT_5","2020",2650.012,,,"R1:3513"
"EGY","BA:582","EMP_TEMP_SEX_GAI_NB","SEX_T","GAI_GRADIENT_X","2020",17001.058,,,"R1:3513"
"EGY","BA:582","EMP_TEMP_SEX_GAI_NB","SEX_M","GAI_GRADIENT_TOTAL","2020",22286.24,,,"R1:3513"
"EGY","BA:582","EMP_TEMP_SEX_GAI_NB","SEX_M","GAI_GRADIENT_4","2020",277.903,,,"R1:3513"
"EGY","BA:582","EMP_TEMP_SEX_GAI_NB","SEX_M","GAI_GRADIENT_3","2020",727.699,,,"R1:3513"
"EGY","BA:582","EMP_TEMP_SEX_GAI_NB","SEX_M","GAI_GRADIENT_2","2020",1040.141,,,"R1:3513"
"EGY","BA:582","EMP_TEMP_SEX_GAI_NB","SEX_M","GAI_GRADIENT_1","2020",3456.766,,,"R1:3513"
"EGY","BA:582","EMP_TEMP_SEX_GAI_NB","SEX_M","GAI_GRADIENT_5","2020",1961.066,,,"R1:3513"
"EGY","BA:582","EMP_TEMP_SEX_GAI_NB","SEX_M","GAI_GRADIENT_X","2020",14822.665,,,"R1:3513"
"EGY","BA:582","EMP_TEMP_SEX_GAI_NB","SEX_F","GAI_GRADIENT_TOTAL","2020",3952.717,,,"R1:3513"
"EGY","BA:582","EMP_TEMP_SEX_GAI_NB","SEX_F","GAI_GRADIENT_4","2020",112.607,,,"R1:3513"
"EGY","BA:582","EMP_TEMP_SEX_GAI_NB","SEX_F","GAI_GRADIENT_3","2020",274.179,,,"R1:3513"
"EGY","BA:582","EMP_TEMP_SEX_GAI_NB","SEX_F","GAI_GRADIENT_2","2020",138.202,,,"R1:3513"
"EGY","BA:582","EMP_TEMP_SEX_GAI_NB","SEX_F","GAI_GRADIENT_1","2020",560.391,,,"R1:3513"
"EGY","BA:582","EMP_TEMP_SEX_GAI_NB","SEX_F","GAI_GRADIENT_5","2020",688.946,,,"R1:3513"
"EGY","BA:582","EMP_TEMP_SEX_GAI_NB","SEX_F","GAI_GRADIENT_X","2020",2178.392,,,"R1:3513"
"ETH","BA:1126","EMP_TEMP_SEX_GAI_NB","SEX_T","GAI_GRADIENT_TOTAL","2021",37044.437,,,"R1:3513"
"ETH","BA:1126","EMP_TEMP_SEX_GAI_NB","SEX_T","GAI_GRADIENT_4","2021",105.686,,,"R1:3513"
"ETH","BA:1126","EMP_TEMP_SEX_GAI_NB","SEX_T","GAI_GRADIENT_3","2021",307.384,,,"R1:3513"
"ETH","BA:1126","EMP_TEMP_SEX_GAI_NB","SEX_T","GAI_GRADIENT_2","2021",1098.089,,,"R1:3513"
"ETH","BA:1126","EMP_TEMP_SEX_GAI_NB","SEX_T","GAI_GRADIENT_1","2021",1375.213,,,"R1:3513"
"ETH","BA:1126","EMP_TEMP_SEX_GAI_NB","SEX_T","GAI_GRADIENT_5","2021",1803.188,,,"R1:3513"
"ETH","BA:1126","EMP_TEMP_SEX_GAI_NB","SEX_T","GAI_GRADIENT_X","2021",32354.877,,,"R1:3513"
"ETH","BA:1126","EMP_TEMP_SEX_GAI_NB","SEX_M","GAI_GRADIENT_TOTAL","2021",21417.124,,,"R1:3513"
"ETH","BA:1126","EMP_TEMP_SEX_GAI_NB","SEX_M","GAI_GRADIENT_4","2021",62.533,,,"R1:3513"
"ETH","BA:1126","EMP_TEMP_SEX_GAI_NB","SEX_M","GAI_GRADIENT_3","2021",156.102,,,"R1:3513"
"ETH","BA:1126","EMP_TEMP_SEX_GAI_NB","SEX_M","GAI_GRADIENT_2","2021",646.393,,,"R1:3513"
"ETH","BA:1126","EMP_TEMP_SEX_GAI_NB","SEX_M","GAI_GRADIENT_1","2021",680.532,,,"R1:3513"
"ETH","BA:1126","EMP_TEMP_SEX_GAI_NB","SEX_M","GAI_GRADIENT_5","2021",1042.203,,,"R1:3513"
"ETH","BA:1126","EMP_TEMP_SEX_GAI_NB","SEX_M","GAI_GRADIENT_X","2021",18829.361,,,"R1:3513"
"ETH","BA:1126","EMP_TEMP_SEX_GAI_NB","SEX_F","GAI_GRADIENT_TOTAL","2021",15627.313,,,"R1:3513"
"ETH","BA:1126","EMP_TEMP_SEX_GAI_NB","SEX_F","GAI_GRADIENT_4","2021",43.153,,,"R1:3513"
"ETH","BA:1126","EMP_TEMP_SEX_GAI_NB","SEX_F","GAI_GRADIENT_3","2021",151.282,,,"R1:3513"
"ETH","BA:1126","EMP_TEMP_SEX_GAI_NB","SEX_F","GAI_GRADIENT_2","2021",451.697,,,"R1:3513"
"ETH","BA:1126","EMP_TEMP_SEX_GAI_NB","SEX_F","GAI_GRADIENT_1","2021",694.681,,,"R1:3513"
"ETH","BA:1126","EMP_TEMP_SEX_GAI_NB","SEX_F","GAI_GRADIENT_5","2021",760.985,,,"R1:3513"
"ETH","BA:1126","EMP_TEMP_SEX_GAI_NB","SEX_F","GAI_GRADIENT_X","2021",13525.516,,,"R1:3513"
"FJI","BA:1135","EMP_TEMP_SEX_GAI_NB","SEX_T","GAI_GRADIENT_TOTAL","2024",319.04,,,"R1:3513"
"FJI","BA:1135","EMP_TEMP_SEX_GAI_NB","SEX_T","GAI_GRADIENT_4","2024",3.849,,,"R1:3513"
"FJI","BA:1135","EMP_TEMP_SEX_GAI_NB","SEX_T","GAI_GRADIENT_3","2024",13.013,,,"R1:3513"
"FJI","BA:1135","EMP_TEMP_SEX_GAI_NB","SEX_T","GAI_GRADIENT_2","2024",14.429,,,"R1:3513"
"FJI","BA:1135","EMP_TEMP_SEX_GAI_NB","SEX_T","GAI_GRADIENT_1","2024",8.854,,,"R1:3513"
"FJI","BA:1135","EMP_TEMP_SEX_GAI_NB","SEX_T","GAI_GRADIENT_5","2024",26.247,,,"R1:3513"
"FJI","BA:1135","EMP_TEMP_SEX_GAI_NB","SEX_T","GAI_GRADIENT_X","2024",252.647,,,"R1:3513"
"FJI","BA:1135","EMP_TEMP_SEX_GAI_NB","SEX_M","GAI_GRADIENT_TOTAL","2024",212.736,,,"R1:3513"
"FJI","BA:1135","EMP_TEMP_SEX_GAI_NB","SEX_M","GAI_GRADIENT_4","2024",2.333,,,"R1:3513"
"FJI","BA:1135","EMP_TEMP_SEX_GAI_NB","SEX_M","GAI_GRADIENT_3","2024",7.071,,,"R1:3513"
"FJI","BA:1135","EMP_TEMP_SEX_GAI_NB","SEX_M","GAI_GRADIENT_2","2024",6.834,,,"R1:3513"
"FJI","BA:1135","EMP_TEMP_SEX_GAI_NB","SEX_M","GAI_GRADIENT_1","2024",6.977,,,"R1:3513"
"FJI","BA:1135","EMP_TEMP_SEX_GAI_NB","SEX_M","GAI_GRADIENT_5","2024",15.45,,,"R1:3513"
"FJI","BA:1135","EMP_TEMP_SEX_GAI_NB","SEX_M","GAI_GRADIENT_X","2024",174.071,,,"R1:3513"
"FJI","BA:1135","EMP_TEMP_SEX_GAI_NB","SEX_F","GAI_GRADIENT_TOTAL","2024",106.304,,,"R1:3513"
"FJI","BA:1135","EMP_TEMP_SEX_GAI_NB","SEX_F","GAI_GRADIENT_4","2024",1.516,,,"R1:3513"
"FJI","BA:1135","EMP_TEMP_SEX_GAI_NB","SEX_F","GAI_GRADIENT_3","2024",5.942,,,"R1:3513"
"FJI","BA:1135","EMP_TEMP_SEX_GAI_NB","SEX_F","GAI_GRADIENT_2","2024",7.596,,,"R1:3513"
"FJI","BA:1135","EMP_TEMP_SEX_GAI_NB","SEX_F","GAI_GRADIENT_1","2024",1.878,,,"R1:3513"
"FJI","BA:1135","EMP_TEMP_SEX_GAI_NB","SEX_F","GAI_GRADIENT_5","2024",10.796,,,"R1:3513"
"FJI","BA:1135","EMP_TEMP_SEX_GAI_NB","SEX_F","GAI_GRADIENT_X","2024",78.576,,,"R1:3513"
"FRA","BA:148","EMP_TEMP_SEX_GAI_NB","SEX_T","GAI_GRADIENT_TOTAL","2024",29021.954,,,"R1:3513"
"FRA","BA:148","EMP_TEMP_SEX_GAI_NB","SEX_T","GAI_GRADIENT_4","2024",1144.083,,,"R1:3513"
"FRA","BA:148","EMP_TEMP_SEX_GAI_NB","SEX_T","GAI_GRADIENT_3","2024",3079.483,,,"R1:3513"
"FRA","BA:148","EMP_TEMP_SEX_GAI_NB","SEX_T","GAI_GRADIENT_2","2024",2679.306,,,"R1:3513"
"FRA","BA:148","EMP_TEMP_SEX_GAI_NB","SEX_T","GAI_GRADIENT_1","2024",1368.814,,,"R1:3513"
"FRA","BA:148","EMP_TEMP_SEX_GAI_NB","SEX_T","GAI_GRADIENT_5","2024",6110.966,,,"R1:3513"
"FRA","BA:148","EMP_TEMP_SEX_GAI_NB","SEX_T","GAI_GRADIENT_X","2024",14639.302,,,"R1:3513"
"FRA","BA:148","EMP_TEMP_SEX_GAI_NB","SEX_M","GAI_GRADIENT_TOTAL","2024",14853.007,,,"R1:3513"
"FRA","BA:148","EMP_TEMP_SEX_GAI_NB","SEX_M","GAI_GRADIENT_4","2024",270.854,,,"R1:3513"
"FRA","BA:148","EMP_TEMP_SEX_GAI_NB","SEX_M","GAI_GRADIENT_3","2024",1259.576,,,"R1:3513"
"FRA","BA:148","EMP_TEMP_SEX_GAI_NB","SEX_M","GAI_GRADIENT_2","2024",1306.577,,,"R1:3513"
"FRA","BA:148","EMP_TEMP_SEX_GAI_NB","SEX_M","GAI_GRADIENT_1","2024",551.906,,,"R1:3513"
"FRA","BA:148","EMP_TEMP_SEX_GAI_NB","SEX_M","GAI_GRADIENT_5","2024",3168.142,,,"R1:3513"
"FRA","BA:148","EMP_TEMP_SEX_GAI_NB","SEX_M","GAI_GRADIENT_X","2024",8295.952,,,"R1:3513"
"FRA","BA:148","EMP_TEMP_SEX_GAI_NB","SEX_F","GAI_GRADIENT_TOTAL","2024",14168.947,,,"R1:3513"
"FRA","BA:148","EMP_TEMP_SEX_GAI_NB","SEX_F","GAI_GRADIENT_4","2024",873.229,,,"R1:3513"
"FRA","BA:148","EMP_TEMP_SEX_GAI_NB","SEX_F","GAI_GRADIENT_3","2024",1819.907,,,"R1:3513"
"FRA","BA:148","EMP_TEMP_SEX_GAI_NB","SEX_F","GAI_GRADIENT_2","2024",1372.729,,,"R1:3513"
"FRA","BA:148","EMP_TEMP_SEX_GAI_NB","SEX_F","GAI_GRADIENT_1","2024",816.908,,,"R1:3513"
"FRA","BA:148","EMP_TEMP_SEX_GAI_NB","SEX_F","GAI_GRADIENT_5","2024",2942.823,,,"R1:3513"
"FRA","BA:148","EMP_TEMP_SEX_GAI_NB","SEX_F","GAI_GRADIENT_X","2024",6343.35,,,"R1:3513"
"FRA","BA:148","EMP_TEMP_SEX_GAI_NB","SEX_T","GAI_GRADIENT_TOTAL","2023",28588.583,,,"R1:3513"
"FRA","BA:148","EMP_TEMP_SEX_GAI_NB","SEX_T","GAI_GRADIENT_4","2023",1165.426,,,"R1:3513"
"FRA","BA:148","EMP_TEMP_SEX_GAI_NB","SEX_T","GAI_GRADIENT_3","2023",3020.034,,,"R1:3513"
"FRA","BA:148","EMP_TEMP_SEX_GAI_NB","SEX_T","GAI_GRADIENT_2","2023",2579.519,,,"R1:3513"
"FRA","BA:148","EMP_TEMP_SEX_GAI_NB","SEX_T","GAI_GRADIENT_1","2023",1454.648,,,"R1:3513"
"FRA","BA:148","EMP_TEMP_SEX_GAI_NB","SEX_T","GAI_GRADIENT_5","2023",6088.832,,,"R1:3513"
"FRA","BA:148","EMP_TEMP_SEX_GAI_NB","SEX_T","GAI_GRADIENT_X","2023",14280.124,,,"R1:3513"
"FRA","BA:148","EMP_TEMP_SEX_GAI_NB","SEX_M","GAI_GRADIENT_TOTAL","2023",14573.642,,,"R1:3513"
"FRA","BA:148","EMP_TEMP_SEX_GAI_NB","SEX_M","GAI_GRADIENT_4","2023",268.379,,,"R1:3513"
"FRA","BA:148","EMP_TEMP_SEX_GAI_NB","SEX_M","GAI_GRADIENT_3","2023",1235.671,,,"R1:3513"
"FRA","BA:148","EMP_TEMP_SEX_GAI_NB","SEX_M","GAI_GRADIENT_2","2023",1280.401,,,"R1:3513"
"FRA","BA:148","EMP_TEMP_SEX_GAI_NB","SEX_M","GAI_GRADIENT_1","2023",581.052,,,"R1:3513"
"FRA","BA:148","EMP_TEMP_SEX_GAI_NB","SEX_M","GAI_GRADIENT_5","2023",3126.318,,,"R1:3513"
"FRA","BA:148","EMP_TEMP_SEX_GAI_NB","SEX_M","GAI_GRADIENT_X","2023",8081.82,,,"R1:3513"
"FRA","BA:148","EMP_TEMP_SEX_GAI_NB","SEX_F","GAI_GRADIENT_TOTAL","2023",14014.94,,,"R1:3513"
"FRA","BA:148","EMP_TEMP_SEX_GAI_NB","SEX_F","GAI_GRADIENT_4","2023",897.047,,,"R1:3513"
"FRA","BA:148","EMP_TEMP_SEX_GAI_NB","SEX_F","GAI_GRADIENT_3","2023",1784.363,,,"R1:3513"
"FRA","BA:148","EMP_TEMP_SEX_GAI_NB","SEX_F","GAI_GRADIENT_2","2023",1299.117,,,"R1:3513"
"FRA","BA:148","EMP_TEMP_SEX_GAI_NB","SEX_F","GAI_GRADIENT_1","2023",873.596,,,"R1:3513"
"FRA","BA:148","EMP_TEMP_SEX_GAI_NB","SEX_F","GAI_GRADIENT_5","2023",2962.514,,,"R1:3513"
"FRA","BA:148","EMP_TEMP_SEX_GAI_NB","SEX_F","GAI_GRADIENT_X","2023",6198.304,,,"R1:3513"
"FRA","BA:148","EMP_TEMP_SEX_GAI_NB","SEX_T","GAI_GRADIENT_TOTAL","2022",28395.467,,,"R1:3513"
"FRA","BA:148","EMP_TEMP_SEX_GAI_NB","SEX_T","GAI_GRADIENT_4","2022",1201.66,,,"R1:3513"
"FRA","BA:148","EMP_TEMP_SEX_GAI_NB","SEX_T","GAI_GRADIENT_3","2022",3055.246,,,"R1:3513"
"FRA","BA:148","EMP_TEMP_SEX_GAI_NB","SEX_T","GAI_GRADIENT_2","2022",2537.58,,,"R1:3513"
"FRA","BA:148","EMP_TEMP_SEX_GAI_NB","SEX_T","GAI_GRADIENT_1","2022",1465.491,,,"R1:3513"
"FRA","BA:148","EMP_TEMP_SEX_GAI_NB","SEX_T","GAI_GRADIENT_5","2022",5932.164,,,"R1:3513"
"FRA","BA:148","EMP_TEMP_SEX_GAI_NB","SEX_T","GAI_GRADIENT_X","2022",14203.326,,,"R1:3513"
"FRA","BA:148","EMP_TEMP_SEX_GAI_NB","SEX_M","GAI_GRADIENT_TOTAL","2022",14510.775,,,"R1:3513"
"FRA","BA:148","EMP_TEMP_SEX_GAI_NB","SEX_M","GAI_GRADIENT_4","2022",293.012,,,"R1:3513"
"FRA","BA:148","EMP_TEMP_SEX_GAI_NB","SEX_M","GAI_GRADIENT_3","2022",1232.381,,,"R1:3513"
"FRA","BA:148","EMP_TEMP_SEX_GAI_NB","SEX_M","GAI_GRADIENT_2","2022",1246.712,,,"R1:3513"
"FRA","BA:148","EMP_TEMP_SEX_GAI_NB","SEX_M","GAI_GRADIENT_1","2022",593.235,,,"R1:3513"
"FRA","BA:148","EMP_TEMP_SEX_GAI_NB","SEX_M","GAI_GRADIENT_5","2022",3042.575,,,"R1:3513"
"FRA","BA:148","EMP_TEMP_SEX_GAI_NB","SEX_M","GAI_GRADIENT_X","2022",8102.859,,,"R1:3513"
"FRA","BA:148","EMP_TEMP_SEX_GAI_NB","SEX_F","GAI_GRADIENT_TOTAL","2022",13884.692,,,"R1:3513"
"FRA","BA:148","EMP_TEMP_SEX_GAI_NB","SEX_F","GAI_GRADIENT_4","2022",908.648,,,"R1:3513"
"FRA","BA:148","EMP_TEMP_SEX_GAI_NB","SEX_F","GAI_GRADIENT_3","2022",1822.865,,,"R1:3513"
"FRA","BA:148","EMP_TEMP_SEX_GAI_NB","SEX_F","GAI_GRADIENT_2","2022",1290.868,,,"R1:3513"
"FRA","BA:148","EMP_TEMP_SEX_GAI_NB","SEX_F","GAI_GRADIENT_1","2022",872.256,,,"R1:3513"
"FRA","BA:148","EMP_TEMP_SEX_GAI_NB","SEX_F","GAI_GRADIENT_5","2022",2889.588,,,"R1:3513"
"FRA","BA:148","EMP_TEMP_SEX_GAI_NB","SEX_F","GAI_GRADIENT_X","2022",6100.467,,,"R1:3513"
"FRA","BA:148","EMP_TEMP_SEX_GAI_NB","SEX_T","GAI_GRADIENT_TOTAL","2021",27929.633,,,"R1:3513"
"FRA","BA:148","EMP_TEMP_SEX_GAI_NB","SEX_T","GAI_GRADIENT_4","2021",1192.69,,,"R1:3513"
"FRA","BA:148","EMP_TEMP_SEX_GAI_NB","SEX_T","GAI_GRADIENT_3","2021",3024.982,,,"R1:3513"
"FRA","BA:148","EMP_TEMP_SEX_GAI_NB","SEX_T","GAI_GRADIENT_2","2021",2455.753,,,"R1:3513"
"FRA","BA:148","EMP_TEMP_SEX_GAI_NB","SEX_T","GAI_GRADIENT_1","2021",1382.472,,,"R1:3513"
"FRA","BA:148","EMP_TEMP_SEX_GAI_NB","SEX_T","GAI_GRADIENT_5","2021",5732.098,,,"R1:3513"
"FRA","BA:148","EMP_TEMP_SEX_GAI_NB","SEX_T","GAI_GRADIENT_X","2021",14141.638,,,"R1:3513"
"FRA","BA:148","EMP_TEMP_SEX_GAI_NB","SEX_M","GAI_GRADIENT_TOTAL","2021",14282.566,,,"R1:3513"
"FRA","BA:148","EMP_TEMP_SEX_GAI_NB","SEX_M","GAI_GRADIENT_4","2021",278.645,,,"R1:3513"
"FRA","BA:148","EMP_TEMP_SEX_GAI_NB","SEX_M","GAI_GRADIENT_3","2021",1249.368,,,"R1:3513"
"FRA","BA:148","EMP_TEMP_SEX_GAI_NB","SEX_M","GAI_GRADIENT_2","2021",1222.11,,,"R1:3513"
"FRA","BA:148","EMP_TEMP_SEX_GAI_NB","SEX_M","GAI_GRADIENT_1","2021",574.695,,,"R1:3513"
"FRA","BA:148","EMP_TEMP_SEX_GAI_NB","SEX_M","GAI_GRADIENT_5","2021",2943.189,,,"R1:3513"
"FRA","BA:148","EMP_TEMP_SEX_GAI_NB","SEX_M","GAI_GRADIENT_X","2021",8014.559,,,"R1:3513"
"FRA","BA:148","EMP_TEMP_SEX_GAI_NB","SEX_F","GAI_GRADIENT_TOTAL","2021",13647.068,,,"R1:3513"
"FRA","BA:148","EMP_TEMP_SEX_GAI_NB","SEX_F","GAI_GRADIENT_4","2021",914.045,,,"R1:3513"
"FRA","BA:148","EMP_TEMP_SEX_GAI_NB","SEX_F","GAI_GRADIENT_3","2021",1775.614,,,"R1:3513"
"FRA","BA:148","EMP_TEMP_SEX_GAI_NB","SEX_F","GAI_GRADIENT_2","2021",1233.643,,,"R1:3513"
"FRA","BA:148","EMP_TEMP_SEX_GAI_NB","SEX_F","GAI_GRADIENT_1","2021",807.778,,,"R1:3513"
"FRA","BA:148","EMP_TEMP_SEX_GAI_NB","SEX_F","GAI_GRADIENT_5","2021",2788.909,,,"R1:3513"
"FRA","BA:148","EMP_TEMP_SEX_GAI_NB","SEX_F","GAI_GRADIENT_X","2021",6127.079,,,"R1:3513"
"FRA","BA:148","EMP_TEMP_SEX_GAI_NB","SEX_T","GAI_GRADIENT_TOTAL","2020",26995.321,,,"R1:3513"
"FRA","BA:148","EMP_TEMP_SEX_GAI_NB","SEX_T","GAI_GRADIENT_4","2020",1251.515,,,"R1:3513"
"FRA","BA:148","EMP_TEMP_SEX_GAI_NB","SEX_T","GAI_GRADIENT_3","2020",2701.202,,,"R1:3513"
"FRA","BA:148","EMP_TEMP_SEX_GAI_NB","SEX_T","GAI_GRADIENT_2","2020",2649.427,,,"R1:3513"
"FRA","BA:148","EMP_TEMP_SEX_GAI_NB","SEX_T","GAI_GRADIENT_1","2020",1480.582,,,"R1:3513"
"FRA","BA:148","EMP_TEMP_SEX_GAI_NB","SEX_T","GAI_GRADIENT_5","2020",5204.185,,,"R1:3513"
"FRA","BA:148","EMP_TEMP_SEX_GAI_NB","SEX_T","GAI_GRADIENT_X","2020",13708.408,,,"R1:3513"
"FRA","BA:148","EMP_TEMP_SEX_GAI_NB","SEX_M","GAI_GRADIENT_TOTAL","2020",13885.329,,,"R1:3513"
"FRA","BA:148","EMP_TEMP_SEX_GAI_NB","SEX_M","GAI_GRADIENT_4","2020",290.641,,,"R1:3513"
"FRA","BA:148","EMP_TEMP_SEX_GAI_NB","SEX_M","GAI_GRADIENT_3","2020",1120.404,,,"R1:3513"
"FRA","BA:148","EMP_TEMP_SEX_GAI_NB","SEX_M","GAI_GRADIENT_2","2020",1391.035,,,"R1:3513"
"FRA","BA:148","EMP_TEMP_SEX_GAI_NB","SEX_M","GAI_GRADIENT_1","2020",601.47,,,"R1:3513"
"FRA","BA:148","EMP_TEMP_SEX_GAI_NB","SEX_M","GAI_GRADIENT_5","2020",2804.416,,,"R1:3513"
"FRA","BA:148","EMP_TEMP_SEX_GAI_NB","SEX_M","GAI_GRADIENT_X","2020",7677.364,,,"R1:3513"
"FRA","BA:148","EMP_TEMP_SEX_GAI_NB","SEX_F","GAI_GRADIENT_TOTAL","2020",13109.992,,,"R1:3513"
"FRA","BA:148","EMP_TEMP_SEX_GAI_NB","SEX_F","GAI_GRADIENT_4","2020",960.874,,,"R1:3513"
"FRA","BA:148","EMP_TEMP_SEX_GAI_NB","SEX_F","GAI_GRADIENT_3","2020",1580.798,,,"R1:3513"
"FRA","BA:148","EMP_TEMP_SEX_GAI_NB","SEX_F","GAI_GRADIENT_2","2020",1258.393,,,"R1:3513"
"FRA","BA:148","EMP_TEMP_SEX_GAI_NB","SEX_F","GAI_GRADIENT_1","2020",879.112,,,"R1:3513"
"FRA","BA:148","EMP_TEMP_SEX_GAI_NB","SEX_F","GAI_GRADIENT_5","2020",2399.769,,,"R1:3513"
"FRA","BA:148","EMP_TEMP_SEX_GAI_NB","SEX_F","GAI_GRADIENT_X","2020",6031.045,,,"R1:3513"
"FRA","BA:148","EMP_TEMP_SEX_GAI_NB","SEX_T","GAI_GRADIENT_TOTAL","2019",27132.732,,,"R1:3513"
"FRA","BA:148","EMP_TEMP_SEX_GAI_NB","SEX_T","GAI_GRADIENT_4","2019",1265.599,,,"R1:3513"
"FRA","BA:148","EMP_TEMP_SEX_GAI_NB","SEX_T","GAI_GRADIENT_3","2019",2596.812,,,"R1:3513"
"FRA","BA:148","EMP_TEMP_SEX_GAI_NB","SEX_T","GAI_GRADIENT_2","2019",2662.91,,,"R1:3513"
"FRA","BA:148","EMP_TEMP_SEX_GAI_NB","SEX_T","GAI_GRADIENT_1","2019",1520.342,,,"R1:3513"
"FRA","BA:148","EMP_TEMP_SEX_GAI_NB","SEX_T","GAI_GRADIENT_5","2019",5081.717,,,"R1:3513"
"FRA","BA:148","EMP_TEMP_SEX_GAI_NB","SEX_T","GAI_GRADIENT_X","2019",14005.352,,,"R1:3513"
"FRA","BA:148","EMP_TEMP_SEX_GAI_NB","SEX_M","GAI_GRADIENT_TOTAL","2019",13969.54,,,"R1:3513"
"FRA","BA:148","EMP_TEMP_SEX_GAI_NB","SEX_M","GAI_GRADIENT_4","2019",305.165,,,"R1:3513"
"FRA","BA:148","EMP_TEMP_SEX_GAI_NB","SEX_M","GAI_GRADIENT_3","2019",1074.657,,,"R1:3513"
"FRA","BA:148","EMP_TEMP_SEX_GAI_NB","SEX_M","GAI_GRADIENT_2","2019",1378.066,,,"R1:3513"
"FRA","BA:148","EMP_TEMP_SEX_GAI_NB","SEX_M","GAI_GRADIENT_1","2019",610.534,,,"R1:3513"
"FRA","BA:148","EMP_TEMP_SEX_GAI_NB","SEX_M","GAI_GRADIENT_5","2019",2775.176,,,"R1:3513"
"FRA","BA:148","EMP_TEMP_SEX_GAI_NB","SEX_M","GAI_GRADIENT_X","2019",7825.944,,,"R1:3513"
"FRA","BA:148","EMP_TEMP_SEX_GAI_NB","SEX_F","GAI_GRADIENT_TOTAL","2019",13163.192,,,"R1:3513"
"FRA","BA:148","EMP_TEMP_SEX_GAI_NB","SEX_F","GAI_GRADIENT_4","2019",960.434,,,"R1:3513"
"FRA","BA:148","EMP_TEMP_SEX_GAI_NB","SEX_F","GAI_GRADIENT_3","2019",1522.156,,,"R1:3513"
"FRA","BA:148","EMP_TEMP_SEX_GAI_NB","SEX_F","GAI_GRADIENT_2","2019",1284.844,,,"R1:3513"
"FRA","BA:148","EMP_TEMP_SEX_GAI_NB","SEX_F","GAI_GRADIENT_1","2019",909.808,,,"R1:3513"
"FRA","BA:148","EMP_TEMP_SEX_GAI_NB","SEX_F","GAI_GRADIENT_5","2019",2306.541,,,"R1:3513"
"FRA","BA:148","EMP_TEMP_SEX_GAI_NB","SEX_F","GAI_GRADIENT_X","2019",6179.408,,,"R1:3513"
"FRA","BA:148","EMP_TEMP_SEX_GAI_NB","SEX_T","GAI_GRADIENT_TOTAL","2018",27022.074,,,"R1:3513"
"FRA","BA:148","EMP_TEMP_SEX_GAI_NB","SEX_T","GAI_GRADIENT_4","2018",1287.891,,,"R1:3513"
"FRA","BA:148","EMP_TEMP_SEX_GAI_NB","SEX_T","GAI_GRADIENT_3","2018",2472.991,,,"R1:3513"
"FRA","BA:148","EMP_TEMP_SEX_GAI_NB","SEX_T","GAI_GRADIENT_2","2018",2626.364,,,"R1:3513"
"FRA","BA:148","EMP_TEMP_SEX_GAI_NB","SEX_T","GAI_GRADIENT_1","2018",1529.373,,,"R1:3513"
"FRA","BA:148","EMP_TEMP_SEX_GAI_NB","SEX_T","GAI_GRADIENT_5","2018",5100.281,,,"R1:3513"
"FRA","BA:148","EMP_TEMP_SEX_GAI_NB","SEX_T","GAI_GRADIENT_X","2018",14005.174,,,"R1:3513"
"FRA","BA:148","EMP_TEMP_SEX_GAI_NB","SEX_M","GAI_GRADIENT_TOTAL","2018",13968.967,,,"R1:3513"
"FRA","BA:148","EMP_TEMP_SEX_GAI_NB","SEX_M","GAI_GRADIENT_4","2018",291.31,,,"R1:3513"
"FRA","BA:148","EMP_TEMP_SEX_GAI_NB","SEX_M","GAI_GRADIENT_3","2018",1022.538,,,"R1:3513"
"FRA","BA:148","EMP_TEMP_SEX_GAI_NB","SEX_M","GAI_GRADIENT_2","2018",1386.361,,,"R1:3513"
"FRA","BA:148","EMP_TEMP_SEX_GAI_NB","SEX_M","GAI_GRADIENT_1","2018",599.319,,,"R1:3513"
"FRA","BA:148","EMP_TEMP_SEX_GAI_NB","SEX_M","GAI_GRADIENT_5","2018",2779.912,,,"R1:3513"
"FRA","BA:148","EMP_TEMP_SEX_GAI_NB","SEX_M","GAI_GRADIENT_X","2018",7889.527,,,"R1:3513"
"FRA","BA:148","EMP_TEMP_SEX_GAI_NB","SEX_F","GAI_GRADIENT_TOTAL","2018",13053.107,,,"R1:3513"
"FRA","BA:148","EMP_TEMP_SEX_GAI_NB","SEX_F","GAI_GRADIENT_4","2018",996.581,,,"R1:3513"
"FRA","BA:148","EMP_TEMP_SEX_GAI_NB","SEX_F","GAI_GRADIENT_3","2018",1450.452,,,"R1:3513"
"FRA","BA:148","EMP_TEMP_SEX_GAI_NB","SEX_F","GAI_GRADIENT_2","2018",1240.004,,,"R1:3513"
"FRA","BA:148","EMP_TEMP_SEX_GAI_NB","SEX_F","GAI_GRADIENT_1","2018",930.054,,,"R1:3513"
"FRA","BA:148","EMP_TEMP_SEX_GAI_NB","SEX_F","GAI_GRADIENT_5","2018",2320.368,,,"R1:3513"
"FRA","BA:148","EMP_TEMP_SEX_GAI_NB","SEX_F","GAI_GRADIENT_X","2018",6115.648,,,"R1:3513"
"FRA","BA:148","EMP_TEMP_SEX_GAI_NB","SEX_T","GAI_GRADIENT_TOTAL","2017",26803.113,,,"R1:3513"
"FRA","BA:148","EMP_TEMP_SEX_GAI_NB","SEX_T","GAI_GRADIENT_4","2017",1292.055,,,"R1:3513"
"FRA","BA:148","EMP_TEMP_SEX_GAI_NB","SEX_T","GAI_GRADIENT_3","2017",2463.72,,,"R1:3513"
"FRA","BA:148","EMP_TEMP_SEX_GAI_NB","SEX_T","GAI_GRADIENT_2","2017",2628.059,,,"R1:3513"
"FRA","BA:148","EMP_TEMP_SEX_GAI_NB","SEX_T","GAI_GRADIENT_1","2017",1515.051,,,"R1:3513"
"FRA","BA:148","EMP_TEMP_SEX_GAI_NB","SEX_T","GAI_GRADIENT_5","2017",5114.441,,,"R1:3513"
"FRA","BA:148","EMP_TEMP_SEX_GAI_NB","SEX_T","GAI_GRADIENT_X","2017",13789.788,,,"R1:3513"
"FRA","BA:148","EMP_TEMP_SEX_GAI_NB","SEX_M","GAI_GRADIENT_TOTAL","2017",13882.566,,,"R1:3513"
"FRA","BA:148","EMP_TEMP_SEX_GAI_NB","SEX_M","GAI_GRADIENT_4","2017",290.886,,,"R1:3513"
"FRA","BA:148","EMP_TEMP_SEX_GAI_NB","SEX_M","GAI_GRADIENT_3","2017",1013.693,,,"R1:3513"
"FRA","BA:148","EMP_TEMP_SEX_GAI_NB","SEX_M","GAI_GRADIENT_2","2017",1412.732,,,"R1:3513"
"FRA","BA:148","EMP_TEMP_SEX_GAI_NB","SEX_M","GAI_GRADIENT_1","2017",599.948,,,"R1:3513"
"FRA","BA:148","EMP_TEMP_SEX_GAI_NB","SEX_M","GAI_GRADIENT_5","2017",2805.73,,,"R1:3513"
"FRA","BA:148","EMP_TEMP_SEX_GAI_NB","SEX_M","GAI_GRADIENT_X","2017",7759.577,,,"R1:3513"
"FRA","BA:148","EMP_TEMP_SEX_GAI_NB","SEX_F","GAI_GRADIENT_TOTAL","2017",12920.548,,,"R1:3513"
"FRA","BA:148","EMP_TEMP_SEX_GAI_NB","SEX_F","GAI_GRADIENT_4","2017",1001.169,,,"R1:3513"
"FRA","BA:148","EMP_TEMP_SEX_GAI_NB","SEX_F","GAI_GRADIENT_3","2017",1450.026,,,"R1:3513"
"FRA","BA:148","EMP_TEMP_SEX_GAI_NB","SEX_F","GAI_GRADIENT_2","2017",1215.327,,,"R1:3513"
"FRA","BA:148","EMP_TEMP_SEX_GAI_NB","SEX_F","GAI_GRADIENT_1","2017",915.104,,,"R1:3513"
"FRA","BA:148","EMP_TEMP_SEX_GAI_NB","SEX_F","GAI_GRADIENT_5","2017",2308.71,,,"R1:3513"
"FRA","BA:148","EMP_TEMP_SEX_GAI_NB","SEX_F","GAI_GRADIENT_X","2017",6030.212,,,"R1:3513"
"FRA","BA:148","EMP_TEMP_SEX_GAI_NB","SEX_T","GAI_GRADIENT_TOTAL","2016",26583.839,,,"R1:3513"
"FRA","BA:148","EMP_TEMP_SEX_GAI_NB","SEX_T","GAI_GRADIENT_4","2016",1245.177,,,"R1:3513"
"FRA","BA:148","EMP_TEMP_SEX_GAI_NB","SEX_T","GAI_GRADIENT_3","2016",2442.084,,,"R1:3513"
"FRA","BA:148","EMP_TEMP_SEX_GAI_NB","SEX_T","GAI_GRADIENT_2","2016",2602.204,,,"R1:3513"
"FRA","BA:148","EMP_TEMP_SEX_GAI_NB","SEX_T","GAI_GRADIENT_1","2016",1511.731,,,"R1:3513"
"FRA","BA:148","EMP_TEMP_SEX_GAI_NB","SEX_T","GAI_GRADIENT_5","2016",5106.575,,,"R1:3513"
"FRA","BA:148","EMP_TEMP_SEX_GAI_NB","SEX_T","GAI_GRADIENT_X","2016",13676.068,,,"R1:3513"
"FRA","BA:148","EMP_TEMP_SEX_GAI_NB","SEX_M","GAI_GRADIENT_TOTAL","2016",13761.279,,,"R1:3513"
"FRA","BA:148","EMP_TEMP_SEX_GAI_NB","SEX_M","GAI_GRADIENT_4","2016",266.74,,,"R1:3513"
"FRA","BA:148","EMP_TEMP_SEX_GAI_NB","SEX_M","GAI_GRADIENT_3","2016",968.874,,,"R1:3513"
"FRA","BA:148","EMP_TEMP_SEX_GAI_NB","SEX_M","GAI_GRADIENT_2","2016",1424.556,,,"R1:3513"
"FRA","BA:148","EMP_TEMP_SEX_GAI_NB","SEX_M","GAI_GRADIENT_1","2016",605.669,,,"R1:3513"
"FRA","BA:148","EMP_TEMP_SEX_GAI_NB","SEX_M","GAI_GRADIENT_5","2016",2793.958,,,"R1:3513"
"FRA","BA:148","EMP_TEMP_SEX_GAI_NB","SEX_M","GAI_GRADIENT_X","2016",7701.481,,,"R1:3513"
"FRA","BA:148","EMP_TEMP_SEX_GAI_NB","SEX_F","GAI_GRADIENT_TOTAL","2016",12822.56,,,"R1:3513"
"FRA","BA:148","EMP_TEMP_SEX_GAI_NB","SEX_F","GAI_GRADIENT_4","2016",978.436,,,"R1:3513"
"FRA","BA:148","EMP_TEMP_SEX_GAI_NB","SEX_F","GAI_GRADIENT_3","2016",1473.209,,,"R1:3513"
"FRA","BA:148","EMP_TEMP_SEX_GAI_NB","SEX_F","GAI_GRADIENT_2","2016",1177.648,,,"R1:3513"
"FRA","BA:148","EMP_TEMP_SEX_GAI_NB","SEX_F","GAI_GRADIENT_1","2016",906.062,,,"R1:3513"
"FRA","BA:148","EMP_TEMP_SEX_GAI_NB","SEX_F","GAI_GRADIENT_5","2016",2312.617,,,"R1:3513"
"FRA","BA:148","EMP_TEMP_SEX_GAI_NB","SEX_F","GAI_GRADIENT_X","2016",5974.587,,,"R1:3513"
"FRA","BA:148","EMP_TEMP_SEX_GAI_NB","SEX_T","GAI_GRADIENT_TOTAL","2015",26423.739,,,"R1:3513"
"FRA","BA:148","EMP_TEMP_SEX_GAI_NB","SEX_T","GAI_GRADIENT_4","2015",1316.305,,,"R1:3513"
"FRA","BA:148","EMP_TEMP_SEX_GAI_NB","SEX_T","GAI_GRADIENT_3","2015",2504.102,,,"R1:3513"
"FRA","BA:148","EMP_TEMP_SEX_GAI_NB","SEX_T","GAI_GRADIENT_2","2015",2522.144,,,"R1:3513"
"FRA","BA:148","EMP_TEMP_SEX_GAI_NB","SEX_T","GAI_GRADIENT_1","2015",1503.258,,,"R1:3513"
"FRA","BA:148","EMP_TEMP_SEX_GAI_NB","SEX_T","GAI_GRADIENT_5","2015",5016.451,,,"R1:3513"
"FRA","BA:148","EMP_TEMP_SEX_GAI_NB","SEX_T","GAI_GRADIENT_X","2015",13561.48,,,"R1:3513"
"FRA","BA:148","EMP_TEMP_SEX_GAI_NB","SEX_M","GAI_GRADIENT_TOTAL","2015",13658.219,,,"R1:3513"
"FRA","BA:148","EMP_TEMP_SEX_GAI_NB","SEX_M","GAI_GRADIENT_4","2015",284.562,,,"R1:3513"
"FRA","BA:148","EMP_TEMP_SEX_GAI_NB","SEX_M","GAI_GRADIENT_3","2015",992.832,,,"R1:3513"
"FRA","BA:148","EMP_TEMP_SEX_GAI_NB","SEX_M","GAI_GRADIENT_2","2015",1375.088,,,"R1:3513"
"FRA","BA:148","EMP_TEMP_SEX_GAI_NB","SEX_M","GAI_GRADIENT_1","2015",579.039,,,"R1:3513"
"FRA","BA:148","EMP_TEMP_SEX_GAI_NB","SEX_M","GAI_GRADIENT_5","2015",2752.739,,,"R1:3513"
"FRA","BA:148","EMP_TEMP_SEX_GAI_NB","SEX_M","GAI_GRADIENT_X","2015",7673.958,,,"R1:3513"
"FRA","BA:148","EMP_TEMP_SEX_GAI_NB","SEX_F","GAI_GRADIENT_TOTAL","2015",12765.52,,,"R1:3513"
"FRA","BA:148","EMP_TEMP_SEX_GAI_NB","SEX_F","GAI_GRADIENT_4","2015",1031.743,,,"R1:3513"
"FRA","BA:148","EMP_TEMP_SEX_GAI_NB","SEX_F","GAI_GRADIENT_3","2015",1511.27,,,"R1:3513"
"FRA","BA:148","EMP_TEMP_SEX_GAI_NB","SEX_F","GAI_GRADIENT_2","2015",1147.055,,,"R1:3513"
"FRA","BA:148","EMP_TEMP_SEX_GAI_NB","SEX_F","GAI_GRADIENT_1","2015",924.218,,,"R1:3513"
"FRA","BA:148","EMP_TEMP_SEX_GAI_NB","SEX_F","GAI_GRADIENT_5","2015",2263.712,,,"R1:3513"
"FRA","BA:148","EMP_TEMP_SEX_GAI_NB","SEX_F","GAI_GRADIENT_X","2015",5887.522,,,"R1:3513"
"FRA","BA:148","EMP_TEMP_SEX_GAI_NB","SEX_T","GAI_GRADIENT_TOTAL","2014",26376.503,,,"R1:3513"
"FRA","BA:148","EMP_TEMP_SEX_GAI_NB","SEX_T","GAI_GRADIENT_4","2014",1356.331,,,"R1:3513"
"FRA","BA:148","EMP_TEMP_SEX_GAI_NB","SEX_T","GAI_GRADIENT_3","2014",2394.536,,,"R1:3513"
"FRA","BA:148","EMP_TEMP_SEX_GAI_NB","SEX_T","GAI_GRADIENT_2","2014",2464.088,,,"R1:3513"
"FRA","BA:148","EMP_TEMP_SEX_GAI_NB","SEX_T","GAI_GRADIENT_1","2014",1529.288,,,"R1:3513"
"FRA","BA:148","EMP_TEMP_SEX_GAI_NB","SEX_T","GAI_GRADIENT_5","2014",4930.858,,,"R1:3513"
"FRA","BA:148","EMP_TEMP_SEX_GAI_NB","SEX_T","GAI_GRADIENT_X","2014",13701.402,,,"R1:3513"
"FRA","BA:148","EMP_TEMP_SEX_GAI_NB","SEX_M","GAI_GRADIENT_TOTAL","2014",13661.065,,,"R1:3513"
"FRA","BA:148","EMP_TEMP_SEX_GAI_NB","SEX_M","GAI_GRADIENT_4","2014",303.497,,,"R1:3513"
"FRA","BA:148","EMP_TEMP_SEX_GAI_NB","SEX_M","GAI_GRADIENT_3","2014",926.567,,,"R1:3513"
"FRA","BA:148","EMP_TEMP_SEX_GAI_NB","SEX_M","GAI_GRADIENT_2","2014",1357.065,,,"R1:3513"
"FRA","BA:148","EMP_TEMP_SEX_GAI_NB","SEX_M","GAI_GRADIENT_1","2014",605.724,,,"R1:3513"
"FRA","BA:148","EMP_TEMP_SEX_GAI_NB","SEX_M","GAI_GRADIENT_5","2014",2756.032,,,"R1:3513"
"FRA","BA:148","EMP_TEMP_SEX_GAI_NB","SEX_M","GAI_GRADIENT_X","2014",7712.18,,,"R1:3513"
"FRA","BA:148","EMP_TEMP_SEX_GAI_NB","SEX_F","GAI_GRADIENT_TOTAL","2014",12715.438,,,"R1:3513"
"FRA","BA:148","EMP_TEMP_SEX_GAI_NB","SEX_F","GAI_GRADIENT_4","2014",1052.834,,,"R1:3513"
"FRA","BA:148","EMP_TEMP_SEX_GAI_NB","SEX_F","GAI_GRADIENT_3","2014",1467.969,,,"R1:3513"
"FRA","BA:148","EMP_TEMP_SEX_GAI_NB","SEX_F","GAI_GRADIENT_2","2014",1107.023,,,"R1:3513"
"FRA","BA:148","EMP_TEMP_SEX_GAI_NB","SEX_F","GAI_GRADIENT_1","2014",923.565,,,"R1:3513"
"FRA","BA:148","EMP_TEMP_SEX_GAI_NB","SEX_F","GAI_GRADIENT_5","2014",2174.825,,,"R1:3513"
"FRA","BA:148","EMP_TEMP_SEX_GAI_NB","SEX_F","GAI_GRADIENT_X","2014",5989.221,,,"R1:3513"
"FRA","BA:148","EMP_TEMP_SEX_GAI_NB","SEX_T","GAI_GRADIENT_TOTAL","2013",25785.295,,,"R1:3513"
"FRA","BA:148","EMP_TEMP_SEX_GAI_NB","SEX_T","GAI_GRADIENT_4","2013",1366.703,,,"R1:3513"
"FRA","BA:148","EMP_TEMP_SEX_GAI_NB","SEX_T","GAI_GRADIENT_3","2013",2119.135,,,"R1:3513"
"FRA","BA:148","EMP_TEMP_SEX_GAI_NB","SEX_T","GAI_GRADIENT_2","2013",2393.725,,,"R1:3513"
"FRA","BA:148","EMP_TEMP_SEX_GAI_NB","SEX_T","GAI_GRADIENT_1","2013",1418.243,,,"R1:3513"
"FRA","BA:148","EMP_TEMP_SEX_GAI_NB","SEX_T","GAI_GRADIENT_5","2013",4490.279,,,"R1:3513"
"FRA","BA:148","EMP_TEMP_SEX_GAI_NB","SEX_T","GAI_GRADIENT_X","2013",13997.21,,,"R1:3513"
"FRA","BA:148","EMP_TEMP_SEX_GAI_NB","SEX_M","GAI_GRADIENT_TOTAL","2013",13434.109,,,"R1:3513"
"FRA","BA:148","EMP_TEMP_SEX_GAI_NB","SEX_M","GAI_GRADIENT_4","2013",306.296,,,"R1:3513"
"FRA","BA:148","EMP_TEMP_SEX_GAI_NB","SEX_M","GAI_GRADIENT_3","2013",782.08,,,"R1:3513"
"FRA","BA:148","EMP_TEMP_SEX_GAI_NB","SEX_M","GAI_GRADIENT_2","2013",1358.91,,,"R1:3513"
"FRA","BA:148","EMP_TEMP_SEX_GAI_NB","SEX_M","GAI_GRADIENT_1","2013",540.832,,,"R1:3513"
"FRA","BA:148","EMP_TEMP_SEX_GAI_NB","SEX_M","GAI_GRADIENT_5","2013",2543.552,,,"R1:3513"
"FRA","BA:148","EMP_TEMP_SEX_GAI_NB","SEX_M","GAI_GRADIENT_X","2013",7902.439,,,"R1:3513"
"FRA","BA:148","EMP_TEMP_SEX_GAI_NB","SEX_F","GAI_GRADIENT_TOTAL","2013",12351.185,,,"R1:3513"
"FRA","BA:148","EMP_TEMP_SEX_GAI_NB","SEX_F","GAI_GRADIENT_4","2013",1060.407,,,"R1:3513"
"FRA","BA:148","EMP_TEMP_SEX_GAI_NB","SEX_F","GAI_GRADIENT_3","2013",1337.055,,,"R1:3513"
"FRA","BA:148","EMP_TEMP_SEX_GAI_NB","SEX_F","GAI_GRADIENT_2","2013",1034.815,,,"R1:3513"
"FRA","BA:148","EMP_TEMP_SEX_GAI_NB","SEX_F","GAI_GRADIENT_1","2013",877.411,,,"R1:3513"
"FRA","BA:148","EMP_TEMP_SEX_GAI_NB","SEX_F","GAI_GRADIENT_5","2013",1946.726,,,"R1:3513"
"FRA","BA:148","EMP_TEMP_SEX_GAI_NB","SEX_F","GAI_GRADIENT_X","2013",6094.771,,,"R1:3513"
"FRA","BA:148","EMP_TEMP_SEX_GAI_NB","SEX_T","GAI_GRADIENT_TOTAL","2012",25774.549,,,"R1:3513"
"FRA","BA:148","EMP_TEMP_SEX_GAI_NB","SEX_T","GAI_GRADIENT_4","2012",1517.575,,,"R1:3513"
"FRA","BA:148","EMP_TEMP_SEX_GAI_NB","SEX_T","GAI_GRADIENT_3","2012",1870.147,,,"R1:3513"
"FRA","BA:148","EMP_TEMP_SEX_GAI_NB","SEX_T","GAI_GRADIENT_2","2012",2760.987,,,"R1:3513"
"FRA","BA:148","EMP_TEMP_SEX_GAI_NB","SEX_T","GAI_GRADIENT_1","2012",1363.028,,,"R1:3513"
"FRA","BA:148","EMP_TEMP_SEX_GAI_NB","SEX_T","GAI_GRADIENT_5","2012",4236.951,,,"R1:3513"
"FRA","BA:148","EMP_TEMP_SEX_GAI_NB","SEX_T","GAI_GRADIENT_X","2012",14025.861,,,"R1:3513"
"FRA","BA:148","EMP_TEMP_SEX_GAI_NB","SEX_M","GAI_GRADIENT_TOTAL","2012",13483.923,,,"R1:3513"
"FRA","BA:148","EMP_TEMP_SEX_GAI_NB","SEX_M","GAI_GRADIENT_4","2012",342.955,,,"R1:3513"
"FRA","BA:148","EMP_TEMP_SEX_GAI_NB","SEX_M","GAI_GRADIENT_3","2012",658.622,,,"R1:3513"
"FRA","BA:148","EMP_TEMP_SEX_GAI_NB","SEX_M","GAI_GRADIENT_2","2012",1537.812,,,"R1:3513"
"FRA","BA:148","EMP_TEMP_SEX_GAI_NB","SEX_M","GAI_GRADIENT_1","2012",513.142,,,"R1:3513"
"FRA","BA:148","EMP_TEMP_SEX_GAI_NB","SEX_M","GAI_GRADIENT_5","2012",2403.218,,,"R1:3513"
"FRA","BA:148","EMP_TEMP_SEX_GAI_NB","SEX_M","GAI_GRADIENT_X","2012",8028.174,,,"R1:3513"
"FRA","BA:148","EMP_TEMP_SEX_GAI_NB","SEX_F","GAI_GRADIENT_TOTAL","2012",12290.626,,,"R1:3513"
"FRA","BA:148","EMP_TEMP_SEX_GAI_NB","SEX_F","GAI_GRADIENT_4","2012",1174.62,,,"R1:3513"
"FRA","BA:148","EMP_TEMP_SEX_GAI_NB","SEX_F","GAI_GRADIENT_3","2012",1211.525,,,"R1:3513"
"FRA","BA:148","EMP_TEMP_SEX_GAI_NB","SEX_F","GAI_GRADIENT_2","2012",1223.174,,,"R1:3513"
"FRA","BA:148","EMP_TEMP_SEX_GAI_NB","SEX_F","GAI_GRADIENT_1","2012",849.886,,,"R1:3513"
"FRA","BA:148","EMP_TEMP_SEX_GAI_NB","SEX_F","GAI_GRADIENT_5","2012",1833.733,,,"R1:3513"
"FRA","BA:148","EMP_TEMP_SEX_GAI_NB","SEX_F","GAI_GRADIENT_X","2012",5997.687,,,"R1:3513"
"FRA","BA:148","EMP_TEMP_SEX_GAI_NB","SEX_T","GAI_GRADIENT_TOTAL","2011",25719.82,,,"R1:3513"
"FRA","BA:148","EMP_TEMP_SEX_GAI_NB","SEX_T","GAI_GRADIENT_4","2011",1541.346,,,"R1:3513"
"FRA","BA:148","EMP_TEMP_SEX_GAI_NB","SEX_T","GAI_GRADIENT_3","2011",1861.542,,,"R1:3513"
"FRA","BA:148","EMP_TEMP_SEX_GAI_NB","SEX_T","GAI_GRADIENT_2","2011",2827.079,,,"R1:3513"
"FRA","BA:148","EMP_TEMP_SEX_GAI_NB","SEX_T","GAI_GRADIENT_1","2011",1359.08,,,"R1:3513"
"FRA","BA:148","EMP_TEMP_SEX_GAI_NB","SEX_T","GAI_GRADIENT_5","2011",4316.434,,,"R1:3513"
"FRA","BA:148","EMP_TEMP_SEX_GAI_NB","SEX_T","GAI_GRADIENT_X","2011",13814.339,,,"R1:3513"
"FRA","BA:148","EMP_TEMP_SEX_GAI_NB","SEX_M","GAI_GRADIENT_TOTAL","2011",13506.485,,,"R1:3513"
"FRA","BA:148","EMP_TEMP_SEX_GAI_NB","SEX_M","GAI_GRADIENT_4","2011",348.952,,,"R1:3513"
"FRA","BA:148","EMP_TEMP_SEX_GAI_NB","SEX_M","GAI_GRADIENT_3","2011",651.19,,,"R1:3513"
"FRA","BA:148","EMP_TEMP_SEX_GAI_NB","SEX_M","GAI_GRADIENT_2","2011",1602.566,,,"R1:3513"
"FRA","BA:148","EMP_TEMP_SEX_GAI_NB","SEX_M","GAI_GRADIENT_1","2011",519.084,,,"R1:3513"
"FRA","BA:148","EMP_TEMP_SEX_GAI_NB","SEX_M","GAI_GRADIENT_5","2011",2442.407,,,"R1:3513"
"FRA","BA:148","EMP_TEMP_SEX_GAI_NB","SEX_M","GAI_GRADIENT_X","2011",7942.286,,,"R1:3513"
"FRA","BA:148","EMP_TEMP_SEX_GAI_NB","SEX_F","GAI_GRADIENT_TOTAL","2011",12213.335,,,"R1:3513"
"FRA","BA:148","EMP_TEMP_SEX_GAI_NB","SEX_F","GAI_GRADIENT_4","2011",1192.394,,,"R1:3513"
"FRA","BA:148","EMP_TEMP_SEX_GAI_NB","SEX_F","GAI_GRADIENT_3","2011",1210.352,,,"R1:3513"
"FRA","BA:148","EMP_TEMP_SEX_GAI_NB","SEX_F","GAI_GRADIENT_2","2011",1224.514,,,"R1:3513"
"FRA","BA:148","EMP_TEMP_SEX_GAI_NB","SEX_F","GAI_GRADIENT_1","2011",839.995,,,"R1:3513"
"FRA","BA:148","EMP_TEMP_SEX_GAI_NB","SEX_F","GAI_GRADIENT_5","2011",1874.028,,,"R1:3513"
"FRA","BA:148","EMP_TEMP_SEX_GAI_NB","SEX_F","GAI_GRADIENT_X","2011",5872.053,,,"R1:3513"
"GBR","BA:666","EMP_TEMP_SEX_GAI_NB","SEX_T","GAI_GRADIENT_TOTAL","2025",34120.427,,,"R1:3513"
"GBR","BA:666","EMP_TEMP_SEX_GAI_NB","SEX_T","GAI_GRADIENT_4","2025",1594.171,,,"R1:3513"
"GBR","BA:666","EMP_TEMP_SEX_GAI_NB","SEX_T","GAI_GRADIENT_3","2025",3395.852,,,"R1:3513"
"GBR","BA:666","EMP_TEMP_SEX_GAI_NB","SEX_T","GAI_GRADIENT_2","2025",4750.755,,,"R1:3513"
"GBR","BA:666","EMP_TEMP_SEX_GAI_NB","SEX_T","GAI_GRADIENT_1","2025",1633.04,,,"R1:3513"
"GBR","BA:666","EMP_TEMP_SEX_GAI_NB","SEX_T","GAI_GRADIENT_5","2025",7037.366,,,"R1:3513"
"GBR","BA:666","EMP_TEMP_SEX_GAI_NB","SEX_T","GAI_GRADIENT_X","2025",15709.244,,,"R1:3513"
"GBR","BA:666","EMP_TEMP_SEX_GAI_NB","SEX_M","GAI_GRADIENT_TOTAL","2025",17527.961,,,"R1:3513"
"GBR","BA:666","EMP_TEMP_SEX_GAI_NB","SEX_M","GAI_GRADIENT_4","2025",501.18,,,"R1:3513"
"GBR","BA:666","EMP_TEMP_SEX_GAI_NB","SEX_M","GAI_GRADIENT_3","2025",1719.171,,,"R1:3513"
"GBR","BA:666","EMP_TEMP_SEX_GAI_NB","SEX_M","GAI_GRADIENT_2","2025",2630.81,,,"R1:3513"
"GBR","BA:666","EMP_TEMP_SEX_GAI_NB","SEX_M","GAI_GRADIENT_1","2025",720.918,,,"R1:3513"
"GBR","BA:666","EMP_TEMP_SEX_GAI_NB","SEX_M","GAI_GRADIENT_5","2025",3356.564,,,"R1:3513"
"GBR","BA:666","EMP_TEMP_SEX_GAI_NB","SEX_M","GAI_GRADIENT_X","2025",8599.318,,,"R1:3513"
"GBR","BA:666","EMP_TEMP_SEX_GAI_NB","SEX_F","GAI_GRADIENT_TOTAL","2025",16592.466,,,"R1:3513"
"GBR","BA:666","EMP_TEMP_SEX_GAI_NB","SEX_F","GAI_GRADIENT_4","2025",1092.992,,,"R1:3513"
"GBR","BA:666","EMP_TEMP_SEX_GAI_NB","SEX_F","GAI_GRADIENT_3","2025",1676.681,,,"R1:3513"
"GBR","BA:666","EMP_TEMP_SEX_GAI_NB","SEX_F","GAI_GRADIENT_2","2025",2119.944,,,"R1:3513"
"GBR","BA:666","EMP_TEMP_SEX_GAI_NB","SEX_F","GAI_GRADIENT_1","2025",912.122,,,"R1:3513"
"GBR","BA:666","EMP_TEMP_SEX_GAI_NB","SEX_F","GAI_GRADIENT_5","2025",3680.801,,,"R1:3513"
"GBR","BA:666","EMP_TEMP_SEX_GAI_NB","SEX_F","GAI_GRADIENT_X","2025",7109.926,,,"R1:3513"
"GBR","BA:666","EMP_TEMP_SEX_GAI_NB","SEX_T","GAI_GRADIENT_TOTAL","2024",33388.077,,,"R1:3513"
"GBR","BA:666","EMP_TEMP_SEX_GAI_NB","SEX_T","GAI_GRADIENT_4","2024",1610.072,,,"R1:3513"
"GBR","BA:666","EMP_TEMP_SEX_GAI_NB","SEX_T","GAI_GRADIENT_3","2024",3346.294,,,"R1:3513"
"GBR","BA:666","EMP_TEMP_SEX_GAI_NB","SEX_T","GAI_GRADIENT_2","2024",4606.835,,,"R1:3513"
"GBR","BA:666","EMP_TEMP_SEX_GAI_NB","SEX_T","GAI_GRADIENT_1","2024",1677.126,,,"R1:3513"
"GBR","BA:666","EMP_TEMP_SEX_GAI_NB","SEX_T","GAI_GRADIENT_5","2024",6840.321,,,"R1:3513"
"GBR","BA:666","EMP_TEMP_SEX_GAI_NB","SEX_T","GAI_GRADIENT_X","2024",15307.428,,,"R1:3513"
"GBR","BA:666","EMP_TEMP_SEX_GAI_NB","SEX_M","GAI_GRADIENT_TOTAL","2024",17176.045,,,"R1:3513"
"GBR","BA:666","EMP_TEMP_SEX_GAI_NB","SEX_M","GAI_GRADIENT_4","2024",480.69,,,"R1:3513"
"GBR","BA:666","EMP_TEMP_SEX_GAI_NB","SEX_M","GAI_GRADIENT_3","2024",1652.87,,,"R1:3513"
"GBR","BA:666","EMP_TEMP_SEX_GAI_NB","SEX_M","GAI_GRADIENT_2","2024",2597.446,,,"R1:3513"
"GBR","BA:666","EMP_TEMP_SEX_GAI_NB","SEX_M","GAI_GRADIENT_1","2024",733.223,,,"R1:3513"
"GBR","BA:666","EMP_TEMP_SEX_GAI_NB","SEX_M","GAI_GRADIENT_5","2024",3273.603,,,"R1:3513"
"GBR","BA:666","EMP_TEMP_SEX_GAI_NB","SEX_M","GAI_GRADIENT_X","2024",8438.212,,,"R1:3513"
"GBR","BA:666","EMP_TEMP_SEX_GAI_NB","SEX_F","GAI_GRADIENT_TOTAL","2024",16212.032,,,"R1:3513"
"GBR","BA:666","EMP_TEMP_SEX_GAI_NB","SEX_F","GAI_GRADIENT_4","2024",1129.382,,,"R1:3513"
"GBR","BA:666","EMP_TEMP_SEX_GAI_NB","SEX_F","GAI_GRADIENT_3","2024",1693.425,,,"R1:3513"
"GBR","BA:666","EMP_TEMP_SEX_GAI_NB","SEX_F","GAI_GRADIENT_2","2024",2009.389,,,"R1:3513"
"GBR","BA:666","EMP_TEMP_SEX_GAI_NB","SEX_F","GAI_GRADIENT_1","2024",943.903,,,"R1:3513"
"GBR","BA:666","EMP_TEMP_SEX_GAI_NB","SEX_F","GAI_GRADIENT_5","2024",3566.718,,,"R1:3513"
"GBR","BA:666","EMP_TEMP_SEX_GAI_NB","SEX_F","GAI_GRADIENT_X","2024",6869.216,,,"R1:3513"
"GBR","BA:666","EMP_TEMP_SEX_GAI_NB","SEX_T","GAI_GRADIENT_TOTAL","2023",33013.939,,,"R1:3513"
"GBR","BA:666","EMP_TEMP_SEX_GAI_NB","SEX_T","GAI_GRADIENT_4","2023",1694.378,,,"R1:3513"
"GBR","BA:666","EMP_TEMP_SEX_GAI_NB","SEX_T","GAI_GRADIENT_3","2023",3439.971,,,"R1:3513"
"GBR","BA:666","EMP_TEMP_SEX_GAI_NB","SEX_T","GAI_GRADIENT_2","2023",4569.312,,,"R1:3513"
"GBR","BA:666","EMP_TEMP_SEX_GAI_NB","SEX_T","GAI_GRADIENT_1","2023",1714.675,,,"R1:3513"
"GBR","BA:666","EMP_TEMP_SEX_GAI_NB","SEX_T","GAI_GRADIENT_5","2023",6517.535,,,"R1:3513"
"GBR","BA:666","EMP_TEMP_SEX_GAI_NB","SEX_T","GAI_GRADIENT_X","2023",15078.068,,,"R1:3513"
"GBR","BA:666","EMP_TEMP_SEX_GAI_NB","SEX_M","GAI_GRADIENT_TOTAL","2023",17171.705,,,"R1:3513"
"GBR","BA:666","EMP_TEMP_SEX_GAI_NB","SEX_M","GAI_GRADIENT_4","2023",502.795,,,"R1:3513"
"GBR","BA:666","EMP_TEMP_SEX_GAI_NB","SEX_M","GAI_GRADIENT_3","2023",1703.963,,,"R1:3513"
"GBR","BA:666","EMP_TEMP_SEX_GAI_NB","SEX_M","GAI_GRADIENT_2","2023",2606.329,,,"R1:3513"
"GBR","BA:666","EMP_TEMP_SEX_GAI_NB","SEX_M","GAI_GRADIENT_1","2023",798.662,,,"R1:3513"
"GBR","BA:666","EMP_TEMP_SEX_GAI_NB","SEX_M","GAI_GRADIENT_5","2023",3121.738,,,"R1:3513"
"GBR","BA:666","EMP_TEMP_SEX_GAI_NB","SEX_M","GAI_GRADIENT_X","2023",8438.219,,,"R1:3513"
"GBR","BA:666","EMP_TEMP_SEX_GAI_NB","SEX_F","GAI_GRADIENT_TOTAL","2023",15842.234,,,"R1:3513"
"GBR","BA:666","EMP_TEMP_SEX_GAI_NB","SEX_F","GAI_GRADIENT_4","2023",1191.583,,,"R1:3513"
"GBR","BA:666","EMP_TEMP_SEX_GAI_NB","SEX_F","GAI_GRADIENT_3","2023",1736.009,,,"R1:3513"
"GBR","BA:666","EMP_TEMP_SEX_GAI_NB","SEX_F","GAI_GRADIENT_2","2023",1962.983,,,"R1:3513"
"GBR","BA:666","EMP_TEMP_SEX_GAI_NB","SEX_F","GAI_GRADIENT_1","2023",916.013,,,"R1:3513"
"GBR","BA:666","EMP_TEMP_SEX_GAI_NB","SEX_F","GAI_GRADIENT_5","2023",3395.796,,,"R1:3513"
"GBR","BA:666","EMP_TEMP_SEX_GAI_NB","SEX_F","GAI_GRADIENT_X","2023",6639.85,,,"R1:3513"
"GBR","BA:666","EMP_TEMP_SEX_GAI_NB","SEX_T","GAI_GRADIENT_TOTAL","2022",32708.821,,,"R1:3513"
"GBR","BA:666","EMP_TEMP_SEX_GAI_NB","SEX_T","GAI_GRADIENT_4","2022",1700.969,,,"R1:3513"
"GBR","BA:666","EMP_TEMP_SEX_GAI_NB","SEX_T","GAI_GRADIENT_3","2022",3408.178,,,"R1:3513"
"GBR","BA:666","EMP_TEMP_SEX_GAI_NB","SEX_T","GAI_GRADIENT_2","2022",4518.836,,,"R1:3513"
"GBR","BA:666","EMP_TEMP_SEX_GAI_NB","SEX_T","GAI_GRADIENT_1","2022",1665.132,,,"R1:3513"
"GBR","BA:666","EMP_TEMP_SEX_GAI_NB","SEX_T","GAI_GRADIENT_5","2022",6416.136,,,"R1:3513"
"GBR","BA:666","EMP_TEMP_SEX_GAI_NB","SEX_T","GAI_GRADIENT_X","2022",14999.57,,,"R1:3513"
"GBR","BA:666","EMP_TEMP_SEX_GAI_NB","SEX_M","GAI_GRADIENT_TOTAL","2022",17098.429,,,"R1:3513"
"GBR","BA:666","EMP_TEMP_SEX_GAI_NB","SEX_M","GAI_GRADIENT_4","2022",523.736,,,"R1:3513"
"GBR","BA:666","EMP_TEMP_SEX_GAI_NB","SEX_M","GAI_GRADIENT_3","2022",1676.578,,,"R1:3513"
"GBR","BA:666","EMP_TEMP_SEX_GAI_NB","SEX_M","GAI_GRADIENT_2","2022",2590.591,,,"R1:3513"
"GBR","BA:666","EMP_TEMP_SEX_GAI_NB","SEX_M","GAI_GRADIENT_1","2022",734.165,,,"R1:3513"
"GBR","BA:666","EMP_TEMP_SEX_GAI_NB","SEX_M","GAI_GRADIENT_5","2022",3092.449,,,"R1:3513"
"GBR","BA:666","EMP_TEMP_SEX_GAI_NB","SEX_M","GAI_GRADIENT_X","2022",8480.909,,,"R1:3513"
"GBR","BA:666","EMP_TEMP_SEX_GAI_NB","SEX_F","GAI_GRADIENT_TOTAL","2022",15610.392,,,"R1:3513"
"GBR","BA:666","EMP_TEMP_SEX_GAI_NB","SEX_F","GAI_GRADIENT_4","2022",1177.233,,,"R1:3513"
"GBR","BA:666","EMP_TEMP_SEX_GAI_NB","SEX_F","GAI_GRADIENT_3","2022",1731.6,,,"R1:3513"
"GBR","BA:666","EMP_TEMP_SEX_GAI_NB","SEX_F","GAI_GRADIENT_2","2022",1928.245,,,"R1:3513"
"GBR","BA:666","EMP_TEMP_SEX_GAI_NB","SEX_F","GAI_GRADIENT_1","2022",930.967,,,"R1:3513"
"GBR","BA:666","EMP_TEMP_SEX_GAI_NB","SEX_F","GAI_GRADIENT_5","2022",3323.688,,,"R1:3513"
"GBR","BA:666","EMP_TEMP_SEX_GAI_NB","SEX_F","GAI_GRADIENT_X","2022",6518.661,,,"R1:3513"
"GBR","BA:666","EMP_TEMP_SEX_GAI_NB","SEX_T","GAI_GRADIENT_TOTAL","2021",32164.538,,,"R1:3513"
"GBR","BA:666","EMP_TEMP_SEX_GAI_NB","SEX_T","GAI_GRADIENT_4","2021",1856.447,,,"R1:3513"
"GBR","BA:666","EMP_TEMP_SEX_GAI_NB","SEX_T","GAI_GRADIENT_3","2021",3325.417,,,"R1:3513"
"GBR","BA:666","EMP_TEMP_SEX_GAI_NB","SEX_T","GAI_GRADIENT_2","2021",4463.347,,,"R1:3513"
"GBR","BA:666","EMP_TEMP_SEX_GAI_NB","SEX_T","GAI_GRADIENT_1","2021",1655.12,,,"R1:3513"
"GBR","BA:666","EMP_TEMP_SEX_GAI_NB","SEX_T","GAI_GRADIENT_5","2021",6412.844,,,"R1:3513"
"GBR","BA:666","EMP_TEMP_SEX_GAI_NB","SEX_T","GAI_GRADIENT_X","2021",14451.363,,,"R1:3513"
"GBR","BA:666","EMP_TEMP_SEX_GAI_NB","SEX_M","GAI_GRADIENT_TOTAL","2021",16750.585,,,"R1:3513"
"GBR","BA:666","EMP_TEMP_SEX_GAI_NB","SEX_M","GAI_GRADIENT_4","2021",596.953,,,"R1:3513"
"GBR","BA:666","EMP_TEMP_SEX_GAI_NB","SEX_M","GAI_GRADIENT_3","2021",1625.349,,,"R1:3513"
"GBR","BA:666","EMP_TEMP_SEX_GAI_NB","SEX_M","GAI_GRADIENT_2","2021",2580.79,,,"R1:3513"
"GBR","BA:666","EMP_TEMP_SEX_GAI_NB","SEX_M","GAI_GRADIENT_1","2021",732.522,,,"R1:3513"
"GBR","BA:666","EMP_TEMP_SEX_GAI_NB","SEX_M","GAI_GRADIENT_5","2021",2983.441,,,"R1:3513"
"GBR","BA:666","EMP_TEMP_SEX_GAI_NB","SEX_M","GAI_GRADIENT_X","2021",8231.53,,,"R1:3513"
"GBR","BA:666","EMP_TEMP_SEX_GAI_NB","SEX_F","GAI_GRADIENT_TOTAL","2021",15413.953,,,"R1:3513"
"GBR","BA:666","EMP_TEMP_SEX_GAI_NB","SEX_F","GAI_GRADIENT_4","2021",1259.494,,,"R1:3513"
"GBR","BA:666","EMP_TEMP_SEX_GAI_NB","SEX_F","GAI_GRADIENT_3","2021",1700.068,,,"R1:3513"
"GBR","BA:666","EMP_TEMP_SEX_GAI_NB","SEX_F","GAI_GRADIENT_2","2021",1882.557,,,"R1:3513"
"GBR","BA:666","EMP_TEMP_SEX_GAI_NB","SEX_F","GAI_GRADIENT_1","2021",922.598,,,"R1:3513"
"GBR","BA:666","EMP_TEMP_SEX_GAI_NB","SEX_F","GAI_GRADIENT_5","2021",3429.403,,,"R1:3513"
"GBR","BA:666","EMP_TEMP_SEX_GAI_NB","SEX_F","GAI_GRADIENT_X","2021",6219.833,,,"R1:3513"
"GBR","BA:666","EMP_TEMP_SEX_GAI_NB","SEX_T","GAI_GRADIENT_TOTAL","2020",32614.856,,,"R1:3513"
"GBR","BA:666","EMP_TEMP_SEX_GAI_NB","SEX_T","GAI_GRADIENT_4","2020",1706.52,,,"R1:3513"
"GBR","BA:666","EMP_TEMP_SEX_GAI_NB","SEX_T","GAI_GRADIENT_3","2020",4122.587,,,"R1:3513"
"GBR","BA:666","EMP_TEMP_SEX_GAI_NB","SEX_T","GAI_GRADIENT_2","2020",3990.826,,,"R1:3513"
"GBR","BA:666","EMP_TEMP_SEX_GAI_NB","SEX_T","GAI_GRADIENT_1","2020",2176.27,,,"R1:3513"
"GBR","BA:666","EMP_TEMP_SEX_GAI_NB","SEX_T","GAI_GRADIENT_5","2020",6427.622,,,"R1:3513"
"GBR","BA:666","EMP_TEMP_SEX_GAI_NB","SEX_T","GAI_GRADIENT_X","2020",14191.03,,,"R1:3513"
"GBR","BA:666","EMP_TEMP_SEX_GAI_NB","SEX_M","GAI_GRADIENT_TOTAL","2020",17055.195,,,"R1:3513"
"GBR","BA:666","EMP_TEMP_SEX_GAI_NB","SEX_M","GAI_GRADIENT_4","2020",513.521,,,"R1:3513"
"GBR","BA:666","EMP_TEMP_SEX_GAI_NB","SEX_M","GAI_GRADIENT_3","2020",2078.735,,,"R1:3513"
"GBR","BA:666","EMP_TEMP_SEX_GAI_NB","SEX_M","GAI_GRADIENT_2","2020",2246.156,,,"R1:3513"
"GBR","BA:666","EMP_TEMP_SEX_GAI_NB","SEX_M","GAI_GRADIENT_1","2020",1093.332,,,"R1:3513"
"GBR","BA:666","EMP_TEMP_SEX_GAI_NB","SEX_M","GAI_GRADIENT_5","2020",3147.955,,,"R1:3513"
"GBR","BA:666","EMP_TEMP_SEX_GAI_NB","SEX_M","GAI_GRADIENT_X","2020",7975.496,,,"R1:3513"
"GBR","BA:666","EMP_TEMP_SEX_GAI_NB","SEX_F","GAI_GRADIENT_TOTAL","2020",15559.662,,,"R1:3513"
"GBR","BA:666","EMP_TEMP_SEX_GAI_NB","SEX_F","GAI_GRADIENT_4","2020",1192.998,,,"R1:3513"
"GBR","BA:666","EMP_TEMP_SEX_GAI_NB","SEX_F","GAI_GRADIENT_3","2020",2043.852,,,"R1:3513"
"GBR","BA:666","EMP_TEMP_SEX_GAI_NB","SEX_F","GAI_GRADIENT_2","2020",1744.67,,,"R1:3513"
"GBR","BA:666","EMP_TEMP_SEX_GAI_NB","SEX_F","GAI_GRADIENT_1","2020",1082.939,,,"R1:3513"
"GBR","BA:666","EMP_TEMP_SEX_GAI_NB","SEX_F","GAI_GRADIENT_5","2020",3279.667,,,"R1:3513"
"GBR","BA:666","EMP_TEMP_SEX_GAI_NB","SEX_F","GAI_GRADIENT_X","2020",6215.534,,,"R1:3513"
"GBR","BA:666","EMP_TEMP_SEX_GAI_NB","SEX_T","GAI_GRADIENT_TOTAL","2019",32773.456,,,"R1:3513"
"GBR","BA:666","EMP_TEMP_SEX_GAI_NB","SEX_T","GAI_GRADIENT_4","2019",1698.524,,,"R1:3513"
"GBR","BA:666","EMP_TEMP_SEX_GAI_NB","SEX_T","GAI_GRADIENT_3","2019",3889.443,,,"R1:3513"
"GBR","BA:666","EMP_TEMP_SEX_GAI_NB","SEX_T","GAI_GRADIENT_2","2019",3846.779,,,"R1:3513"
"GBR","BA:666","EMP_TEMP_SEX_GAI_NB","SEX_T","GAI_GRADIENT_1","2019",2284.282,,,"R1:3513"
"GBR","BA:666","EMP_TEMP_SEX_GAI_NB","SEX_T","GAI_GRADIENT_5","2019",6416.664,,,"R1:3513"
"GBR","BA:666","EMP_TEMP_SEX_GAI_NB","SEX_T","GAI_GRADIENT_X","2019",14637.764,,,"R1:3513"
"GBR","BA:666","EMP_TEMP_SEX_GAI_NB","SEX_M","GAI_GRADIENT_TOTAL","2019",17222.775,,,"R1:3513"
"GBR","BA:666","EMP_TEMP_SEX_GAI_NB","SEX_M","GAI_GRADIENT_4","2019",456.514,,,"R1:3513"
"GBR","BA:666","EMP_TEMP_SEX_GAI_NB","SEX_M","GAI_GRADIENT_3","2019",1878.622,,,"R1:3513"
"GBR","BA:666","EMP_TEMP_SEX_GAI_NB","SEX_M","GAI_GRADIENT_2","2019",2180.112,,,"R1:3513"
"GBR","BA:666","EMP_TEMP_SEX_GAI_NB","SEX_M","GAI_GRADIENT_1","2019",1182.905,,,"R1:3513"
"GBR","BA:666","EMP_TEMP_SEX_GAI_NB","SEX_M","GAI_GRADIENT_5","2019",3154.479,,,"R1:3513"
"GBR","BA:666","EMP_TEMP_SEX_GAI_NB","SEX_M","GAI_GRADIENT_X","2019",8370.143,,,"R1:3513"
"GBR","BA:666","EMP_TEMP_SEX_GAI_NB","SEX_F","GAI_GRADIENT_TOTAL","2019",15550.68,,,"R1:3513"
"GBR","BA:666","EMP_TEMP_SEX_GAI_NB","SEX_F","GAI_GRADIENT_4","2019",1242.009,,,"R1:3513"
"GBR","BA:666","EMP_TEMP_SEX_GAI_NB","SEX_F","GAI_GRADIENT_3","2019",2010.821,,,"R1:3513"
"GBR","BA:666","EMP_TEMP_SEX_GAI_NB","SEX_F","GAI_GRADIENT_2","2019",1666.668,,,"R1:3513"
"GBR","BA:666","EMP_TEMP_SEX_GAI_NB","SEX_F","GAI_GRADIENT_1","2019",1101.377,,,"R1:3513"
"GBR","BA:666","EMP_TEMP_SEX_GAI_NB","SEX_F","GAI_GRADIENT_5","2019",3262.184,,,"R1:3513"
"GBR","BA:666","EMP_TEMP_SEX_GAI_NB","SEX_F","GAI_GRADIENT_X","2019",6267.621,,,"R1:3513"
"GBR","BA:666","EMP_TEMP_SEX_GAI_NB","SEX_T","GAI_GRADIENT_TOTAL","2018",32407.991,,,"R1:3513"
"GBR","BA:666","EMP_TEMP_SEX_GAI_NB","SEX_T","GAI_GRADIENT_4","2018",1743.944,,,"R1:3513"
"GBR","BA:666","EMP_TEMP_SEX_GAI_NB","SEX_T","GAI_GRADIENT_3","2018",3868.78,,,"R1:3513"
"GBR","BA:666","EMP_TEMP_SEX_GAI_NB","SEX_T","GAI_GRADIENT_2","2018",3737.55,,,"R1:3513"
"GBR","BA:666","EMP_TEMP_SEX_GAI_NB","SEX_T","GAI_GRADIENT_1","2018",2322.973,,,"R1:3513"
"GBR","BA:666","EMP_TEMP_SEX_GAI_NB","SEX_T","GAI_GRADIENT_5","2018",6258.244,,,"R1:3513"
"GBR","BA:666","EMP_TEMP_SEX_GAI_NB","SEX_T","GAI_GRADIENT_X","2018",14476.5,,,"R1:3513"
"GBR","BA:666","EMP_TEMP_SEX_GAI_NB","SEX_M","GAI_GRADIENT_TOTAL","2018",17176.332,,,"R1:3513"
"GBR","BA:666","EMP_TEMP_SEX_GAI_NB","SEX_M","GAI_GRADIENT_4","2018",492.312,,,"R1:3513"
"GBR","BA:666","EMP_TEMP_SEX_GAI_NB","SEX_M","GAI_GRADIENT_3","2018",1877.065,,,"R1:3513"
"GBR","BA:666","EMP_TEMP_SEX_GAI_NB","SEX_M","GAI_GRADIENT_2","2018",2134.122,,,"R1:3513"
"GBR","BA:666","EMP_TEMP_SEX_GAI_NB","SEX_M","GAI_GRADIENT_1","2018",1151.719,,,"R1:3513"
"GBR","BA:666","EMP_TEMP_SEX_GAI_NB","SEX_M","GAI_GRADIENT_5","2018",3123.557,,,"R1:3513"
"GBR","BA:666","EMP_TEMP_SEX_GAI_NB","SEX_M","GAI_GRADIENT_X","2018",8397.557,,,"R1:3513"
"GBR","BA:666","EMP_TEMP_SEX_GAI_NB","SEX_F","GAI_GRADIENT_TOTAL","2018",15231.659,,,"R1:3513"
"GBR","BA:666","EMP_TEMP_SEX_GAI_NB","SEX_F","GAI_GRADIENT_4","2018",1251.632,,,"R1:3513"
"GBR","BA:666","EMP_TEMP_SEX_GAI_NB","SEX_F","GAI_GRADIENT_3","2018",1991.715,,,"R1:3513"
"GBR","BA:666","EMP_TEMP_SEX_GAI_NB","SEX_F","GAI_GRADIENT_2","2018",1603.428,,,"R1:3513"
"GBR","BA:666","EMP_TEMP_SEX_GAI_NB","SEX_F","GAI_GRADIENT_1","2018",1171.254,,,"R1:3513"
"GBR","BA:666","EMP_TEMP_SEX_GAI_NB","SEX_F","GAI_GRADIENT_5","2018",3134.688,,,"R1:3513"
"GBR","BA:666","EMP_TEMP_SEX_GAI_NB","SEX_F","GAI_GRADIENT_X","2018",6078.942,,,"R1:3513"
"GBR","BA:666","EMP_TEMP_SEX_GAI_NB","SEX_T","GAI_GRADIENT_TOTAL","2017",32007.554,,,"R1:3513"
"GBR","BA:666","EMP_TEMP_SEX_GAI_NB","SEX_T","GAI_GRADIENT_4","2017",1722.143,,,"R1:3513"
"GBR","BA:666","EMP_TEMP_SEX_GAI_NB","SEX_T","GAI_GRADIENT_3","2017",3764.226,,,"R1:3513"
"GBR","BA:666","EMP_TEMP_SEX_GAI_NB","SEX_T","GAI_GRADIENT_2","2017",3673.315,,,"R1:3513"
"GBR","BA:666","EMP_TEMP_SEX_GAI_NB","SEX_T","GAI_GRADIENT_1","2017",2287.637,,,"R1:3513"
"GBR","BA:666","EMP_TEMP_SEX_GAI_NB","SEX_T","GAI_GRADIENT_5","2017",6126.652,,,"R1:3513"
"GBR","BA:666","EMP_TEMP_SEX_GAI_NB","SEX_T","GAI_GRADIENT_X","2017",14433.581,,,"R1:3513"
"GBR","BA:666","EMP_TEMP_SEX_GAI_NB","SEX_M","GAI_GRADIENT_TOTAL","2017",16968.876,,,"R1:3513"
"GBR","BA:666","EMP_TEMP_SEX_GAI_NB","SEX_M","GAI_GRADIENT_4","2017",492.95,,,"R1:3513"
"GBR","BA:666","EMP_TEMP_SEX_GAI_NB","SEX_M","GAI_GRADIENT_3","2017",1851.839,,,"R1:3513"
"GBR","BA:666","EMP_TEMP_SEX_GAI_NB","SEX_M","GAI_GRADIENT_2","2017",2133.452,,,"R1:3513"
"GBR","BA:666","EMP_TEMP_SEX_GAI_NB","SEX_M","GAI_GRADIENT_1","2017",1137.153,,,"R1:3513"
"GBR","BA:666","EMP_TEMP_SEX_GAI_NB","SEX_M","GAI_GRADIENT_5","2017",3040.521,,,"R1:3513"
"GBR","BA:666","EMP_TEMP_SEX_GAI_NB","SEX_M","GAI_GRADIENT_X","2017",8312.96,,,"R1:3513"
"GBR","BA:666","EMP_TEMP_SEX_GAI_NB","SEX_F","GAI_GRADIENT_TOTAL","2017",15038.678,,,"R1:3513"
"GBR","BA:666","EMP_TEMP_SEX_GAI_NB","SEX_F","GAI_GRADIENT_4","2017",1229.193,,,"R1:3513"
"GBR","BA:666","EMP_TEMP_SEX_GAI_NB","SEX_F","GAI_GRADIENT_3","2017",1912.387,,,"R1:3513"
"GBR","BA:666","EMP_TEMP_SEX_GAI_NB","SEX_F","GAI_GRADIENT_2","2017",1539.862,,,"R1:3513"
"GBR","BA:666","EMP_TEMP_SEX_GAI_NB","SEX_F","GAI_GRADIENT_1","2017",1150.483,,,"R1:3513"
"GBR","BA:666","EMP_TEMP_SEX_GAI_NB","SEX_F","GAI_GRADIENT_5","2017",3086.131,,,"R1:3513"
"GBR","BA:666","EMP_TEMP_SEX_GAI_NB","SEX_F","GAI_GRADIENT_X","2017",6120.621,,,"R1:3513"
"GBR","BA:666","EMP_TEMP_SEX_GAI_NB","SEX_T","GAI_GRADIENT_TOTAL","2016",31696.125,,,"R1:3513"
"GBR","BA:666","EMP_TEMP_SEX_GAI_NB","SEX_T","GAI_GRADIENT_4","2016",1584.054,,,"R1:3513"
"GBR","BA:666","EMP_TEMP_SEX_GAI_NB","SEX_T","GAI_GRADIENT_3","2016",3791.091,,,"R1:3513"
"GBR","BA:666","EMP_TEMP_SEX_GAI_NB","SEX_T","GAI_GRADIENT_2","2016",3678.686,,,"R1:3513"
"GBR","BA:666","EMP_TEMP_SEX_GAI_NB","SEX_T","GAI_GRADIENT_1","2016",2366.34,,,"R1:3513"
"GBR","BA:666","EMP_TEMP_SEX_GAI_NB","SEX_T","GAI_GRADIENT_5","2016",5870.033,,,"R1:3513"
"GBR","BA:666","EMP_TEMP_SEX_GAI_NB","SEX_T","GAI_GRADIENT_X","2016",14405.92,,,"R1:3513"
"GBR","BA:666","EMP_TEMP_SEX_GAI_NB","SEX_M","GAI_GRADIENT_TOTAL","2016",16838.86,,,"R1:3513"
"GBR","BA:666","EMP_TEMP_SEX_GAI_NB","SEX_M","GAI_GRADIENT_4","2016",447.85,,,"R1:3513"
"GBR","BA:666","EMP_TEMP_SEX_GAI_NB","SEX_M","GAI_GRADIENT_3","2016",1838.433,,,"R1:3513"
"GBR","BA:666","EMP_TEMP_SEX_GAI_NB","SEX_M","GAI_GRADIENT_2","2016",2110.251,,,"R1:3513"
"GBR","BA:666","EMP_TEMP_SEX_GAI_NB","SEX_M","GAI_GRADIENT_1","2016",1186.207,,,"R1:3513"
"GBR","BA:666","EMP_TEMP_SEX_GAI_NB","SEX_M","GAI_GRADIENT_5","2016",2922.416,,,"R1:3513"
"GBR","BA:666","EMP_TEMP_SEX_GAI_NB","SEX_M","GAI_GRADIENT_X","2016",8333.703,,,"R1:3513"
"GBR","BA:666","EMP_TEMP_SEX_GAI_NB","SEX_F","GAI_GRADIENT_TOTAL","2016",14857.264,,,"R1:3513"
"GBR","BA:666","EMP_TEMP_SEX_GAI_NB","SEX_F","GAI_GRADIENT_4","2016",1136.204,,,"R1:3513"
"GBR","BA:666","EMP_TEMP_SEX_GAI_NB","SEX_F","GAI_GRADIENT_3","2016",1952.658,,,"R1:3513"
"GBR","BA:666","EMP_TEMP_SEX_GAI_NB","SEX_F","GAI_GRADIENT_2","2016",1568.434,,,"R1:3513"
"GBR","BA:666","EMP_TEMP_SEX_GAI_NB","SEX_F","GAI_GRADIENT_1","2016",1180.134,,,"R1:3513"
"GBR","BA:666","EMP_TEMP_SEX_GAI_NB","SEX_F","GAI_GRADIENT_5","2016",2947.618,,,"R1:3513"
"GBR","BA:666","EMP_TEMP_SEX_GAI_NB","SEX_F","GAI_GRADIENT_X","2016",6072.217,,,"R1:3513"
"GBR","BA:666","EMP_TEMP_SEX_GAI_NB","SEX_T","GAI_GRADIENT_TOTAL","2015",31169.751,,,"R1:3513"
"GBR","BA:666","EMP_TEMP_SEX_GAI_NB","SEX_T","GAI_GRADIENT_4","2015",1619.056,,,"R1:3513"
"GBR","BA:666","EMP_TEMP_SEX_GAI_NB","SEX_T","GAI_GRADIENT_3","2015",3753.815,,,"R1:3513"
"GBR","BA:666","EMP_TEMP_SEX_GAI_NB","SEX_T","GAI_GRADIENT_2","2015",3523.814,,,"R1:3513"
"GBR","BA:666","EMP_TEMP_SEX_GAI_NB","SEX_T","GAI_GRADIENT_1","2015",2274.706,,,"R1:3513"
"GBR","BA:666","EMP_TEMP_SEX_GAI_NB","SEX_T","GAI_GRADIENT_5","2015",5898.916,,,"R1:3513"
"GBR","BA:666","EMP_TEMP_SEX_GAI_NB","SEX_T","GAI_GRADIENT_X","2015",14099.443,,,"R1:3513"
"GBR","BA:666","EMP_TEMP_SEX_GAI_NB","SEX_M","GAI_GRADIENT_TOTAL","2015",16596.13,,,"R1:3513"
"GBR","BA:666","EMP_TEMP_SEX_GAI_NB","SEX_M","GAI_GRADIENT_4","2015",452.786,,,"R1:3513"
"GBR","BA:666","EMP_TEMP_SEX_GAI_NB","SEX_M","GAI_GRADIENT_3","2015",1804.543,,,"R1:3513"
"GBR","BA:666","EMP_TEMP_SEX_GAI_NB","SEX_M","GAI_GRADIENT_2","2015",2013.534,,,"R1:3513"
"GBR","BA:666","EMP_TEMP_SEX_GAI_NB","SEX_M","GAI_GRADIENT_1","2015",1104.31,,,"R1:3513"
"GBR","BA:666","EMP_TEMP_SEX_GAI_NB","SEX_M","GAI_GRADIENT_5","2015",2992.855,,,"R1:3513"
"GBR","BA:666","EMP_TEMP_SEX_GAI_NB","SEX_M","GAI_GRADIENT_X","2015",8228.102,,,"R1:3513"
"GBR","BA:666","EMP_TEMP_SEX_GAI_NB","SEX_F","GAI_GRADIENT_TOTAL","2015",14573.621,,,"R1:3513"
"GBR","BA:666","EMP_TEMP_SEX_GAI_NB","SEX_F","GAI_GRADIENT_4","2015",1166.27,,,"R1:3513"
"GBR","BA:666","EMP_TEMP_SEX_GAI_NB","SEX_F","GAI_GRADIENT_3","2015",1949.272,,,"R1:3513"
"GBR","BA:666","EMP_TEMP_SEX_GAI_NB","SEX_F","GAI_GRADIENT_2","2015",1510.28,,,"R1:3513"
"GBR","BA:666","EMP_TEMP_SEX_GAI_NB","SEX_F","GAI_GRADIENT_1","2015",1170.396,,,"R1:3513"
"GBR","BA:666","EMP_TEMP_SEX_GAI_NB","SEX_F","GAI_GRADIENT_5","2015",2906.061,,,"R1:3513"
"GBR","BA:666","EMP_TEMP_SEX_GAI_NB","SEX_F","GAI_GRADIENT_X","2015",5871.341,,,"R1:3513"
"GBR","BA:666","EMP_TEMP_SEX_GAI_NB","SEX_T","GAI_GRADIENT_TOTAL","2014",30653.444,,,"R1:3513"
"GBR","BA:666","EMP_TEMP_SEX_GAI_NB","SEX_T","GAI_GRADIENT_4","2014",1585.17,,,"R1:3513"
"GBR","BA:666","EMP_TEMP_SEX_GAI_NB","SEX_T","GAI_GRADIENT_3","2014",3599.432,,,"R1:3513"
"GBR","BA:666","EMP_TEMP_SEX_GAI_NB","SEX_T","GAI_GRADIENT_2","2014",3520.836,,,"R1:3513"
"GBR","BA:666","EMP_TEMP_SEX_GAI_NB","SEX_T","GAI_GRADIENT_1","2014",2273.63,,,"R1:3513"
"GBR","BA:666","EMP_TEMP_SEX_GAI_NB","SEX_T","GAI_GRADIENT_5","2014",5651.02,,,"R1:3513"
"GBR","BA:666","EMP_TEMP_SEX_GAI_NB","SEX_T","GAI_GRADIENT_X","2014",14023.356,,,"R1:3513"
"GBR","BA:666","EMP_TEMP_SEX_GAI_NB","SEX_M","GAI_GRADIENT_TOTAL","2014",16299.064,,,"R1:3513"
"GBR","BA:666","EMP_TEMP_SEX_GAI_NB","SEX_M","GAI_GRADIENT_4","2014",434.358,,,"R1:3513"
"GBR","BA:666","EMP_TEMP_SEX_GAI_NB","SEX_M","GAI_GRADIENT_3","2014",1711.736,,,"R1:3513"
"GBR","BA:666","EMP_TEMP_SEX_GAI_NB","SEX_M","GAI_GRADIENT_2","2014",1989.454,,,"R1:3513"
"GBR","BA:666","EMP_TEMP_SEX_GAI_NB","SEX_M","GAI_GRADIENT_1","2014",1093.529,,,"R1:3513"
"GBR","BA:666","EMP_TEMP_SEX_GAI_NB","SEX_M","GAI_GRADIENT_5","2014",2850.183,,,"R1:3513"
"GBR","BA:666","EMP_TEMP_SEX_GAI_NB","SEX_M","GAI_GRADIENT_X","2014",8219.804,,,"R1:3513"
"GBR","BA:666","EMP_TEMP_SEX_GAI_NB","SEX_F","GAI_GRADIENT_TOTAL","2014",14354.38,,,"R1:3513"
"GBR","BA:666","EMP_TEMP_SEX_GAI_NB","SEX_F","GAI_GRADIENT_4","2014",1150.812,,,"R1:3513"
"GBR","BA:666","EMP_TEMP_SEX_GAI_NB","SEX_F","GAI_GRADIENT_3","2014",1887.696,,,"R1:3513"
"GBR","BA:666","EMP_TEMP_SEX_GAI_NB","SEX_F","GAI_GRADIENT_2","2014",1531.382,,,"R1:3513"
"GBR","BA:666","EMP_TEMP_SEX_GAI_NB","SEX_F","GAI_GRADIENT_1","2014",1180.101,,,"R1:3513"
"GBR","BA:666","EMP_TEMP_SEX_GAI_NB","SEX_F","GAI_GRADIENT_5","2014",2800.837,,,"R1:3513"
"GBR","BA:666","EMP_TEMP_SEX_GAI_NB","SEX_F","GAI_GRADIENT_X","2014",5803.551,,,"R1:3513"
"GBR","BA:666","EMP_TEMP_SEX_GAI_NB","SEX_T","GAI_GRADIENT_TOTAL","2013",29933.442,,,"R1:3513"
"GBR","BA:666","EMP_TEMP_SEX_GAI_NB","SEX_T","GAI_GRADIENT_4","2013",1529.078,,,"R1:3513"
"GBR","BA:666","EMP_TEMP_SEX_GAI_NB","SEX_T","GAI_GRADIENT_3","2013",3551.761,,,"R1:3513"
"GBR","BA:666","EMP_TEMP_SEX_GAI_NB","SEX_T","GAI_GRADIENT_2","2013",3529.241,,,"R1:3513"
"GBR","BA:666","EMP_TEMP_SEX_GAI_NB","SEX_T","GAI_GRADIENT_1","2013",2256.036,,,"R1:3513"
"GBR","BA:666","EMP_TEMP_SEX_GAI_NB","SEX_T","GAI_GRADIENT_5","2013",5532.217,,,"R1:3513"
"GBR","BA:666","EMP_TEMP_SEX_GAI_NB","SEX_T","GAI_GRADIENT_X","2013",13535.109,,,"R1:3513"
"GBR","BA:666","EMP_TEMP_SEX_GAI_NB","SEX_M","GAI_GRADIENT_TOTAL","2013",15899.342,,,"R1:3513"
"GBR","BA:666","EMP_TEMP_SEX_GAI_NB","SEX_M","GAI_GRADIENT_4","2013",404.523,,,"R1:3513"
"GBR","BA:666","EMP_TEMP_SEX_GAI_NB","SEX_M","GAI_GRADIENT_3","2013",1682.877,,,"R1:3513"
"GBR","BA:666","EMP_TEMP_SEX_GAI_NB","SEX_M","GAI_GRADIENT_2","2013",2027.919,,,"R1:3513"
"GBR","BA:666","EMP_TEMP_SEX_GAI_NB","SEX_M","GAI_GRADIENT_1","2013",1074.442,,,"R1:3513"
"GBR","BA:666","EMP_TEMP_SEX_GAI_NB","SEX_M","GAI_GRADIENT_5","2013",2780.3,,,"R1:3513"
"GBR","BA:666","EMP_TEMP_SEX_GAI_NB","SEX_M","GAI_GRADIENT_X","2013",7929.281,,,"R1:3513"
"GBR","BA:666","EMP_TEMP_SEX_GAI_NB","SEX_F","GAI_GRADIENT_TOTAL","2013",14034.1,,,"R1:3513"
"GBR","BA:666","EMP_TEMP_SEX_GAI_NB","SEX_F","GAI_GRADIENT_4","2013",1124.555,,,"R1:3513"
"GBR","BA:666","EMP_TEMP_SEX_GAI_NB","SEX_F","GAI_GRADIENT_3","2013",1868.884,,,"R1:3513"
"GBR","BA:666","EMP_TEMP_SEX_GAI_NB","SEX_F","GAI_GRADIENT_2","2013",1501.322,,,"R1:3513"
"GBR","BA:666","EMP_TEMP_SEX_GAI_NB","SEX_F","GAI_GRADIENT_1","2013",1181.594,,,"R1:3513"
"GBR","BA:666","EMP_TEMP_SEX_GAI_NB","SEX_F","GAI_GRADIENT_5","2013",2751.917,,,"R1:3513"
"GBR","BA:666","EMP_TEMP_SEX_GAI_NB","SEX_F","GAI_GRADIENT_X","2013",5605.828,,,"R1:3513"
"GBR","BA:666","EMP_TEMP_SEX_GAI_NB","SEX_T","GAI_GRADIENT_TOTAL","2012",29562.202,,,"R1:3513"
"GBR","BA:666","EMP_TEMP_SEX_GAI_NB","SEX_T","GAI_GRADIENT_4","2012",1561.297,,,"R1:3513"
"GBR","BA:666","EMP_TEMP_SEX_GAI_NB","SEX_T","GAI_GRADIENT_3","2012",3490.746,,,"R1:3513"
"GBR","BA:666","EMP_TEMP_SEX_GAI_NB","SEX_T","GAI_GRADIENT_2","2012",3500.803,,,"R1:3513"
"GBR","BA:666","EMP_TEMP_SEX_GAI_NB","SEX_T","GAI_GRADIENT_1","2012",2284.668,,,"R1:3513"
"GBR","BA:666","EMP_TEMP_SEX_GAI_NB","SEX_T","GAI_GRADIENT_5","2012",5367.872,,,"R1:3513"
"GBR","BA:666","EMP_TEMP_SEX_GAI_NB","SEX_T","GAI_GRADIENT_X","2012",13356.817,,,"R1:3513"
"GBR","BA:666","EMP_TEMP_SEX_GAI_NB","SEX_M","GAI_GRADIENT_TOTAL","2012",15766.842,,,"R1:3513"
"GBR","BA:666","EMP_TEMP_SEX_GAI_NB","SEX_M","GAI_GRADIENT_4","2012",414.753,,,"R1:3513"
"GBR","BA:666","EMP_TEMP_SEX_GAI_NB","SEX_M","GAI_GRADIENT_3","2012",1646.536,,,"R1:3513"
"GBR","BA:666","EMP_TEMP_SEX_GAI_NB","SEX_M","GAI_GRADIENT_2","2012",2010.216,,,"R1:3513"
"GBR","BA:666","EMP_TEMP_SEX_GAI_NB","SEX_M","GAI_GRADIENT_1","2012",1126.499,,,"R1:3513"
"GBR","BA:666","EMP_TEMP_SEX_GAI_NB","SEX_M","GAI_GRADIENT_5","2012",2688.524,,,"R1:3513"
"GBR","BA:666","EMP_TEMP_SEX_GAI_NB","SEX_M","GAI_GRADIENT_X","2012",7880.314,,,"R1:3513"
"GBR","BA:666","EMP_TEMP_SEX_GAI_NB","SEX_F","GAI_GRADIENT_TOTAL","2012",13795.36,,,"R1:3513"
"GBR","BA:666","EMP_TEMP_SEX_GAI_NB","SEX_F","GAI_GRADIENT_4","2012",1146.544,,,"R1:3513"
"GBR","BA:666","EMP_TEMP_SEX_GAI_NB","SEX_F","GAI_GRADIENT_3","2012",1844.21,,,"R1:3513"
"GBR","BA:666","EMP_TEMP_SEX_GAI_NB","SEX_F","GAI_GRADIENT_2","2012",1490.586,,,"R1:3513"
"GBR","BA:666","EMP_TEMP_SEX_GAI_NB","SEX_F","GAI_GRADIENT_1","2012",1158.169,,,"R1:3513"
"GBR","BA:666","EMP_TEMP_SEX_GAI_NB","SEX_F","GAI_GRADIENT_5","2012",2679.348,,,"R1:3513"
"GBR","BA:666","EMP_TEMP_SEX_GAI_NB","SEX_F","GAI_GRADIENT_X","2012",5476.503,,,"R1:3513"
"GBR","BA:666","EMP_TEMP_SEX_GAI_NB","SEX_T","GAI_GRADIENT_TOTAL","2011",29305.254,,,"R1:3513"
"GBR","BA:666","EMP_TEMP_SEX_GAI_NB","SEX_T","GAI_GRADIENT_4","2011",1575.821,,,"R1:3513"
"GBR","BA:666","EMP_TEMP_SEX_GAI_NB","SEX_T","GAI_GRADIENT_3","2011",3475.35,,,"R1:3513"
"GBR","BA:666","EMP_TEMP_SEX_GAI_NB","SEX_T","GAI_GRADIENT_2","2011",3429.332,,,"R1:3513"
"GBR","BA:666","EMP_TEMP_SEX_GAI_NB","SEX_T","GAI_GRADIENT_1","2011",2186.619,,,"R1:3513"
"GBR","BA:666","EMP_TEMP_SEX_GAI_NB","SEX_T","GAI_GRADIENT_5","2011",5337.734,,,"R1:3513"
"GBR","BA:666","EMP_TEMP_SEX_GAI_NB","SEX_T","GAI_GRADIENT_X","2011",13300.398,,,"R1:3513"
"GBR","BA:666","EMP_TEMP_SEX_GAI_NB","SEX_M","GAI_GRADIENT_TOTAL","2011",15620.094,,,"R1:3513"
"GBR","BA:666","EMP_TEMP_SEX_GAI_NB","SEX_M","GAI_GRADIENT_4","2011",405.345,,,"R1:3513"
"GBR","BA:666","EMP_TEMP_SEX_GAI_NB","SEX_M","GAI_GRADIENT_3","2011",1637.164,,,"R1:3513"
"GBR","BA:666","EMP_TEMP_SEX_GAI_NB","SEX_M","GAI_GRADIENT_2","2011",1976.937,,,"R1:3513"
"GBR","BA:666","EMP_TEMP_SEX_GAI_NB","SEX_M","GAI_GRADIENT_1","2011",1031.735,,,"R1:3513"
"GBR","BA:666","EMP_TEMP_SEX_GAI_NB","SEX_M","GAI_GRADIENT_5","2011",2680.248,,,"R1:3513"
"GBR","BA:666","EMP_TEMP_SEX_GAI_NB","SEX_M","GAI_GRADIENT_X","2011",7888.666,,,"R1:3513"
"GBR","BA:666","EMP_TEMP_SEX_GAI_NB","SEX_F","GAI_GRADIENT_TOTAL","2011",13685.161,,,"R1:3513"
"GBR","BA:666","EMP_TEMP_SEX_GAI_NB","SEX_F","GAI_GRADIENT_4","2011",1170.476,,,"R1:3513"
"GBR","BA:666","EMP_TEMP_SEX_GAI_NB","SEX_F","GAI_GRADIENT_3","2011",1838.186,,,"R1:3513"
"GBR","BA:666","EMP_TEMP_SEX_GAI_NB","SEX_F","GAI_GRADIENT_2","2011",1452.396,,,"R1:3513"
"GBR","BA:666","EMP_TEMP_SEX_GAI_NB","SEX_F","GAI_GRADIENT_1","2011",1154.885,,,"R1:3513"
"GBR","BA:666","EMP_TEMP_SEX_GAI_NB","SEX_F","GAI_GRADIENT_5","2011",2657.486,,,"R1:3513"
"GBR","BA:666","EMP_TEMP_SEX_GAI_NB","SEX_F","GAI_GRADIENT_X","2011",5411.732,,,"R1:3513"
"GBR","BA:666","EMP_TEMP_SEX_GAI_NB","SEX_T","GAI_GRADIENT_TOTAL","2010",29138.587,,,"R1:3513"
"GBR","BA:666","EMP_TEMP_SEX_GAI_NB","SEX_T","GAI_GRADIENT_4","2010",484.841,,,"R1:3513"
"GBR","BA:666","EMP_TEMP_SEX_GAI_NB","SEX_T","GAI_GRADIENT_3","2010",567.642,,,"R1:3513"
"GBR","BA:666","EMP_TEMP_SEX_GAI_NB","SEX_T","GAI_GRADIENT_2","2010",1067.526,,,"R1:3513"
"GBR","BA:666","EMP_TEMP_SEX_GAI_NB","SEX_T","GAI_GRADIENT_1","2010",449.491,,,"R1:3513"
"GBR","BA:666","EMP_TEMP_SEX_GAI_NB","SEX_T","GAI_GRADIENT_5","2010",3309.111,,,"R1:3513"
"GBR","BA:666","EMP_TEMP_SEX_GAI_NB","SEX_T","GAI_GRADIENT_X","2010",23259.977,,,"R1:3513"
"GBR","BA:666","EMP_TEMP_SEX_GAI_NB","SEX_M","GAI_GRADIENT_TOTAL","2010",15525.98,,,"R1:3513"
"GBR","BA:666","EMP_TEMP_SEX_GAI_NB","SEX_M","GAI_GRADIENT_4","2010",280.812,,,"R1:3513"
"GBR","BA:666","EMP_TEMP_SEX_GAI_NB","SEX_M","GAI_GRADIENT_3","2010",328.959,,,"R1:3513"
"GBR","BA:666","EMP_TEMP_SEX_GAI_NB","SEX_M","GAI_GRADIENT_2","2010",688.612,,,"R1:3513"
"GBR","BA:666","EMP_TEMP_SEX_GAI_NB","SEX_M","GAI_GRADIENT_1","2010",314.859,,,"R1:3513"
"GBR","BA:666","EMP_TEMP_SEX_GAI_NB","SEX_M","GAI_GRADIENT_5","2010",2405.974,,,"R1:3513"
"GBR","BA:666","EMP_TEMP_SEX_GAI_NB","SEX_M","GAI_GRADIENT_X","2010",11506.765,,,"R1:3513"
"GBR","BA:666","EMP_TEMP_SEX_GAI_NB","SEX_F","GAI_GRADIENT_TOTAL","2010",13612.607,,,"R1:3513"
"GBR","BA:666","EMP_TEMP_SEX_GAI_NB","SEX_F","GAI_GRADIENT_4","2010",204.029,,,"R1:3513"
"GBR","BA:666","EMP_TEMP_SEX_GAI_NB","SEX_F","GAI_GRADIENT_3","2010",238.683,,,"R1:3513"
"GBR","BA:666","EMP_TEMP_SEX_GAI_NB","SEX_F","GAI_GRADIENT_2","2010",378.915,,,"R1:3513"
"GBR","BA:666","EMP_TEMP_SEX_GAI_NB","SEX_F","GAI_GRADIENT_1","2010",134.632,,,"R1:3513"
"GBR","BA:666","EMP_TEMP_SEX_GAI_NB","SEX_F","GAI_GRADIENT_5","2010",903.137,,,"R1:3513"
"GBR","BA:666","EMP_TEMP_SEX_GAI_NB","SEX_F","GAI_GRADIENT_X","2010",11753.212,,,"R1:3513"
"GBR","BA:666","EMP_TEMP_SEX_GAI_NB","SEX_T","GAI_GRADIENT_TOTAL","2009",29084.739,,,"R1:3513"
"GBR","BA:666","EMP_TEMP_SEX_GAI_NB","SEX_T","GAI_GRADIENT_4","2009",466.251,,,"R1:3513"
"GBR","BA:666","EMP_TEMP_SEX_GAI_NB","SEX_T","GAI_GRADIENT_3","2009",555.218,,,"R1:3513"
"GBR","BA:666","EMP_TEMP_SEX_GAI_NB","SEX_T","GAI_GRADIENT_2","2009",1027.485,,,"R1:3513"
"GBR","BA:666","EMP_TEMP_SEX_GAI_NB","SEX_T","GAI_GRADIENT_1","2009",446.109,,,"R1:3513"
"GBR","BA:666","EMP_TEMP_SEX_GAI_NB","SEX_T","GAI_GRADIENT_5","2009",3296.482,,,"R1:3513"
"GBR","BA:666","EMP_TEMP_SEX_GAI_NB","SEX_T","GAI_GRADIENT_X","2009",23293.194,,,"R1:3513"
"GBR","BA:666","EMP_TEMP_SEX_GAI_NB","SEX_M","GAI_GRADIENT_TOTAL","2009",15495.415,,,"R1:3513"
"GBR","BA:666","EMP_TEMP_SEX_GAI_NB","SEX_M","GAI_GRADIENT_4","2009",258.961,,,"R1:3513"
"GBR","BA:666","EMP_TEMP_SEX_GAI_NB","SEX_M","GAI_GRADIENT_3","2009",330.139,,,"R1:3513"
"GBR","BA:666","EMP_TEMP_SEX_GAI_NB","SEX_M","GAI_GRADIENT_2","2009",650.513,,,"R1:3513"
"GBR","BA:666","EMP_TEMP_SEX_GAI_NB","SEX_M","GAI_GRADIENT_1","2009",323.358,,,"R1:3513"
"GBR","BA:666","EMP_TEMP_SEX_GAI_NB","SEX_M","GAI_GRADIENT_5","2009",2415.483,,,"R1:3513"
"GBR","BA:666","EMP_TEMP_SEX_GAI_NB","SEX_M","GAI_GRADIENT_X","2009",11516.96,,,"R1:3513"
"GBR","BA:666","EMP_TEMP_SEX_GAI_NB","SEX_F","GAI_GRADIENT_TOTAL","2009",13589.324,,,"R1:3513"
"GBR","BA:666","EMP_TEMP_SEX_GAI_NB","SEX_F","GAI_GRADIENT_4","2009",207.291,,,"R1:3513"
"GBR","BA:666","EMP_TEMP_SEX_GAI_NB","SEX_F","GAI_GRADIENT_3","2009",225.079,,,"R1:3513"
"GBR","BA:666","EMP_TEMP_SEX_GAI_NB","SEX_F","GAI_GRADIENT_2","2009",376.972,,,"R1:3513"
"GBR","BA:666","EMP_TEMP_SEX_GAI_NB","SEX_F","GAI_GRADIENT_1","2009",122.75,,,"R1:3513"
"GBR","BA:666","EMP_TEMP_SEX_GAI_NB","SEX_F","GAI_GRADIENT_5","2009",880.998,,,"R1:3513"
"GBR","BA:666","EMP_TEMP_SEX_GAI_NB","SEX_F","GAI_GRADIENT_X","2009",11776.233,,,"R1:3513"
"GBR","BA:666","EMP_TEMP_SEX_GAI_NB","SEX_T","GAI_GRADIENT_TOTAL","2008",29562.676,,,"R1:3513"
"GBR","BA:666","EMP_TEMP_SEX_GAI_NB","SEX_T","GAI_GRADIENT_4","2008",476.964,,,"R1:3513"
"GBR","BA:666","EMP_TEMP_SEX_GAI_NB","SEX_T","GAI_GRADIENT_3","2008",543.841,,,"R1:3513"
"GBR","BA:666","EMP_TEMP_SEX_GAI_NB","SEX_T","GAI_GRADIENT_2","2008",1055.292,,,"R1:3513"
"GBR","BA:666","EMP_TEMP_SEX_GAI_NB","SEX_T","GAI_GRADIENT_1","2008",462.824,,,"R1:3513"
"GBR","BA:666","EMP_TEMP_SEX_GAI_NB","SEX_T","GAI_GRADIENT_5","2008",3239.638,,,"R1:3513"
"GBR","BA:666","EMP_TEMP_SEX_GAI_NB","SEX_T","GAI_GRADIENT_X","2008",23784.116,,,"R1:3513"
"GBR","BA:666","EMP_TEMP_SEX_GAI_NB","SEX_M","GAI_GRADIENT_TOTAL","2008",15910.072,,,"R1:3513"
"GBR","BA:666","EMP_TEMP_SEX_GAI_NB","SEX_M","GAI_GRADIENT_4","2008",261.409,,,"R1:3513"
"GBR","BA:666","EMP_TEMP_SEX_GAI_NB","SEX_M","GAI_GRADIENT_3","2008",326.431,,,"R1:3513"
"GBR","BA:666","EMP_TEMP_SEX_GAI_NB","SEX_M","GAI_GRADIENT_2","2008",666.839,,,"R1:3513"
"GBR","BA:666","EMP_TEMP_SEX_GAI_NB","SEX_M","GAI_GRADIENT_1","2008",348.373,,,"R1:3513"
"GBR","BA:666","EMP_TEMP_SEX_GAI_NB","SEX_M","GAI_GRADIENT_5","2008",2399.389,,,"R1:3513"
"GBR","BA:666","EMP_TEMP_SEX_GAI_NB","SEX_M","GAI_GRADIENT_X","2008",11907.631,,,"R1:3513"
"GBR","BA:666","EMP_TEMP_SEX_GAI_NB","SEX_F","GAI_GRADIENT_TOTAL","2008",13652.604,,,"R1:3513"
"GBR","BA:666","EMP_TEMP_SEX_GAI_NB","SEX_F","GAI_GRADIENT_4","2008",215.554,,,"R1:3513"
"GBR","BA:666","EMP_TEMP_SEX_GAI_NB","SEX_F","GAI_GRADIENT_3","2008",217.41,,,"R1:3513"
"GBR","BA:666","EMP_TEMP_SEX_GAI_NB","SEX_F","GAI_GRADIENT_2","2008",388.453,,,"R1:3513"
"GBR","BA:666","EMP_TEMP_SEX_GAI_NB","SEX_F","GAI_GRADIENT_1","2008",114.451,,,"R1:3513"
"GBR","BA:666","EMP_TEMP_SEX_GAI_NB","SEX_F","GAI_GRADIENT_5","2008",840.25,,,"R1:3513"
"GBR","BA:666","EMP_TEMP_SEX_GAI_NB","SEX_F","GAI_GRADIENT_X","2008",11876.485,,,"R1:3513"
"GBR","BA:666","EMP_TEMP_SEX_GAI_NB","SEX_T","GAI_GRADIENT_TOTAL","2007",29325.129,,,"R1:3513"
"GBR","BA:666","EMP_TEMP_SEX_GAI_NB","SEX_T","GAI_GRADIENT_4","2007",473.388,,,"R1:3513"
"GBR","BA:666","EMP_TEMP_SEX_GAI_NB","SEX_T","GAI_GRADIENT_3","2007",532.394,,,"R1:3513"
"GBR","BA:666","EMP_TEMP_SEX_GAI_NB","SEX_T","GAI_GRADIENT_2","2007",1086.2,,,"R1:3513"
"GBR","BA:666","EMP_TEMP_SEX_GAI_NB","SEX_T","GAI_GRADIENT_1","2007",467.043,,,"R1:3513"
"GBR","BA:666","EMP_TEMP_SEX_GAI_NB","SEX_T","GAI_GRADIENT_5","2007",3148.743,,,"R1:3513"
"GBR","BA:666","EMP_TEMP_SEX_GAI_NB","SEX_T","GAI_GRADIENT_X","2007",23617.361,,,"R1:3513"
"GBR","BA:666","EMP_TEMP_SEX_GAI_NB","SEX_M","GAI_GRADIENT_TOTAL","2007",15831.264,,,"R1:3513"
"GBR","BA:666","EMP_TEMP_SEX_GAI_NB","SEX_M","GAI_GRADIENT_4","2007",251.285,,,"R1:3513"
"GBR","BA:666","EMP_TEMP_SEX_GAI_NB","SEX_M","GAI_GRADIENT_3","2007",304.397,,,"R1:3513"
"GBR","BA:666","EMP_TEMP_SEX_GAI_NB","SEX_M","GAI_GRADIENT_2","2007",703.399,,,"R1:3513"
"GBR","BA:666","EMP_TEMP_SEX_GAI_NB","SEX_M","GAI_GRADIENT_1","2007",342.092,,,"R1:3513"
"GBR","BA:666","EMP_TEMP_SEX_GAI_NB","SEX_M","GAI_GRADIENT_5","2007",2334.432,,,"R1:3513"
"GBR","BA:666","EMP_TEMP_SEX_GAI_NB","SEX_M","GAI_GRADIENT_X","2007",11895.659,,,"R1:3513"
"GBR","BA:666","EMP_TEMP_SEX_GAI_NB","SEX_F","GAI_GRADIENT_TOTAL","2007",13493.865,,,"R1:3513"
"GBR","BA:666","EMP_TEMP_SEX_GAI_NB","SEX_F","GAI_GRADIENT_4","2007",222.103,,,"R1:3513"
"GBR","BA:666","EMP_TEMP_SEX_GAI_NB","SEX_F","GAI_GRADIENT_3","2007",227.997,,,"R1:3513"
"GBR","BA:666","EMP_TEMP_SEX_GAI_NB","SEX_F","GAI_GRADIENT_2","2007",382.8,,,"R1:3513"
"GBR","BA:666","EMP_TEMP_SEX_GAI_NB","SEX_F","GAI_GRADIENT_1","2007",124.951,,,"R1:3513"
"GBR","BA:666","EMP_TEMP_SEX_GAI_NB","SEX_F","GAI_GRADIENT_5","2007",814.312,,,"R1:3513"
"GBR","BA:666","EMP_TEMP_SEX_GAI_NB","SEX_F","GAI_GRADIENT_X","2007",11721.702,,,"R1:3513"
"GBR","BA:666","EMP_TEMP_SEX_GAI_NB","SEX_T","GAI_GRADIENT_TOTAL","2006",29097.046,,,"R1:3513"
"GBR","BA:666","EMP_TEMP_SEX_GAI_NB","SEX_T","GAI_GRADIENT_4","2006",474.586,,,"R1:3513"
"GBR","BA:666","EMP_TEMP_SEX_GAI_NB","SEX_T","GAI_GRADIENT_3","2006",517.315,,,"R1:3513"
"GBR","BA:666","EMP_TEMP_SEX_GAI_NB","SEX_T","GAI_GRADIENT_2","2006",1050.523,,,"R1:3513"
"GBR","BA:666","EMP_TEMP_SEX_GAI_NB","SEX_T","GAI_GRADIENT_1","2006",483.321,,,"R1:3513"
"GBR","BA:666","EMP_TEMP_SEX_GAI_NB","SEX_T","GAI_GRADIENT_5","2006",3079.848,,,"R1:3513"
"GBR","BA:666","EMP_TEMP_SEX_GAI_NB","SEX_T","GAI_GRADIENT_X","2006",23491.452,,,"R1:3513"
"GBR","BA:666","EMP_TEMP_SEX_GAI_NB","SEX_M","GAI_GRADIENT_TOTAL","2006",15663.286,,,"R1:3513"
"GBR","BA:666","EMP_TEMP_SEX_GAI_NB","SEX_M","GAI_GRADIENT_4","2006",260.79,,,"R1:3513"
"GBR","BA:666","EMP_TEMP_SEX_GAI_NB","SEX_M","GAI_GRADIENT_3","2006",309.5,,,"R1:3513"
"GBR","BA:666","EMP_TEMP_SEX_GAI_NB","SEX_M","GAI_GRADIENT_2","2006",693.18,,,"R1:3513"
"GBR","BA:666","EMP_TEMP_SEX_GAI_NB","SEX_M","GAI_GRADIENT_1","2006",356.268,,,"R1:3513"
"GBR","BA:666","EMP_TEMP_SEX_GAI_NB","SEX_M","GAI_GRADIENT_5","2006",2318.023,,,"R1:3513"
"GBR","BA:666","EMP_TEMP_SEX_GAI_NB","SEX_M","GAI_GRADIENT_X","2006",11725.526,,,"R1:3513"
"GBR","BA:666","EMP_TEMP_SEX_GAI_NB","SEX_F","GAI_GRADIENT_TOTAL","2006",13433.76,,,"R1:3513"
"GBR","BA:666","EMP_TEMP_SEX_GAI_NB","SEX_F","GAI_GRADIENT_4","2006",213.796,,,"R1:3513"
"GBR","BA:666","EMP_TEMP_SEX_GAI_NB","SEX_F","GAI_GRADIENT_3","2006",207.816,,,"R1:3513"
"GBR","BA:666","EMP_TEMP_SEX_GAI_NB","SEX_F","GAI_GRADIENT_2","2006",357.343,,,"R1:3513"
"GBR","BA:666","EMP_TEMP_SEX_GAI_NB","SEX_F","GAI_GRADIENT_1","2006",127.053,,,"R1:3513"
"GBR","BA:666","EMP_TEMP_SEX_GAI_NB","SEX_F","GAI_GRADIENT_5","2006",761.825,,,"R1:3513"
"GBR","BA:666","EMP_TEMP_SEX_GAI_NB","SEX_F","GAI_GRADIENT_X","2006",11765.927,,,"R1:3513"
"GBR","BA:666","EMP_TEMP_SEX_GAI_NB","SEX_T","GAI_GRADIENT_TOTAL","2005",28803.942,"B","I11:264","R1:3513"
"GBR","BA:666","EMP_TEMP_SEX_GAI_NB","SEX_T","GAI_GRADIENT_4","2005",494.334,"B","I11:264","R1:3513"
"GBR","BA:666","EMP_TEMP_SEX_GAI_NB","SEX_T","GAI_GRADIENT_3","2005",509.759,"B","I11:264","R1:3513"
"GBR","BA:666","EMP_TEMP_SEX_GAI_NB","SEX_T","GAI_GRADIENT_2","2005",1014.53,"B","I11:264","R1:3513"
"GBR","BA:666","EMP_TEMP_SEX_GAI_NB","SEX_T","GAI_GRADIENT_1","2005",481.332,"B","I11:264","R1:3513"
"GBR","BA:666","EMP_TEMP_SEX_GAI_NB","SEX_T","GAI_GRADIENT_5","2005",3037.833,"B","I11:264","R1:3513"
"GBR","BA:666","EMP_TEMP_SEX_GAI_NB","SEX_T","GAI_GRADIENT_X","2005",23266.154,"B","I11:264","R1:3513"
"GBR","BA:666","EMP_TEMP_SEX_GAI_NB","SEX_M","GAI_GRADIENT_TOTAL","2005",15522.789,"B","I11:264","R1:3513"
"GBR","BA:666","EMP_TEMP_SEX_GAI_NB","SEX_M","GAI_GRADIENT_4","2005",278.74,"B","I11:264","R1:3513"
"GBR","BA:666","EMP_TEMP_SEX_GAI_NB","SEX_M","GAI_GRADIENT_3","2005",309.82,"B","I11:264","R1:3513"
"GBR","BA:666","EMP_TEMP_SEX_GAI_NB","SEX_M","GAI_GRADIENT_2","2005",662.575,"B","I11:264","R1:3513"
"GBR","BA:666","EMP_TEMP_SEX_GAI_NB","SEX_M","GAI_GRADIENT_1","2005",356.86,"B","I11:264","R1:3513"
"GBR","BA:666","EMP_TEMP_SEX_GAI_NB","SEX_M","GAI_GRADIENT_5","2005",2267.252,"B","I11:264","R1:3513"
"GBR","BA:666","EMP_TEMP_SEX_GAI_NB","SEX_M","GAI_GRADIENT_X","2005",11647.542,"B","I11:264","R1:3513"
"GBR","BA:666","EMP_TEMP_SEX_GAI_NB","SEX_F","GAI_GRADIENT_TOTAL","2005",13281.152,"B","I11:264","R1:3513"
"GBR","BA:666","EMP_TEMP_SEX_GAI_NB","SEX_F","GAI_GRADIENT_4","2005",215.594,"B","I11:264","R1:3513"
"GBR","BA:666","EMP_TEMP_SEX_GAI_NB","SEX_F","GAI_GRADIENT_3","2005",199.938,"B","I11:264","R1:3513"
"GBR","BA:666","EMP_TEMP_SEX_GAI_NB","SEX_F","GAI_GRADIENT_2","2005",351.955,"B","I11:264","R1:3513"
"GBR","BA:666","EMP_TEMP_SEX_GAI_NB","SEX_F","GAI_GRADIENT_1","2005",124.472,"B","I11:264","R1:3513"
"GBR","BA:666","EMP_TEMP_SEX_GAI_NB","SEX_F","GAI_GRADIENT_5","2005",770.581,"B","I11:264","R1:3513"
"GBR","BA:666","EMP_TEMP_SEX_GAI_NB","SEX_F","GAI_GRADIENT_X","2005",11618.612,"B","I11:264","R1:3513"
"GBR","BA:666","EMP_TEMP_SEX_GAI_NB","SEX_T","GAI_GRADIENT_TOTAL","2003",25522.787,,,"R1:3513"
"GBR","BA:666","EMP_TEMP_SEX_GAI_NB","SEX_T","GAI_GRADIENT_4","2003",424.681,,,"R1:3513"
"GBR","BA:666","EMP_TEMP_SEX_GAI_NB","SEX_T","GAI_GRADIENT_3","2003",436.548,,,"R1:3513"
"GBR","BA:666","EMP_TEMP_SEX_GAI_NB","SEX_T","GAI_GRADIENT_2","2003",942.575,,,"R1:3513"
"GBR","BA:666","EMP_TEMP_SEX_GAI_NB","SEX_T","GAI_GRADIENT_1","2003",422.943,,,"R1:3513"
"GBR","BA:666","EMP_TEMP_SEX_GAI_NB","SEX_T","GAI_GRADIENT_5","2003",2662.902,,,"R1:3513"
"GBR","BA:666","EMP_TEMP_SEX_GAI_NB","SEX_T","GAI_GRADIENT_X","2003",20633.139,,,"R1:3513"
"GBR","BA:666","EMP_TEMP_SEX_GAI_NB","SEX_M","GAI_GRADIENT_TOTAL","2003",14041.86,,,"R1:3513"
"GBR","BA:666","EMP_TEMP_SEX_GAI_NB","SEX_M","GAI_GRADIENT_4","2003",243.584,,,"R1:3513"
"GBR","BA:666","EMP_TEMP_SEX_GAI_NB","SEX_M","GAI_GRADIENT_3","2003",266.495,,,"R1:3513"
"GBR","BA:666","EMP_TEMP_SEX_GAI_NB","SEX_M","GAI_GRADIENT_2","2003",638.312,,,"R1:3513"
"GBR","BA:666","EMP_TEMP_SEX_GAI_NB","SEX_M","GAI_GRADIENT_1","2003",327.101,,,"R1:3513"
"GBR","BA:666","EMP_TEMP_SEX_GAI_NB","SEX_M","GAI_GRADIENT_5","2003",2036.617,,,"R1:3513"
"GBR","BA:666","EMP_TEMP_SEX_GAI_NB","SEX_M","GAI_GRADIENT_X","2003",10529.751,,,"R1:3513"
"GBR","BA:666","EMP_TEMP_SEX_GAI_NB","SEX_F","GAI_GRADIENT_TOTAL","2003",11480.928,,,"R1:3513"
"GBR","BA:666","EMP_TEMP_SEX_GAI_NB","SEX_F","GAI_GRADIENT_4","2003",181.097,,,"R1:3513"
"GBR","BA:666","EMP_TEMP_SEX_GAI_NB","SEX_F","GAI_GRADIENT_3","2003",170.053,,,"R1:3513"
"GBR","BA:666","EMP_TEMP_SEX_GAI_NB","SEX_F","GAI_GRADIENT_2","2003",304.262,,,"R1:3513"
"GBR","BA:666","EMP_TEMP_SEX_GAI_NB","SEX_F","GAI_GRADIENT_1","2003",95.842,,,"R1:3513"
"GBR","BA:666","EMP_TEMP_SEX_GAI_NB","SEX_F","GAI_GRADIENT_5","2003",626.285,,,"R1:3513"
"GBR","BA:666","EMP_TEMP_SEX_GAI_NB","SEX_F","GAI_GRADIENT_X","2003",10103.388,,,"R1:3513"
"GBR","BA:666","EMP_TEMP_SEX_GAI_NB","SEX_T","GAI_GRADIENT_TOTAL","2002",25272.964,,,"R1:3513"
"GBR","BA:666","EMP_TEMP_SEX_GAI_NB","SEX_T","GAI_GRADIENT_4","2002",452.148,,,"R1:3513"
"GBR","BA:666","EMP_TEMP_SEX_GAI_NB","SEX_T","GAI_GRADIENT_3","2002",411.595,,,"R1:3513"
"GBR","BA:666","EMP_TEMP_SEX_GAI_NB","SEX_T","GAI_GRADIENT_2","2002",904.696,,,"R1:3513"
"GBR","BA:666","EMP_TEMP_SEX_GAI_NB","SEX_T","GAI_GRADIENT_1","2002",436.942,,,"R1:3513"
"GBR","BA:666","EMP_TEMP_SEX_GAI_NB","SEX_T","GAI_GRADIENT_5","2002",2599.93,,,"R1:3513"
"GBR","BA:666","EMP_TEMP_SEX_GAI_NB","SEX_T","GAI_GRADIENT_X","2002",20467.653,,,"R1:3513"
"GBR","BA:666","EMP_TEMP_SEX_GAI_NB","SEX_M","GAI_GRADIENT_TOTAL","2002",13897.15,,,"R1:3513"
"GBR","BA:666","EMP_TEMP_SEX_GAI_NB","SEX_M","GAI_GRADIENT_4","2002",246.694,,,"R1:3513"
"GBR","BA:666","EMP_TEMP_SEX_GAI_NB","SEX_M","GAI_GRADIENT_3","2002",251.733,,,"R1:3513"
"GBR","BA:666","EMP_TEMP_SEX_GAI_NB","SEX_M","GAI_GRADIENT_2","2002",616.164,,,"R1:3513"
"GBR","BA:666","EMP_TEMP_SEX_GAI_NB","SEX_M","GAI_GRADIENT_1","2002",347.142,,,"R1:3513"
"GBR","BA:666","EMP_TEMP_SEX_GAI_NB","SEX_M","GAI_GRADIENT_5","2002",2007.544,,,"R1:3513"
"GBR","BA:666","EMP_TEMP_SEX_GAI_NB","SEX_M","GAI_GRADIENT_X","2002",10427.873,,,"R1:3513"
"GBR","BA:666","EMP_TEMP_SEX_GAI_NB","SEX_F","GAI_GRADIENT_TOTAL","2002",11375.814,,,"R1:3513"
"GBR","BA:666","EMP_TEMP_SEX_GAI_NB","SEX_F","GAI_GRADIENT_4","2002",205.454,,,"R1:3513"
"GBR","BA:666","EMP_TEMP_SEX_GAI_NB","SEX_F","GAI_GRADIENT_3","2002",159.862,,,"R1:3513"
"GBR","BA:666","EMP_TEMP_SEX_GAI_NB","SEX_F","GAI_GRADIENT_2","2002",288.533,,,"R1:3513"
"GBR","BA:666","EMP_TEMP_SEX_GAI_NB","SEX_F","GAI_GRADIENT_1","2002",89.8,,,"R1:3513"
"GBR","BA:666","EMP_TEMP_SEX_GAI_NB","SEX_F","GAI_GRADIENT_5","2002",592.386,,,"R1:3513"
"GBR","BA:666","EMP_TEMP_SEX_GAI_NB","SEX_F","GAI_GRADIENT_X","2002",10039.78,,,"R1:3513"
"GBR","BA:666","EMP_TEMP_SEX_GAI_NB","SEX_T","GAI_GRADIENT_TOTAL","2001",25053.942,,,"R1:3513"
"GBR","BA:666","EMP_TEMP_SEX_GAI_NB","SEX_T","GAI_GRADIENT_4","2001",338.493,,,"R1:3513"
"GBR","BA:666","EMP_TEMP_SEX_GAI_NB","SEX_T","GAI_GRADIENT_3","2001",317.99,,,"R1:3513"
"GBR","BA:666","EMP_TEMP_SEX_GAI_NB","SEX_T","GAI_GRADIENT_2","2001",687.829,,,"R1:3513"
"GBR","BA:666","EMP_TEMP_SEX_GAI_NB","SEX_T","GAI_GRADIENT_1","2001",324.621,,,"R1:3513"
"GBR","BA:666","EMP_TEMP_SEX_GAI_NB","SEX_T","GAI_GRADIENT_5","2001",1888.592,,,"R1:3513"
"GBR","BA:666","EMP_TEMP_SEX_GAI_NB","SEX_T","GAI_GRADIENT_X","2001",21496.418,,,"R1:3513"
"GBR","BA:666","EMP_TEMP_SEX_GAI_NB","SEX_M","GAI_GRADIENT_TOTAL","2001",13806.071,,,"R1:3513"
"GBR","BA:666","EMP_TEMP_SEX_GAI_NB","SEX_M","GAI_GRADIENT_4","2001",184.228,,,"R1:3513"
"GBR","BA:666","EMP_TEMP_SEX_GAI_NB","SEX_M","GAI_GRADIENT_3","2001",198.022,,,"R1:3513"
"GBR","BA:666","EMP_TEMP_SEX_GAI_NB","SEX_M","GAI_GRADIENT_2","2001",465.809,,,"R1:3513"
"GBR","BA:666","EMP_TEMP_SEX_GAI_NB","SEX_M","GAI_GRADIENT_1","2001",258.747,,,"R1:3513"
"GBR","BA:666","EMP_TEMP_SEX_GAI_NB","SEX_M","GAI_GRADIENT_5","2001",1473.418,,,"R1:3513"
"GBR","BA:666","EMP_TEMP_SEX_GAI_NB","SEX_M","GAI_GRADIENT_X","2001",11225.848,,,"R1:3513"
"GBR","BA:666","EMP_TEMP_SEX_GAI_NB","SEX_F","GAI_GRADIENT_TOTAL","2001",11247.871,,,"R1:3513"
"GBR","BA:666","EMP_TEMP_SEX_GAI_NB","SEX_F","GAI_GRADIENT_4","2001",154.265,,,"R1:3513"
"GBR","BA:666","EMP_TEMP_SEX_GAI_NB","SEX_F","GAI_GRADIENT_3","2001",119.968,,,"R1:3513"
"GBR","BA:666","EMP_TEMP_SEX_GAI_NB","SEX_F","GAI_GRADIENT_2","2001",222.02,,,"R1:3513"
"GBR","BA:666","EMP_TEMP_SEX_GAI_NB","SEX_F","GAI_GRADIENT_1","2001",65.874,,,"R1:3513"
"GBR","BA:666","EMP_TEMP_SEX_GAI_NB","SEX_F","GAI_GRADIENT_5","2001",415.175,,,"R1:3513"
"GBR","BA:666","EMP_TEMP_SEX_GAI_NB","SEX_F","GAI_GRADIENT_X","2001",10270.57,,,"R1:3513"
"GEO","BA:13950","EMP_TEMP_SEX_GAI_NB","SEX_T","GAI_GRADIENT_TOTAL","2025",1788.047,,,"R1:3513"
"GEO","BA:13950","EMP_TEMP_SEX_GAI_NB","SEX_T","GAI_GRADIENT_4","2025",15.135,,,"R1:3513"
"GEO","BA:13950","EMP_TEMP_SEX_GAI_NB","SEX_T","GAI_GRADIENT_3","2025",76.363,,,"R1:3513"
"GEO","BA:13950","EMP_TEMP_SEX_GAI_NB","SEX_T","GAI_GRADIENT_2","2025",102.819,,,"R1:3513"
"GEO","BA:13950","EMP_TEMP_SEX_GAI_NB","SEX_T","GAI_GRADIENT_1","2025",157.936,,,"R1:3513"
"GEO","BA:13950","EMP_TEMP_SEX_GAI_NB","SEX_T","GAI_GRADIENT_5","2025",186.936,,,"R1:3513"
"GEO","BA:13950","EMP_TEMP_SEX_GAI_NB","SEX_T","GAI_GRADIENT_X","2025",1248.859,,,"R1:3513"
"GEO","BA:13950","EMP_TEMP_SEX_GAI_NB","SEX_M","GAI_GRADIENT_TOTAL","2025",932.068,,,"R1:3513"
"GEO","BA:13950","EMP_TEMP_SEX_GAI_NB","SEX_M","GAI_GRADIENT_4","2025",7.675,,,"R1:3513"
"GEO","BA:13950","EMP_TEMP_SEX_GAI_NB","SEX_M","GAI_GRADIENT_3","2025",27.936,,,"R1:3513"
"GEO","BA:13950","EMP_TEMP_SEX_GAI_NB","SEX_M","GAI_GRADIENT_2","2025",57.548,,,"R1:3513"
"GEO","BA:13950","EMP_TEMP_SEX_GAI_NB","SEX_M","GAI_GRADIENT_1","2025",80.575,,,"R1:3513"
"GEO","BA:13950","EMP_TEMP_SEX_GAI_NB","SEX_M","GAI_GRADIENT_5","2025",90.521,,,"R1:3513"
"GEO","BA:13950","EMP_TEMP_SEX_GAI_NB","SEX_M","GAI_GRADIENT_X","2025",667.815,,,"R1:3513"
"GEO","BA:13950","EMP_TEMP_SEX_GAI_NB","SEX_F","GAI_GRADIENT_TOTAL","2025",855.978,,,"R1:3513"
"GEO","BA:13950","EMP_TEMP_SEX_GAI_NB","SEX_F","GAI_GRADIENT_4","2025",7.46,,,"R1:3513"
"GEO","BA:13950","EMP_TEMP_SEX_GAI_NB","SEX_F","GAI_GRADIENT_3","2025",48.427,,,"R1:3513"
"GEO","BA:13950","EMP_TEMP_SEX_GAI_NB","SEX_F","GAI_GRADIENT_2","2025",45.271,,,"R1:3513"
"GEO","BA:13950","EMP_TEMP_SEX_GAI_NB","SEX_F","GAI_GRADIENT_1","2025",77.361,,,"R1:3513"
"GEO","BA:13950","EMP_TEMP_SEX_GAI_NB","SEX_F","GAI_GRADIENT_5","2025",96.415,,,"R1:3513"
"GEO","BA:13950","EMP_TEMP_SEX_GAI_NB","SEX_F","GAI_GRADIENT_X","2025",581.044,,,"R1:3513"
"GEO","BA:13950","EMP_TEMP_SEX_GAI_NB","SEX_T","GAI_GRADIENT_TOTAL","2024",1821.308,,,"R1:3513"
"GEO","BA:13950","EMP_TEMP_SEX_GAI_NB","SEX_T","GAI_GRADIENT_4","2024",19.416,,,"R1:3513"
"GEO","BA:13950","EMP_TEMP_SEX_GAI_NB","SEX_T","GAI_GRADIENT_3","2024",82.656,,,"R1:3513"
"GEO","BA:13950","EMP_TEMP_SEX_GAI_NB","SEX_T","GAI_GRADIENT_2","2024",101.837,,,"R1:3513"
"GEO","BA:13950","EMP_TEMP_SEX_GAI_NB","SEX_T","GAI_GRADIENT_1","2024",158.318,,,"R1:3513"
"GEO","BA:13950","EMP_TEMP_SEX_GAI_NB","SEX_T","GAI_GRADIENT_5","2024",188.042,,,"R1:3513"
"GEO","BA:13950","EMP_TEMP_SEX_GAI_NB","SEX_T","GAI_GRADIENT_X","2024",1271.039,,,"R1:3513"
"GEO","BA:13950","EMP_TEMP_SEX_GAI_NB","SEX_M","GAI_GRADIENT_TOTAL","2024",939.758,,,"R1:3513"
"GEO","BA:13950","EMP_TEMP_SEX_GAI_NB","SEX_M","GAI_GRADIENT_4","2024",7.256,,,"R1:3513"
"GEO","BA:13950","EMP_TEMP_SEX_GAI_NB","SEX_M","GAI_GRADIENT_3","2024",29.842,,,"R1:3513"
"GEO","BA:13950","EMP_TEMP_SEX_GAI_NB","SEX_M","GAI_GRADIENT_2","2024",53.865,,,"R1:3513"
"GEO","BA:13950","EMP_TEMP_SEX_GAI_NB","SEX_M","GAI_GRADIENT_1","2024",80.616,,,"R1:3513"
"GEO","BA:13950","EMP_TEMP_SEX_GAI_NB","SEX_M","GAI_GRADIENT_5","2024",94.278,,,"R1:3513"
"GEO","BA:13950","EMP_TEMP_SEX_GAI_NB","SEX_M","GAI_GRADIENT_X","2024",673.901,,,"R1:3513"
"GEO","BA:13950","EMP_TEMP_SEX_GAI_NB","SEX_F","GAI_GRADIENT_TOTAL","2024",881.55,,,"R1:3513"
"GEO","BA:13950","EMP_TEMP_SEX_GAI_NB","SEX_F","GAI_GRADIENT_4","2024",12.16,,,"R1:3513"
"GEO","BA:13950","EMP_TEMP_SEX_GAI_NB","SEX_F","GAI_GRADIENT_3","2024",52.814,,,"R1:3513"
"GEO","BA:13950","EMP_TEMP_SEX_GAI_NB","SEX_F","GAI_GRADIENT_2","2024",47.972,,,"R1:3513"
"GEO","BA:13950","EMP_TEMP_SEX_GAI_NB","SEX_F","GAI_GRADIENT_1","2024",77.702,,,"R1:3513"
"GEO","BA:13950","EMP_TEMP_SEX_GAI_NB","SEX_F","GAI_GRADIENT_5","2024",93.764,,,"R1:3513"
"GEO","BA:13950","EMP_TEMP_SEX_GAI_NB","SEX_F","GAI_GRADIENT_X","2024",597.138,,,"R1:3513"
"GEO","BA:13950","EMP_TEMP_SEX_GAI_NB","SEX_T","GAI_GRADIENT_TOTAL","2023",1776.284,,,"R1:3513"
"GEO","BA:13950","EMP_TEMP_SEX_GAI_NB","SEX_T","GAI_GRADIENT_4","2023",17.014,,,"R1:3513"
"GEO","BA:13950","EMP_TEMP_SEX_GAI_NB","SEX_T","GAI_GRADIENT_3","2023",82.71,,,"R1:3513"
"GEO","BA:13950","EMP_TEMP_SEX_GAI_NB","SEX_T","GAI_GRADIENT_2","2023",95.2,,,"R1:3513"
"GEO","BA:13950","EMP_TEMP_SEX_GAI_NB","SEX_T","GAI_GRADIENT_1","2023",147.162,,,"R1:3513"
"GEO","BA:13950","EMP_TEMP_SEX_GAI_NB","SEX_T","GAI_GRADIENT_5","2023",183.537,,,"R1:3513"
"GEO","BA:13950","EMP_TEMP_SEX_GAI_NB","SEX_T","GAI_GRADIENT_X","2023",1250.661,,,"R1:3513"
"GEO","BA:13950","EMP_TEMP_SEX_GAI_NB","SEX_M","GAI_GRADIENT_TOTAL","2023",926.769,,,"R1:3513"
"GEO","BA:13950","EMP_TEMP_SEX_GAI_NB","SEX_M","GAI_GRADIENT_4","2023",8.024,,,"R1:3513"
"GEO","BA:13950","EMP_TEMP_SEX_GAI_NB","SEX_M","GAI_GRADIENT_3","2023",28.604,,,"R1:3513"
"GEO","BA:13950","EMP_TEMP_SEX_GAI_NB","SEX_M","GAI_GRADIENT_2","2023",50.491,,,"R1:3513"
"GEO","BA:13950","EMP_TEMP_SEX_GAI_NB","SEX_M","GAI_GRADIENT_1","2023",78.532,,,"R1:3513"
"GEO","BA:13950","EMP_TEMP_SEX_GAI_NB","SEX_M","GAI_GRADIENT_5","2023",91.289,,,"R1:3513"
"GEO","BA:13950","EMP_TEMP_SEX_GAI_NB","SEX_M","GAI_GRADIENT_X","2023",669.829,,,"R1:3513"
"GEO","BA:13950","EMP_TEMP_SEX_GAI_NB","SEX_F","GAI_GRADIENT_TOTAL","2023",849.515,,,"R1:3513"
"GEO","BA:13950","EMP_TEMP_SEX_GAI_NB","SEX_F","GAI_GRADIENT_4","2023",8.989,,,"R1:3513"
"GEO","BA:13950","EMP_TEMP_SEX_GAI_NB","SEX_F","GAI_GRADIENT_3","2023",54.106,,,"R1:3513"
"GEO","BA:13950","EMP_TEMP_SEX_GAI_NB","SEX_F","GAI_GRADIENT_2","2023",44.709,,,"R1:3513"
"GEO","BA:13950","EMP_TEMP_SEX_GAI_NB","SEX_F","GAI_GRADIENT_1","2023",68.629,,,"R1:3513"
"GEO","BA:13950","EMP_TEMP_SEX_GAI_NB","SEX_F","GAI_GRADIENT_5","2023",92.249,,,"R1:3513"
"GEO","BA:13950","EMP_TEMP_SEX_GAI_NB","SEX_F","GAI_GRADIENT_X","2023",580.832,,,"R1:3513"
"GEO","BA:13950","EMP_TEMP_SEX_GAI_NB","SEX_T","GAI_GRADIENT_TOTAL","2022",1737.348,,,"R1:3513"
"GEO","BA:13950","EMP_TEMP_SEX_GAI_NB","SEX_T","GAI_GRADIENT_4","2022",18.667,,,"R1:3513"
"GEO","BA:13950","EMP_TEMP_SEX_GAI_NB","SEX_T","GAI_GRADIENT_3","2022",75.375,,,"R1:3513"
"GEO","BA:13950","EMP_TEMP_SEX_GAI_NB","SEX_T","GAI_GRADIENT_2","2022",88.332,,,"R1:3513"
"GEO","BA:13950","EMP_TEMP_SEX_GAI_NB","SEX_T","GAI_GRADIENT_1","2022",137.033,,,"R1:3513"
"GEO","BA:13950","EMP_TEMP_SEX_GAI_NB","SEX_T","GAI_GRADIENT_5","2022",177.66,,,"R1:3513"
"GEO","BA:13950","EMP_TEMP_SEX_GAI_NB","SEX_T","GAI_GRADIENT_X","2022",1240.282,,,"R1:3513"
"GEO","BA:13950","EMP_TEMP_SEX_GAI_NB","SEX_M","GAI_GRADIENT_TOTAL","2022",910.462,,,"R1:3513"
"GEO","BA:13950","EMP_TEMP_SEX_GAI_NB","SEX_M","GAI_GRADIENT_4","2022",8.932,,,"R1:3513"
"GEO","BA:13950","EMP_TEMP_SEX_GAI_NB","SEX_M","GAI_GRADIENT_3","2022",23.063,,,"R1:3513"
"GEO","BA:13950","EMP_TEMP_SEX_GAI_NB","SEX_M","GAI_GRADIENT_2","2022",45.92,,,"R1:3513"
"GEO","BA:13950","EMP_TEMP_SEX_GAI_NB","SEX_M","GAI_GRADIENT_1","2022",73.389,,,"R1:3513"
"GEO","BA:13950","EMP_TEMP_SEX_GAI_NB","SEX_M","GAI_GRADIENT_5","2022",90.971,,,"R1:3513"
"GEO","BA:13950","EMP_TEMP_SEX_GAI_NB","SEX_M","GAI_GRADIENT_X","2022",668.187,,,"R1:3513"
"GEO","BA:13950","EMP_TEMP_SEX_GAI_NB","SEX_F","GAI_GRADIENT_TOTAL","2022",826.886,,,"R1:3513"
"GEO","BA:13950","EMP_TEMP_SEX_GAI_NB","SEX_F","GAI_GRADIENT_4","2022",9.735,,,"R1:3513"
"GEO","BA:13950","EMP_TEMP_SEX_GAI_NB","SEX_F","GAI_GRADIENT_3","2022",52.312,,,"R1:3513"
"GEO","BA:13950","EMP_TEMP_SEX_GAI_NB","SEX_F","GAI_GRADIENT_2","2022",42.411,,,"R1:3513"
"GEO","BA:13950","EMP_TEMP_SEX_GAI_NB","SEX_F","GAI_GRADIENT_1","2022",63.644,,,"R1:3513"
"GEO","BA:13950","EMP_TEMP_SEX_GAI_NB","SEX_F","GAI_GRADIENT_5","2022",86.689,,,"R1:3513"
"GEO","BA:13950","EMP_TEMP_SEX_GAI_NB","SEX_F","GAI_GRADIENT_X","2022",572.094,,,"R1:3513"
"GEO","BA:13950","EMP_TEMP_SEX_GAI_NB","SEX_T","GAI_GRADIENT_TOTAL","2021",1710.726,,,"R1:3513"
"GEO","BA:13950","EMP_TEMP_SEX_GAI_NB","SEX_T","GAI_GRADIENT_4","2021",19.961,,,"R1:3513"
"GEO","BA:13950","EMP_TEMP_SEX_GAI_NB","SEX_T","GAI_GRADIENT_3","2021",75.401,,,"R1:3513"
"GEO","BA:13950","EMP_TEMP_SEX_GAI_NB","SEX_T","GAI_GRADIENT_2","2021",84.684,,,"R1:3513"
"GEO","BA:13950","EMP_TEMP_SEX_GAI_NB","SEX_T","GAI_GRADIENT_1","2021",128.219,,,"R1:3513"
"GEO","BA:13950","EMP_TEMP_SEX_GAI_NB","SEX_T","GAI_GRADIENT_5","2021",173.109,,,"R1:3513"
"GEO","BA:13950","EMP_TEMP_SEX_GAI_NB","SEX_T","GAI_GRADIENT_X","2021",1229.353,,,"R1:3513"
"GEO","BA:13950","EMP_TEMP_SEX_GAI_NB","SEX_M","GAI_GRADIENT_TOTAL","2021",897.076,,,"R1:3513"
"GEO","BA:13950","EMP_TEMP_SEX_GAI_NB","SEX_M","GAI_GRADIENT_4","2021",9.303,,,"R1:3513"
"GEO","BA:13950","EMP_TEMP_SEX_GAI_NB","SEX_M","GAI_GRADIENT_3","2021",25.848,,,"R1:3513"
"GEO","BA:13950","EMP_TEMP_SEX_GAI_NB","SEX_M","GAI_GRADIENT_2","2021",43.398,,,"R1:3513"
"GEO","BA:13950","EMP_TEMP_SEX_GAI_NB","SEX_M","GAI_GRADIENT_1","2021",65.402,,,"R1:3513"
"GEO","BA:13950","EMP_TEMP_SEX_GAI_NB","SEX_M","GAI_GRADIENT_5","2021",92.11,,,"R1:3513"
"GEO","BA:13950","EMP_TEMP_SEX_GAI_NB","SEX_M","GAI_GRADIENT_X","2021",661.014,,,"R1:3513"
"GEO","BA:13950","EMP_TEMP_SEX_GAI_NB","SEX_F","GAI_GRADIENT_TOTAL","2021",813.65,,,"R1:3513"
"GEO","BA:13950","EMP_TEMP_SEX_GAI_NB","SEX_F","GAI_GRADIENT_4","2021",10.657,,,"R1:3513"
"GEO","BA:13950","EMP_TEMP_SEX_GAI_NB","SEX_F","GAI_GRADIENT_3","2021",49.553,,,"R1:3513"
"GEO","BA:13950","EMP_TEMP_SEX_GAI_NB","SEX_F","GAI_GRADIENT_2","2021",41.286,,,"R1:3513"
"GEO","BA:13950","EMP_TEMP_SEX_GAI_NB","SEX_F","GAI_GRADIENT_1","2021",62.816,,,"R1:3513"
"GEO","BA:13950","EMP_TEMP_SEX_GAI_NB","SEX_F","GAI_GRADIENT_5","2021",80.999,,,"R1:3513"
"GEO","BA:13950","EMP_TEMP_SEX_GAI_NB","SEX_F","GAI_GRADIENT_X","2021",568.338,,,"R1:3513"
"GEO","BA:13950","EMP_TEMP_SEX_GAI_NB","SEX_T","GAI_GRADIENT_TOTAL","2020",1689.159,"B","I11:264","R1:3513"
"GEO","BA:13950","EMP_TEMP_SEX_GAI_NB","SEX_T","GAI_GRADIENT_4","2020",19.356,"B","I11:264","R1:3513"
"GEO","BA:13950","EMP_TEMP_SEX_GAI_NB","SEX_T","GAI_GRADIENT_3","2020",69.719,"B","I11:264","R1:3513"
"GEO","BA:13950","EMP_TEMP_SEX_GAI_NB","SEX_T","GAI_GRADIENT_2","2020",86.012,"B","I11:264","R1:3513"
"GEO","BA:13950","EMP_TEMP_SEX_GAI_NB","SEX_T","GAI_GRADIENT_1","2020",146.944,"B","I11:264","R1:3513"
"GEO","BA:13950","EMP_TEMP_SEX_GAI_NB","SEX_T","GAI_GRADIENT_5","2020",170.556,"B","I11:264","R1:3513"
"GEO","BA:13950","EMP_TEMP_SEX_GAI_NB","SEX_T","GAI_GRADIENT_X","2020",1196.573,"B","I11:264","R1:3513"
"GEO","BA:13950","EMP_TEMP_SEX_GAI_NB","SEX_M","GAI_GRADIENT_TOTAL","2020",892.102,"B","I11:264","R1:3513"
"GEO","BA:13950","EMP_TEMP_SEX_GAI_NB","SEX_M","GAI_GRADIENT_4","2020",8.472,"B","I11:264","R1:3513"
"GEO","BA:13950","EMP_TEMP_SEX_GAI_NB","SEX_M","GAI_GRADIENT_3","2020",21.353,"B","I11:264","R1:3513"
"GEO","BA:13950","EMP_TEMP_SEX_GAI_NB","SEX_M","GAI_GRADIENT_2","2020",48.496,"B","I11:264","R1:3513"
"GEO","BA:13950","EMP_TEMP_SEX_GAI_NB","SEX_M","GAI_GRADIENT_1","2020",75.453,"B","I11:264","R1:3513"
"GEO","BA:13950","EMP_TEMP_SEX_GAI_NB","SEX_M","GAI_GRADIENT_5","2020",91.05,"B","I11:264","R1:3513"
"GEO","BA:13950","EMP_TEMP_SEX_GAI_NB","SEX_M","GAI_GRADIENT_X","2020",647.28,"B","I11:264","R1:3513"
"GEO","BA:13950","EMP_TEMP_SEX_GAI_NB","SEX_F","GAI_GRADIENT_TOTAL","2020",797.057,"B","I11:264","R1:3513"
"GEO","BA:13950","EMP_TEMP_SEX_GAI_NB","SEX_F","GAI_GRADIENT_4","2020",10.885,"B","I11:264","R1:3513"
"GEO","BA:13950","EMP_TEMP_SEX_GAI_NB","SEX_F","GAI_GRADIENT_3","2020",48.366,"B","I11:264","R1:3513"
"GEO","BA:13950","EMP_TEMP_SEX_GAI_NB","SEX_F","GAI_GRADIENT_2","2020",37.516,"B","I11:264","R1:3513"
"GEO","BA:13950","EMP_TEMP_SEX_GAI_NB","SEX_F","GAI_GRADIENT_1","2020",71.491,"B","I11:264","R1:3513"
"GEO","BA:13950","EMP_TEMP_SEX_GAI_NB","SEX_F","GAI_GRADIENT_5","2020",79.506,"B","I11:264","R1:3513"
"GEO","BA:13950","EMP_TEMP_SEX_GAI_NB","SEX_F","GAI_GRADIENT_X","2020",549.293,"B","I11:264","R1:3513"
"GHA","BA:1163","EMP_TEMP_SEX_GAI_NB","SEX_T","GAI_GRADIENT_TOTAL","2025",13939.132,,,"R1:3513"
"GHA","BA:1163","EMP_TEMP_SEX_GAI_NB","SEX_T","GAI_GRADIENT_4","2025",58.734,,,"R1:3513"
"GHA","BA:1163","EMP_TEMP_SEX_GAI_NB","SEX_T","GAI_GRADIENT_3","2025",188.362,,,"R1:3513"
"GHA","BA:1163","EMP_TEMP_SEX_GAI_NB","SEX_T","GAI_GRADIENT_2","2025",1117.56,,,"R1:3513"
"GHA","BA:1163","EMP_TEMP_SEX_GAI_NB","SEX_T","GAI_GRADIENT_1","2025",1421.634,,,"R1:3513"
"GHA","BA:1163","EMP_TEMP_SEX_GAI_NB","SEX_T","GAI_GRADIENT_5","2025",1148.065,,,"R1:3513"
"GHA","BA:1163","EMP_TEMP_SEX_GAI_NB","SEX_T","GAI_GRADIENT_X","2025",10004.777,,,"R1:3513"
"GHA","BA:1163","EMP_TEMP_SEX_GAI_NB","SEX_M","GAI_GRADIENT_TOTAL","2025",6204.183,,,"R1:3513"
"GHA","BA:1163","EMP_TEMP_SEX_GAI_NB","SEX_M","GAI_GRADIENT_4","2025",31.831,,,"R1:3513"
"GHA","BA:1163","EMP_TEMP_SEX_GAI_NB","SEX_M","GAI_GRADIENT_3","2025",80.044,,,"R1:3513"
"GHA","BA:1163","EMP_TEMP_SEX_GAI_NB","SEX_M","GAI_GRADIENT_2","2025",284.312,,,"R1:3513"
"GHA","BA:1163","EMP_TEMP_SEX_GAI_NB","SEX_M","GAI_GRADIENT_1","2025",374.35,,,"R1:3513"
"GHA","BA:1163","EMP_TEMP_SEX_GAI_NB","SEX_M","GAI_GRADIENT_5","2025",450.75,,,"R1:3513"
"GHA","BA:1163","EMP_TEMP_SEX_GAI_NB","SEX_M","GAI_GRADIENT_X","2025",4982.896,,,"R1:3513"
"GHA","BA:1163","EMP_TEMP_SEX_GAI_NB","SEX_F","GAI_GRADIENT_TOTAL","2025",7734.949,,,"R1:3513"
"GHA","BA:1163","EMP_TEMP_SEX_GAI_NB","SEX_F","GAI_GRADIENT_4","2025",26.904,,,"R1:3513"
"GHA","BA:1163","EMP_TEMP_SEX_GAI_NB","SEX_F","GAI_GRADIENT_3","2025",108.318,,,"R1:3513"
"GHA","BA:1163","EMP_TEMP_SEX_GAI_NB","SEX_F","GAI_GRADIENT_2","2025",833.248,,,"R1:3513"
"GHA","BA:1163","EMP_TEMP_SEX_GAI_NB","SEX_F","GAI_GRADIENT_1","2025",1047.285,,,"R1:3513"
"GHA","BA:1163","EMP_TEMP_SEX_GAI_NB","SEX_F","GAI_GRADIENT_5","2025",697.315,,,"R1:3513"
"GHA","BA:1163","EMP_TEMP_SEX_GAI_NB","SEX_F","GAI_GRADIENT_X","2025",5021.88,,,"R1:3513"
"GHA","BB:3078","EMP_TEMP_SEX_GAI_NB","SEX_T","GAI_GRADIENT_TOTAL","2017",12106.306,"B","I11:264","R1:3513"
"GHA","BB:3078","EMP_TEMP_SEX_GAI_NB","SEX_T","GAI_GRADIENT_4","2017",39.658,"B","I11:264","R1:3513"
"GHA","BB:3078","EMP_TEMP_SEX_GAI_NB","SEX_T","GAI_GRADIENT_3","2017",171.602,"B","I11:264","R1:3513"
"GHA","BB:3078","EMP_TEMP_SEX_GAI_NB","SEX_T","GAI_GRADIENT_2","2017",411.406,"B","I11:264","R1:3513"
"GHA","BB:3078","EMP_TEMP_SEX_GAI_NB","SEX_T","GAI_GRADIENT_1","2017",1844.385,"B","I11:264","R1:3513"
"GHA","BB:3078","EMP_TEMP_SEX_GAI_NB","SEX_T","GAI_GRADIENT_5","2017",567.748,"B","I11:264","R1:3513"
"GHA","BB:3078","EMP_TEMP_SEX_GAI_NB","SEX_T","GAI_GRADIENT_X","2017",9071.507,"B","I11:264","R1:3513"
"GHA","BB:3078","EMP_TEMP_SEX_GAI_NB","SEX_M","GAI_GRADIENT_TOTAL","2017",5835.914,"B","I11:264","R1:3513"
"GHA","BB:3078","EMP_TEMP_SEX_GAI_NB","SEX_M","GAI_GRADIENT_4","2017",26.856,"B","I11:264","R1:3513"
"GHA","BB:3078","EMP_TEMP_SEX_GAI_NB","SEX_M","GAI_GRADIENT_3","2017",99.501,"B","I11:264","R1:3513"
"GHA","BB:3078","EMP_TEMP_SEX_GAI_NB","SEX_M","GAI_GRADIENT_2","2017",181.611,"B","I11:264","R1:3513"
"GHA","BB:3078","EMP_TEMP_SEX_GAI_NB","SEX_M","GAI_GRADIENT_1","2017",594.446,"B","I11:264","R1:3513"
"GHA","BB:3078","EMP_TEMP_SEX_GAI_NB","SEX_M","GAI_GRADIENT_5","2017",341.711,"B","I11:264","R1:3513"
"GHA","BB:3078","EMP_TEMP_SEX_GAI_NB","SEX_M","GAI_GRADIENT_X","2017",4591.788,"B","I11:264","R1:3513"
"GHA","BB:3078","EMP_TEMP_SEX_GAI_NB","SEX_F","GAI_GRADIENT_TOTAL","2017",6270.392,"B","I11:264","R1:3513"
"GHA","BB:3078","EMP_TEMP_SEX_GAI_NB","SEX_F","GAI_GRADIENT_4","2017",12.801,"B","I11:264","R1:3513"
"GHA","BB:3078","EMP_TEMP_SEX_GAI_NB","SEX_F","GAI_GRADIENT_3","2017",72.101,"B","I11:264","R1:3513"
"GHA","BB:3078","EMP_TEMP_SEX_GAI_NB","SEX_F","GAI_GRADIENT_2","2017",229.796,"B","I11:264","R1:3513"
"GHA","BB:3078","EMP_TEMP_SEX_GAI_NB","SEX_F","GAI_GRADIENT_1","2017",1249.938,"B","I11:264","R1:3513"
"GHA","BB:3078","EMP_TEMP_SEX_GAI_NB","SEX_F","GAI_GRADIENT_5","2017",226.037,"B","I11:264","R1:3513"
"GHA","BB:3078","EMP_TEMP_SEX_GAI_NB","SEX_F","GAI_GRADIENT_X","2017",4479.719,"B","I11:264","R1:3513"
"GMB","BA:7014","EMP_TEMP_SEX_GAI_NB","SEX_T","GAI_GRADIENT_TOTAL","2025",683.567,,,"R1:3513"
"GMB","BA:7014","EMP_TEMP_SEX_GAI_NB","SEX_T","GAI_GRADIENT_4","2025",4.086,,,"R1:3513"
"GMB","BA:7014","EMP_TEMP_SEX_GAI_NB","SEX_T","GAI_GRADIENT_3","2025",11.276,,,"R1:3513"
"GMB","BA:7014","EMP_TEMP_SEX_GAI_NB","SEX_T","GAI_GRADIENT_2","2025",53.102,,,"R1:3513"
"GMB","BA:7014","EMP_TEMP_SEX_GAI_NB","SEX_T","GAI_GRADIENT_1","2025",90.549,,,"R1:3513"
"GMB","BA:7014","EMP_TEMP_SEX_GAI_NB","SEX_T","GAI_GRADIENT_5","2025",82.553,,,"R1:3513"
"GMB","BA:7014","EMP_TEMP_SEX_GAI_NB","SEX_T","GAI_GRADIENT_X","2025",442.001,,,"R1:3513"
"GMB","BA:7014","EMP_TEMP_SEX_GAI_NB","SEX_M","GAI_GRADIENT_TOTAL","2025",354.323,,,"R1:3513"
"GMB","BA:7014","EMP_TEMP_SEX_GAI_NB","SEX_M","GAI_GRADIENT_4","2025",1.19,,,"R1:3513"
"GMB","BA:7014","EMP_TEMP_SEX_GAI_NB","SEX_M","GAI_GRADIENT_3","2025",5.814,,,"R1:3513"
"GMB","BA:7014","EMP_TEMP_SEX_GAI_NB","SEX_M","GAI_GRADIENT_2","2025",30.073,,,"R1:3513"
"GMB","BA:7014","EMP_TEMP_SEX_GAI_NB","SEX_M","GAI_GRADIENT_1","2025",46.625,,,"R1:3513"
"GMB","BA:7014","EMP_TEMP_SEX_GAI_NB","SEX_M","GAI_GRADIENT_5","2025",31.733,,,"R1:3513"
"GMB","BA:7014","EMP_TEMP_SEX_GAI_NB","SEX_M","GAI_GRADIENT_X","2025",238.887,,,"R1:3513"
"GMB","BA:7014","EMP_TEMP_SEX_GAI_NB","SEX_F","GAI_GRADIENT_TOTAL","2025",329.244,,,"R1:3513"
"GMB","BA:7014","EMP_TEMP_SEX_GAI_NB","SEX_F","GAI_GRADIENT_4","2025",2.897,,,"R1:3513"
"GMB","BA:7014","EMP_TEMP_SEX_GAI_NB","SEX_F","GAI_GRADIENT_3","2025",5.462,,,"R1:3513"
"GMB","BA:7014","EMP_TEMP_SEX_GAI_NB","SEX_F","GAI_GRADIENT_2","2025",23.028,,,"R1:3513"
"GMB","BA:7014","EMP_TEMP_SEX_GAI_NB","SEX_F","GAI_GRADIENT_1","2025",43.924,,,"R1:3513"
"GMB","BA:7014","EMP_TEMP_SEX_GAI_NB","SEX_F","GAI_GRADIENT_5","2025",50.82,,,"R1:3513"
"GMB","BA:7014","EMP_TEMP_SEX_GAI_NB","SEX_F","GAI_GRADIENT_X","2025",203.114,,,"R1:3513"
"GMB","BA:7014","EMP_TEMP_SEX_GAI_NB","SEX_T","GAI_GRADIENT_TOTAL","2023",623.194,,,"R1:3513"
"GMB","BA:7014","EMP_TEMP_SEX_GAI_NB","SEX_T","GAI_GRADIENT_4","2023",2.548,,,"R1:3513"
"GMB","BA:7014","EMP_TEMP_SEX_GAI_NB","SEX_T","GAI_GRADIENT_3","2023",10.931,,,"R1:3513"
"GMB","BA:7014","EMP_TEMP_SEX_GAI_NB","SEX_T","GAI_GRADIENT_2","2023",43.645,,,"R1:3513"
"GMB","BA:7014","EMP_TEMP_SEX_GAI_NB","SEX_T","GAI_GRADIENT_1","2023",65.385,,,"R1:3513"
"GMB","BA:7014","EMP_TEMP_SEX_GAI_NB","SEX_T","GAI_GRADIENT_5","2023",81.218,,,"R1:3513"
"GMB","BA:7014","EMP_TEMP_SEX_GAI_NB","SEX_T","GAI_GRADIENT_X","2023",419.467,,,"R1:3513"
"GMB","BA:7014","EMP_TEMP_SEX_GAI_NB","SEX_M","GAI_GRADIENT_TOTAL","2023",301.257,,,"R1:3513"
"GMB","BA:7014","EMP_TEMP_SEX_GAI_NB","SEX_M","GAI_GRADIENT_4","2023",1.302,,,"R1:3513"
"GMB","BA:7014","EMP_TEMP_SEX_GAI_NB","SEX_M","GAI_GRADIENT_3","2023",6.012,,,"R1:3513"
"GMB","BA:7014","EMP_TEMP_SEX_GAI_NB","SEX_M","GAI_GRADIENT_2","2023",22.779,,,"R1:3513"
"GMB","BA:7014","EMP_TEMP_SEX_GAI_NB","SEX_M","GAI_GRADIENT_1","2023",34.163,,,"R1:3513"
"GMB","BA:7014","EMP_TEMP_SEX_GAI_NB","SEX_M","GAI_GRADIENT_5","2023",26.314,,,"R1:3513"
"GMB","BA:7014","EMP_TEMP_SEX_GAI_NB","SEX_M","GAI_GRADIENT_X","2023",210.688,,,"R1:3513"
"GMB","BA:7014","EMP_TEMP_SEX_GAI_NB","SEX_F","GAI_GRADIENT_TOTAL","2023",321.937,,,"R1:3513"
"GMB","BA:7014","EMP_TEMP_SEX_GAI_NB","SEX_F","GAI_GRADIENT_4","2023",1.246,,,"R1:3513"
"GMB","BA:7014","EMP_TEMP_SEX_GAI_NB","SEX_F","GAI_GRADIENT_3","2023",4.918,,,"R1:3513"
"GMB","BA:7014","EMP_TEMP_SEX_GAI_NB","SEX_F","GAI_GRADIENT_2","2023",20.866,,,"R1:3513"
"GMB","BA:7014","EMP_TEMP_SEX_GAI_NB","SEX_F","GAI_GRADIENT_1","2023",31.222,,,"R1:3513"
"GMB","BA:7014","EMP_TEMP_SEX_GAI_NB","SEX_F","GAI_GRADIENT_5","2023",54.904,,,"R1:3513"
"GMB","BA:7014","EMP_TEMP_SEX_GAI_NB","SEX_F","GAI_GRADIENT_X","2023",208.78,,,"R1:3513"
"GNB","BB:15952","EMP_TEMP_SEX_GAI_NB","SEX_T","GAI_GRADIENT_TOTAL","2022",711.522,,,"R1:3513"
"GNB","BB:15952","EMP_TEMP_SEX_GAI_NB","SEX_T","GAI_GRADIENT_4","2022",5.809,,,"R1:3513"
"GNB","BB:15952","EMP_TEMP_SEX_GAI_NB","SEX_T","GAI_GRADIENT_3","2022",4.873,,,"R1:3513"
"GNB","BB:15952","EMP_TEMP_SEX_GAI_NB","SEX_T","GAI_GRADIENT_2","2022",34.343,,,"R1:3513"
"GNB","BB:15952","EMP_TEMP_SEX_GAI_NB","SEX_T","GAI_GRADIENT_1","2022",48.13,,,"R1:3513"
"GNB","BB:15952","EMP_TEMP_SEX_GAI_NB","SEX_T","GAI_GRADIENT_5","2022",33.316,,,"R1:3513"
"GNB","BB:15952","EMP_TEMP_SEX_GAI_NB","SEX_T","GAI_GRADIENT_X","2022",585.05,,,"R1:3513"
"GNB","BB:15952","EMP_TEMP_SEX_GAI_NB","SEX_M","GAI_GRADIENT_TOTAL","2022",357.873,,,"R1:3513"
"GNB","BB:15952","EMP_TEMP_SEX_GAI_NB","SEX_M","GAI_GRADIENT_4","2022",4.418,,,"R1:3513"
"GNB","BB:15952","EMP_TEMP_SEX_GAI_NB","SEX_M","GAI_GRADIENT_3","2022",2.886,,,"R1:3513"
"GNB","BB:15952","EMP_TEMP_SEX_GAI_NB","SEX_M","GAI_GRADIENT_2","2022",15.107,,,"R1:3513"
"GNB","BB:15952","EMP_TEMP_SEX_GAI_NB","SEX_M","GAI_GRADIENT_1","2022",20.016,,,"R1:3513"
"GNB","BB:15952","EMP_TEMP_SEX_GAI_NB","SEX_M","GAI_GRADIENT_5","2022",20.168,,,"R1:3513"
"GNB","BB:15952","EMP_TEMP_SEX_GAI_NB","SEX_M","GAI_GRADIENT_X","2022",295.277,,,"R1:3513"
"GNB","BB:15952","EMP_TEMP_SEX_GAI_NB","SEX_F","GAI_GRADIENT_TOTAL","2022",353.65,,,"R1:3513"
"GNB","BB:15952","EMP_TEMP_SEX_GAI_NB","SEX_F","GAI_GRADIENT_4","2022",1.391,,,"R1:3513"
"GNB","BB:15952","EMP_TEMP_SEX_GAI_NB","SEX_F","GAI_GRADIENT_3","2022",1.987,,,"R1:3513"
"GNB","BB:15952","EMP_TEMP_SEX_GAI_NB","SEX_F","GAI_GRADIENT_2","2022",19.236,,,"R1:3513"
"GNB","BB:15952","EMP_TEMP_SEX_GAI_NB","SEX_F","GAI_GRADIENT_1","2022",28.114,,,"R1:3513"
"GNB","BB:15952","EMP_TEMP_SEX_GAI_NB","SEX_F","GAI_GRADIENT_5","2022",13.148,,,"R1:3513"
"GNB","BB:15952","EMP_TEMP_SEX_GAI_NB","SEX_F","GAI_GRADIENT_X","2022",289.773,,,"R1:3513"
"GNB","BA:15635","EMP_TEMP_SEX_GAI_NB","SEX_T","GAI_GRADIENT_TOTAL","2018",527.479,,,"R1:3513"
"GNB","BA:15635","EMP_TEMP_SEX_GAI_NB","SEX_T","GAI_GRADIENT_4","2018",2.515,,,"R1:3513"
"GNB","BA:15635","EMP_TEMP_SEX_GAI_NB","SEX_T","GAI_GRADIENT_3","2018",3.122,,,"R1:3513"
"GNB","BA:15635","EMP_TEMP_SEX_GAI_NB","SEX_T","GAI_GRADIENT_2","2018",47.213,,,"R1:3513"
"GNB","BA:15635","EMP_TEMP_SEX_GAI_NB","SEX_T","GAI_GRADIENT_1","2018",27.758,,,"R1:3513"
"GNB","BA:15635","EMP_TEMP_SEX_GAI_NB","SEX_T","GAI_GRADIENT_5","2018",6.748,,,"R1:3513"
"GNB","BA:15635","EMP_TEMP_SEX_GAI_NB","SEX_T","GAI_GRADIENT_X","2018",440.122,,,"R1:3513"
"GNB","BA:15635","EMP_TEMP_SEX_GAI_NB","SEX_M","GAI_GRADIENT_TOTAL","2018",273.594,,,"R1:3513"
"GNB","BA:15635","EMP_TEMP_SEX_GAI_NB","SEX_M","GAI_GRADIENT_4","2018",2.021,,,"R1:3513"
"GNB","BA:15635","EMP_TEMP_SEX_GAI_NB","SEX_M","GAI_GRADIENT_3","2018",1.314,,,"R1:3513"
"GNB","BA:15635","EMP_TEMP_SEX_GAI_NB","SEX_M","GAI_GRADIENT_2","2018",17.672,,,"R1:3513"
"GNB","BA:15635","EMP_TEMP_SEX_GAI_NB","SEX_M","GAI_GRADIENT_1","2018",6.014,,,"R1:3513"
"GNB","BA:15635","EMP_TEMP_SEX_GAI_NB","SEX_M","GAI_GRADIENT_5","2018",5.632,,,"R1:3513"
"GNB","BA:15635","EMP_TEMP_SEX_GAI_NB","SEX_M","GAI_GRADIENT_X","2018",240.941,,,"R1:3513"
"GNB","BA:15635","EMP_TEMP_SEX_GAI_NB","SEX_F","GAI_GRADIENT_TOTAL","2018",253.884,,,"R1:3513"
"GNB","BA:15635","EMP_TEMP_SEX_GAI_NB","SEX_F","GAI_GRADIENT_4","2018",0.494,"U",,"R1:3513"
"GNB","BA:15635","EMP_TEMP_SEX_GAI_NB","SEX_F","GAI_GRADIENT_3","2018",1.808,,,"R1:3513"
"GNB","BA:15635","EMP_TEMP_SEX_GAI_NB","SEX_F","GAI_GRADIENT_2","2018",29.541,,,"R1:3513"
"GNB","BA:15635","EMP_TEMP_SEX_GAI_NB","SEX_F","GAI_GRADIENT_1","2018",21.744,,,"R1:3513"
"GNB","BA:15635","EMP_TEMP_SEX_GAI_NB","SEX_F","GAI_GRADIENT_5","2018",1.117,,,"R1:3513"
"GNB","BA:15635","EMP_TEMP_SEX_GAI_NB","SEX_F","GAI_GRADIENT_X","2018",199.181,,,"R1:3513"
"GRD","BA:1193","EMP_TEMP_SEX_GAI_NB","SEX_T","GAI_GRADIENT_TOTAL","2023",52.315,,,"R1:3513"
"GRD","BA:1193","EMP_TEMP_SEX_GAI_NB","SEX_T","GAI_GRADIENT_4","2023",0.778,,,"R1:3513"
"GRD","BA:1193","EMP_TEMP_SEX_GAI_NB","SEX_T","GAI_GRADIENT_3","2023",1.871,,,"R1:3513"
"GRD","BA:1193","EMP_TEMP_SEX_GAI_NB","SEX_T","GAI_GRADIENT_2","2023",2.114,,,"R1:3513"
"GRD","BA:1193","EMP_TEMP_SEX_GAI_NB","SEX_T","GAI_GRADIENT_1","2023",2.279,,,"R1:3513"
"GRD","BA:1193","EMP_TEMP_SEX_GAI_NB","SEX_T","GAI_GRADIENT_5","2023",4.339,,,"R1:3513"
"GRD","BA:1193","EMP_TEMP_SEX_GAI_NB","SEX_T","GAI_GRADIENT_X","2023",40.934,,,"R1:3513"
"GRD","BA:1193","EMP_TEMP_SEX_GAI_NB","SEX_M","GAI_GRADIENT_TOTAL","2023",29.248,,,"R1:3513"
"GRD","BA:1193","EMP_TEMP_SEX_GAI_NB","SEX_M","GAI_GRADIENT_4","2023",0.196,"U",,"R1:3513"
"GRD","BA:1193","EMP_TEMP_SEX_GAI_NB","SEX_M","GAI_GRADIENT_3","2023",0.286,,,"R1:3513"
"GRD","BA:1193","EMP_TEMP_SEX_GAI_NB","SEX_M","GAI_GRADIENT_2","2023",0.898,,,"R1:3513"
"GRD","BA:1193","EMP_TEMP_SEX_GAI_NB","SEX_M","GAI_GRADIENT_1","2023",0.97,,,"R1:3513"
"GRD","BA:1193","EMP_TEMP_SEX_GAI_NB","SEX_M","GAI_GRADIENT_5","2023",2.179,,,"R1:3513"
"GRD","BA:1193","EMP_TEMP_SEX_GAI_NB","SEX_M","GAI_GRADIENT_X","2023",24.719,,,"R1:3513"
"GRD","BA:1193","EMP_TEMP_SEX_GAI_NB","SEX_F","GAI_GRADIENT_TOTAL","2023",23.066,,,"R1:3513"
"GRD","BA:1193","EMP_TEMP_SEX_GAI_NB","SEX_F","GAI_GRADIENT_4","2023",0.582,,,"R1:3513"
"GRD","BA:1193","EMP_TEMP_SEX_GAI_NB","SEX_F","GAI_GRADIENT_3","2023",1.585,,,"R1:3513"
"GRD","BA:1193","EMP_TEMP_SEX_GAI_NB","SEX_F","GAI_GRADIENT_2","2023",1.216,,,"R1:3513"
"GRD","BA:1193","EMP_TEMP_SEX_GAI_NB","SEX_F","GAI_GRADIENT_1","2023",1.309,,,"R1:3513"
"GRD","BA:1193","EMP_TEMP_SEX_GAI_NB","SEX_F","GAI_GRADIENT_5","2023",2.16,,,"R1:3513"
"GRD","BA:1193","EMP_TEMP_SEX_GAI_NB","SEX_F","GAI_GRADIENT_X","2023",16.215,,,"R1:3513"
"GRD","BA:1193","EMP_TEMP_SEX_GAI_NB","SEX_T","GAI_GRADIENT_TOTAL","2021",48.568,,,"R1:3513"
"GRD","BA:1193","EMP_TEMP_SEX_GAI_NB","SEX_T","GAI_GRADIENT_4","2021",1.652,,,"R1:3513"
"GRD","BA:1193","EMP_TEMP_SEX_GAI_NB","SEX_T","GAI_GRADIENT_3","2021",2.964,,,"R1:3513"
"GRD","BA:1193","EMP_TEMP_SEX_GAI_NB","SEX_T","GAI_GRADIENT_2","2021",4.473,,,"R1:3513"
"GRD","BA:1193","EMP_TEMP_SEX_GAI_NB","SEX_T","GAI_GRADIENT_1","2021",2.578,,,"R1:3513"
"GRD","BA:1193","EMP_TEMP_SEX_GAI_NB","SEX_T","GAI_GRADIENT_5","2021",5.969,,,"R1:3513"
"GRD","BA:1193","EMP_TEMP_SEX_GAI_NB","SEX_T","GAI_GRADIENT_X","2021",30.932,,,"R1:3513"
"GRD","BA:1193","EMP_TEMP_SEX_GAI_NB","SEX_M","GAI_GRADIENT_TOTAL","2021",27.034,,,"R1:3513"
"GRD","BA:1193","EMP_TEMP_SEX_GAI_NB","SEX_M","GAI_GRADIENT_4","2021",0.448,,,"R1:3513"
"GRD","BA:1193","EMP_TEMP_SEX_GAI_NB","SEX_M","GAI_GRADIENT_3","2021",0.44,,,"R1:3513"
"GRD","BA:1193","EMP_TEMP_SEX_GAI_NB","SEX_M","GAI_GRADIENT_2","2021",2.148,,,"R1:3513"
"GRD","BA:1193","EMP_TEMP_SEX_GAI_NB","SEX_M","GAI_GRADIENT_1","2021",1.124,,,"R1:3513"
"GRD","BA:1193","EMP_TEMP_SEX_GAI_NB","SEX_M","GAI_GRADIENT_5","2021",2.983,,,"R1:3513"
"GRD","BA:1193","EMP_TEMP_SEX_GAI_NB","SEX_M","GAI_GRADIENT_X","2021",19.891,,,"R1:3513"
"GRD","BA:1193","EMP_TEMP_SEX_GAI_NB","SEX_F","GAI_GRADIENT_TOTAL","2021",21.534,,,"R1:3513"
"GRD","BA:1193","EMP_TEMP_SEX_GAI_NB","SEX_F","GAI_GRADIENT_4","2021",1.204,,,"R1:3513"
"GRD","BA:1193","EMP_TEMP_SEX_GAI_NB","SEX_F","GAI_GRADIENT_3","2021",2.524,,,"R1:3513"
"GRD","BA:1193","EMP_TEMP_SEX_GAI_NB","SEX_F","GAI_GRADIENT_2","2021",2.325,,,"R1:3513"
"GRD","BA:1193","EMP_TEMP_SEX_GAI_NB","SEX_F","GAI_GRADIENT_1","2021",1.454,,,"R1:3513"
"GRD","BA:1193","EMP_TEMP_SEX_GAI_NB","SEX_F","GAI_GRADIENT_5","2021",2.986,,,"R1:3513"
"GRD","BA:1193","EMP_TEMP_SEX_GAI_NB","SEX_F","GAI_GRADIENT_X","2021",11.04,,,"R1:3513"
"GRD","BA:1193","EMP_TEMP_SEX_GAI_NB","SEX_T","GAI_GRADIENT_TOTAL","2020",41.56,,,"R1:3513"
"GRD","BA:1193","EMP_TEMP_SEX_GAI_NB","SEX_T","GAI_GRADIENT_4","2020",1.065,,,"R1:3513"
"GRD","BA:1193","EMP_TEMP_SEX_GAI_NB","SEX_T","GAI_GRADIENT_3","2020",2.246,,,"R1:3513"
"GRD","BA:1193","EMP_TEMP_SEX_GAI_NB","SEX_T","GAI_GRADIENT_2","2020",4.007,,,"R1:3513"
"GRD","BA:1193","EMP_TEMP_SEX_GAI_NB","SEX_T","GAI_GRADIENT_1","2020",2.125,,,"R1:3513"
"GRD","BA:1193","EMP_TEMP_SEX_GAI_NB","SEX_T","GAI_GRADIENT_5","2020",5.207,,,"R1:3513"
"GRD","BA:1193","EMP_TEMP_SEX_GAI_NB","SEX_T","GAI_GRADIENT_X","2020",26.909,,,"R1:3513"
"GRD","BA:1193","EMP_TEMP_SEX_GAI_NB","SEX_M","GAI_GRADIENT_TOTAL","2020",23.405,,,"R1:3513"
"GRD","BA:1193","EMP_TEMP_SEX_GAI_NB","SEX_M","GAI_GRADIENT_4","2020",0.362,,,"R1:3513"
"GRD","BA:1193","EMP_TEMP_SEX_GAI_NB","SEX_M","GAI_GRADIENT_3","2020",0.31,,,"R1:3513"
"GRD","BA:1193","EMP_TEMP_SEX_GAI_NB","SEX_M","GAI_GRADIENT_2","2020",1.978,,,"R1:3513"
"GRD","BA:1193","EMP_TEMP_SEX_GAI_NB","SEX_M","GAI_GRADIENT_1","2020",0.972,,,"R1:3513"
"GRD","BA:1193","EMP_TEMP_SEX_GAI_NB","SEX_M","GAI_GRADIENT_5","2020",3.123,,,"R1:3513"
"GRD","BA:1193","EMP_TEMP_SEX_GAI_NB","SEX_M","GAI_GRADIENT_X","2020",16.66,,,"R1:3513"
"GRD","BA:1193","EMP_TEMP_SEX_GAI_NB","SEX_F","GAI_GRADIENT_TOTAL","2020",18.154,,,"R1:3513"
"GRD","BA:1193","EMP_TEMP_SEX_GAI_NB","SEX_F","GAI_GRADIENT_4","2020",0.702,,,"R1:3513"
"GRD","BA:1193","EMP_TEMP_SEX_GAI_NB","SEX_F","GAI_GRADIENT_3","2020",1.937,,,"R1:3513"
"GRD","BA:1193","EMP_TEMP_SEX_GAI_NB","SEX_F","GAI_GRADIENT_2","2020",2.029,,,"R1:3513"
"GRD","BA:1193","EMP_TEMP_SEX_GAI_NB","SEX_F","GAI_GRADIENT_1","2020",1.153,,,"R1:3513"
"GRD","BA:1193","EMP_TEMP_SEX_GAI_NB","SEX_F","GAI_GRADIENT_5","2020",2.084,,,"R1:3513"
"GRD","BA:1193","EMP_TEMP_SEX_GAI_NB","SEX_F","GAI_GRADIENT_X","2020",10.249,,,"R1:3513"
"GRD","BA:1193","EMP_TEMP_SEX_GAI_NB","SEX_T","GAI_GRADIENT_TOTAL","2019",49.365,,,"R1:3513"
"GRD","BA:1193","EMP_TEMP_SEX_GAI_NB","SEX_T","GAI_GRADIENT_4","2019",1.152,,,"R1:3513"
"GRD","BA:1193","EMP_TEMP_SEX_GAI_NB","SEX_T","GAI_GRADIENT_3","2019",2.125,,,"R1:3513"
"GRD","BA:1193","EMP_TEMP_SEX_GAI_NB","SEX_T","GAI_GRADIENT_2","2019",2.468,,,"R1:3513"
"GRD","BA:1193","EMP_TEMP_SEX_GAI_NB","SEX_T","GAI_GRADIENT_1","2019",2.082,,,"R1:3513"
"GRD","BA:1193","EMP_TEMP_SEX_GAI_NB","SEX_T","GAI_GRADIENT_5","2019",4.021,,,"R1:3513"
"GRD","BA:1193","EMP_TEMP_SEX_GAI_NB","SEX_T","GAI_GRADIENT_X","2019",37.516,,,"R1:3513"
"GRD","BA:1193","EMP_TEMP_SEX_GAI_NB","SEX_M","GAI_GRADIENT_TOTAL","2019",26.733,,,"R1:3513"
"GRD","BA:1193","EMP_TEMP_SEX_GAI_NB","SEX_M","GAI_GRADIENT_4","2019",0.294,,,"R1:3513"
"GRD","BA:1193","EMP_TEMP_SEX_GAI_NB","SEX_M","GAI_GRADIENT_3","2019",0.457,,,"R1:3513"
"GRD","BA:1193","EMP_TEMP_SEX_GAI_NB","SEX_M","GAI_GRADIENT_2","2019",0.981,,,"R1:3513"
"GRD","BA:1193","EMP_TEMP_SEX_GAI_NB","SEX_M","GAI_GRADIENT_1","2019",0.781,,,"R1:3513"
"GRD","BA:1193","EMP_TEMP_SEX_GAI_NB","SEX_M","GAI_GRADIENT_5","2019",2.117,,,"R1:3513"
"GRD","BA:1193","EMP_TEMP_SEX_GAI_NB","SEX_M","GAI_GRADIENT_X","2019",22.104,,,"R1:3513"
"GRD","BA:1193","EMP_TEMP_SEX_GAI_NB","SEX_F","GAI_GRADIENT_TOTAL","2019",22.632,,,"R1:3513"
"GRD","BA:1193","EMP_TEMP_SEX_GAI_NB","SEX_F","GAI_GRADIENT_4","2019",0.858,,,"R1:3513"
"GRD","BA:1193","EMP_TEMP_SEX_GAI_NB","SEX_F","GAI_GRADIENT_3","2019",1.668,,,"R1:3513"
"GRD","BA:1193","EMP_TEMP_SEX_GAI_NB","SEX_F","GAI_GRADIENT_2","2019",1.488,,,"R1:3513"
"GRD","BA:1193","EMP_TEMP_SEX_GAI_NB","SEX_F","GAI_GRADIENT_1","2019",1.301,,,"R1:3513"
"GRD","BA:1193","EMP_TEMP_SEX_GAI_NB","SEX_F","GAI_GRADIENT_5","2019",1.904,,,"R1:3513"
"GRD","BA:1193","EMP_TEMP_SEX_GAI_NB","SEX_F","GAI_GRADIENT_X","2019",15.413,,,"R1:3513"
"GRD","BA:1193","EMP_TEMP_SEX_GAI_NB","SEX_T","GAI_GRADIENT_TOTAL","2018",45.715,,,"R1:3513"
"GRD","BA:1193","EMP_TEMP_SEX_GAI_NB","SEX_T","GAI_GRADIENT_4","2018",0.923,,,"R1:3513"
"GRD","BA:1193","EMP_TEMP_SEX_GAI_NB","SEX_T","GAI_GRADIENT_3","2018",2.171,,,"R1:3513"
"GRD","BA:1193","EMP_TEMP_SEX_GAI_NB","SEX_T","GAI_GRADIENT_2","2018",2.258,,,"R1:3513"
"GRD","BA:1193","EMP_TEMP_SEX_GAI_NB","SEX_T","GAI_GRADIENT_1","2018",1.608,,,"R1:3513"
"GRD","BA:1193","EMP_TEMP_SEX_GAI_NB","SEX_T","GAI_GRADIENT_5","2018",4.484,,,"R1:3513"
"GRD","BA:1193","EMP_TEMP_SEX_GAI_NB","SEX_T","GAI_GRADIENT_X","2018",34.272,,,"R1:3513"
"GRD","BA:1193","EMP_TEMP_SEX_GAI_NB","SEX_M","GAI_GRADIENT_TOTAL","2018",25.009,,,"R1:3513"
"GRD","BA:1193","EMP_TEMP_SEX_GAI_NB","SEX_M","GAI_GRADIENT_4","2018",,"U",,"R1:3513"
"GRD","BA:1193","EMP_TEMP_SEX_GAI_NB","SEX_M","GAI_GRADIENT_3","2018",0.588,"U",,"R1:3513"
"GRD","BA:1193","EMP_TEMP_SEX_GAI_NB","SEX_M","GAI_GRADIENT_2","2018",0.772,,,"R1:3513"
"GRD","BA:1193","EMP_TEMP_SEX_GAI_NB","SEX_M","GAI_GRADIENT_1","2018",0.733,,,"R1:3513"
"GRD","BA:1193","EMP_TEMP_SEX_GAI_NB","SEX_M","GAI_GRADIENT_5","2018",2.339,,,"R1:3513"
"GRD","BA:1193","EMP_TEMP_SEX_GAI_NB","SEX_M","GAI_GRADIENT_X","2018",20.418,,,"R1:3513"
"GRD","BA:1193","EMP_TEMP_SEX_GAI_NB","SEX_F","GAI_GRADIENT_TOTAL","2018",20.706,,,"R1:3513"
"GRD","BA:1193","EMP_TEMP_SEX_GAI_NB","SEX_F","GAI_GRADIENT_4","2018",0.763,,,"R1:3513"
"GRD","BA:1193","EMP_TEMP_SEX_GAI_NB","SEX_F","GAI_GRADIENT_3","2018",1.583,,,"R1:3513"
"GRD","BA:1193","EMP_TEMP_SEX_GAI_NB","SEX_F","GAI_GRADIENT_2","2018",1.486,,,"R1:3513"
"GRD","BA:1193","EMP_TEMP_SEX_GAI_NB","SEX_F","GAI_GRADIENT_1","2018",0.875,,,"R1:3513"
"GRD","BA:1193","EMP_TEMP_SEX_GAI_NB","SEX_F","GAI_GRADIENT_5","2018",2.145,,,"R1:3513"
"GRD","BA:1193","EMP_TEMP_SEX_GAI_NB","SEX_F","GAI_GRADIENT_X","2018",13.854,,,"R1:3513"
"GUY","BA:1214","EMP_TEMP_SEX_GAI_NB","SEX_T","GAI_GRADIENT_TOTAL","2024",372.478,,,"R1:3513"
"GUY","BA:1214","EMP_TEMP_SEX_GAI_NB","SEX_T","GAI_GRADIENT_4","2024",15.416,,,"R1:3513"
"GUY","BA:1214","EMP_TEMP_SEX_GAI_NB","SEX_T","GAI_GRADIENT_3","2024",11.16,,,"R1:3513"
"GUY","BA:1214","EMP_TEMP_SEX_GAI_NB","SEX_T","GAI_GRADIENT_2","2024",23.932,,,"R1:3513"
"GUY","BA:1214","EMP_TEMP_SEX_GAI_NB","SEX_T","GAI_GRADIENT_1","2024",39.635,,,"R1:3513"
"GUY","BA:1214","EMP_TEMP_SEX_GAI_NB","SEX_T","GAI_GRADIENT_5","2024",37.498,,,"R1:3513"
"GUY","BA:1214","EMP_TEMP_SEX_GAI_NB","SEX_T","GAI_GRADIENT_X","2024",244.837,,,"R1:3513"
"GUY","BA:1214","EMP_TEMP_SEX_GAI_NB","SEX_M","GAI_GRADIENT_TOTAL","2024",227.951,,,"R1:3513"
"GUY","BA:1214","EMP_TEMP_SEX_GAI_NB","SEX_M","GAI_GRADIENT_4","2024",4.364,,,"R1:3513"
"GUY","BA:1214","EMP_TEMP_SEX_GAI_NB","SEX_M","GAI_GRADIENT_3","2024",3.033,,,"R1:3513"
"GUY","BA:1214","EMP_TEMP_SEX_GAI_NB","SEX_M","GAI_GRADIENT_2","2024",10.863,,,"R1:3513"
"GUY","BA:1214","EMP_TEMP_SEX_GAI_NB","SEX_M","GAI_GRADIENT_1","2024",24.248,,,"R1:3513"
"GUY","BA:1214","EMP_TEMP_SEX_GAI_NB","SEX_M","GAI_GRADIENT_5","2024",22.721,,,"R1:3513"
"GUY","BA:1214","EMP_TEMP_SEX_GAI_NB","SEX_M","GAI_GRADIENT_X","2024",162.722,,,"R1:3513"
"GUY","BA:1214","EMP_TEMP_SEX_GAI_NB","SEX_F","GAI_GRADIENT_TOTAL","2024",144.526,,,"R1:3513"
"GUY","BA:1214","EMP_TEMP_SEX_GAI_NB","SEX_F","GAI_GRADIENT_4","2024",11.052,,,"R1:3513"
"GUY","BA:1214","EMP_TEMP_SEX_GAI_NB","SEX_F","GAI_GRADIENT_3","2024",8.127,,,"R1:3513"
"GUY","BA:1214","EMP_TEMP_SEX_GAI_NB","SEX_F","GAI_GRADIENT_2","2024",13.068,,,"R1:3513"
"GUY","BA:1214","EMP_TEMP_SEX_GAI_NB","SEX_F","GAI_GRADIENT_1","2024",15.387,,,"R1:3513"
"GUY","BA:1214","EMP_TEMP_SEX_GAI_NB","SEX_F","GAI_GRADIENT_5","2024",14.777,,,"R1:3513"
"GUY","BA:1214","EMP_TEMP_SEX_GAI_NB","SEX_F","GAI_GRADIENT_X","2024",82.115,,,"R1:3513"
"GUY","BA:1214","EMP_TEMP_SEX_GAI_NB","SEX_T","GAI_GRADIENT_TOTAL","2021",254.126,,,"R1:3513"
"GUY","BA:1214","EMP_TEMP_SEX_GAI_NB","SEX_T","GAI_GRADIENT_4","2021",10.557,,,"R1:3513"
"GUY","BA:1214","EMP_TEMP_SEX_GAI_NB","SEX_T","GAI_GRADIENT_3","2021",7.4,,,"R1:3513"
"GUY","BA:1214","EMP_TEMP_SEX_GAI_NB","SEX_T","GAI_GRADIENT_2","2021",19.596,,,"R1:3513"
"GUY","BA:1214","EMP_TEMP_SEX_GAI_NB","SEX_T","GAI_GRADIENT_1","2021",26.705,,,"R1:3513"
"GUY","BA:1214","EMP_TEMP_SEX_GAI_NB","SEX_T","GAI_GRADIENT_5","2021",22.159,,,"R1:3513"
"GUY","BA:1214","EMP_TEMP_SEX_GAI_NB","SEX_T","GAI_GRADIENT_X","2021",167.708,,,"R1:3513"
"GUY","BA:1214","EMP_TEMP_SEX_GAI_NB","SEX_M","GAI_GRADIENT_TOTAL","2021",156.645,,,"R1:3513"
"GUY","BA:1214","EMP_TEMP_SEX_GAI_NB","SEX_M","GAI_GRADIENT_4","2021",2.963,,,"R1:3513"
"GUY","BA:1214","EMP_TEMP_SEX_GAI_NB","SEX_M","GAI_GRADIENT_3","2021",2.421,,,"R1:3513"
"GUY","BA:1214","EMP_TEMP_SEX_GAI_NB","SEX_M","GAI_GRADIENT_2","2021",8.751,,,"R1:3513"
"GUY","BA:1214","EMP_TEMP_SEX_GAI_NB","SEX_M","GAI_GRADIENT_1","2021",16.105,,,"R1:3513"
"GUY","BA:1214","EMP_TEMP_SEX_GAI_NB","SEX_M","GAI_GRADIENT_5","2021",12.873,,,"R1:3513"
"GUY","BA:1214","EMP_TEMP_SEX_GAI_NB","SEX_M","GAI_GRADIENT_X","2021",113.532,,,"R1:3513"
"GUY","BA:1214","EMP_TEMP_SEX_GAI_NB","SEX_F","GAI_GRADIENT_TOTAL","2021",97.481,,,"R1:3513"
"GUY","BA:1214","EMP_TEMP_SEX_GAI_NB","SEX_F","GAI_GRADIENT_4","2021",7.594,,,"R1:3513"
"GUY","BA:1214","EMP_TEMP_SEX_GAI_NB","SEX_F","GAI_GRADIENT_3","2021",4.979,,,"R1:3513"
"GUY","BA:1214","EMP_TEMP_SEX_GAI_NB","SEX_F","GAI_GRADIENT_2","2021",10.845,,,"R1:3513"
"GUY","BA:1214","EMP_TEMP_SEX_GAI_NB","SEX_F","GAI_GRADIENT_1","2021",10.599,,,"R1:3513"
"GUY","BA:1214","EMP_TEMP_SEX_GAI_NB","SEX_F","GAI_GRADIENT_5","2021",9.287,,,"R1:3513"
"GUY","BA:1214","EMP_TEMP_SEX_GAI_NB","SEX_F","GAI_GRADIENT_X","2021",54.176,,,"R1:3513"
"GUY","BA:1214","EMP_TEMP_SEX_GAI_NB","SEX_T","GAI_GRADIENT_TOTAL","2020",266.494,,,"R1:3513"
"GUY","BA:1214","EMP_TEMP_SEX_GAI_NB","SEX_T","GAI_GRADIENT_4","2020",9.068,,,"R1:3513"
"GUY","BA:1214","EMP_TEMP_SEX_GAI_NB","SEX_T","GAI_GRADIENT_3","2020",7.941,,,"R1:3513"
"GUY","BA:1214","EMP_TEMP_SEX_GAI_NB","SEX_T","GAI_GRADIENT_2","2020",24.472,,,"R1:3513"
"GUY","BA:1214","EMP_TEMP_SEX_GAI_NB","SEX_T","GAI_GRADIENT_1","2020",31.757,,,"R1:3513"
"GUY","BA:1214","EMP_TEMP_SEX_GAI_NB","SEX_T","GAI_GRADIENT_5","2020",22.77,,,"R1:3513"
"GUY","BA:1214","EMP_TEMP_SEX_GAI_NB","SEX_T","GAI_GRADIENT_X","2020",170.486,,,"R1:3513"
"GUY","BA:1214","EMP_TEMP_SEX_GAI_NB","SEX_M","GAI_GRADIENT_TOTAL","2020",157.815,,,"R1:3513"
"GUY","BA:1214","EMP_TEMP_SEX_GAI_NB","SEX_M","GAI_GRADIENT_4","2020",1.564,,,"R1:3513"
"GUY","BA:1214","EMP_TEMP_SEX_GAI_NB","SEX_M","GAI_GRADIENT_3","2020",2.897,,,"R1:3513"
"GUY","BA:1214","EMP_TEMP_SEX_GAI_NB","SEX_M","GAI_GRADIENT_2","2020",12.211,,,"R1:3513"
"GUY","BA:1214","EMP_TEMP_SEX_GAI_NB","SEX_M","GAI_GRADIENT_1","2020",17.64,,,"R1:3513"
"GUY","BA:1214","EMP_TEMP_SEX_GAI_NB","SEX_M","GAI_GRADIENT_5","2020",13.581,,,"R1:3513"
"GUY","BA:1214","EMP_TEMP_SEX_GAI_NB","SEX_M","GAI_GRADIENT_X","2020",109.921,,,"R1:3513"
"GUY","BA:1214","EMP_TEMP_SEX_GAI_NB","SEX_F","GAI_GRADIENT_TOTAL","2020",108.679,,,"R1:3513"
"GUY","BA:1214","EMP_TEMP_SEX_GAI_NB","SEX_F","GAI_GRADIENT_4","2020",7.503,,,"R1:3513"
"GUY","BA:1214","EMP_TEMP_SEX_GAI_NB","SEX_F","GAI_GRADIENT_3","2020",5.044,,,"R1:3513"
"GUY","BA:1214","EMP_TEMP_SEX_GAI_NB","SEX_F","GAI_GRADIENT_2","2020",12.261,,,"R1:3513"
"GUY","BA:1214","EMP_TEMP_SEX_GAI_NB","SEX_F","GAI_GRADIENT_1","2020",14.116,,,"R1:3513"
"GUY","BA:1214","EMP_TEMP_SEX_GAI_NB","SEX_F","GAI_GRADIENT_5","2020",9.189,,,"R1:3513"
"GUY","BA:1214","EMP_TEMP_SEX_GAI_NB","SEX_F","GAI_GRADIENT_X","2020",60.566,,,"R1:3513"
"GUY","BA:1214","EMP_TEMP_SEX_GAI_NB","SEX_T","GAI_GRADIENT_TOTAL","2019",245.928,,,"R1:3513"
"GUY","BA:1214","EMP_TEMP_SEX_GAI_NB","SEX_T","GAI_GRADIENT_4","2019",8.101,,,"R1:3513"
"GUY","BA:1214","EMP_TEMP_SEX_GAI_NB","SEX_T","GAI_GRADIENT_3","2019",5.978,,,"R1:3513"
"GUY","BA:1214","EMP_TEMP_SEX_GAI_NB","SEX_T","GAI_GRADIENT_2","2019",19.995,,,"R1:3513"
"GUY","BA:1214","EMP_TEMP_SEX_GAI_NB","SEX_T","GAI_GRADIENT_1","2019",26.363,,,"R1:3513"
"GUY","BA:1214","EMP_TEMP_SEX_GAI_NB","SEX_T","GAI_GRADIENT_5","2019",21.02,,,"R1:3513"
"GUY","BA:1214","EMP_TEMP_SEX_GAI_NB","SEX_T","GAI_GRADIENT_X","2019",164.471,,,"R1:3513"
"GUY","BA:1214","EMP_TEMP_SEX_GAI_NB","SEX_M","GAI_GRADIENT_TOTAL","2019",146.382,,,"R1:3513"
"GUY","BA:1214","EMP_TEMP_SEX_GAI_NB","SEX_M","GAI_GRADIENT_4","2019",2.271,,,"R1:3513"
"GUY","BA:1214","EMP_TEMP_SEX_GAI_NB","SEX_M","GAI_GRADIENT_3","2019",2.059,,,"R1:3513"
"GUY","BA:1214","EMP_TEMP_SEX_GAI_NB","SEX_M","GAI_GRADIENT_2","2019",8.474,,,"R1:3513"
"GUY","BA:1214","EMP_TEMP_SEX_GAI_NB","SEX_M","GAI_GRADIENT_1","2019",15.66,,,"R1:3513"
"GUY","BA:1214","EMP_TEMP_SEX_GAI_NB","SEX_M","GAI_GRADIENT_5","2019",12.508,,,"R1:3513"
"GUY","BA:1214","EMP_TEMP_SEX_GAI_NB","SEX_M","GAI_GRADIENT_X","2019",105.41,,,"R1:3513"
"GUY","BA:1214","EMP_TEMP_SEX_GAI_NB","SEX_F","GAI_GRADIENT_TOTAL","2019",99.546,,,"R1:3513"
"GUY","BA:1214","EMP_TEMP_SEX_GAI_NB","SEX_F","GAI_GRADIENT_4","2019",5.83,,,"R1:3513"
"GUY","BA:1214","EMP_TEMP_SEX_GAI_NB","SEX_F","GAI_GRADIENT_3","2019",3.918,,,"R1:3513"
"GUY","BA:1214","EMP_TEMP_SEX_GAI_NB","SEX_F","GAI_GRADIENT_2","2019",11.521,,,"R1:3513"
"GUY","BA:1214","EMP_TEMP_SEX_GAI_NB","SEX_F","GAI_GRADIENT_1","2019",10.703,,,"R1:3513"
"GUY","BA:1214","EMP_TEMP_SEX_GAI_NB","SEX_F","GAI_GRADIENT_5","2019",8.512,,,"R1:3513"
"GUY","BA:1214","EMP_TEMP_SEX_GAI_NB","SEX_F","GAI_GRADIENT_X","2019",59.061,,,"R1:3513"
"GUY","BA:1214","EMP_TEMP_SEX_GAI_NB","SEX_T","GAI_GRADIENT_TOTAL","2018",256.905,"B","I11:264","R1:3513"
"GUY","BA:1214","EMP_TEMP_SEX_GAI_NB","SEX_T","GAI_GRADIENT_4","2018",8.86,"B","I11:264","R1:3513"
"GUY","BA:1214","EMP_TEMP_SEX_GAI_NB","SEX_T","GAI_GRADIENT_3","2018",5.965,"B","I11:264","R1:3513"
"GUY","BA:1214","EMP_TEMP_SEX_GAI_NB","SEX_T","GAI_GRADIENT_2","2018",22.518,"B","I11:264","R1:3513"
"GUY","BA:1214","EMP_TEMP_SEX_GAI_NB","SEX_T","GAI_GRADIENT_1","2018",27.747,"B","I11:264","R1:3513"
"GUY","BA:1214","EMP_TEMP_SEX_GAI_NB","SEX_T","GAI_GRADIENT_5","2018",20.963,"B","I11:264","R1:3513"
"GUY","BA:1214","EMP_TEMP_SEX_GAI_NB","SEX_T","GAI_GRADIENT_X","2018",170.852,"B","I11:264","R1:3513"
"GUY","BA:1214","EMP_TEMP_SEX_GAI_NB","SEX_M","GAI_GRADIENT_TOTAL","2018",155.08,"B","I11:264","R1:3513"
"GUY","BA:1214","EMP_TEMP_SEX_GAI_NB","SEX_M","GAI_GRADIENT_4","2018",3.122,"B","I11:264","R1:3513"
"GUY","BA:1214","EMP_TEMP_SEX_GAI_NB","SEX_M","GAI_GRADIENT_3","2018",1.61,"B","I11:264","R1:3513"
"GUY","BA:1214","EMP_TEMP_SEX_GAI_NB","SEX_M","GAI_GRADIENT_2","2018",9.623,"B","I11:264","R1:3513"
"GUY","BA:1214","EMP_TEMP_SEX_GAI_NB","SEX_M","GAI_GRADIENT_1","2018",16.997,"B","I11:264","R1:3513"
"GUY","BA:1214","EMP_TEMP_SEX_GAI_NB","SEX_M","GAI_GRADIENT_5","2018",12.304,"B","I11:264","R1:3513"
"GUY","BA:1214","EMP_TEMP_SEX_GAI_NB","SEX_M","GAI_GRADIENT_X","2018",111.424,"B","I11:264","R1:3513"
"GUY","BA:1214","EMP_TEMP_SEX_GAI_NB","SEX_F","GAI_GRADIENT_TOTAL","2018",101.825,"B","I11:264","R1:3513"
"GUY","BA:1214","EMP_TEMP_SEX_GAI_NB","SEX_F","GAI_GRADIENT_4","2018",5.738,"B","I11:264","R1:3513"
"GUY","BA:1214","EMP_TEMP_SEX_GAI_NB","SEX_F","GAI_GRADIENT_3","2018",4.355,"B","I11:264","R1:3513"
"GUY","BA:1214","EMP_TEMP_SEX_GAI_NB","SEX_F","GAI_GRADIENT_2","2018",12.895,"B","I11:264","R1:3513"
"GUY","BA:1214","EMP_TEMP_SEX_GAI_NB","SEX_F","GAI_GRADIENT_1","2018",10.75,"B","I11:264","R1:3513"
"GUY","BA:1214","EMP_TEMP_SEX_GAI_NB","SEX_F","GAI_GRADIENT_5","2018",8.66,"B","I11:264","R1:3513"
"GUY","BA:1214","EMP_TEMP_SEX_GAI_NB","SEX_F","GAI_GRADIENT_X","2018",59.428,"B","I11:264","R1:3513"
"HND","BX:504","EMP_TEMP_SEX_GAI_NB","SEX_T","GAI_GRADIENT_TOTAL","2025",4074.839,,,"R1:3513_S3:9"
"HND","BX:504","EMP_TEMP_SEX_GAI_NB","SEX_T","GAI_GRADIENT_4","2025",80.949,,,"R1:3513_S3:9"
"HND","BX:504","EMP_TEMP_SEX_GAI_NB","SEX_T","GAI_GRADIENT_3","2025",86.493,,,"R1:3513_S3:9"
"HND","BX:504","EMP_TEMP_SEX_GAI_NB","SEX_T","GAI_GRADIENT_2","2025",400.658,,,"R1:3513_S3:9"
"HND","BX:504","EMP_TEMP_SEX_GAI_NB","SEX_T","GAI_GRADIENT_1","2025",357.603,,,"R1:3513_S3:9"
"HND","BX:504","EMP_TEMP_SEX_GAI_NB","SEX_T","GAI_GRADIENT_5","2025",357.602,,,"R1:3513_S3:9"
"HND","BX:504","EMP_TEMP_SEX_GAI_NB","SEX_T","GAI_GRADIENT_X","2025",2791.535,,,"R1:3513_S3:9"
"HND","BX:504","EMP_TEMP_SEX_GAI_NB","SEX_M","GAI_GRADIENT_TOTAL","2025",2462.313,,,"R1:3513_S3:9"
"HND","BX:504","EMP_TEMP_SEX_GAI_NB","SEX_M","GAI_GRADIENT_4","2025",23.095,,,"R1:3513_S3:9"
"HND","BX:504","EMP_TEMP_SEX_GAI_NB","SEX_M","GAI_GRADIENT_3","2025",37.795,,,"R1:3513_S3:9"
"HND","BX:504","EMP_TEMP_SEX_GAI_NB","SEX_M","GAI_GRADIENT_2","2025",127.213,,,"R1:3513_S3:9"
"HND","BX:504","EMP_TEMP_SEX_GAI_NB","SEX_M","GAI_GRADIENT_1","2025",157.953,,,"R1:3513_S3:9"
"HND","BX:504","EMP_TEMP_SEX_GAI_NB","SEX_M","GAI_GRADIENT_5","2025",234.167,,,"R1:3513_S3:9"
"HND","BX:504","EMP_TEMP_SEX_GAI_NB","SEX_M","GAI_GRADIENT_X","2025",1882.09,,,"R1:3513_S3:9"
"HND","BX:504","EMP_TEMP_SEX_GAI_NB","SEX_F","GAI_GRADIENT_TOTAL","2025",1612.526,,,"R1:3513_S3:9"
"HND","BX:504","EMP_TEMP_SEX_GAI_NB","SEX_F","GAI_GRADIENT_4","2025",57.853,,,"R1:3513_S3:9"
"HND","BX:504","EMP_TEMP_SEX_GAI_NB","SEX_F","GAI_GRADIENT_3","2025",48.697,,,"R1:3513_S3:9"
"HND","BX:504","EMP_TEMP_SEX_GAI_NB","SEX_F","GAI_GRADIENT_2","2025",273.446,,,"R1:3513_S3:9"
"HND","BX:504","EMP_TEMP_SEX_GAI_NB","SEX_F","GAI_GRADIENT_1","2025",199.649,,,"R1:3513_S3:9"
"HND","BX:504","EMP_TEMP_SEX_GAI_NB","SEX_F","GAI_GRADIENT_5","2025",123.435,,,"R1:3513_S3:9"
"HND","BX:504","EMP_TEMP_SEX_GAI_NB","SEX_F","GAI_GRADIENT_X","2025",909.445,,,"R1:3513_S3:9"
"HND","BX:504","EMP_TEMP_SEX_GAI_NB","SEX_T","GAI_GRADIENT_TOTAL","2024",3790.889,,,"R1:3513_S3:9"
"HND","BX:504","EMP_TEMP_SEX_GAI_NB","SEX_T","GAI_GRADIENT_4","2024",61.096,,,"R1:3513_S3:9"
"HND","BX:504","EMP_TEMP_SEX_GAI_NB","SEX_T","GAI_GRADIENT_3","2024",77.505,,,"R1:3513_S3:9"
"HND","BX:504","EMP_TEMP_SEX_GAI_NB","SEX_T","GAI_GRADIENT_2","2024",415.761,,,"R1:3513_S3:9"
"HND","BX:504","EMP_TEMP_SEX_GAI_NB","SEX_T","GAI_GRADIENT_1","2024",300.629,,,"R1:3513_S3:9"
"HND","BX:504","EMP_TEMP_SEX_GAI_NB","SEX_T","GAI_GRADIENT_5","2024",339.086,,,"R1:3513_S3:9"
"HND","BX:504","EMP_TEMP_SEX_GAI_NB","SEX_T","GAI_GRADIENT_X","2024",2596.813,,,"R1:3513_S3:9"
"HND","BX:504","EMP_TEMP_SEX_GAI_NB","SEX_M","GAI_GRADIENT_TOTAL","2024",2293.726,,,"R1:3513_S3:9"
"HND","BX:504","EMP_TEMP_SEX_GAI_NB","SEX_M","GAI_GRADIENT_4","2024",26.364,,,"R1:3513_S3:9"
"HND","BX:504","EMP_TEMP_SEX_GAI_NB","SEX_M","GAI_GRADIENT_3","2024",31.314,,,"R1:3513_S3:9"
"HND","BX:504","EMP_TEMP_SEX_GAI_NB","SEX_M","GAI_GRADIENT_2","2024",139.698,,,"R1:3513_S3:9"
"HND","BX:504","EMP_TEMP_SEX_GAI_NB","SEX_M","GAI_GRADIENT_1","2024",151.378,,,"R1:3513_S3:9"
"HND","BX:504","EMP_TEMP_SEX_GAI_NB","SEX_M","GAI_GRADIENT_5","2024",208.409,,,"R1:3513_S3:9"
"HND","BX:504","EMP_TEMP_SEX_GAI_NB","SEX_M","GAI_GRADIENT_X","2024",1736.563,,,"R1:3513_S3:9"
"HND","BX:504","EMP_TEMP_SEX_GAI_NB","SEX_F","GAI_GRADIENT_TOTAL","2024",1497.164,,,"R1:3513_S3:9"
"HND","BX:504","EMP_TEMP_SEX_GAI_NB","SEX_F","GAI_GRADIENT_4","2024",34.732,,,"R1:3513_S3:9"
"HND","BX:504","EMP_TEMP_SEX_GAI_NB","SEX_F","GAI_GRADIENT_3","2024",46.191,,,"R1:3513_S3:9"
"HND","BX:504","EMP_TEMP_SEX_GAI_NB","SEX_F","GAI_GRADIENT_2","2024",276.063,,,"R1:3513_S3:9"
"HND","BX:504","EMP_TEMP_SEX_GAI_NB","SEX_F","GAI_GRADIENT_1","2024",149.251,,,"R1:3513_S3:9"
"HND","BX:504","EMP_TEMP_SEX_GAI_NB","SEX_F","GAI_GRADIENT_5","2024",130.676,,,"R1:3513_S3:9"
"HND","BX:504","EMP_TEMP_SEX_GAI_NB","SEX_F","GAI_GRADIENT_X","2024",860.25,,,"R1:3513_S3:9"
"HND","BX:504","EMP_TEMP_SEX_GAI_NB","SEX_T","GAI_GRADIENT_TOTAL","2023",3690.514,,,"R1:3513_S3:9"
"HND","BX:504","EMP_TEMP_SEX_GAI_NB","SEX_T","GAI_GRADIENT_4","2023",40.852,,,"R1:3513_S3:9"
"HND","BX:504","EMP_TEMP_SEX_GAI_NB","SEX_T","GAI_GRADIENT_3","2023",101.004,,,"R1:3513_S3:9"
"HND","BX:504","EMP_TEMP_SEX_GAI_NB","SEX_T","GAI_GRADIENT_2","2023",422.606,,,"R1:3513_S3:9"
"HND","BX:504","EMP_TEMP_SEX_GAI_NB","SEX_T","GAI_GRADIENT_1","2023",283.936,,,"R1:3513_S3:9"
"HND","BX:504","EMP_TEMP_SEX_GAI_NB","SEX_T","GAI_GRADIENT_5","2023",319.759,,,"R1:3513_S3:9"
"HND","BX:504","EMP_TEMP_SEX_GAI_NB","SEX_T","GAI_GRADIENT_X","2023",2522.358,,,"R1:3513_S3:9"
"HND","BX:504","EMP_TEMP_SEX_GAI_NB","SEX_M","GAI_GRADIENT_TOTAL","2023",2309.232,,,"R1:3513_S3:9"
"HND","BX:504","EMP_TEMP_SEX_GAI_NB","SEX_M","GAI_GRADIENT_4","2023",10.478,,,"R1:3513_S3:9"
"HND","BX:504","EMP_TEMP_SEX_GAI_NB","SEX_M","GAI_GRADIENT_3","2023",53.182,,,"R1:3513_S3:9"
"HND","BX:504","EMP_TEMP_SEX_GAI_NB","SEX_M","GAI_GRADIENT_2","2023",152.677,,,"R1:3513_S3:9"
"HND","BX:504","EMP_TEMP_SEX_GAI_NB","SEX_M","GAI_GRADIENT_1","2023",152.999,,,"R1:3513_S3:9"
"HND","BX:504","EMP_TEMP_SEX_GAI_NB","SEX_M","GAI_GRADIENT_5","2023",207.216,,,"R1:3513_S3:9"
"HND","BX:504","EMP_TEMP_SEX_GAI_NB","SEX_M","GAI_GRADIENT_X","2023",1732.679,,,"R1:3513_S3:9"
"HND","BX:504","EMP_TEMP_SEX_GAI_NB","SEX_F","GAI_GRADIENT_TOTAL","2023",1381.282,,,"R1:3513_S3:9"
"HND","BX:504","EMP_TEMP_SEX_GAI_NB","SEX_F","GAI_GRADIENT_4","2023",30.374,,,"R1:3513_S3:9"
"HND","BX:504","EMP_TEMP_SEX_GAI_NB","SEX_F","GAI_GRADIENT_3","2023",47.822,,,"R1:3513_S3:9"
"HND","BX:504","EMP_TEMP_SEX_GAI_NB","SEX_F","GAI_GRADIENT_2","2023",269.929,,,"R1:3513_S3:9"
"HND","BX:504","EMP_TEMP_SEX_GAI_NB","SEX_F","GAI_GRADIENT_1","2023",130.937,,,"R1:3513_S3:9"
"HND","BX:504","EMP_TEMP_SEX_GAI_NB","SEX_F","GAI_GRADIENT_5","2023",112.542,,,"R1:3513_S3:9"
"HND","BX:504","EMP_TEMP_SEX_GAI_NB","SEX_F","GAI_GRADIENT_X","2023",789.678,,,"R1:3513_S3:9"
"HND","BX:504","EMP_TEMP_SEX_GAI_NB","SEX_T","GAI_GRADIENT_TOTAL","2022",3635.076,,,"R1:3513_S3:9"
"HND","BX:504","EMP_TEMP_SEX_GAI_NB","SEX_T","GAI_GRADIENT_4","2022",43.567,,,"R1:3513_S3:9"
"HND","BX:504","EMP_TEMP_SEX_GAI_NB","SEX_T","GAI_GRADIENT_3","2022",77.23,,,"R1:3513_S3:9"
"HND","BX:504","EMP_TEMP_SEX_GAI_NB","SEX_T","GAI_GRADIENT_2","2022",392.703,,,"R1:3513_S3:9"
"HND","BX:504","EMP_TEMP_SEX_GAI_NB","SEX_T","GAI_GRADIENT_1","2022",282.798,,,"R1:3513_S3:9"
"HND","BX:504","EMP_TEMP_SEX_GAI_NB","SEX_T","GAI_GRADIENT_5","2022",304.758,,,"R1:3513_S3:9"
"HND","BX:504","EMP_TEMP_SEX_GAI_NB","SEX_T","GAI_GRADIENT_X","2022",2534.02,,,"R1:3513_S3:9"
"HND","BX:504","EMP_TEMP_SEX_GAI_NB","SEX_M","GAI_GRADIENT_TOTAL","2022",2190.935,,,"R1:3513_S3:9"
"HND","BX:504","EMP_TEMP_SEX_GAI_NB","SEX_M","GAI_GRADIENT_4","2022",15.287,,,"R1:3513_S3:9"
"HND","BX:504","EMP_TEMP_SEX_GAI_NB","SEX_M","GAI_GRADIENT_3","2022",30.741,,,"R1:3513_S3:9"
"HND","BX:504","EMP_TEMP_SEX_GAI_NB","SEX_M","GAI_GRADIENT_2","2022",128.691,,,"R1:3513_S3:9"
"HND","BX:504","EMP_TEMP_SEX_GAI_NB","SEX_M","GAI_GRADIENT_1","2022",143.694,,,"R1:3513_S3:9"
"HND","BX:504","EMP_TEMP_SEX_GAI_NB","SEX_M","GAI_GRADIENT_5","2022",217.551,,,"R1:3513_S3:9"
"HND","BX:504","EMP_TEMP_SEX_GAI_NB","SEX_M","GAI_GRADIENT_X","2022",1654.97,,,"R1:3513_S3:9"
"HND","BX:504","EMP_TEMP_SEX_GAI_NB","SEX_F","GAI_GRADIENT_TOTAL","2022",1444.142,,,"R1:3513_S3:9"
"HND","BX:504","EMP_TEMP_SEX_GAI_NB","SEX_F","GAI_GRADIENT_4","2022",28.28,,,"R1:3513_S3:9"
"HND","BX:504","EMP_TEMP_SEX_GAI_NB","SEX_F","GAI_GRADIENT_3","2022",46.489,,,"R1:3513_S3:9"
"HND","BX:504","EMP_TEMP_SEX_GAI_NB","SEX_F","GAI_GRADIENT_2","2022",264.012,,,"R1:3513_S3:9"
"HND","BX:504","EMP_TEMP_SEX_GAI_NB","SEX_F","GAI_GRADIENT_1","2022",139.104,,,"R1:3513_S3:9"
"HND","BX:504","EMP_TEMP_SEX_GAI_NB","SEX_F","GAI_GRADIENT_5","2022",87.207,,,"R1:3513_S3:9"
"HND","BX:504","EMP_TEMP_SEX_GAI_NB","SEX_F","GAI_GRADIENT_X","2022",879.049,,,"R1:3513_S3:9"
"IDN","BA:510","EMP_TEMP_SEX_GAI_NB","SEX_T","GAI_GRADIENT_TOTAL","2023",137949.9,,,"R1:3513"
"IDN","BA:510","EMP_TEMP_SEX_GAI_NB","SEX_T","GAI_GRADIENT_4","2023",4593.286,,,"R1:3513"
"IDN","BA:510","EMP_TEMP_SEX_GAI_NB","SEX_T","GAI_GRADIENT_3","2023",1460.014,,,"R1:3513"
"IDN","BA:510","EMP_TEMP_SEX_GAI_NB","SEX_T","GAI_GRADIENT_2","2023",12338.553,,,"R1:3513"
"IDN","BA:510","EMP_TEMP_SEX_GAI_NB","SEX_T","GAI_GRADIENT_1","2023",11626.444,,,"R1:3513"
"IDN","BA:510","EMP_TEMP_SEX_GAI_NB","SEX_T","GAI_GRADIENT_5","2023",14085.96,,,"R1:3513"
"IDN","BA:510","EMP_TEMP_SEX_GAI_NB","SEX_T","GAI_GRADIENT_X","2023",93845.642,,,"R1:3513"
"IDN","BA:510","EMP_TEMP_SEX_GAI_NB","SEX_M","GAI_GRADIENT_TOTAL","2023",83893.951,,,"R1:3513"
"IDN","BA:510","EMP_TEMP_SEX_GAI_NB","SEX_M","GAI_GRADIENT_4","2023",2340.548,,,"R1:3513"
"IDN","BA:510","EMP_TEMP_SEX_GAI_NB","SEX_M","GAI_GRADIENT_3","2023",824.18,,,"R1:3513"
"IDN","BA:510","EMP_TEMP_SEX_GAI_NB","SEX_M","GAI_GRADIENT_2","2023",5981.899,,,"R1:3513"
"IDN","BA:510","EMP_TEMP_SEX_GAI_NB","SEX_M","GAI_GRADIENT_1","2023",6510.726,,,"R1:3513"
"IDN","BA:510","EMP_TEMP_SEX_GAI_NB","SEX_M","GAI_GRADIENT_5","2023",8876.929,,,"R1:3513"
"IDN","BA:510","EMP_TEMP_SEX_GAI_NB","SEX_M","GAI_GRADIENT_X","2023",59359.669,,,"R1:3513"
"IDN","BA:510","EMP_TEMP_SEX_GAI_NB","SEX_F","GAI_GRADIENT_TOTAL","2023",54055.948,,,"R1:3513"
"IDN","BA:510","EMP_TEMP_SEX_GAI_NB","SEX_F","GAI_GRADIENT_4","2023",2252.738,,,"R1:3513"
"IDN","BA:510","EMP_TEMP_SEX_GAI_NB","SEX_F","GAI_GRADIENT_3","2023",635.834,,,"R1:3513"
"IDN","BA:510","EMP_TEMP_SEX_GAI_NB","SEX_F","GAI_GRADIENT_2","2023",6356.654,,,"R1:3513"
"IDN","BA:510","EMP_TEMP_SEX_GAI_NB","SEX_F","GAI_GRADIENT_1","2023",5115.718,,,"R1:3513"
"IDN","BA:510","EMP_TEMP_SEX_GAI_NB","SEX_F","GAI_GRADIENT_5","2023",5209.032,,,"R1:3513"
"IDN","BA:510","EMP_TEMP_SEX_GAI_NB","SEX_F","GAI_GRADIENT_X","2023",34485.973,,,"R1:3513"
"IRQ","BA:16073","EMP_TEMP_SEX_GAI_NB","SEX_T","GAI_GRADIENT_TOTAL","2021",8674.901,,,"R1:3513"
"IRQ","BA:16073","EMP_TEMP_SEX_GAI_NB","SEX_T","GAI_GRADIENT_4","2021",90.155,,,"R1:3513"
"IRQ","BA:16073","EMP_TEMP_SEX_GAI_NB","SEX_T","GAI_GRADIENT_3","2021",166.244,,,"R1:3513"
"IRQ","BA:16073","EMP_TEMP_SEX_GAI_NB","SEX_T","GAI_GRADIENT_2","2021",512.104,,,"R1:3513"
"IRQ","BA:16073","EMP_TEMP_SEX_GAI_NB","SEX_T","GAI_GRADIENT_1","2021",1244.47,,,"R1:3513"
"IRQ","BA:16073","EMP_TEMP_SEX_GAI_NB","SEX_T","GAI_GRADIENT_5","2021",671.038,,,"R1:3513"
"IRQ","BA:16073","EMP_TEMP_SEX_GAI_NB","SEX_T","GAI_GRADIENT_X","2021",5990.89,,,"R1:3513"
"IRQ","BA:16073","EMP_TEMP_SEX_GAI_NB","SEX_M","GAI_GRADIENT_TOTAL","2021",7673.413,,,"R1:3513"
"IRQ","BA:16073","EMP_TEMP_SEX_GAI_NB","SEX_M","GAI_GRADIENT_4","2021",51.012,,,"R1:3513"
"IRQ","BA:16073","EMP_TEMP_SEX_GAI_NB","SEX_M","GAI_GRADIENT_3","2021",110.024,,,"R1:3513"
"IRQ","BA:16073","EMP_TEMP_SEX_GAI_NB","SEX_M","GAI_GRADIENT_2","2021",454.751,,,"R1:3513"
"IRQ","BA:16073","EMP_TEMP_SEX_GAI_NB","SEX_M","GAI_GRADIENT_1","2021",1223.595,,,"R1:3513"
"IRQ","BA:16073","EMP_TEMP_SEX_GAI_NB","SEX_M","GAI_GRADIENT_5","2021",593.295,,,"R1:3513"
"IRQ","BA:16073","EMP_TEMP_SEX_GAI_NB","SEX_M","GAI_GRADIENT_X","2021",5240.738,,,"R1:3513"
"IRQ","BA:16073","EMP_TEMP_SEX_GAI_NB","SEX_F","GAI_GRADIENT_TOTAL","2021",1001.487,,,"R1:3513"
"IRQ","BA:16073","EMP_TEMP_SEX_GAI_NB","SEX_F","GAI_GRADIENT_4","2021",39.143,,,"R1:3513"
"IRQ","BA:16073","EMP_TEMP_SEX_GAI_NB","SEX_F","GAI_GRADIENT_3","2021",56.22,,,"R1:3513"
"IRQ","BA:16073","EMP_TEMP_SEX_GAI_NB","SEX_F","GAI_GRADIENT_2","2021",57.353,,,"R1:3513"
"IRQ","BA:16073","EMP_TEMP_SEX_GAI_NB","SEX_F","GAI_GRADIENT_1","2021",20.875,,,"R1:3513"
"IRQ","BA:16073","EMP_TEMP_SEX_GAI_NB","SEX_F","GAI_GRADIENT_5","2021",77.743,,,"R1:3513"
"IRQ","BA:16073","EMP_TEMP_SEX_GAI_NB","SEX_F","GAI_GRADIENT_X","2021",750.152,,,"R1:3513"
"IRQ","BB:3075","EMP_TEMP_SEX_GAI_NB","SEX_T","GAI_GRADIENT_TOTAL","2012",7613.335,,,"R1:3513"
"IRQ","BB:3075","EMP_TEMP_SEX_GAI_NB","SEX_T","GAI_GRADIENT_4","2012",150.239,,,"R1:3513"
"IRQ","BB:3075","EMP_TEMP_SEX_GAI_NB","SEX_T","GAI_GRADIENT_3","2012",229.691,,,"R1:3513"
"IRQ","BB:3075","EMP_TEMP_SEX_GAI_NB","SEX_T","GAI_GRADIENT_2","2012",392.053,,,"R1:3513"
"IRQ","BB:3075","EMP_TEMP_SEX_GAI_NB","SEX_T","GAI_GRADIENT_1","2012",1111.581,,,"R1:3513"
"IRQ","BB:3075","EMP_TEMP_SEX_GAI_NB","SEX_T","GAI_GRADIENT_5","2012",731.878,,,"R1:3513"
"IRQ","BB:3075","EMP_TEMP_SEX_GAI_NB","SEX_T","GAI_GRADIENT_X","2012",4997.892,,,"R1:3513"
"IRQ","BB:3075","EMP_TEMP_SEX_GAI_NB","SEX_M","GAI_GRADIENT_TOTAL","2012",6537.586,,,"R1:3513"
"IRQ","BB:3075","EMP_TEMP_SEX_GAI_NB","SEX_M","GAI_GRADIENT_4","2012",95.474,,,"R1:3513"
"IRQ","BB:3075","EMP_TEMP_SEX_GAI_NB","SEX_M","GAI_GRADIENT_3","2012",170.223,,,"R1:3513"
"IRQ","BB:3075","EMP_TEMP_SEX_GAI_NB","SEX_M","GAI_GRADIENT_2","2012",343.751,,,"R1:3513"
"IRQ","BB:3075","EMP_TEMP_SEX_GAI_NB","SEX_M","GAI_GRADIENT_1","2012",1061.365,,,"R1:3513"
"IRQ","BB:3075","EMP_TEMP_SEX_GAI_NB","SEX_M","GAI_GRADIENT_5","2012",585.916,,,"R1:3513"
"IRQ","BB:3075","EMP_TEMP_SEX_GAI_NB","SEX_M","GAI_GRADIENT_X","2012",4280.858,,,"R1:3513"
"IRQ","BB:3075","EMP_TEMP_SEX_GAI_NB","SEX_F","GAI_GRADIENT_TOTAL","2012",1075.748,,,"R1:3513"
"IRQ","BB:3075","EMP_TEMP_SEX_GAI_NB","SEX_F","GAI_GRADIENT_4","2012",54.766,,,"R1:3513"
"IRQ","BB:3075","EMP_TEMP_SEX_GAI_NB","SEX_F","GAI_GRADIENT_3","2012",59.469,,,"R1:3513"
"IRQ","BB:3075","EMP_TEMP_SEX_GAI_NB","SEX_F","GAI_GRADIENT_2","2012",48.302,,,"R1:3513"
"IRQ","BB:3075","EMP_TEMP_SEX_GAI_NB","SEX_F","GAI_GRADIENT_1","2012",50.216,,,"R1:3513"
"IRQ","BB:3075","EMP_TEMP_SEX_GAI_NB","SEX_F","GAI_GRADIENT_5","2012",145.962,,,"R1:3513"
"IRQ","BB:3075","EMP_TEMP_SEX_GAI_NB","SEX_F","GAI_GRADIENT_X","2012",717.034,,,"R1:3513"
"KGZ","BA:496","EMP_TEMP_SEX_GAI_NB","SEX_T","GAI_GRADIENT_TOTAL","2023",2591.812,,,"R1:3513"
"KGZ","BA:496","EMP_TEMP_SEX_GAI_NB","SEX_T","GAI_GRADIENT_4","2023",18.425,,,"R1:3513"
"KGZ","BA:496","EMP_TEMP_SEX_GAI_NB","SEX_T","GAI_GRADIENT_3","2023",112.544,,,"R1:3513"
"KGZ","BA:496","EMP_TEMP_SEX_GAI_NB","SEX_T","GAI_GRADIENT_2","2023",39.084,,,"R1:3513"
"KGZ","BA:496","EMP_TEMP_SEX_GAI_NB","SEX_T","GAI_GRADIENT_1","2023",423.092,,,"R1:3513"
"KGZ","BA:496","EMP_TEMP_SEX_GAI_NB","SEX_T","GAI_GRADIENT_5","2023",253.587,,,"R1:3513"
"KGZ","BA:496","EMP_TEMP_SEX_GAI_NB","SEX_T","GAI_GRADIENT_X","2023",1745.079,,,"R1:3513"
"KGZ","BA:496","EMP_TEMP_SEX_GAI_NB","SEX_M","GAI_GRADIENT_TOTAL","2023",1578.866,,,"R1:3513"
"KGZ","BA:496","EMP_TEMP_SEX_GAI_NB","SEX_M","GAI_GRADIENT_4","2023",8.007,,,"R1:3513"
"KGZ","BA:496","EMP_TEMP_SEX_GAI_NB","SEX_M","GAI_GRADIENT_3","2023",49.864,,,"R1:3513"
"KGZ","BA:496","EMP_TEMP_SEX_GAI_NB","SEX_M","GAI_GRADIENT_2","2023",24.899,,,"R1:3513"
"KGZ","BA:496","EMP_TEMP_SEX_GAI_NB","SEX_M","GAI_GRADIENT_1","2023",299.38,,,"R1:3513"
"KGZ","BA:496","EMP_TEMP_SEX_GAI_NB","SEX_M","GAI_GRADIENT_5","2023",151.796,,,"R1:3513"
"KGZ","BA:496","EMP_TEMP_SEX_GAI_NB","SEX_M","GAI_GRADIENT_X","2023",1044.919,,,"R1:3513"
"KGZ","BA:496","EMP_TEMP_SEX_GAI_NB","SEX_F","GAI_GRADIENT_TOTAL","2023",1012.946,,,"R1:3513"
"KGZ","BA:496","EMP_TEMP_SEX_GAI_NB","SEX_F","GAI_GRADIENT_4","2023",10.418,,,"R1:3513"
"KGZ","BA:496","EMP_TEMP_SEX_GAI_NB","SEX_F","GAI_GRADIENT_3","2023",62.68,,,"R1:3513"
"KGZ","BA:496","EMP_TEMP_SEX_GAI_NB","SEX_F","GAI_GRADIENT_2","2023",14.185,,,"R1:3513"
"KGZ","BA:496","EMP_TEMP_SEX_GAI_NB","SEX_F","GAI_GRADIENT_1","2023",123.712,,,"R1:3513"
"KGZ","BA:496","EMP_TEMP_SEX_GAI_NB","SEX_F","GAI_GRADIENT_5","2023",101.791,,,"R1:3513"
"KGZ","BA:496","EMP_TEMP_SEX_GAI_NB","SEX_F","GAI_GRADIENT_X","2023",700.16,,,"R1:3513"
"KGZ","BA:496","EMP_TEMP_SEX_GAI_NB","SEX_T","GAI_GRADIENT_TOTAL","2022",2545.507,,,"R1:3513"
"KGZ","BA:496","EMP_TEMP_SEX_GAI_NB","SEX_T","GAI_GRADIENT_4","2022",11.541,,,"R1:3513"
"KGZ","BA:496","EMP_TEMP_SEX_GAI_NB","SEX_T","GAI_GRADIENT_3","2022",102.315,,,"R1:3513"
"KGZ","BA:496","EMP_TEMP_SEX_GAI_NB","SEX_T","GAI_GRADIENT_2","2022",40.007,,,"R1:3513"
"KGZ","BA:496","EMP_TEMP_SEX_GAI_NB","SEX_T","GAI_GRADIENT_1","2022",408.51,,,"R1:3513"
"KGZ","BA:496","EMP_TEMP_SEX_GAI_NB","SEX_T","GAI_GRADIENT_5","2022",251.732,,,"R1:3513"
"KGZ","BA:496","EMP_TEMP_SEX_GAI_NB","SEX_T","GAI_GRADIENT_X","2022",1731.402,,,"R1:3513"
"KGZ","BA:496","EMP_TEMP_SEX_GAI_NB","SEX_M","GAI_GRADIENT_TOTAL","2022",1564.955,,,"R1:3513"
"KGZ","BA:496","EMP_TEMP_SEX_GAI_NB","SEX_M","GAI_GRADIENT_4","2022",4.904,,,"R1:3513"
"KGZ","BA:496","EMP_TEMP_SEX_GAI_NB","SEX_M","GAI_GRADIENT_3","2022",44.72,,,"R1:3513"
"KGZ","BA:496","EMP_TEMP_SEX_GAI_NB","SEX_M","GAI_GRADIENT_2","2022",22.264,,,"R1:3513"
"KGZ","BA:496","EMP_TEMP_SEX_GAI_NB","SEX_M","GAI_GRADIENT_1","2022",290.731,,,"R1:3513"
"KGZ","BA:496","EMP_TEMP_SEX_GAI_NB","SEX_M","GAI_GRADIENT_5","2022",154.785,,,"R1:3513"
"KGZ","BA:496","EMP_TEMP_SEX_GAI_NB","SEX_M","GAI_GRADIENT_X","2022",1047.551,,,"R1:3513"
"KGZ","BA:496","EMP_TEMP_SEX_GAI_NB","SEX_F","GAI_GRADIENT_TOTAL","2022",980.552,,,"R1:3513"
"KGZ","BA:496","EMP_TEMP_SEX_GAI_NB","SEX_F","GAI_GRADIENT_4","2022",6.637,,,"R1:3513"
"KGZ","BA:496","EMP_TEMP_SEX_GAI_NB","SEX_F","GAI_GRADIENT_3","2022",57.596,,,"R1:3513"
"KGZ","BA:496","EMP_TEMP_SEX_GAI_NB","SEX_F","GAI_GRADIENT_2","2022",17.744,,,"R1:3513"
"KGZ","BA:496","EMP_TEMP_SEX_GAI_NB","SEX_F","GAI_GRADIENT_1","2022",117.779,,,"R1:3513"
"KGZ","BA:496","EMP_TEMP_SEX_GAI_NB","SEX_F","GAI_GRADIENT_5","2022",96.946,,,"R1:3513"
"KGZ","BA:496","EMP_TEMP_SEX_GAI_NB","SEX_F","GAI_GRADIENT_X","2022",683.851,,,"R1:3513"
"KGZ","BA:496","EMP_TEMP_SEX_GAI_NB","SEX_T","GAI_GRADIENT_TOTAL","2021",2488.305,,,"R1:3513"
"KGZ","BA:496","EMP_TEMP_SEX_GAI_NB","SEX_T","GAI_GRADIENT_4","2021",11.677,,,"R1:3513"
"KGZ","BA:496","EMP_TEMP_SEX_GAI_NB","SEX_T","GAI_GRADIENT_3","2021",99.562,,,"R1:3513"
"KGZ","BA:496","EMP_TEMP_SEX_GAI_NB","SEX_T","GAI_GRADIENT_2","2021",41.694,,,"R1:3513"
"KGZ","BA:496","EMP_TEMP_SEX_GAI_NB","SEX_T","GAI_GRADIENT_1","2021",388.326,,,"R1:3513"
"KGZ","BA:496","EMP_TEMP_SEX_GAI_NB","SEX_T","GAI_GRADIENT_5","2021",254.417,,,"R1:3513"
"KGZ","BA:496","EMP_TEMP_SEX_GAI_NB","SEX_T","GAI_GRADIENT_X","2021",1692.628,,,"R1:3513"
"KGZ","BA:496","EMP_TEMP_SEX_GAI_NB","SEX_M","GAI_GRADIENT_TOTAL","2021",1550.676,,,"R1:3513"
"KGZ","BA:496","EMP_TEMP_SEX_GAI_NB","SEX_M","GAI_GRADIENT_4","2021",4.61,,,"R1:3513"
"KGZ","BA:496","EMP_TEMP_SEX_GAI_NB","SEX_M","GAI_GRADIENT_3","2021",41.523,,,"R1:3513"
"KGZ","BA:496","EMP_TEMP_SEX_GAI_NB","SEX_M","GAI_GRADIENT_2","2021",21.454,,,"R1:3513"
"KGZ","BA:496","EMP_TEMP_SEX_GAI_NB","SEX_M","GAI_GRADIENT_1","2021",276.916,,,"R1:3513"
"KGZ","BA:496","EMP_TEMP_SEX_GAI_NB","SEX_M","GAI_GRADIENT_5","2021",158.32,,,"R1:3513"
"KGZ","BA:496","EMP_TEMP_SEX_GAI_NB","SEX_M","GAI_GRADIENT_X","2021",1047.853,,,"R1:3513"
"KGZ","BA:496","EMP_TEMP_SEX_GAI_NB","SEX_F","GAI_GRADIENT_TOTAL","2021",937.628,,,"R1:3513"
"KGZ","BA:496","EMP_TEMP_SEX_GAI_NB","SEX_F","GAI_GRADIENT_4","2021",7.067,,,"R1:3513"
"KGZ","BA:496","EMP_TEMP_SEX_GAI_NB","SEX_F","GAI_GRADIENT_3","2021",58.039,,,"R1:3513"
"KGZ","BA:496","EMP_TEMP_SEX_GAI_NB","SEX_F","GAI_GRADIENT_2","2021",20.239,,,"R1:3513"
"KGZ","BA:496","EMP_TEMP_SEX_GAI_NB","SEX_F","GAI_GRADIENT_1","2021",111.411,,,"R1:3513"
"KGZ","BA:496","EMP_TEMP_SEX_GAI_NB","SEX_F","GAI_GRADIENT_5","2021",96.098,,,"R1:3513"
"KGZ","BA:496","EMP_TEMP_SEX_GAI_NB","SEX_F","GAI_GRADIENT_X","2021",644.775,,,"R1:3513"
"KGZ","BA:496","EMP_TEMP_SEX_GAI_NB","SEX_T","GAI_GRADIENT_TOTAL","2020",2328.509,,,"R1:3513"
"KGZ","BA:496","EMP_TEMP_SEX_GAI_NB","SEX_T","GAI_GRADIENT_4","2020",7.999,,,"R1:3513"
"KGZ","BA:496","EMP_TEMP_SEX_GAI_NB","SEX_T","GAI_GRADIENT_3","2020",86.322,,,"R1:3513"
"KGZ","BA:496","EMP_TEMP_SEX_GAI_NB","SEX_T","GAI_GRADIENT_2","2020",41.715,,,"R1:3513"
"KGZ","BA:496","EMP_TEMP_SEX_GAI_NB","SEX_T","GAI_GRADIENT_1","2020",350.068,,,"R1:3513"
"KGZ","BA:496","EMP_TEMP_SEX_GAI_NB","SEX_T","GAI_GRADIENT_5","2020",246.419,,,"R1:3513"
"KGZ","BA:496","EMP_TEMP_SEX_GAI_NB","SEX_T","GAI_GRADIENT_X","2020",1595.987,,,"R1:3513"
"KGZ","BA:496","EMP_TEMP_SEX_GAI_NB","SEX_M","GAI_GRADIENT_TOTAL","2020",1427.156,,,"R1:3513"
"KGZ","BA:496","EMP_TEMP_SEX_GAI_NB","SEX_M","GAI_GRADIENT_4","2020",3.909,,,"R1:3513"
"KGZ","BA:496","EMP_TEMP_SEX_GAI_NB","SEX_M","GAI_GRADIENT_3","2020",35.586,,,"R1:3513"
"KGZ","BA:496","EMP_TEMP_SEX_GAI_NB","SEX_M","GAI_GRADIENT_2","2020",23.432,,,"R1:3513"
"KGZ","BA:496","EMP_TEMP_SEX_GAI_NB","SEX_M","GAI_GRADIENT_1","2020",233.367,,,"R1:3513"
"KGZ","BA:496","EMP_TEMP_SEX_GAI_NB","SEX_M","GAI_GRADIENT_5","2020",145.245,,,"R1:3513"
"KGZ","BA:496","EMP_TEMP_SEX_GAI_NB","SEX_M","GAI_GRADIENT_X","2020",985.617,,,"R1:3513"
"KGZ","BA:496","EMP_TEMP_SEX_GAI_NB","SEX_F","GAI_GRADIENT_TOTAL","2020",901.353,,,"R1:3513"
"KGZ","BA:496","EMP_TEMP_SEX_GAI_NB","SEX_F","GAI_GRADIENT_4","2020",4.089,,,"R1:3513"
"KGZ","BA:496","EMP_TEMP_SEX_GAI_NB","SEX_F","GAI_GRADIENT_3","2020",50.736,,,"R1:3513"
"KGZ","BA:496","EMP_TEMP_SEX_GAI_NB","SEX_F","GAI_GRADIENT_2","2020",18.284,,,"R1:3513"
"KGZ","BA:496","EMP_TEMP_SEX_GAI_NB","SEX_F","GAI_GRADIENT_1","2020",116.7,,,"R1:3513"
"KGZ","BA:496","EMP_TEMP_SEX_GAI_NB","SEX_F","GAI_GRADIENT_5","2020",101.174,,,"R1:3513"
"KGZ","BA:496","EMP_TEMP_SEX_GAI_NB","SEX_F","GAI_GRADIENT_X","2020",610.37,,,"R1:3513"
"KHM","BA:1321","EMP_TEMP_SEX_GAI_NB","SEX_T","GAI_GRADIENT_TOTAL","2025",10100.534,,,"R1:3513"
"KHM","BA:1321","EMP_TEMP_SEX_GAI_NB","SEX_T","GAI_GRADIENT_4","2025",162.334,,,"R1:3513"
"KHM","BA:1321","EMP_TEMP_SEX_GAI_NB","SEX_T","GAI_GRADIENT_3","2025",141.548,,,"R1:3513"
"KHM","BA:1321","EMP_TEMP_SEX_GAI_NB","SEX_T","GAI_GRADIENT_2","2025",986.464,,,"R1:3513"
"KHM","BA:1321","EMP_TEMP_SEX_GAI_NB","SEX_T","GAI_GRADIENT_1","2025",681.013,,,"R1:3513"
"KHM","BA:1321","EMP_TEMP_SEX_GAI_NB","SEX_T","GAI_GRADIENT_5","2025",651.096,,,"R1:3513"
"KHM","BA:1321","EMP_TEMP_SEX_GAI_NB","SEX_T","GAI_GRADIENT_X","2025",7478.08,,,"R1:3513"
"KHM","BA:1321","EMP_TEMP_SEX_GAI_NB","SEX_M","GAI_GRADIENT_TOTAL","2025",5222.182,,,"R1:3513"
"KHM","BA:1321","EMP_TEMP_SEX_GAI_NB","SEX_M","GAI_GRADIENT_4","2025",102.306,,,"R1:3513"
"KHM","BA:1321","EMP_TEMP_SEX_GAI_NB","SEX_M","GAI_GRADIENT_3","2025",65.018,,,"R1:3513"
"KHM","BA:1321","EMP_TEMP_SEX_GAI_NB","SEX_M","GAI_GRADIENT_2","2025",312.456,,,"R1:3513"
"KHM","BA:1321","EMP_TEMP_SEX_GAI_NB","SEX_M","GAI_GRADIENT_1","2025",310.414,,,"R1:3513"
"KHM","BA:1321","EMP_TEMP_SEX_GAI_NB","SEX_M","GAI_GRADIENT_5","2025",354.454,,,"R1:3513"
"KHM","BA:1321","EMP_TEMP_SEX_GAI_NB","SEX_M","GAI_GRADIENT_X","2025",4077.533,,,"R1:3513"
"KHM","BA:1321","EMP_TEMP_SEX_GAI_NB","SEX_F","GAI_GRADIENT_TOTAL","2025",4878.353,,,"R1:3513"
"KHM","BA:1321","EMP_TEMP_SEX_GAI_NB","SEX_F","GAI_GRADIENT_4","2025",60.028,,,"R1:3513"
"KHM","BA:1321","EMP_TEMP_SEX_GAI_NB","SEX_F","GAI_GRADIENT_3","2025",76.53,,,"R1:3513"
"KHM","BA:1321","EMP_TEMP_SEX_GAI_NB","SEX_F","GAI_GRADIENT_2","2025",674.008,,,"R1:3513"
"KHM","BA:1321","EMP_TEMP_SEX_GAI_NB","SEX_F","GAI_GRADIENT_1","2025",370.599,,,"R1:3513"
"KHM","BA:1321","EMP_TEMP_SEX_GAI_NB","SEX_F","GAI_GRADIENT_5","2025",296.642,,,"R1:3513"
"KHM","BA:1321","EMP_TEMP_SEX_GAI_NB","SEX_F","GAI_GRADIENT_X","2025",3400.547,,,"R1:3513"
"KHM","BB:3064","EMP_TEMP_SEX_GAI_NB","SEX_T","GAI_GRADIENT_TOTAL","2023",9756.289,,,"R1:3513"
"KHM","BB:3064","EMP_TEMP_SEX_GAI_NB","SEX_T","GAI_GRADIENT_4","2023",187.929,,,"R1:3513"
"KHM","BB:3064","EMP_TEMP_SEX_GAI_NB","SEX_T","GAI_GRADIENT_3","2023",171.681,,,"R1:3513"
"KHM","BB:3064","EMP_TEMP_SEX_GAI_NB","SEX_T","GAI_GRADIENT_2","2023",1189.449,,,"R1:3513"
"KHM","BB:3064","EMP_TEMP_SEX_GAI_NB","SEX_T","GAI_GRADIENT_1","2023",513.317,,,"R1:3513"
"KHM","BB:3064","EMP_TEMP_SEX_GAI_NB","SEX_T","GAI_GRADIENT_5","2023",624.699,,,"R1:3513"
"KHM","BB:3064","EMP_TEMP_SEX_GAI_NB","SEX_T","GAI_GRADIENT_X","2023",7069.214,,,"R1:3513"
"KHM","BB:3064","EMP_TEMP_SEX_GAI_NB","SEX_M","GAI_GRADIENT_TOTAL","2023",5041.888,,,"R1:3513"
"KHM","BB:3064","EMP_TEMP_SEX_GAI_NB","SEX_M","GAI_GRADIENT_4","2023",126.411,,,"R1:3513"
"KHM","BB:3064","EMP_TEMP_SEX_GAI_NB","SEX_M","GAI_GRADIENT_3","2023",76.108,,,"R1:3513"
"KHM","BB:3064","EMP_TEMP_SEX_GAI_NB","SEX_M","GAI_GRADIENT_2","2023",378.543,,,"R1:3513"
"KHM","BB:3064","EMP_TEMP_SEX_GAI_NB","SEX_M","GAI_GRADIENT_1","2023",274.584,,,"R1:3513"
"KHM","BB:3064","EMP_TEMP_SEX_GAI_NB","SEX_M","GAI_GRADIENT_5","2023",370.956,,,"R1:3513"
"KHM","BB:3064","EMP_TEMP_SEX_GAI_NB","SEX_M","GAI_GRADIENT_X","2023",3815.286,,,"R1:3513"
"KHM","BB:3064","EMP_TEMP_SEX_GAI_NB","SEX_F","GAI_GRADIENT_TOTAL","2023",4714.401,,,"R1:3513"
"KHM","BB:3064","EMP_TEMP_SEX_GAI_NB","SEX_F","GAI_GRADIENT_4","2023",61.519,,,"R1:3513"
"KHM","BB:3064","EMP_TEMP_SEX_GAI_NB","SEX_F","GAI_GRADIENT_3","2023",95.573,,,"R1:3513"
"KHM","BB:3064","EMP_TEMP_SEX_GAI_NB","SEX_F","GAI_GRADIENT_2","2023",810.905,,,"R1:3513"
"KHM","BB:3064","EMP_TEMP_SEX_GAI_NB","SEX_F","GAI_GRADIENT_1","2023",238.734,,,"R1:3513"
"KHM","BB:3064","EMP_TEMP_SEX_GAI_NB","SEX_F","GAI_GRADIENT_5","2023",253.743,,,"R1:3513"
"KHM","BB:3064","EMP_TEMP_SEX_GAI_NB","SEX_F","GAI_GRADIENT_X","2023",3253.928,,,"R1:3513"
"KHM","BA:1321","EMP_TEMP_SEX_GAI_NB","SEX_T","GAI_GRADIENT_TOTAL","2019",8711.905,"B","I11:264","R1:3513"
"KHM","BA:1321","EMP_TEMP_SEX_GAI_NB","SEX_T","GAI_GRADIENT_4","2019",101.866,"B","I11:264","R1:3513"
"KHM","BA:1321","EMP_TEMP_SEX_GAI_NB","SEX_T","GAI_GRADIENT_3","2019",111.092,"B","I11:264","R1:3513"
"KHM","BA:1321","EMP_TEMP_SEX_GAI_NB","SEX_T","GAI_GRADIENT_2","2019",635.946,"B","I11:264","R1:3513"
"KHM","BA:1321","EMP_TEMP_SEX_GAI_NB","SEX_T","GAI_GRADIENT_1","2019",817.331,"B","I11:264","R1:3513"
"KHM","BA:1321","EMP_TEMP_SEX_GAI_NB","SEX_T","GAI_GRADIENT_5","2019",468.808,"B","I11:264","R1:3513"
"KHM","BA:1321","EMP_TEMP_SEX_GAI_NB","SEX_T","GAI_GRADIENT_X","2019",6576.862,"B","I11:264","R1:3513"
"KHM","BA:1321","EMP_TEMP_SEX_GAI_NB","SEX_M","GAI_GRADIENT_TOTAL","2019",4459.621,"B","I11:264","R1:3513"
"KHM","BA:1321","EMP_TEMP_SEX_GAI_NB","SEX_M","GAI_GRADIENT_4","2019",70.989,"B","I11:264","R1:3513"
"KHM","BA:1321","EMP_TEMP_SEX_GAI_NB","SEX_M","GAI_GRADIENT_3","2019",52.101,"B","I11:264","R1:3513"
"KHM","BA:1321","EMP_TEMP_SEX_GAI_NB","SEX_M","GAI_GRADIENT_2","2019",203.988,"B","I11:264","R1:3513"
"KHM","BA:1321","EMP_TEMP_SEX_GAI_NB","SEX_M","GAI_GRADIENT_1","2019",334.767,"B","I11:264","R1:3513"
"KHM","BA:1321","EMP_TEMP_SEX_GAI_NB","SEX_M","GAI_GRADIENT_5","2019",318.646,"B","I11:264","R1:3513"
"KHM","BA:1321","EMP_TEMP_SEX_GAI_NB","SEX_M","GAI_GRADIENT_X","2019",3479.131,"B","I11:264","R1:3513"
"KHM","BA:1321","EMP_TEMP_SEX_GAI_NB","SEX_F","GAI_GRADIENT_TOTAL","2019",4252.284,"B","I11:264","R1:3513"
"KHM","BA:1321","EMP_TEMP_SEX_GAI_NB","SEX_F","GAI_GRADIENT_4","2019",30.877,"B","I11:264","R1:3513"
"KHM","BA:1321","EMP_TEMP_SEX_GAI_NB","SEX_F","GAI_GRADIENT_3","2019",58.991,"B","I11:264","R1:3513"
"KHM","BA:1321","EMP_TEMP_SEX_GAI_NB","SEX_F","GAI_GRADIENT_2","2019",431.958,"B","I11:264","R1:3513"
"KHM","BA:1321","EMP_TEMP_SEX_GAI_NB","SEX_F","GAI_GRADIENT_1","2019",482.565,"B","I11:264","R1:3513"
"KHM","BA:1321","EMP_TEMP_SEX_GAI_NB","SEX_F","GAI_GRADIENT_5","2019",150.162,"B","I11:264","R1:3513"
"KHM","BA:1321","EMP_TEMP_SEX_GAI_NB","SEX_F","GAI_GRADIENT_X","2019",3097.731,"B","I11:264","R1:3513"
"KHM","BA:1321","EMP_TEMP_SEX_GAI_NB","SEX_T","GAI_GRADIENT_TOTAL","2012",7197.416,"B","I11:264","R1:3513"
"KHM","BA:1321","EMP_TEMP_SEX_GAI_NB","SEX_T","GAI_GRADIENT_4","2012",100.005,"B","I11:264","R1:3513"
"KHM","BA:1321","EMP_TEMP_SEX_GAI_NB","SEX_T","GAI_GRADIENT_3","2012",84.466,"B","I11:264","R1:3513"
"KHM","BA:1321","EMP_TEMP_SEX_GAI_NB","SEX_T","GAI_GRADIENT_2","2012",218.354,"B","I11:264","R1:3513"
"KHM","BA:1321","EMP_TEMP_SEX_GAI_NB","SEX_T","GAI_GRADIENT_1","2012",1083.191,"B","I11:264","R1:3513"
"KHM","BA:1321","EMP_TEMP_SEX_GAI_NB","SEX_T","GAI_GRADIENT_5","2012",568.449,"B","I11:264","R1:3513"
"KHM","BA:1321","EMP_TEMP_SEX_GAI_NB","SEX_T","GAI_GRADIENT_X","2012",5142.951,"B","I11:264","R1:3513"
"KHM","BA:1321","EMP_TEMP_SEX_GAI_NB","SEX_M","GAI_GRADIENT_TOTAL","2012",3797.706,"B","I11:264","R1:3513"
"KHM","BA:1321","EMP_TEMP_SEX_GAI_NB","SEX_M","GAI_GRADIENT_4","2012",69.038,"B","I11:264","R1:3513"
"KHM","BA:1321","EMP_TEMP_SEX_GAI_NB","SEX_M","GAI_GRADIENT_3","2012",51.121,"B","I11:264","R1:3513"
"KHM","BA:1321","EMP_TEMP_SEX_GAI_NB","SEX_M","GAI_GRADIENT_2","2012",89.632,"B","I11:264","R1:3513"
"KHM","BA:1321","EMP_TEMP_SEX_GAI_NB","SEX_M","GAI_GRADIENT_1","2012",364.801,"B","I11:264","R1:3513"
"KHM","BA:1321","EMP_TEMP_SEX_GAI_NB","SEX_M","GAI_GRADIENT_5","2012",372.251,"B","I11:264","R1:3513"
"KHM","BA:1321","EMP_TEMP_SEX_GAI_NB","SEX_M","GAI_GRADIENT_X","2012",2850.861,"B","I11:264","R1:3513"
"KHM","BA:1321","EMP_TEMP_SEX_GAI_NB","SEX_F","GAI_GRADIENT_TOTAL","2012",3399.71,"B","I11:264","R1:3513"
"KHM","BA:1321","EMP_TEMP_SEX_GAI_NB","SEX_F","GAI_GRADIENT_4","2012",30.967,"B","I11:264","R1:3513"
"KHM","BA:1321","EMP_TEMP_SEX_GAI_NB","SEX_F","GAI_GRADIENT_3","2012",33.344,"B","I11:264","R1:3513"
"KHM","BA:1321","EMP_TEMP_SEX_GAI_NB","SEX_F","GAI_GRADIENT_2","2012",128.721,"B","I11:264","R1:3513"
"KHM","BA:1321","EMP_TEMP_SEX_GAI_NB","SEX_F","GAI_GRADIENT_1","2012",718.389,"B","I11:264","R1:3513"
"KHM","BA:1321","EMP_TEMP_SEX_GAI_NB","SEX_F","GAI_GRADIENT_5","2012",196.198,"B","I11:264","R1:3513"
"KHM","BA:1321","EMP_TEMP_SEX_GAI_NB","SEX_F","GAI_GRADIENT_X","2012",2292.09,"B","I11:264","R1:3513"
"KIR","BB:15723","EMP_TEMP_SEX_GAI_NB","SEX_T","GAI_GRADIENT_TOTAL","2023",41.283,,,"R1:3513"
"KIR","BB:15723","EMP_TEMP_SEX_GAI_NB","SEX_T","GAI_GRADIENT_4","2023",0.787,,,"R1:3513"
"KIR","BB:15723","EMP_TEMP_SEX_GAI_NB","SEX_T","GAI_GRADIENT_3","2023",1.091,,,"R1:3513"
"KIR","BB:15723","EMP_TEMP_SEX_GAI_NB","SEX_T","GAI_GRADIENT_2","2023",3.095,,,"R1:3513"
"KIR","BB:15723","EMP_TEMP_SEX_GAI_NB","SEX_T","GAI_GRADIENT_1","2023",2.114,,,"R1:3513"
"KIR","BB:15723","EMP_TEMP_SEX_GAI_NB","SEX_T","GAI_GRADIENT_5","2023",2.55,,,"R1:3513"
"KIR","BB:15723","EMP_TEMP_SEX_GAI_NB","SEX_T","GAI_GRADIENT_X","2023",31.646,,,"R1:3513"
"KIR","BB:15723","EMP_TEMP_SEX_GAI_NB","SEX_M","GAI_GRADIENT_TOTAL","2023",23.023,,,"R1:3513"
"KIR","BB:15723","EMP_TEMP_SEX_GAI_NB","SEX_M","GAI_GRADIENT_4","2023",0.23,,,"R1:3513"
"KIR","BB:15723","EMP_TEMP_SEX_GAI_NB","SEX_M","GAI_GRADIENT_3","2023",0.231,,,"R1:3513"
"KIR","BB:15723","EMP_TEMP_SEX_GAI_NB","SEX_M","GAI_GRADIENT_2","2023",0.93,,,"R1:3513"
"KIR","BB:15723","EMP_TEMP_SEX_GAI_NB","SEX_M","GAI_GRADIENT_1","2023",1.362,,,"R1:3513"
"KIR","BB:15723","EMP_TEMP_SEX_GAI_NB","SEX_M","GAI_GRADIENT_5","2023",1.357,,,"R1:3513"
"KIR","BB:15723","EMP_TEMP_SEX_GAI_NB","SEX_M","GAI_GRADIENT_X","2023",18.913,,,"R1:3513"
"KIR","BB:15723","EMP_TEMP_SEX_GAI_NB","SEX_F","GAI_GRADIENT_TOTAL","2023",18.26,,,"R1:3513"
"KIR","BB:15723","EMP_TEMP_SEX_GAI_NB","SEX_F","GAI_GRADIENT_4","2023",0.557,,,"R1:3513"
"KIR","BB:15723","EMP_TEMP_SEX_GAI_NB","SEX_F","GAI_GRADIENT_3","2023",0.86,,,"R1:3513"
"KIR","BB:15723","EMP_TEMP_SEX_GAI_NB","SEX_F","GAI_GRADIENT_2","2023",2.166,,,"R1:3513"
"KIR","BB:15723","EMP_TEMP_SEX_GAI_NB","SEX_F","GAI_GRADIENT_1","2023",0.752,,,"R1:3513"
"KIR","BB:15723","EMP_TEMP_SEX_GAI_NB","SEX_F","GAI_GRADIENT_5","2023",1.193,,,"R1:3513"
"KIR","BB:15723","EMP_TEMP_SEX_GAI_NB","SEX_F","GAI_GRADIENT_X","2023",12.733,,,"R1:3513"
"KIR","AA:1326","EMP_TEMP_SEX_GAI_NB","SEX_T","GAI_GRADIENT_TOTAL","2015",27.954,,,"R1:3513"
"KIR","AA:1326","EMP_TEMP_SEX_GAI_NB","SEX_T","GAI_GRADIENT_4","2015",0.385,,,"R1:3513"
"KIR","AA:1326","EMP_TEMP_SEX_GAI_NB","SEX_T","GAI_GRADIENT_3","2015",0.569,,,"R1:3513"
"KIR","AA:1326","EMP_TEMP_SEX_GAI_NB","SEX_T","GAI_GRADIENT_2","2015",1.494,,,"R1:3513"
"KIR","AA:1326","EMP_TEMP_SEX_GAI_NB","SEX_T","GAI_GRADIENT_1","2015",1.833,,,"R1:3513"
"KIR","AA:1326","EMP_TEMP_SEX_GAI_NB","SEX_T","GAI_GRADIENT_5","2015",1.317,,,"R1:3513"
"KIR","AA:1326","EMP_TEMP_SEX_GAI_NB","SEX_T","GAI_GRADIENT_X","2015",22.356,,,"R1:3513"
"KIR","AA:1326","EMP_TEMP_SEX_GAI_NB","SEX_M","GAI_GRADIENT_TOTAL","2015",16.118,,,"R1:3513"
"KIR","AA:1326","EMP_TEMP_SEX_GAI_NB","SEX_M","GAI_GRADIENT_4","2015",0.144,,,"R1:3513"
"KIR","AA:1326","EMP_TEMP_SEX_GAI_NB","SEX_M","GAI_GRADIENT_3","2015",0.145,,,"R1:3513"
"KIR","AA:1326","EMP_TEMP_SEX_GAI_NB","SEX_M","GAI_GRADIENT_2","2015",0.534,,,"R1:3513"
"KIR","AA:1326","EMP_TEMP_SEX_GAI_NB","SEX_M","GAI_GRADIENT_1","2015",1.019,,,"R1:3513"
"KIR","AA:1326","EMP_TEMP_SEX_GAI_NB","SEX_M","GAI_GRADIENT_5","2015",0.591,,,"R1:3513"
"KIR","AA:1326","EMP_TEMP_SEX_GAI_NB","SEX_M","GAI_GRADIENT_X","2015",13.685,,,"R1:3513"
"KIR","AA:1326","EMP_TEMP_SEX_GAI_NB","SEX_F","GAI_GRADIENT_TOTAL","2015",11.836,,,"R1:3513"
"KIR","AA:1326","EMP_TEMP_SEX_GAI_NB","SEX_F","GAI_GRADIENT_4","2015",0.241,,,"R1:3513"
"KIR","AA:1326","EMP_TEMP_SEX_GAI_NB","SEX_F","GAI_GRADIENT_3","2015",0.424,,,"R1:3513"
"KIR","AA:1326","EMP_TEMP_SEX_GAI_NB","SEX_F","GAI_GRADIENT_2","2015",0.96,,,"R1:3513"
"KIR","AA:1326","EMP_TEMP_SEX_GAI_NB","SEX_F","GAI_GRADIENT_1","2015",0.814,,,"R1:3513"
"KIR","AA:1326","EMP_TEMP_SEX_GAI_NB","SEX_F","GAI_GRADIENT_5","2015",0.726,,,"R1:3513"
"KIR","AA:1326","EMP_TEMP_SEX_GAI_NB","SEX_F","GAI_GRADIENT_X","2015",8.671,,,"R1:3513"
"KOS","BA:700","EMP_TEMP_SEX_GAI_NB","SEX_T","GAI_GRADIENT_TOTAL","2024",423.841,,,"R1:3513"
"KOS","BA:700","EMP_TEMP_SEX_GAI_NB","SEX_T","GAI_GRADIENT_4","2024",17.965,,,"R1:3513"
"KOS","BA:700","EMP_TEMP_SEX_GAI_NB","SEX_T","GAI_GRADIENT_3","2024",18.919,,,"R1:3513"
"KOS","BA:700","EMP_TEMP_SEX_GAI_NB","SEX_T","GAI_GRADIENT_2","2024",34.583,,,"R1:3513"
"KOS","BA:700","EMP_TEMP_SEX_GAI_NB","SEX_T","GAI_GRADIENT_1","2024",50.327,,,"R1:3513"
"KOS","BA:700","EMP_TEMP_SEX_GAI_NB","SEX_T","GAI_GRADIENT_5","2024",50.085,,,"R1:3513"
"KOS","BA:700","EMP_TEMP_SEX_GAI_NB","SEX_T","GAI_GRADIENT_X","2024",251.963,,,"R1:3513"
"KOS","BA:700","EMP_TEMP_SEX_GAI_NB","SEX_M","GAI_GRADIENT_TOTAL","2024",307.83,,,"R1:3513"
"KOS","BA:700","EMP_TEMP_SEX_GAI_NB","SEX_M","GAI_GRADIENT_4","2024",9.901,,,"R1:3513"
"KOS","BA:700","EMP_TEMP_SEX_GAI_NB","SEX_M","GAI_GRADIENT_3","2024",10.281,,,"R1:3513"
"KOS","BA:700","EMP_TEMP_SEX_GAI_NB","SEX_M","GAI_GRADIENT_2","2024",26.782,,,"R1:3513"
"KOS","BA:700","EMP_TEMP_SEX_GAI_NB","SEX_M","GAI_GRADIENT_1","2024",32.902,,,"R1:3513"
"KOS","BA:700","EMP_TEMP_SEX_GAI_NB","SEX_M","GAI_GRADIENT_5","2024",39.873,,,"R1:3513"
"KOS","BA:700","EMP_TEMP_SEX_GAI_NB","SEX_M","GAI_GRADIENT_X","2024",188.091,,,"R1:3513"
"KOS","BA:700","EMP_TEMP_SEX_GAI_NB","SEX_F","GAI_GRADIENT_TOTAL","2024",116.01,,,"R1:3513"
"KOS","BA:700","EMP_TEMP_SEX_GAI_NB","SEX_F","GAI_GRADIENT_4","2024",8.064,,,"R1:3513"
"KOS","BA:700","EMP_TEMP_SEX_GAI_NB","SEX_F","GAI_GRADIENT_3","2024",8.638,,,"R1:3513"
"KOS","BA:700","EMP_TEMP_SEX_GAI_NB","SEX_F","GAI_GRADIENT_2","2024",7.801,,,"R1:3513"
"KOS","BA:700","EMP_TEMP_SEX_GAI_NB","SEX_F","GAI_GRADIENT_1","2024",17.424,,,"R1:3513"
"KOS","BA:700","EMP_TEMP_SEX_GAI_NB","SEX_F","GAI_GRADIENT_5","2024",10.212,,,"R1:3513"
"KOS","BA:700","EMP_TEMP_SEX_GAI_NB","SEX_F","GAI_GRADIENT_X","2024",63.872,,,"R1:3513"
"KOS","BA:700","EMP_TEMP_SEX_GAI_NB","SEX_T","GAI_GRADIENT_TOTAL","2023",438.077,,,"R1:3513"
"KOS","BA:700","EMP_TEMP_SEX_GAI_NB","SEX_T","GAI_GRADIENT_4","2023",18.271,,,"R1:3513"
"KOS","BA:700","EMP_TEMP_SEX_GAI_NB","SEX_T","GAI_GRADIENT_3","2023",15.06,,,"R1:3513"
"KOS","BA:700","EMP_TEMP_SEX_GAI_NB","SEX_T","GAI_GRADIENT_2","2023",29.477,,,"R1:3513"
"KOS","BA:700","EMP_TEMP_SEX_GAI_NB","SEX_T","GAI_GRADIENT_1","2023",51.91,,,"R1:3513"
"KOS","BA:700","EMP_TEMP_SEX_GAI_NB","SEX_T","GAI_GRADIENT_5","2023",53.162,,,"R1:3513"
"KOS","BA:700","EMP_TEMP_SEX_GAI_NB","SEX_T","GAI_GRADIENT_X","2023",270.196,,,"R1:3513"
"KOS","BA:700","EMP_TEMP_SEX_GAI_NB","SEX_M","GAI_GRADIENT_TOTAL","2023",315.988,,,"R1:3513"
"KOS","BA:700","EMP_TEMP_SEX_GAI_NB","SEX_M","GAI_GRADIENT_4","2023",9.764,,,"R1:3513"
"KOS","BA:700","EMP_TEMP_SEX_GAI_NB","SEX_M","GAI_GRADIENT_3","2023",9.699,,,"R1:3513"
"KOS","BA:700","EMP_TEMP_SEX_GAI_NB","SEX_M","GAI_GRADIENT_2","2023",24.116,,,"R1:3513"
"KOS","BA:700","EMP_TEMP_SEX_GAI_NB","SEX_M","GAI_GRADIENT_1","2023",34.075,,,"R1:3513"
"KOS","BA:700","EMP_TEMP_SEX_GAI_NB","SEX_M","GAI_GRADIENT_5","2023",42.027,,,"R1:3513"
"KOS","BA:700","EMP_TEMP_SEX_GAI_NB","SEX_M","GAI_GRADIENT_X","2023",196.308,,,"R1:3513"
"KOS","BA:700","EMP_TEMP_SEX_GAI_NB","SEX_F","GAI_GRADIENT_TOTAL","2023",122.089,,,"R1:3513"
"KOS","BA:700","EMP_TEMP_SEX_GAI_NB","SEX_F","GAI_GRADIENT_4","2023",8.508,,,"R1:3513"
"KOS","BA:700","EMP_TEMP_SEX_GAI_NB","SEX_F","GAI_GRADIENT_3","2023",5.361,,,"R1:3513"
"KOS","BA:700","EMP_TEMP_SEX_GAI_NB","SEX_F","GAI_GRADIENT_2","2023",5.362,,,"R1:3513"
"KOS","BA:700","EMP_TEMP_SEX_GAI_NB","SEX_F","GAI_GRADIENT_1","2023",17.836,,,"R1:3513"
"KOS","BA:700","EMP_TEMP_SEX_GAI_NB","SEX_F","GAI_GRADIENT_5","2023",11.135,,,"R1:3513"
"KOS","BA:700","EMP_TEMP_SEX_GAI_NB","SEX_F","GAI_GRADIENT_X","2023",73.888,,,"R1:3513"
"KOS","BA:700","EMP_TEMP_SEX_GAI_NB","SEX_T","GAI_GRADIENT_TOTAL","2022",415.465,,,"R1:3513"
"KOS","BA:700","EMP_TEMP_SEX_GAI_NB","SEX_T","GAI_GRADIENT_4","2022",20.065,,,"R1:3513"
"KOS","BA:700","EMP_TEMP_SEX_GAI_NB","SEX_T","GAI_GRADIENT_3","2022",19.202,,,"R1:3513"
"KOS","BA:700","EMP_TEMP_SEX_GAI_NB","SEX_T","GAI_GRADIENT_2","2022",31.244,,,"R1:3513"
"KOS","BA:700","EMP_TEMP_SEX_GAI_NB","SEX_T","GAI_GRADIENT_1","2022",43.704,,,"R1:3513"
"KOS","BA:700","EMP_TEMP_SEX_GAI_NB","SEX_T","GAI_GRADIENT_5","2022",70.959,,,"R1:3513"
"KOS","BA:700","EMP_TEMP_SEX_GAI_NB","SEX_T","GAI_GRADIENT_X","2022",230.291,,,"R1:3513"
"KOS","BA:700","EMP_TEMP_SEX_GAI_NB","SEX_M","GAI_GRADIENT_TOTAL","2022",301.136,,,"R1:3513"
"KOS","BA:700","EMP_TEMP_SEX_GAI_NB","SEX_M","GAI_GRADIENT_4","2022",9.983,,,"R1:3513"
"KOS","BA:700","EMP_TEMP_SEX_GAI_NB","SEX_M","GAI_GRADIENT_3","2022",11.581,,,"R1:3513"
"KOS","BA:700","EMP_TEMP_SEX_GAI_NB","SEX_M","GAI_GRADIENT_2","2022",25.808,,,"R1:3513"
"KOS","BA:700","EMP_TEMP_SEX_GAI_NB","SEX_M","GAI_GRADIENT_1","2022",29.714,,,"R1:3513"
"KOS","BA:700","EMP_TEMP_SEX_GAI_NB","SEX_M","GAI_GRADIENT_5","2022",54.444,,,"R1:3513"
"KOS","BA:700","EMP_TEMP_SEX_GAI_NB","SEX_M","GAI_GRADIENT_X","2022",169.607,,,"R1:3513"
"KOS","BA:700","EMP_TEMP_SEX_GAI_NB","SEX_F","GAI_GRADIENT_TOTAL","2022",114.329,,,"R1:3513"
"KOS","BA:700","EMP_TEMP_SEX_GAI_NB","SEX_F","GAI_GRADIENT_4","2022",10.082,,,"R1:3513"
"KOS","BA:700","EMP_TEMP_SEX_GAI_NB","SEX_F","GAI_GRADIENT_3","2022",7.621,,,"R1:3513"
"KOS","BA:700","EMP_TEMP_SEX_GAI_NB","SEX_F","GAI_GRADIENT_2","2022",5.436,,,"R1:3513"
"KOS","BA:700","EMP_TEMP_SEX_GAI_NB","SEX_F","GAI_GRADIENT_1","2022",13.99,,,"R1:3513"
"KOS","BA:700","EMP_TEMP_SEX_GAI_NB","SEX_F","GAI_GRADIENT_5","2022",16.516,,,"R1:3513"
"KOS","BA:700","EMP_TEMP_SEX_GAI_NB","SEX_F","GAI_GRADIENT_X","2022",60.684,,,"R1:3513"
"KOS","BA:700","EMP_TEMP_SEX_GAI_NB","SEX_T","GAI_GRADIENT_TOTAL","2021",390.055,,,"R1:3513"
"KOS","BA:700","EMP_TEMP_SEX_GAI_NB","SEX_T","GAI_GRADIENT_4","2021",24.153,,,"R1:3513"
"KOS","BA:700","EMP_TEMP_SEX_GAI_NB","SEX_T","GAI_GRADIENT_3","2021",18.225,,,"R1:3513"
"KOS","BA:700","EMP_TEMP_SEX_GAI_NB","SEX_T","GAI_GRADIENT_2","2021",26.579,,,"R1:3513"
"KOS","BA:700","EMP_TEMP_SEX_GAI_NB","SEX_T","GAI_GRADIENT_1","2021",30.076,,,"R1:3513"
"KOS","BA:700","EMP_TEMP_SEX_GAI_NB","SEX_T","GAI_GRADIENT_5","2021",72.812,,,"R1:3513"
"KOS","BA:700","EMP_TEMP_SEX_GAI_NB","SEX_T","GAI_GRADIENT_X","2021",218.21,,,"R1:3513"
"KOS","BA:700","EMP_TEMP_SEX_GAI_NB","SEX_M","GAI_GRADIENT_TOTAL","2021",287.163,,,"R1:3513"
"KOS","BA:700","EMP_TEMP_SEX_GAI_NB","SEX_M","GAI_GRADIENT_4","2021",12.955,,,"R1:3513"
"KOS","BA:700","EMP_TEMP_SEX_GAI_NB","SEX_M","GAI_GRADIENT_3","2021",10.103,,,"R1:3513"
"KOS","BA:700","EMP_TEMP_SEX_GAI_NB","SEX_M","GAI_GRADIENT_2","2021",20.074,,,"R1:3513"
"KOS","BA:700","EMP_TEMP_SEX_GAI_NB","SEX_M","GAI_GRADIENT_1","2021",20.314,,,"R1:3513"
"KOS","BA:700","EMP_TEMP_SEX_GAI_NB","SEX_M","GAI_GRADIENT_5","2021",58.623,,,"R1:3513"
"KOS","BA:700","EMP_TEMP_SEX_GAI_NB","SEX_M","GAI_GRADIENT_X","2021",165.094,,,"R1:3513"
"KOS","BA:700","EMP_TEMP_SEX_GAI_NB","SEX_F","GAI_GRADIENT_TOTAL","2021",102.892,,,"R1:3513"
"KOS","BA:700","EMP_TEMP_SEX_GAI_NB","SEX_F","GAI_GRADIENT_4","2021",11.199,,,"R1:3513"
"KOS","BA:700","EMP_TEMP_SEX_GAI_NB","SEX_F","GAI_GRADIENT_3","2021",8.122,,,"R1:3513"
"KOS","BA:700","EMP_TEMP_SEX_GAI_NB","SEX_F","GAI_GRADIENT_2","2021",6.505,,,"R1:3513"
"KOS","BA:700","EMP_TEMP_SEX_GAI_NB","SEX_F","GAI_GRADIENT_1","2021",9.761,,,"R1:3513"
"KOS","BA:700","EMP_TEMP_SEX_GAI_NB","SEX_F","GAI_GRADIENT_5","2021",14.189,,,"R1:3513"
"KOS","BA:700","EMP_TEMP_SEX_GAI_NB","SEX_F","GAI_GRADIENT_X","2021",53.116,,,"R1:3513"
"KOS","BA:700","EMP_TEMP_SEX_GAI_NB","SEX_T","GAI_GRADIENT_TOTAL","2019",372.431,"B","I11:264","R1:3513"
"KOS","BA:700","EMP_TEMP_SEX_GAI_NB","SEX_T","GAI_GRADIENT_4","2019",20.5,"B","I11:264","R1:3513"
"KOS","BA:700","EMP_TEMP_SEX_GAI_NB","SEX_T","GAI_GRADIENT_3","2019",14.841,"B","I11:264","R1:3513"
"KOS","BA:700","EMP_TEMP_SEX_GAI_NB","SEX_T","GAI_GRADIENT_2","2019",23.396,"B","I11:264","R1:3513"
"KOS","BA:700","EMP_TEMP_SEX_GAI_NB","SEX_T","GAI_GRADIENT_1","2019",19.175,"B","I11:264","R1:3513"
"KOS","BA:700","EMP_TEMP_SEX_GAI_NB","SEX_T","GAI_GRADIENT_5","2019",69.403,"B","I11:264","R1:3513"
"KOS","BA:700","EMP_TEMP_SEX_GAI_NB","SEX_T","GAI_GRADIENT_X","2019",225.116,"B","I11:264","R1:3513"
"KOS","BA:700","EMP_TEMP_SEX_GAI_NB","SEX_M","GAI_GRADIENT_TOTAL","2019",287.246,"B","I11:264","R1:3513"
"KOS","BA:700","EMP_TEMP_SEX_GAI_NB","SEX_M","GAI_GRADIENT_4","2019",11.881,"B","I11:264","R1:3513"
"KOS","BA:700","EMP_TEMP_SEX_GAI_NB","SEX_M","GAI_GRADIENT_3","2019",10.168,"B","I11:264","R1:3513"
"KOS","BA:700","EMP_TEMP_SEX_GAI_NB","SEX_M","GAI_GRADIENT_2","2019",19.145,"B","I11:264","R1:3513"
"KOS","BA:700","EMP_TEMP_SEX_GAI_NB","SEX_M","GAI_GRADIENT_1","2019",12.655,"B","I11:264","R1:3513"
"KOS","BA:700","EMP_TEMP_SEX_GAI_NB","SEX_M","GAI_GRADIENT_5","2019",58.6,"B","I11:264","R1:3513"
"KOS","BA:700","EMP_TEMP_SEX_GAI_NB","SEX_M","GAI_GRADIENT_X","2019",174.796,"B","I11:264","R1:3513"
"KOS","BA:700","EMP_TEMP_SEX_GAI_NB","SEX_F","GAI_GRADIENT_TOTAL","2019",85.186,"B","I11:264","R1:3513"
"KOS","BA:700","EMP_TEMP_SEX_GAI_NB","SEX_F","GAI_GRADIENT_4","2019",8.618,"B","I11:264","R1:3513"
"KOS","BA:700","EMP_TEMP_SEX_GAI_NB","SEX_F","GAI_GRADIENT_3","2019",4.673,"B","I11:264","R1:3513"
"KOS","BA:700","EMP_TEMP_SEX_GAI_NB","SEX_F","GAI_GRADIENT_2","2019",4.251,"B","I11:264","R1:3513"
"KOS","BA:700","EMP_TEMP_SEX_GAI_NB","SEX_F","GAI_GRADIENT_1","2019",6.521,"B","I11:264","R1:3513"
"KOS","BA:700","EMP_TEMP_SEX_GAI_NB","SEX_F","GAI_GRADIENT_5","2019",10.803,"B","I11:264","R1:3513"
"KOS","BA:700","EMP_TEMP_SEX_GAI_NB","SEX_F","GAI_GRADIENT_X","2019",50.32,"B","I11:264","R1:3513"
"KOS","BA:700","EMP_TEMP_SEX_GAI_NB","SEX_T","GAI_GRADIENT_TOTAL","2018",366.98,,,"R1:3513"
"KOS","BA:700","EMP_TEMP_SEX_GAI_NB","SEX_T","GAI_GRADIENT_4","2018",17.431,,,"R1:3513"
"KOS","BA:700","EMP_TEMP_SEX_GAI_NB","SEX_T","GAI_GRADIENT_3","2018",16.052,,,"R1:3513"
"KOS","BA:700","EMP_TEMP_SEX_GAI_NB","SEX_T","GAI_GRADIENT_2","2018",25.763,,,"R1:3513"
"KOS","BA:700","EMP_TEMP_SEX_GAI_NB","SEX_T","GAI_GRADIENT_1","2018",20.052,,,"R1:3513"
"KOS","BA:700","EMP_TEMP_SEX_GAI_NB","SEX_T","GAI_GRADIENT_5","2018",56.729,,,"R1:3513"
"KOS","BA:700","EMP_TEMP_SEX_GAI_NB","SEX_T","GAI_GRADIENT_X","2018",230.953,,,"R1:3513"
"KOS","BA:700","EMP_TEMP_SEX_GAI_NB","SEX_M","GAI_GRADIENT_TOTAL","2018",286.323,,,"R1:3513"
"KOS","BA:700","EMP_TEMP_SEX_GAI_NB","SEX_M","GAI_GRADIENT_4","2018",10.716,,,"R1:3513"
"KOS","BA:700","EMP_TEMP_SEX_GAI_NB","SEX_M","GAI_GRADIENT_3","2018",9.524,,,"R1:3513"
"KOS","BA:700","EMP_TEMP_SEX_GAI_NB","SEX_M","GAI_GRADIENT_2","2018",21.779,,,"R1:3513"
"KOS","BA:700","EMP_TEMP_SEX_GAI_NB","SEX_M","GAI_GRADIENT_1","2018",15.261,,,"R1:3513"
"KOS","BA:700","EMP_TEMP_SEX_GAI_NB","SEX_M","GAI_GRADIENT_5","2018",47.404,,,"R1:3513"
"KOS","BA:700","EMP_TEMP_SEX_GAI_NB","SEX_M","GAI_GRADIENT_X","2018",181.638,,,"R1:3513"
"KOS","BA:700","EMP_TEMP_SEX_GAI_NB","SEX_F","GAI_GRADIENT_TOTAL","2018",80.658,,,"R1:3513"
"KOS","BA:700","EMP_TEMP_SEX_GAI_NB","SEX_F","GAI_GRADIENT_4","2018",6.715,,,"R1:3513"
"KOS","BA:700","EMP_TEMP_SEX_GAI_NB","SEX_F","GAI_GRADIENT_3","2018",6.528,,,"R1:3513"
"KOS","BA:700","EMP_TEMP_SEX_GAI_NB","SEX_F","GAI_GRADIENT_2","2018",3.984,,,"R1:3513"
"KOS","BA:700","EMP_TEMP_SEX_GAI_NB","SEX_F","GAI_GRADIENT_1","2018",4.791,,,"R1:3513"
"KOS","BA:700","EMP_TEMP_SEX_GAI_NB","SEX_F","GAI_GRADIENT_5","2018",9.325,,,"R1:3513"
"KOS","BA:700","EMP_TEMP_SEX_GAI_NB","SEX_F","GAI_GRADIENT_X","2018",49.315,,,"R1:3513"
"LAO","BA:6651","EMP_TEMP_SEX_GAI_NB","SEX_T","GAI_GRADIENT_TOTAL","2017",2751.486,"B","I11:264","R1:3513"
"LAO","BA:6651","EMP_TEMP_SEX_GAI_NB","SEX_T","GAI_GRADIENT_4","2017",23.409,"B","I11:264","R1:3513"
"LAO","BA:6651","EMP_TEMP_SEX_GAI_NB","SEX_T","GAI_GRADIENT_3","2017",52.193,"B","I11:264","R1:3513"
"LAO","BA:6651","EMP_TEMP_SEX_GAI_NB","SEX_T","GAI_GRADIENT_2","2017",194.016,"B","I11:264","R1:3513"
"LAO","BA:6651","EMP_TEMP_SEX_GAI_NB","SEX_T","GAI_GRADIENT_1","2017",79.384,"B","I11:264","R1:3513"
"LAO","BA:6651","EMP_TEMP_SEX_GAI_NB","SEX_T","GAI_GRADIENT_5","2017",114.783,"B","I11:264","R1:3513"
"LAO","BA:6651","EMP_TEMP_SEX_GAI_NB","SEX_T","GAI_GRADIENT_X","2017",2287.701,"B","I11:264","R1:3513"
"LAO","BA:6651","EMP_TEMP_SEX_GAI_NB","SEX_M","GAI_GRADIENT_TOTAL","2017",1425.891,"B","I11:264","R1:3513"
"LAO","BA:6651","EMP_TEMP_SEX_GAI_NB","SEX_M","GAI_GRADIENT_4","2017",14.068,"B","I11:264","R1:3513"
"LAO","BA:6651","EMP_TEMP_SEX_GAI_NB","SEX_M","GAI_GRADIENT_3","2017",22.766,"B","I11:264","R1:3513"
"LAO","BA:6651","EMP_TEMP_SEX_GAI_NB","SEX_M","GAI_GRADIENT_2","2017",58.95,"B","I11:264","R1:3513"
"LAO","BA:6651","EMP_TEMP_SEX_GAI_NB","SEX_M","GAI_GRADIENT_1","2017",36.715,"B","I11:264","R1:3513"
"LAO","BA:6651","EMP_TEMP_SEX_GAI_NB","SEX_M","GAI_GRADIENT_5","2017",79.382,"B","I11:264","R1:3513"
"LAO","BA:6651","EMP_TEMP_SEX_GAI_NB","SEX_M","GAI_GRADIENT_X","2017",1214.011,"B","I11:264","R1:3513"
"LAO","BA:6651","EMP_TEMP_SEX_GAI_NB","SEX_F","GAI_GRADIENT_TOTAL","2017",1325.595,"B","I11:264","R1:3513"
"LAO","BA:6651","EMP_TEMP_SEX_GAI_NB","SEX_F","GAI_GRADIENT_4","2017",9.341,"B","I11:264","R1:3513"
"LAO","BA:6651","EMP_TEMP_SEX_GAI_NB","SEX_F","GAI_GRADIENT_3","2017",29.427,"B","I11:264","R1:3513"
"LAO","BA:6651","EMP_TEMP_SEX_GAI_NB","SEX_F","GAI_GRADIENT_2","2017",135.066,"B","I11:264","R1:3513"
"LAO","BA:6651","EMP_TEMP_SEX_GAI_NB","SEX_F","GAI_GRADIENT_1","2017",42.669,"B","I11:264","R1:3513"
"LAO","BA:6651","EMP_TEMP_SEX_GAI_NB","SEX_F","GAI_GRADIENT_5","2017",35.401,"B","I11:264","R1:3513"
"LAO","BA:6651","EMP_TEMP_SEX_GAI_NB","SEX_F","GAI_GRADIENT_X","2017",1073.691,"B","I11:264","R1:3513"
"LBN","BA:14074","EMP_TEMP_SEX_GAI_NB","SEX_T","GAI_GRADIENT_TOTAL","2019",1594.705,"B","I11:264","R1:3513"
"LBN","BA:14074","EMP_TEMP_SEX_GAI_NB","SEX_T","GAI_GRADIENT_4","2019",31.792,"B","I11:264","R1:3513"
"LBN","BA:14074","EMP_TEMP_SEX_GAI_NB","SEX_T","GAI_GRADIENT_3","2019",102.288,"B","I11:264","R1:3513"
"LBN","BA:14074","EMP_TEMP_SEX_GAI_NB","SEX_T","GAI_GRADIENT_2","2019",141.042,"B","I11:264","R1:3513"
"LBN","BA:14074","EMP_TEMP_SEX_GAI_NB","SEX_T","GAI_GRADIENT_1","2019",168.313,"B","I11:264","R1:3513"
"LBN","BA:14074","EMP_TEMP_SEX_GAI_NB","SEX_T","GAI_GRADIENT_5","2019",187.476,"B","I11:264","R1:3513"
"LBN","BA:14074","EMP_TEMP_SEX_GAI_NB","SEX_T","GAI_GRADIENT_X","2019",963.792,"B","I11:264","R1:3513"
"LBN","BA:14074","EMP_TEMP_SEX_GAI_NB","SEX_M","GAI_GRADIENT_TOTAL","2019",1108.469,"B","I11:264","R1:3513"
"LBN","BA:14074","EMP_TEMP_SEX_GAI_NB","SEX_M","GAI_GRADIENT_4","2019",16.868,"B","I11:264","R1:3513"
"LBN","BA:14074","EMP_TEMP_SEX_GAI_NB","SEX_M","GAI_GRADIENT_3","2019",45.335,"B","I11:264","R1:3513"
"LBN","BA:14074","EMP_TEMP_SEX_GAI_NB","SEX_M","GAI_GRADIENT_2","2019",107.002,"B","I11:264","R1:3513"
"LBN","BA:14074","EMP_TEMP_SEX_GAI_NB","SEX_M","GAI_GRADIENT_1","2019",125.535,"B","I11:264","R1:3513"
"LBN","BA:14074","EMP_TEMP_SEX_GAI_NB","SEX_M","GAI_GRADIENT_5","2019",140.969,"B","I11:264","R1:3513"
"LBN","BA:14074","EMP_TEMP_SEX_GAI_NB","SEX_M","GAI_GRADIENT_X","2019",672.759,"B","I11:264","R1:3513"
"LBN","BA:14074","EMP_TEMP_SEX_GAI_NB","SEX_F","GAI_GRADIENT_TOTAL","2019",486.236,"B","I11:264","R1:3513"
"LBN","BA:14074","EMP_TEMP_SEX_GAI_NB","SEX_F","GAI_GRADIENT_4","2019",14.924,"B","I11:264","R1:3513"
"LBN","BA:14074","EMP_TEMP_SEX_GAI_NB","SEX_F","GAI_GRADIENT_3","2019",56.953,"B","I11:264","R1:3513"
"LBN","BA:14074","EMP_TEMP_SEX_GAI_NB","SEX_F","GAI_GRADIENT_2","2019",34.04,"B","I11:264","R1:3513"
"LBN","BA:14074","EMP_TEMP_SEX_GAI_NB","SEX_F","GAI_GRADIENT_1","2019",42.778,"B","I11:264","R1:3513"
"LBN","BA:14074","EMP_TEMP_SEX_GAI_NB","SEX_F","GAI_GRADIENT_5","2019",46.507,"B","I11:264","R1:3513"
"LBN","BA:14074","EMP_TEMP_SEX_GAI_NB","SEX_F","GAI_GRADIENT_X","2019",291.034,"B","I11:264","R1:3513"
"LKA","BA:1359","EMP_TEMP_SEX_GAI_NB","SEX_T","GAI_GRADIENT_TOTAL","2024",7949.751,,,"R1:3513"
"LKA","BA:1359","EMP_TEMP_SEX_GAI_NB","SEX_T","GAI_GRADIENT_4","2024",204.84,,,"R1:3513"
"LKA","BA:1359","EMP_TEMP_SEX_GAI_NB","SEX_T","GAI_GRADIENT_3","2024",136.512,,,"R1:3513"
"LKA","BA:1359","EMP_TEMP_SEX_GAI_NB","SEX_T","GAI_GRADIENT_2","2024",713.56,,,"R1:3513"
"LKA","BA:1359","EMP_TEMP_SEX_GAI_NB","SEX_T","GAI_GRADIENT_1","2024",462.238,,,"R1:3513"
"LKA","BA:1359","EMP_TEMP_SEX_GAI_NB","SEX_T","GAI_GRADIENT_5","2024",783.203,,,"R1:3513"
"LKA","BA:1359","EMP_TEMP_SEX_GAI_NB","SEX_T","GAI_GRADIENT_X","2024",5649.397,,,"R1:3513"
"LKA","BA:1359","EMP_TEMP_SEX_GAI_NB","SEX_M","GAI_GRADIENT_TOTAL","2024",5358.554,,,"R1:3513"
"LKA","BA:1359","EMP_TEMP_SEX_GAI_NB","SEX_M","GAI_GRADIENT_4","2024",82.061,,,"R1:3513"
"LKA","BA:1359","EMP_TEMP_SEX_GAI_NB","SEX_M","GAI_GRADIENT_3","2024",82.661,,,"R1:3513"
"LKA","BA:1359","EMP_TEMP_SEX_GAI_NB","SEX_M","GAI_GRADIENT_2","2024",479.527,,,"R1:3513"
"LKA","BA:1359","EMP_TEMP_SEX_GAI_NB","SEX_M","GAI_GRADIENT_1","2024",352.403,,,"R1:3513"
"LKA","BA:1359","EMP_TEMP_SEX_GAI_NB","SEX_M","GAI_GRADIENT_5","2024",597.255,,,"R1:3513"
"LKA","BA:1359","EMP_TEMP_SEX_GAI_NB","SEX_M","GAI_GRADIENT_X","2024",3764.647,,,"R1:3513"
"LKA","BA:1359","EMP_TEMP_SEX_GAI_NB","SEX_F","GAI_GRADIENT_TOTAL","2024",2591.197,,,"R1:3513"
"LKA","BA:1359","EMP_TEMP_SEX_GAI_NB","SEX_F","GAI_GRADIENT_4","2024",122.779,,,"R1:3513"
"LKA","BA:1359","EMP_TEMP_SEX_GAI_NB","SEX_F","GAI_GRADIENT_3","2024",53.851,,,"R1:3513"
"LKA","BA:1359","EMP_TEMP_SEX_GAI_NB","SEX_F","GAI_GRADIENT_2","2024",234.033,,,"R1:3513"
"LKA","BA:1359","EMP_TEMP_SEX_GAI_NB","SEX_F","GAI_GRADIENT_1","2024",109.835,,,"R1:3513"
"LKA","BA:1359","EMP_TEMP_SEX_GAI_NB","SEX_F","GAI_GRADIENT_5","2024",185.948,,,"R1:3513"
"LKA","BA:1359","EMP_TEMP_SEX_GAI_NB","SEX_F","GAI_GRADIENT_X","2024",1884.75,,,"R1:3513"
"LKA","BA:1359","EMP_TEMP_SEX_GAI_NB","SEX_T","GAI_GRADIENT_TOTAL","2023",8009.916,,,"R1:3513"
"LKA","BA:1359","EMP_TEMP_SEX_GAI_NB","SEX_T","GAI_GRADIENT_4","2023",186.065,,,"R1:3513"
"LKA","BA:1359","EMP_TEMP_SEX_GAI_NB","SEX_T","GAI_GRADIENT_3","2023",142.881,,,"R1:3513"
"LKA","BA:1359","EMP_TEMP_SEX_GAI_NB","SEX_T","GAI_GRADIENT_2","2023",713.035,,,"R1:3513"
"LKA","BA:1359","EMP_TEMP_SEX_GAI_NB","SEX_T","GAI_GRADIENT_1","2023",433.363,,,"R1:3513"
"LKA","BA:1359","EMP_TEMP_SEX_GAI_NB","SEX_T","GAI_GRADIENT_5","2023",793.547,,,"R1:3513"
"LKA","BA:1359","EMP_TEMP_SEX_GAI_NB","SEX_T","GAI_GRADIENT_X","2023",5741.025,,,"R1:3513"
"LKA","BA:1359","EMP_TEMP_SEX_GAI_NB","SEX_M","GAI_GRADIENT_TOTAL","2023",5307.563,,,"R1:3513"
"LKA","BA:1359","EMP_TEMP_SEX_GAI_NB","SEX_M","GAI_GRADIENT_4","2023",67.672,,,"R1:3513"
"LKA","BA:1359","EMP_TEMP_SEX_GAI_NB","SEX_M","GAI_GRADIENT_3","2023",82.548,,,"R1:3513"
"LKA","BA:1359","EMP_TEMP_SEX_GAI_NB","SEX_M","GAI_GRADIENT_2","2023",465.332,,,"R1:3513"
"LKA","BA:1359","EMP_TEMP_SEX_GAI_NB","SEX_M","GAI_GRADIENT_1","2023",340.203,,,"R1:3513"
"LKA","BA:1359","EMP_TEMP_SEX_GAI_NB","SEX_M","GAI_GRADIENT_5","2023",614.663,,,"R1:3513"
"LKA","BA:1359","EMP_TEMP_SEX_GAI_NB","SEX_M","GAI_GRADIENT_X","2023",3737.145,,,"R1:3513"
"LKA","BA:1359","EMP_TEMP_SEX_GAI_NB","SEX_F","GAI_GRADIENT_TOTAL","2023",2702.354,,,"R1:3513"
"LKA","BA:1359","EMP_TEMP_SEX_GAI_NB","SEX_F","GAI_GRADIENT_4","2023",118.393,,,"R1:3513"
"LKA","BA:1359","EMP_TEMP_SEX_GAI_NB","SEX_F","GAI_GRADIENT_3","2023",60.333,,,"R1:3513"
"LKA","BA:1359","EMP_TEMP_SEX_GAI_NB","SEX_F","GAI_GRADIENT_2","2023",247.703,,,"R1:3513"
"LKA","BA:1359","EMP_TEMP_SEX_GAI_NB","SEX_F","GAI_GRADIENT_1","2023",93.16,,,"R1:3513"
"LKA","BA:1359","EMP_TEMP_SEX_GAI_NB","SEX_F","GAI_GRADIENT_5","2023",178.884,,,"R1:3513"
"LKA","BA:1359","EMP_TEMP_SEX_GAI_NB","SEX_F","GAI_GRADIENT_X","2023",2003.88,,,"R1:3513"
"LKA","BA:1359","EMP_TEMP_SEX_GAI_NB","SEX_T","GAI_GRADIENT_TOTAL","2022",8147.731,,,"R1:3513"
"LKA","BA:1359","EMP_TEMP_SEX_GAI_NB","SEX_T","GAI_GRADIENT_4","2022",205.303,,,"R1:3513"
"LKA","BA:1359","EMP_TEMP_SEX_GAI_NB","SEX_T","GAI_GRADIENT_3","2022",149.652,,,"R1:3513"
"LKA","BA:1359","EMP_TEMP_SEX_GAI_NB","SEX_T","GAI_GRADIENT_2","2022",694.517,,,"R1:3513"
"LKA","BA:1359","EMP_TEMP_SEX_GAI_NB","SEX_T","GAI_GRADIENT_1","2022",390.947,,,"R1:3513"
"LKA","BA:1359","EMP_TEMP_SEX_GAI_NB","SEX_T","GAI_GRADIENT_5","2022",785.128,,,"R1:3513"
"LKA","BA:1359","EMP_TEMP_SEX_GAI_NB","SEX_T","GAI_GRADIENT_X","2022",5922.184,,,"R1:3513"
"LKA","BA:1359","EMP_TEMP_SEX_GAI_NB","SEX_M","GAI_GRADIENT_TOTAL","2022",5373.965,,,"R1:3513"
"LKA","BA:1359","EMP_TEMP_SEX_GAI_NB","SEX_M","GAI_GRADIENT_4","2022",86.34,,,"R1:3513"
"LKA","BA:1359","EMP_TEMP_SEX_GAI_NB","SEX_M","GAI_GRADIENT_3","2022",80.194,,,"R1:3513"
"LKA","BA:1359","EMP_TEMP_SEX_GAI_NB","SEX_M","GAI_GRADIENT_2","2022",449.885,,,"R1:3513"
"LKA","BA:1359","EMP_TEMP_SEX_GAI_NB","SEX_M","GAI_GRADIENT_1","2022",301.309,,,"R1:3513"
"LKA","BA:1359","EMP_TEMP_SEX_GAI_NB","SEX_M","GAI_GRADIENT_5","2022",619.064,,,"R1:3513"
"LKA","BA:1359","EMP_TEMP_SEX_GAI_NB","SEX_M","GAI_GRADIENT_X","2022",3837.173,,,"R1:3513"
"LKA","BA:1359","EMP_TEMP_SEX_GAI_NB","SEX_F","GAI_GRADIENT_TOTAL","2022",2773.766,,,"R1:3513"
"LKA","BA:1359","EMP_TEMP_SEX_GAI_NB","SEX_F","GAI_GRADIENT_4","2022",118.962,,,"R1:3513"
"LKA","BA:1359","EMP_TEMP_SEX_GAI_NB","SEX_F","GAI_GRADIENT_3","2022",69.458,,,"R1:3513"
"LKA","BA:1359","EMP_TEMP_SEX_GAI_NB","SEX_F","GAI_GRADIENT_2","2022",244.632,,,"R1:3513"
"LKA","BA:1359","EMP_TEMP_SEX_GAI_NB","SEX_F","GAI_GRADIENT_1","2022",89.638,,,"R1:3513"
"LKA","BA:1359","EMP_TEMP_SEX_GAI_NB","SEX_F","GAI_GRADIENT_5","2022",166.064,,,"R1:3513"
"LKA","BA:1359","EMP_TEMP_SEX_GAI_NB","SEX_F","GAI_GRADIENT_X","2022",2085.011,,,"R1:3513"
"LKA","BA:1359","EMP_TEMP_SEX_GAI_NB","SEX_T","GAI_GRADIENT_TOTAL","2021",8113.507,,,"R1:3513"
"LKA","BA:1359","EMP_TEMP_SEX_GAI_NB","SEX_T","GAI_GRADIENT_4","2021",199.61,,,"R1:3513"
"LKA","BA:1359","EMP_TEMP_SEX_GAI_NB","SEX_T","GAI_GRADIENT_3","2021",153.865,,,"R1:3513"
"LKA","BA:1359","EMP_TEMP_SEX_GAI_NB","SEX_T","GAI_GRADIENT_2","2021",722.462,,,"R1:3513"
"LKA","BA:1359","EMP_TEMP_SEX_GAI_NB","SEX_T","GAI_GRADIENT_1","2021",431.867,,,"R1:3513"
"LKA","BA:1359","EMP_TEMP_SEX_GAI_NB","SEX_T","GAI_GRADIENT_5","2021",779.745,,,"R1:3513"
"LKA","BA:1359","EMP_TEMP_SEX_GAI_NB","SEX_T","GAI_GRADIENT_X","2021",5825.957,,,"R1:3513"
"LKA","BA:1359","EMP_TEMP_SEX_GAI_NB","SEX_M","GAI_GRADIENT_TOTAL","2021",5414.28,,,"R1:3513"
"LKA","BA:1359","EMP_TEMP_SEX_GAI_NB","SEX_M","GAI_GRADIENT_4","2021",78.911,,,"R1:3513"
"LKA","BA:1359","EMP_TEMP_SEX_GAI_NB","SEX_M","GAI_GRADIENT_3","2021",86.272,,,"R1:3513"
"LKA","BA:1359","EMP_TEMP_SEX_GAI_NB","SEX_M","GAI_GRADIENT_2","2021",487.965,,,"R1:3513"
"LKA","BA:1359","EMP_TEMP_SEX_GAI_NB","SEX_M","GAI_GRADIENT_1","2021",320.485,,,"R1:3513"
"LKA","BA:1359","EMP_TEMP_SEX_GAI_NB","SEX_M","GAI_GRADIENT_5","2021",629.563,,,"R1:3513"
"LKA","BA:1359","EMP_TEMP_SEX_GAI_NB","SEX_M","GAI_GRADIENT_X","2021",3811.083,,,"R1:3513"
"LKA","BA:1359","EMP_TEMP_SEX_GAI_NB","SEX_F","GAI_GRADIENT_TOTAL","2021",2699.228,,,"R1:3513"
"LKA","BA:1359","EMP_TEMP_SEX_GAI_NB","SEX_F","GAI_GRADIENT_4","2021",120.699,,,"R1:3513"
"LKA","BA:1359","EMP_TEMP_SEX_GAI_NB","SEX_F","GAI_GRADIENT_3","2021",67.593,,,"R1:3513"
"LKA","BA:1359","EMP_TEMP_SEX_GAI_NB","SEX_F","GAI_GRADIENT_2","2021",234.498,,,"R1:3513"
"LKA","BA:1359","EMP_TEMP_SEX_GAI_NB","SEX_F","GAI_GRADIENT_1","2021",111.382,,,"R1:3513"
"LKA","BA:1359","EMP_TEMP_SEX_GAI_NB","SEX_F","GAI_GRADIENT_5","2021",150.182,,,"R1:3513"
"LKA","BA:1359","EMP_TEMP_SEX_GAI_NB","SEX_F","GAI_GRADIENT_X","2021",2014.874,,,"R1:3513"
"LKA","BA:1359","EMP_TEMP_SEX_GAI_NB","SEX_T","GAI_GRADIENT_TOTAL","2020",7999.093,,,"R1:3513"
"LKA","BA:1359","EMP_TEMP_SEX_GAI_NB","SEX_T","GAI_GRADIENT_4","2020",218.118,,,"R1:3513"
"LKA","BA:1359","EMP_TEMP_SEX_GAI_NB","SEX_T","GAI_GRADIENT_3","2020",119.278,,,"R1:3513"
"LKA","BA:1359","EMP_TEMP_SEX_GAI_NB","SEX_T","GAI_GRADIENT_2","2020",619.909,,,"R1:3513"
"LKA","BA:1359","EMP_TEMP_SEX_GAI_NB","SEX_T","GAI_GRADIENT_1","2020",422.06,,,"R1:3513"
"LKA","BA:1359","EMP_TEMP_SEX_GAI_NB","SEX_T","GAI_GRADIENT_5","2020",798.792,,,"R1:3513"
"LKA","BA:1359","EMP_TEMP_SEX_GAI_NB","SEX_T","GAI_GRADIENT_X","2020",5820.936,,,"R1:3513"
"LKA","BA:1359","EMP_TEMP_SEX_GAI_NB","SEX_M","GAI_GRADIENT_TOTAL","2020",5372.947,,,"R1:3513"
"LKA","BA:1359","EMP_TEMP_SEX_GAI_NB","SEX_M","GAI_GRADIENT_4","2020",82.434,,,"R1:3513"
"LKA","BA:1359","EMP_TEMP_SEX_GAI_NB","SEX_M","GAI_GRADIENT_3","2020",68.385,,,"R1:3513"
"LKA","BA:1359","EMP_TEMP_SEX_GAI_NB","SEX_M","GAI_GRADIENT_2","2020",413.479,,,"R1:3513"
"LKA","BA:1359","EMP_TEMP_SEX_GAI_NB","SEX_M","GAI_GRADIENT_1","2020",321.483,,,"R1:3513"
"LKA","BA:1359","EMP_TEMP_SEX_GAI_NB","SEX_M","GAI_GRADIENT_5","2020",627.15,,,"R1:3513"
"LKA","BA:1359","EMP_TEMP_SEX_GAI_NB","SEX_M","GAI_GRADIENT_X","2020",3860.016,,,"R1:3513"
"LKA","BA:1359","EMP_TEMP_SEX_GAI_NB","SEX_F","GAI_GRADIENT_TOTAL","2020",2626.146,,,"R1:3513"
"LKA","BA:1359","EMP_TEMP_SEX_GAI_NB","SEX_F","GAI_GRADIENT_4","2020",135.685,,,"R1:3513"
"LKA","BA:1359","EMP_TEMP_SEX_GAI_NB","SEX_F","GAI_GRADIENT_3","2020",50.893,,,"R1:3513"
"LKA","BA:1359","EMP_TEMP_SEX_GAI_NB","SEX_F","GAI_GRADIENT_2","2020",206.43,,,"R1:3513"
"LKA","BA:1359","EMP_TEMP_SEX_GAI_NB","SEX_F","GAI_GRADIENT_1","2020",100.577,,,"R1:3513"
"LKA","BA:1359","EMP_TEMP_SEX_GAI_NB","SEX_F","GAI_GRADIENT_5","2020",171.642,,,"R1:3513"
"LKA","BA:1359","EMP_TEMP_SEX_GAI_NB","SEX_F","GAI_GRADIENT_X","2020",1960.92,,,"R1:3513"
"LKA","BA:1359","EMP_TEMP_SEX_GAI_NB","SEX_T","GAI_GRADIENT_TOTAL","2019",8180.693,,,"R1:3513"
"LKA","BA:1359","EMP_TEMP_SEX_GAI_NB","SEX_T","GAI_GRADIENT_4","2019",220.428,,,"R1:3513"
"LKA","BA:1359","EMP_TEMP_SEX_GAI_NB","SEX_T","GAI_GRADIENT_3","2019",140.567,,,"R1:3513"
"LKA","BA:1359","EMP_TEMP_SEX_GAI_NB","SEX_T","GAI_GRADIENT_2","2019",636,,,"R1:3513"
"LKA","BA:1359","EMP_TEMP_SEX_GAI_NB","SEX_T","GAI_GRADIENT_1","2019",417.77,,,"R1:3513"
"LKA","BA:1359","EMP_TEMP_SEX_GAI_NB","SEX_T","GAI_GRADIENT_5","2019",894.48,,,"R1:3513"
"LKA","BA:1359","EMP_TEMP_SEX_GAI_NB","SEX_T","GAI_GRADIENT_X","2019",5871.448,,,"R1:3513"
"LKA","BA:1359","EMP_TEMP_SEX_GAI_NB","SEX_M","GAI_GRADIENT_TOTAL","2019",5368.896,,,"R1:3513"
"LKA","BA:1359","EMP_TEMP_SEX_GAI_NB","SEX_M","GAI_GRADIENT_4","2019",88.774,,,"R1:3513"
"LKA","BA:1359","EMP_TEMP_SEX_GAI_NB","SEX_M","GAI_GRADIENT_3","2019",81.481,,,"R1:3513"
"LKA","BA:1359","EMP_TEMP_SEX_GAI_NB","SEX_M","GAI_GRADIENT_2","2019",422.088,,,"R1:3513"
"LKA","BA:1359","EMP_TEMP_SEX_GAI_NB","SEX_M","GAI_GRADIENT_1","2019",318.309,,,"R1:3513"
"LKA","BA:1359","EMP_TEMP_SEX_GAI_NB","SEX_M","GAI_GRADIENT_5","2019",677.884,,,"R1:3513"
"LKA","BA:1359","EMP_TEMP_SEX_GAI_NB","SEX_M","GAI_GRADIENT_X","2019",3780.361,,,"R1:3513"
"LKA","BA:1359","EMP_TEMP_SEX_GAI_NB","SEX_F","GAI_GRADIENT_TOTAL","2019",2811.796,,,"R1:3513"
"LKA","BA:1359","EMP_TEMP_SEX_GAI_NB","SEX_F","GAI_GRADIENT_4","2019",131.654,,,"R1:3513"
"LKA","BA:1359","EMP_TEMP_SEX_GAI_NB","SEX_F","GAI_GRADIENT_3","2019",59.086,,,"R1:3513"
"LKA","BA:1359","EMP_TEMP_SEX_GAI_NB","SEX_F","GAI_GRADIENT_2","2019",213.913,,,"R1:3513"
"LKA","BA:1359","EMP_TEMP_SEX_GAI_NB","SEX_F","GAI_GRADIENT_1","2019",99.461,,,"R1:3513"
"LKA","BA:1359","EMP_TEMP_SEX_GAI_NB","SEX_F","GAI_GRADIENT_5","2019",216.596,,,"R1:3513"
"LKA","BA:1359","EMP_TEMP_SEX_GAI_NB","SEX_F","GAI_GRADIENT_X","2019",2091.086,,,"R1:3513"
"LKA","BA:1359","EMP_TEMP_SEX_GAI_NB","SEX_T","GAI_GRADIENT_TOTAL","2018",8015.166,,,"R1:3513"
"LKA","BA:1359","EMP_TEMP_SEX_GAI_NB","SEX_T","GAI_GRADIENT_4","2018",198.399,,,"R1:3513"
"LKA","BA:1359","EMP_TEMP_SEX_GAI_NB","SEX_T","GAI_GRADIENT_3","2018",123.992,,,"R1:3513"
"LKA","BA:1359","EMP_TEMP_SEX_GAI_NB","SEX_T","GAI_GRADIENT_2","2018",625.082,,,"R1:3513"
"LKA","BA:1359","EMP_TEMP_SEX_GAI_NB","SEX_T","GAI_GRADIENT_1","2018",423.734,,,"R1:3513"
"LKA","BA:1359","EMP_TEMP_SEX_GAI_NB","SEX_T","GAI_GRADIENT_5","2018",838.968,,,"R1:3513"
"LKA","BA:1359","EMP_TEMP_SEX_GAI_NB","SEX_T","GAI_GRADIENT_X","2018",5804.99,,,"R1:3513"
"LKA","BA:1359","EMP_TEMP_SEX_GAI_NB","SEX_M","GAI_GRADIENT_TOTAL","2018",5300.31,,,"R1:3513"
"LKA","BA:1359","EMP_TEMP_SEX_GAI_NB","SEX_M","GAI_GRADIENT_4","2018",80.884,,,"R1:3513"
"LKA","BA:1359","EMP_TEMP_SEX_GAI_NB","SEX_M","GAI_GRADIENT_3","2018",69.723,,,"R1:3513"
"LKA","BA:1359","EMP_TEMP_SEX_GAI_NB","SEX_M","GAI_GRADIENT_2","2018",424.902,,,"R1:3513"
"LKA","BA:1359","EMP_TEMP_SEX_GAI_NB","SEX_M","GAI_GRADIENT_1","2018",330.845,,,"R1:3513"
"LKA","BA:1359","EMP_TEMP_SEX_GAI_NB","SEX_M","GAI_GRADIENT_5","2018",663.322,,,"R1:3513"
"LKA","BA:1359","EMP_TEMP_SEX_GAI_NB","SEX_M","GAI_GRADIENT_X","2018",3730.635,,,"R1:3513"
"LKA","BA:1359","EMP_TEMP_SEX_GAI_NB","SEX_F","GAI_GRADIENT_TOTAL","2018",2714.855,,,"R1:3513"
"LKA","BA:1359","EMP_TEMP_SEX_GAI_NB","SEX_F","GAI_GRADIENT_4","2018",117.515,,,"R1:3513"
"LKA","BA:1359","EMP_TEMP_SEX_GAI_NB","SEX_F","GAI_GRADIENT_3","2018",54.269,,,"R1:3513"
"LKA","BA:1359","EMP_TEMP_SEX_GAI_NB","SEX_F","GAI_GRADIENT_2","2018",200.181,,,"R1:3513"
"LKA","BA:1359","EMP_TEMP_SEX_GAI_NB","SEX_F","GAI_GRADIENT_1","2018",92.889,,,"R1:3513"
"LKA","BA:1359","EMP_TEMP_SEX_GAI_NB","SEX_F","GAI_GRADIENT_5","2018",175.646,,,"R1:3513"
"LKA","BA:1359","EMP_TEMP_SEX_GAI_NB","SEX_F","GAI_GRADIENT_X","2018",2074.355,,,"R1:3513"
"LKA","BA:1359","EMP_TEMP_SEX_GAI_NB","SEX_T","GAI_GRADIENT_TOTAL","2017",8208.179,,,"R1:3513"
"LKA","BA:1359","EMP_TEMP_SEX_GAI_NB","SEX_T","GAI_GRADIENT_4","2017",224.506,,,"R1:3513"
"LKA","BA:1359","EMP_TEMP_SEX_GAI_NB","SEX_T","GAI_GRADIENT_3","2017",131.06,,,"R1:3513"
"LKA","BA:1359","EMP_TEMP_SEX_GAI_NB","SEX_T","GAI_GRADIENT_2","2017",600.022,,,"R1:3513"
"LKA","BA:1359","EMP_TEMP_SEX_GAI_NB","SEX_T","GAI_GRADIENT_1","2017",511.803,,,"R1:3513"
"LKA","BA:1359","EMP_TEMP_SEX_GAI_NB","SEX_T","GAI_GRADIENT_5","2017",772.311,,,"R1:3513"
"LKA","BA:1359","EMP_TEMP_SEX_GAI_NB","SEX_T","GAI_GRADIENT_X","2017",5968.476,,,"R1:3513"
"LKA","BA:1359","EMP_TEMP_SEX_GAI_NB","SEX_M","GAI_GRADIENT_TOTAL","2017",5279.158,,,"R1:3513"
"LKA","BA:1359","EMP_TEMP_SEX_GAI_NB","SEX_M","GAI_GRADIENT_4","2017",83.53,,,"R1:3513"
"LKA","BA:1359","EMP_TEMP_SEX_GAI_NB","SEX_M","GAI_GRADIENT_3","2017",77.925,,,"R1:3513"
"LKA","BA:1359","EMP_TEMP_SEX_GAI_NB","SEX_M","GAI_GRADIENT_2","2017",401.16,,,"R1:3513"
"LKA","BA:1359","EMP_TEMP_SEX_GAI_NB","SEX_M","GAI_GRADIENT_1","2017",370.264,,,"R1:3513"
"LKA","BA:1359","EMP_TEMP_SEX_GAI_NB","SEX_M","GAI_GRADIENT_5","2017",591.731,,,"R1:3513"
"LKA","BA:1359","EMP_TEMP_SEX_GAI_NB","SEX_M","GAI_GRADIENT_X","2017",3754.548,,,"R1:3513"
"LKA","BA:1359","EMP_TEMP_SEX_GAI_NB","SEX_F","GAI_GRADIENT_TOTAL","2017",2929.021,,,"R1:3513"
"LKA","BA:1359","EMP_TEMP_SEX_GAI_NB","SEX_F","GAI_GRADIENT_4","2017",140.976,,,"R1:3513"
"LKA","BA:1359","EMP_TEMP_SEX_GAI_NB","SEX_F","GAI_GRADIENT_3","2017",53.134,,,"R1:3513"
"LKA","BA:1359","EMP_TEMP_SEX_GAI_NB","SEX_F","GAI_GRADIENT_2","2017",198.863,,,"R1:3513"
"LKA","BA:1359","EMP_TEMP_SEX_GAI_NB","SEX_F","GAI_GRADIENT_1","2017",141.539,,,"R1:3513"
"LKA","BA:1359","EMP_TEMP_SEX_GAI_NB","SEX_F","GAI_GRADIENT_5","2017",180.58,,,"R1:3513"
"LKA","BA:1359","EMP_TEMP_SEX_GAI_NB","SEX_F","GAI_GRADIENT_X","2017",2213.928,,,"R1:3513"
"LKA","BA:1359","EMP_TEMP_SEX_GAI_NB","SEX_T","GAI_GRADIENT_TOTAL","2016",7947.683,,,"R1:3513"
"LKA","BA:1359","EMP_TEMP_SEX_GAI_NB","SEX_T","GAI_GRADIENT_4","2016",216.166,,,"R1:3513"
"LKA","BA:1359","EMP_TEMP_SEX_GAI_NB","SEX_T","GAI_GRADIENT_3","2016",120.634,,,"R1:3513"
"LKA","BA:1359","EMP_TEMP_SEX_GAI_NB","SEX_T","GAI_GRADIENT_2","2016",535.586,,,"R1:3513"
"LKA","BA:1359","EMP_TEMP_SEX_GAI_NB","SEX_T","GAI_GRADIENT_1","2016",583.207,,,"R1:3513"
"LKA","BA:1359","EMP_TEMP_SEX_GAI_NB","SEX_T","GAI_GRADIENT_5","2016",649.803,,,"R1:3513"
"LKA","BA:1359","EMP_TEMP_SEX_GAI_NB","SEX_T","GAI_GRADIENT_X","2016",5842.286,,,"R1:3513"
"LKA","BA:1359","EMP_TEMP_SEX_GAI_NB","SEX_M","GAI_GRADIENT_TOTAL","2016",5149.948,,,"R1:3513"
"LKA","BA:1359","EMP_TEMP_SEX_GAI_NB","SEX_M","GAI_GRADIENT_4","2016",92.324,,,"R1:3513"
"LKA","BA:1359","EMP_TEMP_SEX_GAI_NB","SEX_M","GAI_GRADIENT_3","2016",65.222,,,"R1:3513"
"LKA","BA:1359","EMP_TEMP_SEX_GAI_NB","SEX_M","GAI_GRADIENT_2","2016",352.001,,,"R1:3513"
"LKA","BA:1359","EMP_TEMP_SEX_GAI_NB","SEX_M","GAI_GRADIENT_1","2016",419.366,,,"R1:3513"
"LKA","BA:1359","EMP_TEMP_SEX_GAI_NB","SEX_M","GAI_GRADIENT_5","2016",518.985,,,"R1:3513"
"LKA","BA:1359","EMP_TEMP_SEX_GAI_NB","SEX_M","GAI_GRADIENT_X","2016",3702.05,,,"R1:3513"
"LKA","BA:1359","EMP_TEMP_SEX_GAI_NB","SEX_F","GAI_GRADIENT_TOTAL","2016",2797.735,,,"R1:3513"
"LKA","BA:1359","EMP_TEMP_SEX_GAI_NB","SEX_F","GAI_GRADIENT_4","2016",123.842,,,"R1:3513"
"LKA","BA:1359","EMP_TEMP_SEX_GAI_NB","SEX_F","GAI_GRADIENT_3","2016",55.413,,,"R1:3513"
"LKA","BA:1359","EMP_TEMP_SEX_GAI_NB","SEX_F","GAI_GRADIENT_2","2016",183.585,,,"R1:3513"
"LKA","BA:1359","EMP_TEMP_SEX_GAI_NB","SEX_F","GAI_GRADIENT_1","2016",163.841,,,"R1:3513"
"LKA","BA:1359","EMP_TEMP_SEX_GAI_NB","SEX_F","GAI_GRADIENT_5","2016",130.818,,,"R1:3513"
"LKA","BA:1359","EMP_TEMP_SEX_GAI_NB","SEX_F","GAI_GRADIENT_X","2016",2140.236,,,"R1:3513"
"LKA","BA:1359","EMP_TEMP_SEX_GAI_NB","SEX_T","GAI_GRADIENT_TOTAL","2015",7830.976,,,"R1:3513"
"LKA","BA:1359","EMP_TEMP_SEX_GAI_NB","SEX_T","GAI_GRADIENT_4","2015",221.238,,,"R1:3513"
"LKA","BA:1359","EMP_TEMP_SEX_GAI_NB","SEX_T","GAI_GRADIENT_3","2015",108.291,,,"R1:3513"
"LKA","BA:1359","EMP_TEMP_SEX_GAI_NB","SEX_T","GAI_GRADIENT_2","2015",512.633,,,"R1:3513"
"LKA","BA:1359","EMP_TEMP_SEX_GAI_NB","SEX_T","GAI_GRADIENT_1","2015",550.124,,,"R1:3513"
"LKA","BA:1359","EMP_TEMP_SEX_GAI_NB","SEX_T","GAI_GRADIENT_5","2015",695.406,,,"R1:3513"
"LKA","BA:1359","EMP_TEMP_SEX_GAI_NB","SEX_T","GAI_GRADIENT_X","2015",5743.285,,,"R1:3513"
"LKA","BA:1359","EMP_TEMP_SEX_GAI_NB","SEX_M","GAI_GRADIENT_TOTAL","2015",5097.798,,,"R1:3513"
"LKA","BA:1359","EMP_TEMP_SEX_GAI_NB","SEX_M","GAI_GRADIENT_4","2015",96.212,,,"R1:3513"
"LKA","BA:1359","EMP_TEMP_SEX_GAI_NB","SEX_M","GAI_GRADIENT_3","2015",60.529,,,"R1:3513"
"LKA","BA:1359","EMP_TEMP_SEX_GAI_NB","SEX_M","GAI_GRADIENT_2","2015",363.987,,,"R1:3513"
"LKA","BA:1359","EMP_TEMP_SEX_GAI_NB","SEX_M","GAI_GRADIENT_1","2015",387.991,,,"R1:3513"
"LKA","BA:1359","EMP_TEMP_SEX_GAI_NB","SEX_M","GAI_GRADIENT_5","2015",554.856,,,"R1:3513"
"LKA","BA:1359","EMP_TEMP_SEX_GAI_NB","SEX_M","GAI_GRADIENT_X","2015",3634.224,,,"R1:3513"
"LKA","BA:1359","EMP_TEMP_SEX_GAI_NB","SEX_F","GAI_GRADIENT_TOTAL","2015",2733.178,,,"R1:3513"
"LKA","BA:1359","EMP_TEMP_SEX_GAI_NB","SEX_F","GAI_GRADIENT_4","2015",125.026,,,"R1:3513"
"LKA","BA:1359","EMP_TEMP_SEX_GAI_NB","SEX_F","GAI_GRADIENT_3","2015",47.762,,,"R1:3513"
"LKA","BA:1359","EMP_TEMP_SEX_GAI_NB","SEX_F","GAI_GRADIENT_2","2015",148.646,,,"R1:3513"
"LKA","BA:1359","EMP_TEMP_SEX_GAI_NB","SEX_F","GAI_GRADIENT_1","2015",162.133,,,"R1:3513"
"LKA","BA:1359","EMP_TEMP_SEX_GAI_NB","SEX_F","GAI_GRADIENT_5","2015",140.55,,,"R1:3513"
"LKA","BA:1359","EMP_TEMP_SEX_GAI_NB","SEX_F","GAI_GRADIENT_X","2015",2109.061,,,"R1:3513"
"LKA","BA:1359","EMP_TEMP_SEX_GAI_NB","SEX_T","GAI_GRADIENT_TOTAL","2014",7484.6,,,"R1:3513"
"LKA","BA:1359","EMP_TEMP_SEX_GAI_NB","SEX_T","GAI_GRADIENT_4","2014",237.528,,,"R1:3513"
"LKA","BA:1359","EMP_TEMP_SEX_GAI_NB","SEX_T","GAI_GRADIENT_3","2014",104.275,,,"R1:3513"
"LKA","BA:1359","EMP_TEMP_SEX_GAI_NB","SEX_T","GAI_GRADIENT_2","2014",421.312,,,"R1:3513"
"LKA","BA:1359","EMP_TEMP_SEX_GAI_NB","SEX_T","GAI_GRADIENT_1","2014",568.568,,,"R1:3513"
"LKA","BA:1359","EMP_TEMP_SEX_GAI_NB","SEX_T","GAI_GRADIENT_5","2014",615.731,,,"R1:3513"
"LKA","BA:1359","EMP_TEMP_SEX_GAI_NB","SEX_T","GAI_GRADIENT_X","2014",5537.185,,,"R1:3513"
"LKA","BA:1359","EMP_TEMP_SEX_GAI_NB","SEX_M","GAI_GRADIENT_TOTAL","2014",4933.67,,,"R1:3513"
"LKA","BA:1359","EMP_TEMP_SEX_GAI_NB","SEX_M","GAI_GRADIENT_4","2014",103.478,,,"R1:3513"
"LKA","BA:1359","EMP_TEMP_SEX_GAI_NB","SEX_M","GAI_GRADIENT_3","2014",61.108,,,"R1:3513"
"LKA","BA:1359","EMP_TEMP_SEX_GAI_NB","SEX_M","GAI_GRADIENT_2","2014",294.946,,,"R1:3513"
"LKA","BA:1359","EMP_TEMP_SEX_GAI_NB","SEX_M","GAI_GRADIENT_1","2014",403.394,,,"R1:3513"
"LKA","BA:1359","EMP_TEMP_SEX_GAI_NB","SEX_M","GAI_GRADIENT_5","2014",474.917,,,"R1:3513"
"LKA","BA:1359","EMP_TEMP_SEX_GAI_NB","SEX_M","GAI_GRADIENT_X","2014",3595.827,,,"R1:3513"
"LKA","BA:1359","EMP_TEMP_SEX_GAI_NB","SEX_F","GAI_GRADIENT_TOTAL","2014",2550.93,,,"R1:3513"
"LKA","BA:1359","EMP_TEMP_SEX_GAI_NB","SEX_F","GAI_GRADIENT_4","2014",134.05,,,"R1:3513"
"LKA","BA:1359","EMP_TEMP_SEX_GAI_NB","SEX_F","GAI_GRADIENT_3","2014",43.168,,,"R1:3513"
"LKA","BA:1359","EMP_TEMP_SEX_GAI_NB","SEX_F","GAI_GRADIENT_2","2014",126.366,,,"R1:3513"
"LKA","BA:1359","EMP_TEMP_SEX_GAI_NB","SEX_F","GAI_GRADIENT_1","2014",165.174,,,"R1:3513"
"LKA","BA:1359","EMP_TEMP_SEX_GAI_NB","SEX_F","GAI_GRADIENT_5","2014",140.815,,,"R1:3513"
"LKA","BA:1359","EMP_TEMP_SEX_GAI_NB","SEX_F","GAI_GRADIENT_X","2014",1941.357,,,"R1:3513"
"LKA","BA:1359","EMP_TEMP_SEX_GAI_NB","SEX_T","GAI_GRADIENT_TOTAL","2013",7459.691,,,"R1:3513"
"LKA","BA:1359","EMP_TEMP_SEX_GAI_NB","SEX_T","GAI_GRADIENT_4","2013",195.02,,,"R1:3513"
"LKA","BA:1359","EMP_TEMP_SEX_GAI_NB","SEX_T","GAI_GRADIENT_3","2013",107.197,,,"R1:3513"
"LKA","BA:1359","EMP_TEMP_SEX_GAI_NB","SEX_T","GAI_GRADIENT_2","2013",441.109,,,"R1:3513"
"LKA","BA:1359","EMP_TEMP_SEX_GAI_NB","SEX_T","GAI_GRADIENT_1","2013",524.22,,,"R1:3513"
"LKA","BA:1359","EMP_TEMP_SEX_GAI_NB","SEX_T","GAI_GRADIENT_5","2013",592.329,,,"R1:3513"
"LKA","BA:1359","EMP_TEMP_SEX_GAI_NB","SEX_T","GAI_GRADIENT_X","2013",5599.817,,,"R1:3513"
"LKA","BA:1359","EMP_TEMP_SEX_GAI_NB","SEX_M","GAI_GRADIENT_TOTAL","2013",4885.955,,,"R1:3513"
"LKA","BA:1359","EMP_TEMP_SEX_GAI_NB","SEX_M","GAI_GRADIENT_4","2013",91.525,,,"R1:3513"
"LKA","BA:1359","EMP_TEMP_SEX_GAI_NB","SEX_M","GAI_GRADIENT_3","2013",58.512,,,"R1:3513"
"LKA","BA:1359","EMP_TEMP_SEX_GAI_NB","SEX_M","GAI_GRADIENT_2","2013",291.981,,,"R1:3513"
"LKA","BA:1359","EMP_TEMP_SEX_GAI_NB","SEX_M","GAI_GRADIENT_1","2013",376.684,,,"R1:3513"
"LKA","BA:1359","EMP_TEMP_SEX_GAI_NB","SEX_M","GAI_GRADIENT_5","2013",462.834,,,"R1:3513"
"LKA","BA:1359","EMP_TEMP_SEX_GAI_NB","SEX_M","GAI_GRADIENT_X","2013",3604.42,,,"R1:3513"
"LKA","BA:1359","EMP_TEMP_SEX_GAI_NB","SEX_F","GAI_GRADIENT_TOTAL","2013",2573.737,,,"R1:3513"
"LKA","BA:1359","EMP_TEMP_SEX_GAI_NB","SEX_F","GAI_GRADIENT_4","2013",103.496,,,"R1:3513"
"LKA","BA:1359","EMP_TEMP_SEX_GAI_NB","SEX_F","GAI_GRADIENT_3","2013",48.685,,,"R1:3513"
"LKA","BA:1359","EMP_TEMP_SEX_GAI_NB","SEX_F","GAI_GRADIENT_2","2013",149.128,,,"R1:3513"
"LKA","BA:1359","EMP_TEMP_SEX_GAI_NB","SEX_F","GAI_GRADIENT_1","2013",147.535,,,"R1:3513"
"LKA","BA:1359","EMP_TEMP_SEX_GAI_NB","SEX_F","GAI_GRADIENT_5","2013",129.496,,,"R1:3513"
"LKA","BA:1359","EMP_TEMP_SEX_GAI_NB","SEX_F","GAI_GRADIENT_X","2013",1995.397,,,"R1:3513"
"LSO","BA:13","EMP_TEMP_SEX_GAI_NB","SEX_T","GAI_GRADIENT_TOTAL","2024",803.319,,,"R1:3513"
"LSO","BA:13","EMP_TEMP_SEX_GAI_NB","SEX_T","GAI_GRADIENT_4","2024",2.665,,,"R1:3513"
"LSO","BA:13","EMP_TEMP_SEX_GAI_NB","SEX_T","GAI_GRADIENT_3","2024",8.443,,,"R1:3513"
"LSO","BA:13","EMP_TEMP_SEX_GAI_NB","SEX_T","GAI_GRADIENT_2","2024",20.291,,,"R1:3513"
"LSO","BA:13","EMP_TEMP_SEX_GAI_NB","SEX_T","GAI_GRADIENT_1","2024",41.17,,,"R1:3513"
"LSO","BA:13","EMP_TEMP_SEX_GAI_NB","SEX_T","GAI_GRADIENT_5","2024",53.529,,,"R1:3513"
"LSO","BA:13","EMP_TEMP_SEX_GAI_NB","SEX_T","GAI_GRADIENT_X","2024",677.221,,,"R1:3513"
"LSO","BA:13","EMP_TEMP_SEX_GAI_NB","SEX_M","GAI_GRADIENT_TOTAL","2024",451.113,,,"R1:3513"
"LSO","BA:13","EMP_TEMP_SEX_GAI_NB","SEX_M","GAI_GRADIENT_4","2024",0.674,"U",,"R1:3513"
"LSO","BA:13","EMP_TEMP_SEX_GAI_NB","SEX_M","GAI_GRADIENT_3","2024",2.822,,,"R1:3513"
"LSO","BA:13","EMP_TEMP_SEX_GAI_NB","SEX_M","GAI_GRADIENT_2","2024",9.652,,,"R1:3513"
"LSO","BA:13","EMP_TEMP_SEX_GAI_NB","SEX_M","GAI_GRADIENT_1","2024",26.718,,,"R1:3513"
"LSO","BA:13","EMP_TEMP_SEX_GAI_NB","SEX_M","GAI_GRADIENT_5","2024",21.536,,,"R1:3513"
"LSO","BA:13","EMP_TEMP_SEX_GAI_NB","SEX_M","GAI_GRADIENT_X","2024",389.711,,,"R1:3513"
"LSO","BA:13","EMP_TEMP_SEX_GAI_NB","SEX_F","GAI_GRADIENT_TOTAL","2024",352.206,,,"R1:3513"
"LSO","BA:13","EMP_TEMP_SEX_GAI_NB","SEX_F","GAI_GRADIENT_4","2024",1.991,,,"R1:3513"
"LSO","BA:13","EMP_TEMP_SEX_GAI_NB","SEX_F","GAI_GRADIENT_3","2024",5.621,,,"R1:3513"
"LSO","BA:13","EMP_TEMP_SEX_GAI_NB","SEX_F","GAI_GRADIENT_2","2024",10.639,,,"R1:3513"
"LSO","BA:13","EMP_TEMP_SEX_GAI_NB","SEX_F","GAI_GRADIENT_1","2024",14.452,,,"R1:3513"
"LSO","BA:13","EMP_TEMP_SEX_GAI_NB","SEX_F","GAI_GRADIENT_5","2024",31.992,,,"R1:3513"
"LSO","BA:13","EMP_TEMP_SEX_GAI_NB","SEX_F","GAI_GRADIENT_X","2024",287.511,,,"R1:3513"
"MDV","BB:704","EMP_TEMP_SEX_GAI_NB","SEX_T","GAI_GRADIENT_TOTAL","2019",192.805,,,"R1:3513"
"MDV","BB:704","EMP_TEMP_SEX_GAI_NB","SEX_T","GAI_GRADIENT_4","2019",8.759,,,"R1:3513"
"MDV","BB:704","EMP_TEMP_SEX_GAI_NB","SEX_T","GAI_GRADIENT_3","2019",15.318,,,"R1:3513"
"MDV","BB:704","EMP_TEMP_SEX_GAI_NB","SEX_T","GAI_GRADIENT_2","2019",12.551,,,"R1:3513"
"MDV","BB:704","EMP_TEMP_SEX_GAI_NB","SEX_T","GAI_GRADIENT_1","2019",17,,,"R1:3513"
"MDV","BB:704","EMP_TEMP_SEX_GAI_NB","SEX_T","GAI_GRADIENT_5","2019",27.653,,,"R1:3513"
"MDV","BB:704","EMP_TEMP_SEX_GAI_NB","SEX_T","GAI_GRADIENT_X","2019",111.524,,,"R1:3513"
"MDV","BB:704","EMP_TEMP_SEX_GAI_NB","SEX_M","GAI_GRADIENT_TOTAL","2019",110.291,,,"R1:3513"
"MDV","BB:704","EMP_TEMP_SEX_GAI_NB","SEX_M","GAI_GRADIENT_4","2019",3.647,,,"R1:3513"
"MDV","BB:704","EMP_TEMP_SEX_GAI_NB","SEX_M","GAI_GRADIENT_3","2019",7.639,,,"R1:3513"
"MDV","BB:704","EMP_TEMP_SEX_GAI_NB","SEX_M","GAI_GRADIENT_2","2019",9.896,,,"R1:3513"
"MDV","BB:704","EMP_TEMP_SEX_GAI_NB","SEX_M","GAI_GRADIENT_1","2019",8.793,,,"R1:3513"
"MDV","BB:704","EMP_TEMP_SEX_GAI_NB","SEX_M","GAI_GRADIENT_5","2019",17.527,,,"R1:3513"
"MDV","BB:704","EMP_TEMP_SEX_GAI_NB","SEX_M","GAI_GRADIENT_X","2019",62.788,,,"R1:3513"
"MDV","BB:704","EMP_TEMP_SEX_GAI_NB","SEX_F","GAI_GRADIENT_TOTAL","2019",82.514,,,"R1:3513"
"MDV","BB:704","EMP_TEMP_SEX_GAI_NB","SEX_F","GAI_GRADIENT_4","2019",5.112,,,"R1:3513"
"MDV","BB:704","EMP_TEMP_SEX_GAI_NB","SEX_F","GAI_GRADIENT_3","2019",7.678,,,"R1:3513"
"MDV","BB:704","EMP_TEMP_SEX_GAI_NB","SEX_F","GAI_GRADIENT_2","2019",2.655,,,"R1:3513"
"MDV","BB:704","EMP_TEMP_SEX_GAI_NB","SEX_F","GAI_GRADIENT_1","2019",8.206,,,"R1:3513"
"MDV","BB:704","EMP_TEMP_SEX_GAI_NB","SEX_F","GAI_GRADIENT_5","2019",10.125,,,"R1:3513"
"MDV","BB:704","EMP_TEMP_SEX_GAI_NB","SEX_F","GAI_GRADIENT_X","2019",48.737,,,"R1:3513"
"MDV","BB:704","EMP_TEMP_SEX_GAI_NB","SEX_T","GAI_GRADIENT_TOTAL","2016",145.246,"B","I11:264","R1:3513"
"MDV","BB:704","EMP_TEMP_SEX_GAI_NB","SEX_T","GAI_GRADIENT_4","2016",8.91,"B","I11:264","R1:3513"
"MDV","BB:704","EMP_TEMP_SEX_GAI_NB","SEX_T","GAI_GRADIENT_3","2016",7.787,"B","I11:264","R1:3513"
"MDV","BB:704","EMP_TEMP_SEX_GAI_NB","SEX_T","GAI_GRADIENT_2","2016",13.088,"B","I11:264","R1:3513"
"MDV","BB:704","EMP_TEMP_SEX_GAI_NB","SEX_T","GAI_GRADIENT_1","2016",9.198,"B","I11:264","R1:3513"
"MDV","BB:704","EMP_TEMP_SEX_GAI_NB","SEX_T","GAI_GRADIENT_5","2016",17.323,"B","I11:264","R1:3513"
"MDV","BB:704","EMP_TEMP_SEX_GAI_NB","SEX_T","GAI_GRADIENT_X","2016",88.94,"B","I11:264","R1:3513"
"MDV","BB:704","EMP_TEMP_SEX_GAI_NB","SEX_M","GAI_GRADIENT_TOTAL","2016",87.642,"B","I11:264","R1:3513"
"MDV","BB:704","EMP_TEMP_SEX_GAI_NB","SEX_M","GAI_GRADIENT_4","2016",4.395,"B","I11:264","R1:3513"
"MDV","BB:704","EMP_TEMP_SEX_GAI_NB","SEX_M","GAI_GRADIENT_3","2016",2.953,"B","I11:264","R1:3513"
"MDV","BB:704","EMP_TEMP_SEX_GAI_NB","SEX_M","GAI_GRADIENT_2","2016",8.865,"B","I11:264","R1:3513"
"MDV","BB:704","EMP_TEMP_SEX_GAI_NB","SEX_M","GAI_GRADIENT_1","2016",5.466,"B","I11:264","R1:3513"
"MDV","BB:704","EMP_TEMP_SEX_GAI_NB","SEX_M","GAI_GRADIENT_5","2016",12.019,"B","I11:264","R1:3513"
"MDV","BB:704","EMP_TEMP_SEX_GAI_NB","SEX_M","GAI_GRADIENT_X","2016",53.944,"B","I11:264","R1:3513"
"MDV","BB:704","EMP_TEMP_SEX_GAI_NB","SEX_F","GAI_GRADIENT_TOTAL","2016",57.604,"B","I11:264","R1:3513"
"MDV","BB:704","EMP_TEMP_SEX_GAI_NB","SEX_F","GAI_GRADIENT_4","2016",4.516,"B","I11:264","R1:3513"
"MDV","BB:704","EMP_TEMP_SEX_GAI_NB","SEX_F","GAI_GRADIENT_3","2016",4.834,"B","I11:264","R1:3513"
"MDV","BB:704","EMP_TEMP_SEX_GAI_NB","SEX_F","GAI_GRADIENT_2","2016",4.223,"B","I11:264","R1:3513"
"MDV","BB:704","EMP_TEMP_SEX_GAI_NB","SEX_F","GAI_GRADIENT_1","2016",3.732,"B","I11:264","R1:3513"
"MDV","BB:704","EMP_TEMP_SEX_GAI_NB","SEX_F","GAI_GRADIENT_5","2016",5.304,"B","I11:264","R1:3513"
"MDV","BB:704","EMP_TEMP_SEX_GAI_NB","SEX_F","GAI_GRADIENT_X","2016",34.995,"B","I11:264","R1:3513"
"MEX","BA:463","EMP_TEMP_SEX_GAI_NB","SEX_T","GAI_GRADIENT_TOTAL","2025",60478.041,,,"R1:3513"
"MEX","BA:463","EMP_TEMP_SEX_GAI_NB","SEX_T","GAI_GRADIENT_4","2025",1920.936,,,"R1:3513"
"MEX","BA:463","EMP_TEMP_SEX_GAI_NB","SEX_T","GAI_GRADIENT_3","2025",2488.042,,,"R1:3513"
"MEX","BA:463","EMP_TEMP_SEX_GAI_NB","SEX_T","GAI_GRADIENT_2","2025",4383.799,,,"R1:3513"
"MEX","BA:463","EMP_TEMP_SEX_GAI_NB","SEX_T","GAI_GRADIENT_1","2025",5775.17,,,"R1:3513"
"MEX","BA:463","EMP_TEMP_SEX_GAI_NB","SEX_T","GAI_GRADIENT_5","2025",7808.357,,,"R1:3513"
"MEX","BA:463","EMP_TEMP_SEX_GAI_NB","SEX_T","GAI_GRADIENT_X","2025",38101.736,,,"R1:3513"
"MEX","BA:463","EMP_TEMP_SEX_GAI_NB","SEX_M","GAI_GRADIENT_TOTAL","2025",35739.968,,,"R1:3513"
"MEX","BA:463","EMP_TEMP_SEX_GAI_NB","SEX_M","GAI_GRADIENT_4","2025",771.011,,,"R1:3513"
"MEX","BA:463","EMP_TEMP_SEX_GAI_NB","SEX_M","GAI_GRADIENT_3","2025",976.574,,,"R1:3513"
"MEX","BA:463","EMP_TEMP_SEX_GAI_NB","SEX_M","GAI_GRADIENT_2","2025",2127.001,,,"R1:3513"
"MEX","BA:463","EMP_TEMP_SEX_GAI_NB","SEX_M","GAI_GRADIENT_1","2025",2788.742,,,"R1:3513"
"MEX","BA:463","EMP_TEMP_SEX_GAI_NB","SEX_M","GAI_GRADIENT_5","2025",4638.349,,,"R1:3513"
"MEX","BA:463","EMP_TEMP_SEX_GAI_NB","SEX_M","GAI_GRADIENT_X","2025",24438.291,,,"R1:3513"
"MEX","BA:463","EMP_TEMP_SEX_GAI_NB","SEX_F","GAI_GRADIENT_TOTAL","2025",24738.073,,,"R1:3513"
"MEX","BA:463","EMP_TEMP_SEX_GAI_NB","SEX_F","GAI_GRADIENT_4","2025",1149.925,,,"R1:3513"
"MEX","BA:463","EMP_TEMP_SEX_GAI_NB","SEX_F","GAI_GRADIENT_3","2025",1511.469,,,"R1:3513"
"MEX","BA:463","EMP_TEMP_SEX_GAI_NB","SEX_F","GAI_GRADIENT_2","2025",2256.798,,,"R1:3513"
"MEX","BA:463","EMP_TEMP_SEX_GAI_NB","SEX_F","GAI_GRADIENT_1","2025",2986.429,,,"R1:3513"
"MEX","BA:463","EMP_TEMP_SEX_GAI_NB","SEX_F","GAI_GRADIENT_5","2025",3170.008,,,"R1:3513"
"MEX","BA:463","EMP_TEMP_SEX_GAI_NB","SEX_F","GAI_GRADIENT_X","2025",13663.445,,,"R1:3513"
"MEX","BA:463","EMP_TEMP_SEX_GAI_NB","SEX_T","GAI_GRADIENT_TOTAL","2024",60336.446,,,"R1:3513"
"MEX","BA:463","EMP_TEMP_SEX_GAI_NB","SEX_T","GAI_GRADIENT_4","2024",1835.117,,,"R1:3513"
"MEX","BA:463","EMP_TEMP_SEX_GAI_NB","SEX_T","GAI_GRADIENT_3","2024",2546.865,,,"R1:3513"
"MEX","BA:463","EMP_TEMP_SEX_GAI_NB","SEX_T","GAI_GRADIENT_2","2024",4287.981,,,"R1:3513"
"MEX","BA:463","EMP_TEMP_SEX_GAI_NB","SEX_T","GAI_GRADIENT_1","2024",5659.45,,,"R1:3513"
"MEX","BA:463","EMP_TEMP_SEX_GAI_NB","SEX_T","GAI_GRADIENT_5","2024",7773.58,,,"R1:3513"
"MEX","BA:463","EMP_TEMP_SEX_GAI_NB","SEX_T","GAI_GRADIENT_X","2024",38233.454,,,"R1:3513"
"MEX","BA:463","EMP_TEMP_SEX_GAI_NB","SEX_M","GAI_GRADIENT_TOTAL","2024",35621.558,,,"R1:3513"
"MEX","BA:463","EMP_TEMP_SEX_GAI_NB","SEX_M","GAI_GRADIENT_4","2024",768.663,,,"R1:3513"
"MEX","BA:463","EMP_TEMP_SEX_GAI_NB","SEX_M","GAI_GRADIENT_3","2024",981.062,,,"R1:3513"
"MEX","BA:463","EMP_TEMP_SEX_GAI_NB","SEX_M","GAI_GRADIENT_2","2024",2037.052,,,"R1:3513"
"MEX","BA:463","EMP_TEMP_SEX_GAI_NB","SEX_M","GAI_GRADIENT_1","2024",2696.194,,,"R1:3513"
"MEX","BA:463","EMP_TEMP_SEX_GAI_NB","SEX_M","GAI_GRADIENT_5","2024",4631.452,,,"R1:3513"
"MEX","BA:463","EMP_TEMP_SEX_GAI_NB","SEX_M","GAI_GRADIENT_X","2024",24507.136,,,"R1:3513"
"MEX","BA:463","EMP_TEMP_SEX_GAI_NB","SEX_F","GAI_GRADIENT_TOTAL","2024",24714.888,,,"R1:3513"
"MEX","BA:463","EMP_TEMP_SEX_GAI_NB","SEX_F","GAI_GRADIENT_4","2024",1066.454,,,"R1:3513"
"MEX","BA:463","EMP_TEMP_SEX_GAI_NB","SEX_F","GAI_GRADIENT_3","2024",1565.804,,,"R1:3513"
"MEX","BA:463","EMP_TEMP_SEX_GAI_NB","SEX_F","GAI_GRADIENT_2","2024",2250.929,,,"R1:3513"
"MEX","BA:463","EMP_TEMP_SEX_GAI_NB","SEX_F","GAI_GRADIENT_1","2024",2963.256,,,"R1:3513"
"MEX","BA:463","EMP_TEMP_SEX_GAI_NB","SEX_F","GAI_GRADIENT_5","2024",3142.128,,,"R1:3513"
"MEX","BA:463","EMP_TEMP_SEX_GAI_NB","SEX_F","GAI_GRADIENT_X","2024",13726.318,,,"R1:3513"
"MEX","BA:463","EMP_TEMP_SEX_GAI_NB","SEX_T","GAI_GRADIENT_TOTAL","2023",59810.052,,,"R1:3513"
"MEX","BA:463","EMP_TEMP_SEX_GAI_NB","SEX_T","GAI_GRADIENT_4","2023",1758.057,,,"R1:3513"
"MEX","BA:463","EMP_TEMP_SEX_GAI_NB","SEX_T","GAI_GRADIENT_3","2023",2500.996,,,"R1:3513"
"MEX","BA:463","EMP_TEMP_SEX_GAI_NB","SEX_T","GAI_GRADIENT_2","2023",4151.252,,,"R1:3513"
"MEX","BA:463","EMP_TEMP_SEX_GAI_NB","SEX_T","GAI_GRADIENT_1","2023",5597.387,,,"R1:3513"
"MEX","BA:463","EMP_TEMP_SEX_GAI_NB","SEX_T","GAI_GRADIENT_5","2023",7547.579,,,"R1:3513"
"MEX","BA:463","EMP_TEMP_SEX_GAI_NB","SEX_T","GAI_GRADIENT_X","2023",38254.782,,,"R1:3513"
"MEX","BA:463","EMP_TEMP_SEX_GAI_NB","SEX_M","GAI_GRADIENT_TOTAL","2023",35508.858,,,"R1:3513"
"MEX","BA:463","EMP_TEMP_SEX_GAI_NB","SEX_M","GAI_GRADIENT_4","2023",744.535,,,"R1:3513"
"MEX","BA:463","EMP_TEMP_SEX_GAI_NB","SEX_M","GAI_GRADIENT_3","2023",979.418,,,"R1:3513"
"MEX","BA:463","EMP_TEMP_SEX_GAI_NB","SEX_M","GAI_GRADIENT_2","2023",1989.25,,,"R1:3513"
"MEX","BA:463","EMP_TEMP_SEX_GAI_NB","SEX_M","GAI_GRADIENT_1","2023",2726.867,,,"R1:3513"
"MEX","BA:463","EMP_TEMP_SEX_GAI_NB","SEX_M","GAI_GRADIENT_5","2023",4464.377,,,"R1:3513"
"MEX","BA:463","EMP_TEMP_SEX_GAI_NB","SEX_M","GAI_GRADIENT_X","2023",24604.411,,,"R1:3513"
"MEX","BA:463","EMP_TEMP_SEX_GAI_NB","SEX_F","GAI_GRADIENT_TOTAL","2023",24301.194,,,"R1:3513"
"MEX","BA:463","EMP_TEMP_SEX_GAI_NB","SEX_F","GAI_GRADIENT_4","2023",1013.522,,,"R1:3513"
"MEX","BA:463","EMP_TEMP_SEX_GAI_NB","SEX_F","GAI_GRADIENT_3","2023",1521.578,,,"R1:3513"
"MEX","BA:463","EMP_TEMP_SEX_GAI_NB","SEX_F","GAI_GRADIENT_2","2023",2162.002,,,"R1:3513"
"MEX","BA:463","EMP_TEMP_SEX_GAI_NB","SEX_F","GAI_GRADIENT_1","2023",2870.52,,,"R1:3513"
"MEX","BA:463","EMP_TEMP_SEX_GAI_NB","SEX_F","GAI_GRADIENT_5","2023",3083.202,,,"R1:3513"
"MEX","BA:463","EMP_TEMP_SEX_GAI_NB","SEX_F","GAI_GRADIENT_X","2023",13650.371,,,"R1:3513"
"MEX","BA:463","EMP_TEMP_SEX_GAI_NB","SEX_T","GAI_GRADIENT_TOTAL","2022",58314.144,,,"R1:3513"
"MEX","BA:463","EMP_TEMP_SEX_GAI_NB","SEX_T","GAI_GRADIENT_4","2022",1711.21,,,"R1:3513"
"MEX","BA:463","EMP_TEMP_SEX_GAI_NB","SEX_T","GAI_GRADIENT_3","2022",2425.521,,,"R1:3513"
"MEX","BA:463","EMP_TEMP_SEX_GAI_NB","SEX_T","GAI_GRADIENT_2","2022",4126.385,,,"R1:3513"
"MEX","BA:463","EMP_TEMP_SEX_GAI_NB","SEX_T","GAI_GRADIENT_1","2022",5408.649,,,"R1:3513"
"MEX","BA:463","EMP_TEMP_SEX_GAI_NB","SEX_T","GAI_GRADIENT_5","2022",7203.816,,,"R1:3513"
"MEX","BA:463","EMP_TEMP_SEX_GAI_NB","SEX_T","GAI_GRADIENT_X","2022",37438.562,,,"R1:3513"
"MEX","BA:463","EMP_TEMP_SEX_GAI_NB","SEX_M","GAI_GRADIENT_TOTAL","2022",35054.772,,,"R1:3513"
"MEX","BA:463","EMP_TEMP_SEX_GAI_NB","SEX_M","GAI_GRADIENT_4","2022",729.128,,,"R1:3513"
"MEX","BA:463","EMP_TEMP_SEX_GAI_NB","SEX_M","GAI_GRADIENT_3","2022",950.753,,,"R1:3513"
"MEX","BA:463","EMP_TEMP_SEX_GAI_NB","SEX_M","GAI_GRADIENT_2","2022",1982.436,,,"R1:3513"
"MEX","BA:463","EMP_TEMP_SEX_GAI_NB","SEX_M","GAI_GRADIENT_1","2022",2691.319,,,"R1:3513"
"MEX","BA:463","EMP_TEMP_SEX_GAI_NB","SEX_M","GAI_GRADIENT_5","2022",4276.012,,,"R1:3513"
"MEX","BA:463","EMP_TEMP_SEX_GAI_NB","SEX_M","GAI_GRADIENT_X","2022",24425.124,,,"R1:3513"
"MEX","BA:463","EMP_TEMP_SEX_GAI_NB","SEX_F","GAI_GRADIENT_TOTAL","2022",23259.373,,,"R1:3513"
"MEX","BA:463","EMP_TEMP_SEX_GAI_NB","SEX_F","GAI_GRADIENT_4","2022",982.082,,,"R1:3513"
"MEX","BA:463","EMP_TEMP_SEX_GAI_NB","SEX_F","GAI_GRADIENT_3","2022",1474.768,,,"R1:3513"
"MEX","BA:463","EMP_TEMP_SEX_GAI_NB","SEX_F","GAI_GRADIENT_2","2022",2143.95,,,"R1:3513"
"MEX","BA:463","EMP_TEMP_SEX_GAI_NB","SEX_F","GAI_GRADIENT_1","2022",2717.33,,,"R1:3513"
"MEX","BA:463","EMP_TEMP_SEX_GAI_NB","SEX_F","GAI_GRADIENT_5","2022",2927.803,,,"R1:3513"
"MEX","BA:463","EMP_TEMP_SEX_GAI_NB","SEX_F","GAI_GRADIENT_X","2022",13013.439,,,"R1:3513"
"MEX","BA:463","EMP_TEMP_SEX_GAI_NB","SEX_T","GAI_GRADIENT_TOTAL","2021",54172.811,,,"R1:3513"
"MEX","BA:463","EMP_TEMP_SEX_GAI_NB","SEX_T","GAI_GRADIENT_4","2021",1709.862,,,"R1:3513"
"MEX","BA:463","EMP_TEMP_SEX_GAI_NB","SEX_T","GAI_GRADIENT_3","2021",2230.75,,,"R1:3513"
"MEX","BA:463","EMP_TEMP_SEX_GAI_NB","SEX_T","GAI_GRADIENT_2","2021",3810.28,,,"R1:3513"
"MEX","BA:463","EMP_TEMP_SEX_GAI_NB","SEX_T","GAI_GRADIENT_1","2021",5499.823,,,"R1:3513"
"MEX","BA:463","EMP_TEMP_SEX_GAI_NB","SEX_T","GAI_GRADIENT_5","2021",6700.306,,,"R1:3513"
"MEX","BA:463","EMP_TEMP_SEX_GAI_NB","SEX_T","GAI_GRADIENT_X","2021",34221.79,,,"R1:3513"
"MEX","BA:463","EMP_TEMP_SEX_GAI_NB","SEX_M","GAI_GRADIENT_TOTAL","2021",33057.007,,,"R1:3513"
"MEX","BA:463","EMP_TEMP_SEX_GAI_NB","SEX_M","GAI_GRADIENT_4","2021",733.887,,,"R1:3513"
"MEX","BA:463","EMP_TEMP_SEX_GAI_NB","SEX_M","GAI_GRADIENT_3","2021",850.747,,,"R1:3513"
"MEX","BA:463","EMP_TEMP_SEX_GAI_NB","SEX_M","GAI_GRADIENT_2","2021",1767.195,,,"R1:3513"
"MEX","BA:463","EMP_TEMP_SEX_GAI_NB","SEX_M","GAI_GRADIENT_1","2021",2766.788,,,"R1:3513"
"MEX","BA:463","EMP_TEMP_SEX_GAI_NB","SEX_M","GAI_GRADIENT_5","2021",4136.346,,,"R1:3513"
"MEX","BA:463","EMP_TEMP_SEX_GAI_NB","SEX_M","GAI_GRADIENT_X","2021",22802.043,,,"R1:3513"
"MEX","BA:463","EMP_TEMP_SEX_GAI_NB","SEX_F","GAI_GRADIENT_TOTAL","2021",21115.804,,,"R1:3513"
"MEX","BA:463","EMP_TEMP_SEX_GAI_NB","SEX_F","GAI_GRADIENT_4","2021",975.975,,,"R1:3513"
"MEX","BA:463","EMP_TEMP_SEX_GAI_NB","SEX_F","GAI_GRADIENT_3","2021",1380.003,,,"R1:3513"
"MEX","BA:463","EMP_TEMP_SEX_GAI_NB","SEX_F","GAI_GRADIENT_2","2021",2043.085,,,"R1:3513"
"MEX","BA:463","EMP_TEMP_SEX_GAI_NB","SEX_F","GAI_GRADIENT_1","2021",2733.035,,,"R1:3513"
"MEX","BA:463","EMP_TEMP_SEX_GAI_NB","SEX_F","GAI_GRADIENT_5","2021",2563.959,,,"R1:3513"
"MEX","BA:463","EMP_TEMP_SEX_GAI_NB","SEX_F","GAI_GRADIENT_X","2021",11419.746,,,"R1:3513"
"MEX","BA:463","EMP_TEMP_SEX_GAI_NB","SEX_T","GAI_GRADIENT_TOTAL","2020",51420.181,"B","I11:264","R1:3513"
"MEX","BA:463","EMP_TEMP_SEX_GAI_NB","SEX_T","GAI_GRADIENT_4","2020",1737.849,"B","I11:264","R1:3513"
"MEX","BA:463","EMP_TEMP_SEX_GAI_NB","SEX_T","GAI_GRADIENT_3","2020",2281.371,"B","I11:264","R1:3513"
"MEX","BA:463","EMP_TEMP_SEX_GAI_NB","SEX_T","GAI_GRADIENT_2","2020",3525.798,"B","I11:264","R1:3513"
"MEX","BA:463","EMP_TEMP_SEX_GAI_NB","SEX_T","GAI_GRADIENT_1","2020",5938.89,"B","I11:264","R1:3513"
"MEX","BA:463","EMP_TEMP_SEX_GAI_NB","SEX_T","GAI_GRADIENT_5","2020",6262.524,"B","I11:264","R1:3513"
"MEX","BA:463","EMP_TEMP_SEX_GAI_NB","SEX_T","GAI_GRADIENT_X","2020",31673.75,"B","I11:264","R1:3513"
"MEX","BA:463","EMP_TEMP_SEX_GAI_NB","SEX_M","GAI_GRADIENT_TOTAL","2020",31433.909,"B","I11:264","R1:3513"
"MEX","BA:463","EMP_TEMP_SEX_GAI_NB","SEX_M","GAI_GRADIENT_4","2020",760.875,"B","I11:264","R1:3513"
"MEX","BA:463","EMP_TEMP_SEX_GAI_NB","SEX_M","GAI_GRADIENT_3","2020",802.591,"B","I11:264","R1:3513"
"MEX","BA:463","EMP_TEMP_SEX_GAI_NB","SEX_M","GAI_GRADIENT_2","2020",1624.831,"B","I11:264","R1:3513"
"MEX","BA:463","EMP_TEMP_SEX_GAI_NB","SEX_M","GAI_GRADIENT_1","2020",3136.2,"B","I11:264","R1:3513"
"MEX","BA:463","EMP_TEMP_SEX_GAI_NB","SEX_M","GAI_GRADIENT_5","2020",3875.989,"B","I11:264","R1:3513"
"MEX","BA:463","EMP_TEMP_SEX_GAI_NB","SEX_M","GAI_GRADIENT_X","2020",21233.423,"B","I11:264","R1:3513"
"MEX","BA:463","EMP_TEMP_SEX_GAI_NB","SEX_F","GAI_GRADIENT_TOTAL","2020",19986.273,"B","I11:264","R1:3513"
"MEX","BA:463","EMP_TEMP_SEX_GAI_NB","SEX_F","GAI_GRADIENT_4","2020",976.974,"B","I11:264","R1:3513"
"MEX","BA:463","EMP_TEMP_SEX_GAI_NB","SEX_F","GAI_GRADIENT_3","2020",1478.78,"B","I11:264","R1:3513"
"MEX","BA:463","EMP_TEMP_SEX_GAI_NB","SEX_F","GAI_GRADIENT_2","2020",1900.967,"B","I11:264","R1:3513"
"MEX","BA:463","EMP_TEMP_SEX_GAI_NB","SEX_F","GAI_GRADIENT_1","2020",2802.69,"B","I11:264","R1:3513"
"MEX","BA:463","EMP_TEMP_SEX_GAI_NB","SEX_F","GAI_GRADIENT_5","2020",2386.535,"B","I11:264","R1:3513"
"MEX","BA:463","EMP_TEMP_SEX_GAI_NB","SEX_F","GAI_GRADIENT_X","2020",10440.327,"B","I11:264","R1:3513"
"MEX","BA:463","EMP_TEMP_SEX_GAI_NB","SEX_T","GAI_GRADIENT_TOTAL","2019",54614.549,,,"R1:3513"
"MEX","BA:463","EMP_TEMP_SEX_GAI_NB","SEX_T","GAI_GRADIENT_4","2019",1736.208,,,"R1:3513"
"MEX","BA:463","EMP_TEMP_SEX_GAI_NB","SEX_T","GAI_GRADIENT_3","2019",2382.344,,,"R1:3513"
"MEX","BA:463","EMP_TEMP_SEX_GAI_NB","SEX_T","GAI_GRADIENT_2","2019",3929.822,,,"R1:3513"
"MEX","BA:463","EMP_TEMP_SEX_GAI_NB","SEX_T","GAI_GRADIENT_1","2019",6523.368,,,"R1:3513"
"MEX","BA:463","EMP_TEMP_SEX_GAI_NB","SEX_T","GAI_GRADIENT_5","2019",6885.548,,,"R1:3513"
"MEX","BA:463","EMP_TEMP_SEX_GAI_NB","SEX_T","GAI_GRADIENT_X","2019",33157.259,,,"R1:3513"
"MEX","BA:463","EMP_TEMP_SEX_GAI_NB","SEX_M","GAI_GRADIENT_TOTAL","2019",33265.952,,,"R1:3513"
"MEX","BA:463","EMP_TEMP_SEX_GAI_NB","SEX_M","GAI_GRADIENT_4","2019",775.052,,,"R1:3513"
"MEX","BA:463","EMP_TEMP_SEX_GAI_NB","SEX_M","GAI_GRADIENT_3","2019",848.709,,,"R1:3513"
"MEX","BA:463","EMP_TEMP_SEX_GAI_NB","SEX_M","GAI_GRADIENT_2","2019",1770.179,,,"R1:3513"
"MEX","BA:463","EMP_TEMP_SEX_GAI_NB","SEX_M","GAI_GRADIENT_1","2019",3335.491,,,"R1:3513"
"MEX","BA:463","EMP_TEMP_SEX_GAI_NB","SEX_M","GAI_GRADIENT_5","2019",4393.412,,,"R1:3513"
"MEX","BA:463","EMP_TEMP_SEX_GAI_NB","SEX_M","GAI_GRADIENT_X","2019",22143.108,,,"R1:3513"
"MEX","BA:463","EMP_TEMP_SEX_GAI_NB","SEX_F","GAI_GRADIENT_TOTAL","2019",21348.597,,,"R1:3513"
"MEX","BA:463","EMP_TEMP_SEX_GAI_NB","SEX_F","GAI_GRADIENT_4","2019",961.157,,,"R1:3513"
"MEX","BA:463","EMP_TEMP_SEX_GAI_NB","SEX_F","GAI_GRADIENT_3","2019",1533.635,,,"R1:3513"
"MEX","BA:463","EMP_TEMP_SEX_GAI_NB","SEX_F","GAI_GRADIENT_2","2019",2159.642,,,"R1:3513"
"MEX","BA:463","EMP_TEMP_SEX_GAI_NB","SEX_F","GAI_GRADIENT_1","2019",3187.877,,,"R1:3513"
"MEX","BA:463","EMP_TEMP_SEX_GAI_NB","SEX_F","GAI_GRADIENT_5","2019",2492.136,,,"R1:3513"
"MEX","BA:463","EMP_TEMP_SEX_GAI_NB","SEX_F","GAI_GRADIENT_X","2019",11014.15,,,"R1:3513"
"MEX","BA:463","EMP_TEMP_SEX_GAI_NB","SEX_T","GAI_GRADIENT_TOTAL","2018",53161.791,,,"R1:3513"
"MEX","BA:463","EMP_TEMP_SEX_GAI_NB","SEX_T","GAI_GRADIENT_4","2018",1691.196,,,"R1:3513"
"MEX","BA:463","EMP_TEMP_SEX_GAI_NB","SEX_T","GAI_GRADIENT_3","2018",2322.627,,,"R1:3513"
"MEX","BA:463","EMP_TEMP_SEX_GAI_NB","SEX_T","GAI_GRADIENT_2","2018",3721.869,,,"R1:3513"
"MEX","BA:463","EMP_TEMP_SEX_GAI_NB","SEX_T","GAI_GRADIENT_1","2018",6174.919,,,"R1:3513"
"MEX","BA:463","EMP_TEMP_SEX_GAI_NB","SEX_T","GAI_GRADIENT_5","2018",6734.762,,,"R1:3513"
"MEX","BA:463","EMP_TEMP_SEX_GAI_NB","SEX_T","GAI_GRADIENT_X","2018",32516.418,,,"R1:3513"
"MEX","BA:463","EMP_TEMP_SEX_GAI_NB","SEX_M","GAI_GRADIENT_TOTAL","2018",32791.415,,,"R1:3513"
"MEX","BA:463","EMP_TEMP_SEX_GAI_NB","SEX_M","GAI_GRADIENT_4","2018",778.576,,,"R1:3513"
"MEX","BA:463","EMP_TEMP_SEX_GAI_NB","SEX_M","GAI_GRADIENT_3","2018",819.493,,,"R1:3513"
"MEX","BA:463","EMP_TEMP_SEX_GAI_NB","SEX_M","GAI_GRADIENT_2","2018",1718.018,,,"R1:3513"
"MEX","BA:463","EMP_TEMP_SEX_GAI_NB","SEX_M","GAI_GRADIENT_1","2018",3223.418,,,"R1:3513"
"MEX","BA:463","EMP_TEMP_SEX_GAI_NB","SEX_M","GAI_GRADIENT_5","2018",4339.562,,,"R1:3513"
"MEX","BA:463","EMP_TEMP_SEX_GAI_NB","SEX_M","GAI_GRADIENT_X","2018",21912.347,,,"R1:3513"
"MEX","BA:463","EMP_TEMP_SEX_GAI_NB","SEX_F","GAI_GRADIENT_TOTAL","2018",20370.376,,,"R1:3513"
"MEX","BA:463","EMP_TEMP_SEX_GAI_NB","SEX_F","GAI_GRADIENT_4","2018",912.62,,,"R1:3513"
"MEX","BA:463","EMP_TEMP_SEX_GAI_NB","SEX_F","GAI_GRADIENT_3","2018",1503.134,,,"R1:3513"
"MEX","BA:463","EMP_TEMP_SEX_GAI_NB","SEX_F","GAI_GRADIENT_2","2018",2003.85,,,"R1:3513"
"MEX","BA:463","EMP_TEMP_SEX_GAI_NB","SEX_F","GAI_GRADIENT_1","2018",2951.501,,,"R1:3513"
"MEX","BA:463","EMP_TEMP_SEX_GAI_NB","SEX_F","GAI_GRADIENT_5","2018",2395.2,,,"R1:3513"
"MEX","BA:463","EMP_TEMP_SEX_GAI_NB","SEX_F","GAI_GRADIENT_X","2018",10604.071,,,"R1:3513"
"MEX","BA:463","EMP_TEMP_SEX_GAI_NB","SEX_T","GAI_GRADIENT_TOTAL","2017",51680.279,,,"R1:3513"
"MEX","BA:463","EMP_TEMP_SEX_GAI_NB","SEX_T","GAI_GRADIENT_4","2017",1560.508,,,"R1:3513"
"MEX","BA:463","EMP_TEMP_SEX_GAI_NB","SEX_T","GAI_GRADIENT_3","2017",2258.874,,,"R1:3513"
"MEX","BA:463","EMP_TEMP_SEX_GAI_NB","SEX_T","GAI_GRADIENT_2","2017",3655.372,,,"R1:3513"
"MEX","BA:463","EMP_TEMP_SEX_GAI_NB","SEX_T","GAI_GRADIENT_1","2017",6020.973,,,"R1:3513"
"MEX","BA:463","EMP_TEMP_SEX_GAI_NB","SEX_T","GAI_GRADIENT_5","2017",6403.232,,,"R1:3513"
"MEX","BA:463","EMP_TEMP_SEX_GAI_NB","SEX_T","GAI_GRADIENT_X","2017",31781.321,,,"R1:3513"
"MEX","BA:463","EMP_TEMP_SEX_GAI_NB","SEX_M","GAI_GRADIENT_TOTAL","2017",31996.886,,,"R1:3513"
"MEX","BA:463","EMP_TEMP_SEX_GAI_NB","SEX_M","GAI_GRADIENT_4","2017",697.366,,,"R1:3513"
"MEX","BA:463","EMP_TEMP_SEX_GAI_NB","SEX_M","GAI_GRADIENT_3","2017",802.346,,,"R1:3513"
"MEX","BA:463","EMP_TEMP_SEX_GAI_NB","SEX_M","GAI_GRADIENT_2","2017",1708.997,,,"R1:3513"
"MEX","BA:463","EMP_TEMP_SEX_GAI_NB","SEX_M","GAI_GRADIENT_1","2017",3165.619,,,"R1:3513"
"MEX","BA:463","EMP_TEMP_SEX_GAI_NB","SEX_M","GAI_GRADIENT_5","2017",4113.602,,,"R1:3513"
"MEX","BA:463","EMP_TEMP_SEX_GAI_NB","SEX_M","GAI_GRADIENT_X","2017",21508.956,,,"R1:3513"
"MEX","BA:463","EMP_TEMP_SEX_GAI_NB","SEX_F","GAI_GRADIENT_TOTAL","2017",19683.393,,,"R1:3513"
"MEX","BA:463","EMP_TEMP_SEX_GAI_NB","SEX_F","GAI_GRADIENT_4","2017",863.141,,,"R1:3513"
"MEX","BA:463","EMP_TEMP_SEX_GAI_NB","SEX_F","GAI_GRADIENT_3","2017",1456.528,,,"R1:3513"
"MEX","BA:463","EMP_TEMP_SEX_GAI_NB","SEX_F","GAI_GRADIENT_2","2017",1946.375,,,"R1:3513"
"MEX","BA:463","EMP_TEMP_SEX_GAI_NB","SEX_F","GAI_GRADIENT_1","2017",2855.354,,,"R1:3513"
"MEX","BA:463","EMP_TEMP_SEX_GAI_NB","SEX_F","GAI_GRADIENT_5","2017",2289.63,,,"R1:3513"
"MEX","BA:463","EMP_TEMP_SEX_GAI_NB","SEX_F","GAI_GRADIENT_X","2017",10272.365,,,"R1:3513"
"MEX","BA:463","EMP_TEMP_SEX_GAI_NB","SEX_T","GAI_GRADIENT_TOTAL","2016",50863.634,,,"R1:3513"
"MEX","BA:463","EMP_TEMP_SEX_GAI_NB","SEX_T","GAI_GRADIENT_4","2016",1490.616,,,"R1:3513"
"MEX","BA:463","EMP_TEMP_SEX_GAI_NB","SEX_T","GAI_GRADIENT_3","2016",2261.287,,,"R1:3513"
"MEX","BA:463","EMP_TEMP_SEX_GAI_NB","SEX_T","GAI_GRADIENT_2","2016",3636.903,,,"R1:3513"
"MEX","BA:463","EMP_TEMP_SEX_GAI_NB","SEX_T","GAI_GRADIENT_1","2016",6016,,,"R1:3513"
"MEX","BA:463","EMP_TEMP_SEX_GAI_NB","SEX_T","GAI_GRADIENT_5","2016",6264.372,,,"R1:3513"
"MEX","BA:463","EMP_TEMP_SEX_GAI_NB","SEX_T","GAI_GRADIENT_X","2016",31194.457,,,"R1:3513"
"MEX","BA:463","EMP_TEMP_SEX_GAI_NB","SEX_M","GAI_GRADIENT_TOTAL","2016",31426.228,,,"R1:3513"
"MEX","BA:463","EMP_TEMP_SEX_GAI_NB","SEX_M","GAI_GRADIENT_4","2016",680.68,,,"R1:3513"
"MEX","BA:463","EMP_TEMP_SEX_GAI_NB","SEX_M","GAI_GRADIENT_3","2016",796.754,,,"R1:3513"
"MEX","BA:463","EMP_TEMP_SEX_GAI_NB","SEX_M","GAI_GRADIENT_2","2016",1644.564,,,"R1:3513"
"MEX","BA:463","EMP_TEMP_SEX_GAI_NB","SEX_M","GAI_GRADIENT_1","2016",3127.849,,,"R1:3513"
"MEX","BA:463","EMP_TEMP_SEX_GAI_NB","SEX_M","GAI_GRADIENT_5","2016",4074.977,,,"R1:3513"
"MEX","BA:463","EMP_TEMP_SEX_GAI_NB","SEX_M","GAI_GRADIENT_X","2016",21101.404,,,"R1:3513"
"MEX","BA:463","EMP_TEMP_SEX_GAI_NB","SEX_F","GAI_GRADIENT_TOTAL","2016",19437.406,,,"R1:3513"
"MEX","BA:463","EMP_TEMP_SEX_GAI_NB","SEX_F","GAI_GRADIENT_4","2016",809.936,,,"R1:3513"
"MEX","BA:463","EMP_TEMP_SEX_GAI_NB","SEX_F","GAI_GRADIENT_3","2016",1464.532,,,"R1:3513"
"MEX","BA:463","EMP_TEMP_SEX_GAI_NB","SEX_F","GAI_GRADIENT_2","2016",1992.339,,,"R1:3513"
"MEX","BA:463","EMP_TEMP_SEX_GAI_NB","SEX_F","GAI_GRADIENT_1","2016",2888.151,,,"R1:3513"
"MEX","BA:463","EMP_TEMP_SEX_GAI_NB","SEX_F","GAI_GRADIENT_5","2016",2189.396,,,"R1:3513"
"MEX","BA:463","EMP_TEMP_SEX_GAI_NB","SEX_F","GAI_GRADIENT_X","2016",10093.053,,,"R1:3513"
"MEX","BA:463","EMP_TEMP_SEX_GAI_NB","SEX_T","GAI_GRADIENT_TOTAL","2015",49828.505,,,"R1:3513"
"MEX","BA:463","EMP_TEMP_SEX_GAI_NB","SEX_T","GAI_GRADIENT_4","2015",1475.707,,,"R1:3513"
"MEX","BA:463","EMP_TEMP_SEX_GAI_NB","SEX_T","GAI_GRADIENT_3","2015",2209.488,,,"R1:3513"
"MEX","BA:463","EMP_TEMP_SEX_GAI_NB","SEX_T","GAI_GRADIENT_2","2015",3604.967,,,"R1:3513"
"MEX","BA:463","EMP_TEMP_SEX_GAI_NB","SEX_T","GAI_GRADIENT_1","2015",5857.416,,,"R1:3513"
"MEX","BA:463","EMP_TEMP_SEX_GAI_NB","SEX_T","GAI_GRADIENT_5","2015",5988.731,,,"R1:3513"
"MEX","BA:463","EMP_TEMP_SEX_GAI_NB","SEX_T","GAI_GRADIENT_X","2015",30692.196,,,"R1:3513"
"MEX","BA:463","EMP_TEMP_SEX_GAI_NB","SEX_M","GAI_GRADIENT_TOTAL","2015",30876.964,,,"R1:3513"
"MEX","BA:463","EMP_TEMP_SEX_GAI_NB","SEX_M","GAI_GRADIENT_4","2015",693.004,,,"R1:3513"
"MEX","BA:463","EMP_TEMP_SEX_GAI_NB","SEX_M","GAI_GRADIENT_3","2015",775.005,,,"R1:3513"
"MEX","BA:463","EMP_TEMP_SEX_GAI_NB","SEX_M","GAI_GRADIENT_2","2015",1654.854,,,"R1:3513"
"MEX","BA:463","EMP_TEMP_SEX_GAI_NB","SEX_M","GAI_GRADIENT_1","2015",3068.841,,,"R1:3513"
"MEX","BA:463","EMP_TEMP_SEX_GAI_NB","SEX_M","GAI_GRADIENT_5","2015",3891.133,,,"R1:3513"
"MEX","BA:463","EMP_TEMP_SEX_GAI_NB","SEX_M","GAI_GRADIENT_X","2015",20794.127,,,"R1:3513"
"MEX","BA:463","EMP_TEMP_SEX_GAI_NB","SEX_F","GAI_GRADIENT_TOTAL","2015",18951.54,,,"R1:3513"
"MEX","BA:463","EMP_TEMP_SEX_GAI_NB","SEX_F","GAI_GRADIENT_4","2015",782.702,,,"R1:3513"
"MEX","BA:463","EMP_TEMP_SEX_GAI_NB","SEX_F","GAI_GRADIENT_3","2015",1434.483,,,"R1:3513"
"MEX","BA:463","EMP_TEMP_SEX_GAI_NB","SEX_F","GAI_GRADIENT_2","2015",1950.112,,,"R1:3513"
"MEX","BA:463","EMP_TEMP_SEX_GAI_NB","SEX_F","GAI_GRADIENT_1","2015",2788.576,,,"R1:3513"
"MEX","BA:463","EMP_TEMP_SEX_GAI_NB","SEX_F","GAI_GRADIENT_5","2015",2097.598,,,"R1:3513"
"MEX","BA:463","EMP_TEMP_SEX_GAI_NB","SEX_F","GAI_GRADIENT_X","2015",9898.069,,,"R1:3513"
"MEX","BA:463","EMP_TEMP_SEX_GAI_NB","SEX_T","GAI_GRADIENT_TOTAL","2014",48617.093,,,"R1:3513"
"MEX","BA:463","EMP_TEMP_SEX_GAI_NB","SEX_T","GAI_GRADIENT_4","2014",1421.785,,,"R1:3513"
"MEX","BA:463","EMP_TEMP_SEX_GAI_NB","SEX_T","GAI_GRADIENT_3","2014",2186.363,,,"R1:3513"
"MEX","BA:463","EMP_TEMP_SEX_GAI_NB","SEX_T","GAI_GRADIENT_2","2014",3599.199,,,"R1:3513"
"MEX","BA:463","EMP_TEMP_SEX_GAI_NB","SEX_T","GAI_GRADIENT_1","2014",5804.626,,,"R1:3513"
"MEX","BA:463","EMP_TEMP_SEX_GAI_NB","SEX_T","GAI_GRADIENT_5","2014",5897.101,,,"R1:3513"
"MEX","BA:463","EMP_TEMP_SEX_GAI_NB","SEX_T","GAI_GRADIENT_X","2014",29708.018,,,"R1:3513"
"MEX","BA:463","EMP_TEMP_SEX_GAI_NB","SEX_M","GAI_GRADIENT_TOTAL","2014",30215.514,,,"R1:3513"
"MEX","BA:463","EMP_TEMP_SEX_GAI_NB","SEX_M","GAI_GRADIENT_4","2014",674.469,,,"R1:3513"
"MEX","BA:463","EMP_TEMP_SEX_GAI_NB","SEX_M","GAI_GRADIENT_3","2014",730.139,,,"R1:3513"
"MEX","BA:463","EMP_TEMP_SEX_GAI_NB","SEX_M","GAI_GRADIENT_2","2014",1684.369,,,"R1:3513"
"MEX","BA:463","EMP_TEMP_SEX_GAI_NB","SEX_M","GAI_GRADIENT_1","2014",3036.296,,,"R1:3513"
"MEX","BA:463","EMP_TEMP_SEX_GAI_NB","SEX_M","GAI_GRADIENT_5","2014",3841.195,,,"R1:3513"
"MEX","BA:463","EMP_TEMP_SEX_GAI_NB","SEX_M","GAI_GRADIENT_X","2014",20249.045,,,"R1:3513"
"MEX","BA:463","EMP_TEMP_SEX_GAI_NB","SEX_F","GAI_GRADIENT_TOTAL","2014",18401.579,,,"R1:3513"
"MEX","BA:463","EMP_TEMP_SEX_GAI_NB","SEX_F","GAI_GRADIENT_4","2014",747.316,,,"R1:3513"
"MEX","BA:463","EMP_TEMP_SEX_GAI_NB","SEX_F","GAI_GRADIENT_3","2014",1456.224,,,"R1:3513"
"MEX","BA:463","EMP_TEMP_SEX_GAI_NB","SEX_F","GAI_GRADIENT_2","2014",1914.831,,,"R1:3513"
"MEX","BA:463","EMP_TEMP_SEX_GAI_NB","SEX_F","GAI_GRADIENT_1","2014",2768.329,,,"R1:3513"
"MEX","BA:463","EMP_TEMP_SEX_GAI_NB","SEX_F","GAI_GRADIENT_5","2014",2055.906,,,"R1:3513"
"MEX","BA:463","EMP_TEMP_SEX_GAI_NB","SEX_F","GAI_GRADIENT_X","2014",9458.973,,,"R1:3513"
"MEX","BA:463","EMP_TEMP_SEX_GAI_NB","SEX_T","GAI_GRADIENT_TOTAL","2013",48411.866,,,"R1:3513"
"MEX","BA:463","EMP_TEMP_SEX_GAI_NB","SEX_T","GAI_GRADIENT_4","2013",1388.975,,,"R1:3513"
"MEX","BA:463","EMP_TEMP_SEX_GAI_NB","SEX_T","GAI_GRADIENT_3","2013",2190.786,,,"R1:3513"
"MEX","BA:463","EMP_TEMP_SEX_GAI_NB","SEX_T","GAI_GRADIENT_2","2013",3621.986,,,"R1:3513"
"MEX","BA:463","EMP_TEMP_SEX_GAI_NB","SEX_T","GAI_GRADIENT_1","2013",5772.843,,,"R1:3513"
"MEX","BA:463","EMP_TEMP_SEX_GAI_NB","SEX_T","GAI_GRADIENT_5","2013",5874.344,,,"R1:3513"
"MEX","BA:463","EMP_TEMP_SEX_GAI_NB","SEX_T","GAI_GRADIENT_X","2013",29562.933,,,"R1:3513"
"MEX","BA:463","EMP_TEMP_SEX_GAI_NB","SEX_M","GAI_GRADIENT_TOTAL","2013",29871.171,,,"R1:3513"
"MEX","BA:463","EMP_TEMP_SEX_GAI_NB","SEX_M","GAI_GRADIENT_4","2013",651.12,,,"R1:3513"
"MEX","BA:463","EMP_TEMP_SEX_GAI_NB","SEX_M","GAI_GRADIENT_3","2013",724.388,,,"R1:3513"
"MEX","BA:463","EMP_TEMP_SEX_GAI_NB","SEX_M","GAI_GRADIENT_2","2013",1654.053,,,"R1:3513"
"MEX","BA:463","EMP_TEMP_SEX_GAI_NB","SEX_M","GAI_GRADIENT_1","2013",3014.305,,,"R1:3513"
"MEX","BA:463","EMP_TEMP_SEX_GAI_NB","SEX_M","GAI_GRADIENT_5","2013",3790.845,,,"R1:3513"
"MEX","BA:463","EMP_TEMP_SEX_GAI_NB","SEX_M","GAI_GRADIENT_X","2013",20036.46,,,"R1:3513"
"MEX","BA:463","EMP_TEMP_SEX_GAI_NB","SEX_F","GAI_GRADIENT_TOTAL","2013",18540.696,,,"R1:3513"
"MEX","BA:463","EMP_TEMP_SEX_GAI_NB","SEX_F","GAI_GRADIENT_4","2013",737.856,,,"R1:3513"
"MEX","BA:463","EMP_TEMP_SEX_GAI_NB","SEX_F","GAI_GRADIENT_3","2013",1466.398,,,"R1:3513"
"MEX","BA:463","EMP_TEMP_SEX_GAI_NB","SEX_F","GAI_GRADIENT_2","2013",1967.933,,,"R1:3513"
"MEX","BA:463","EMP_TEMP_SEX_GAI_NB","SEX_F","GAI_GRADIENT_1","2013",2758.538,,,"R1:3513"
"MEX","BA:463","EMP_TEMP_SEX_GAI_NB","SEX_F","GAI_GRADIENT_5","2013",2083.499,,,"R1:3513"
"MEX","BA:463","EMP_TEMP_SEX_GAI_NB","SEX_F","GAI_GRADIENT_X","2013",9526.472,,,"R1:3513"
"MHL","AA:1406","EMP_TEMP_SEX_GAI_NB","SEX_T","GAI_GRADIENT_TOTAL","2021",12.485,"B","I11:264","R1:3513"
"MHL","AA:1406","EMP_TEMP_SEX_GAI_NB","SEX_T","GAI_GRADIENT_4","2021",0.394,"B","I11:264","R1:3513"
"MHL","AA:1406","EMP_TEMP_SEX_GAI_NB","SEX_T","GAI_GRADIENT_3","2021",0.623,"B","I11:264","R1:3513"
"MHL","AA:1406","EMP_TEMP_SEX_GAI_NB","SEX_T","GAI_GRADIENT_2","2021",0.696,"B","I11:264","R1:3513"
"MHL","AA:1406","EMP_TEMP_SEX_GAI_NB","SEX_T","GAI_GRADIENT_1","2021",0.994,"B","I11:264","R1:3513"
"MHL","AA:1406","EMP_TEMP_SEX_GAI_NB","SEX_T","GAI_GRADIENT_5","2021",1.457,"B","I11:264","R1:3513"
"MHL","AA:1406","EMP_TEMP_SEX_GAI_NB","SEX_T","GAI_GRADIENT_X","2021",8.321,"B","I11:264","R1:3513"
"MHL","AA:1406","EMP_TEMP_SEX_GAI_NB","SEX_M","GAI_GRADIENT_TOTAL","2021",7.949,"B","I11:264","R1:3513"
"MHL","AA:1406","EMP_TEMP_SEX_GAI_NB","SEX_M","GAI_GRADIENT_4","2021",0.174,"B","I11:264","R1:3513"
"MHL","AA:1406","EMP_TEMP_SEX_GAI_NB","SEX_M","GAI_GRADIENT_3","2021",0.261,"B","I11:264","R1:3513"
"MHL","AA:1406","EMP_TEMP_SEX_GAI_NB","SEX_M","GAI_GRADIENT_2","2021",0.429,"B","I11:264","R1:3513"
"MHL","AA:1406","EMP_TEMP_SEX_GAI_NB","SEX_M","GAI_GRADIENT_1","2021",0.436,"B","I11:264","R1:3513"
"MHL","AA:1406","EMP_TEMP_SEX_GAI_NB","SEX_M","GAI_GRADIENT_5","2021",0.912,"B","I11:264","R1:3513"
"MHL","AA:1406","EMP_TEMP_SEX_GAI_NB","SEX_M","GAI_GRADIENT_X","2021",5.737,"B","I11:264","R1:3513"
"MHL","AA:1406","EMP_TEMP_SEX_GAI_NB","SEX_F","GAI_GRADIENT_TOTAL","2021",4.536,"B","I11:264","R1:3513"
"MHL","AA:1406","EMP_TEMP_SEX_GAI_NB","SEX_F","GAI_GRADIENT_4","2021",0.22,"B","I11:264","R1:3513"
"MHL","AA:1406","EMP_TEMP_SEX_GAI_NB","SEX_F","GAI_GRADIENT_3","2021",0.362,"B","I11:264","R1:3513"
"MHL","AA:1406","EMP_TEMP_SEX_GAI_NB","SEX_F","GAI_GRADIENT_2","2021",0.267,"B","I11:264","R1:3513"
"MHL","AA:1406","EMP_TEMP_SEX_GAI_NB","SEX_F","GAI_GRADIENT_1","2021",0.558,"B","I11:264","R1:3513"
"MHL","AA:1406","EMP_TEMP_SEX_GAI_NB","SEX_F","GAI_GRADIENT_5","2021",0.545,"B","I11:264","R1:3513"
"MHL","AA:1406","EMP_TEMP_SEX_GAI_NB","SEX_F","GAI_GRADIENT_X","2021",2.584,"B","I11:264","R1:3513"
"MKD","BA:501","EMP_TEMP_SEX_GAI_NB","SEX_T","GAI_GRADIENT_TOTAL","2025",699.945,,,"R1:3513"
"MKD","BA:501","EMP_TEMP_SEX_GAI_NB","SEX_T","GAI_GRADIENT_4","2025",19.28,,,"R1:3513"
"MKD","BA:501","EMP_TEMP_SEX_GAI_NB","SEX_T","GAI_GRADIENT_3","2025",61.414,,,"R1:3513"
"MKD","BA:501","EMP_TEMP_SEX_GAI_NB","SEX_T","GAI_GRADIENT_2","2025",76.745,,,"R1:3513"
"MKD","BA:501","EMP_TEMP_SEX_GAI_NB","SEX_T","GAI_GRADIENT_1","2025",30.68,,,"R1:3513"
"MKD","BA:501","EMP_TEMP_SEX_GAI_NB","SEX_T","GAI_GRADIENT_5","2025",110.813,,,"R1:3513"
"MKD","BA:501","EMP_TEMP_SEX_GAI_NB","SEX_T","GAI_GRADIENT_X","2025",401.011,,,"R1:3513"
"MKD","BA:501","EMP_TEMP_SEX_GAI_NB","SEX_M","GAI_GRADIENT_TOTAL","2025",402.574,,,"R1:3513"
"MKD","BA:501","EMP_TEMP_SEX_GAI_NB","SEX_M","GAI_GRADIENT_4","2025",6.598,,,"R1:3513"
"MKD","BA:501","EMP_TEMP_SEX_GAI_NB","SEX_M","GAI_GRADIENT_3","2025",30.095,,,"R1:3513"
"MKD","BA:501","EMP_TEMP_SEX_GAI_NB","SEX_M","GAI_GRADIENT_2","2025",34.462,,,"R1:3513"
"MKD","BA:501","EMP_TEMP_SEX_GAI_NB","SEX_M","GAI_GRADIENT_1","2025",18.788,,,"R1:3513"
"MKD","BA:501","EMP_TEMP_SEX_GAI_NB","SEX_M","GAI_GRADIENT_5","2025",68.765,,,"R1:3513"
"MKD","BA:501","EMP_TEMP_SEX_GAI_NB","SEX_M","GAI_GRADIENT_X","2025",243.866,,,"R1:3513"
"MKD","BA:501","EMP_TEMP_SEX_GAI_NB","SEX_F","GAI_GRADIENT_TOTAL","2025",297.371,,,"R1:3513"
"MKD","BA:501","EMP_TEMP_SEX_GAI_NB","SEX_F","GAI_GRADIENT_4","2025",12.683,,,"R1:3513"
"MKD","BA:501","EMP_TEMP_SEX_GAI_NB","SEX_F","GAI_GRADIENT_3","2025",31.319,,,"R1:3513"
"MKD","BA:501","EMP_TEMP_SEX_GAI_NB","SEX_F","GAI_GRADIENT_2","2025",42.283,,,"R1:3513"
"MKD","BA:501","EMP_TEMP_SEX_GAI_NB","SEX_F","GAI_GRADIENT_1","2025",11.893,,,"R1:3513"
"MKD","BA:501","EMP_TEMP_SEX_GAI_NB","SEX_F","GAI_GRADIENT_5","2025",42.049,,,"R1:3513"
"MKD","BA:501","EMP_TEMP_SEX_GAI_NB","SEX_F","GAI_GRADIENT_X","2025",157.145,,,"R1:3513"
"MKD","BA:501","EMP_TEMP_SEX_GAI_NB","SEX_T","GAI_GRADIENT_TOTAL","2024",694.015,,,"R1:3513"
"MKD","BA:501","EMP_TEMP_SEX_GAI_NB","SEX_T","GAI_GRADIENT_4","2024",21.323,,,"R1:3513"
"MKD","BA:501","EMP_TEMP_SEX_GAI_NB","SEX_T","GAI_GRADIENT_3","2024",58.968,,,"R1:3513"
"MKD","BA:501","EMP_TEMP_SEX_GAI_NB","SEX_T","GAI_GRADIENT_2","2024",73.789,,,"R1:3513"
"MKD","BA:501","EMP_TEMP_SEX_GAI_NB","SEX_T","GAI_GRADIENT_1","2024",28.677,,,"R1:3513"
"MKD","BA:501","EMP_TEMP_SEX_GAI_NB","SEX_T","GAI_GRADIENT_5","2024",118.103,,,"R1:3513"
"MKD","BA:501","EMP_TEMP_SEX_GAI_NB","SEX_T","GAI_GRADIENT_X","2024",393.156,,,"R1:3513"
"MKD","BA:501","EMP_TEMP_SEX_GAI_NB","SEX_M","GAI_GRADIENT_TOTAL","2024",398.317,,,"R1:3513"
"MKD","BA:501","EMP_TEMP_SEX_GAI_NB","SEX_M","GAI_GRADIENT_4","2024",7.219,,,"R1:3513"
"MKD","BA:501","EMP_TEMP_SEX_GAI_NB","SEX_M","GAI_GRADIENT_3","2024",30.179,,,"R1:3513"
"MKD","BA:501","EMP_TEMP_SEX_GAI_NB","SEX_M","GAI_GRADIENT_2","2024",31.551,,,"R1:3513"
"MKD","BA:501","EMP_TEMP_SEX_GAI_NB","SEX_M","GAI_GRADIENT_1","2024",18.105,,,"R1:3513"
"MKD","BA:501","EMP_TEMP_SEX_GAI_NB","SEX_M","GAI_GRADIENT_5","2024",72.975,,,"R1:3513"
"MKD","BA:501","EMP_TEMP_SEX_GAI_NB","SEX_M","GAI_GRADIENT_X","2024",238.287,,,"R1:3513"
"MKD","BA:501","EMP_TEMP_SEX_GAI_NB","SEX_F","GAI_GRADIENT_TOTAL","2024",295.698,,,"R1:3513"
"MKD","BA:501","EMP_TEMP_SEX_GAI_NB","SEX_F","GAI_GRADIENT_4","2024",14.104,,,"R1:3513"
"MKD","BA:501","EMP_TEMP_SEX_GAI_NB","SEX_F","GAI_GRADIENT_3","2024",28.789,,,"R1:3513"
"MKD","BA:501","EMP_TEMP_SEX_GAI_NB","SEX_F","GAI_GRADIENT_2","2024",42.238,,,"R1:3513"
"MKD","BA:501","EMP_TEMP_SEX_GAI_NB","SEX_F","GAI_GRADIENT_1","2024",10.571,,,"R1:3513"
"MKD","BA:501","EMP_TEMP_SEX_GAI_NB","SEX_F","GAI_GRADIENT_5","2024",45.127,,,"R1:3513"
"MKD","BA:501","EMP_TEMP_SEX_GAI_NB","SEX_F","GAI_GRADIENT_X","2024",154.869,,,"R1:3513"
"MKD","BA:501","EMP_TEMP_SEX_GAI_NB","SEX_T","GAI_GRADIENT_TOTAL","2023",684.102,,,"R1:3513"
"MKD","BA:501","EMP_TEMP_SEX_GAI_NB","SEX_T","GAI_GRADIENT_4","2023",20.852,,,"R1:3513"
"MKD","BA:501","EMP_TEMP_SEX_GAI_NB","SEX_T","GAI_GRADIENT_3","2023",62.978,,,"R1:3513"
"MKD","BA:501","EMP_TEMP_SEX_GAI_NB","SEX_T","GAI_GRADIENT_2","2023",79.596,,,"R1:3513"
"MKD","BA:501","EMP_TEMP_SEX_GAI_NB","SEX_T","GAI_GRADIENT_1","2023",27.062,,,"R1:3513"
"MKD","BA:501","EMP_TEMP_SEX_GAI_NB","SEX_T","GAI_GRADIENT_5","2023",115.175,,,"R1:3513"
"MKD","BA:501","EMP_TEMP_SEX_GAI_NB","SEX_T","GAI_GRADIENT_X","2023",378.439,,,"R1:3513"
"MKD","BA:501","EMP_TEMP_SEX_GAI_NB","SEX_M","GAI_GRADIENT_TOTAL","2023",393.405,,,"R1:3513"
"MKD","BA:501","EMP_TEMP_SEX_GAI_NB","SEX_M","GAI_GRADIENT_4","2023",8.713,,,"R1:3513"
"MKD","BA:501","EMP_TEMP_SEX_GAI_NB","SEX_M","GAI_GRADIENT_3","2023",28.533,,,"R1:3513"
"MKD","BA:501","EMP_TEMP_SEX_GAI_NB","SEX_M","GAI_GRADIENT_2","2023",34.087,,,"R1:3513"
"MKD","BA:501","EMP_TEMP_SEX_GAI_NB","SEX_M","GAI_GRADIENT_1","2023",17.528,,,"R1:3513"
"MKD","BA:501","EMP_TEMP_SEX_GAI_NB","SEX_M","GAI_GRADIENT_5","2023",72.448,,,"R1:3513"
"MKD","BA:501","EMP_TEMP_SEX_GAI_NB","SEX_M","GAI_GRADIENT_X","2023",232.096,,,"R1:3513"
"MKD","BA:501","EMP_TEMP_SEX_GAI_NB","SEX_F","GAI_GRADIENT_TOTAL","2023",290.697,,,"R1:3513"
"MKD","BA:501","EMP_TEMP_SEX_GAI_NB","SEX_F","GAI_GRADIENT_4","2023",12.139,,,"R1:3513"
"MKD","BA:501","EMP_TEMP_SEX_GAI_NB","SEX_F","GAI_GRADIENT_3","2023",34.446,,,"R1:3513"
"MKD","BA:501","EMP_TEMP_SEX_GAI_NB","SEX_F","GAI_GRADIENT_2","2023",45.508,,,"R1:3513"
"MKD","BA:501","EMP_TEMP_SEX_GAI_NB","SEX_F","GAI_GRADIENT_1","2023",9.535,,,"R1:3513"
"MKD","BA:501","EMP_TEMP_SEX_GAI_NB","SEX_F","GAI_GRADIENT_5","2023",42.727,,,"R1:3513"
"MKD","BA:501","EMP_TEMP_SEX_GAI_NB","SEX_F","GAI_GRADIENT_X","2023",146.343,,,"R1:3513"
"MKD","BA:501","EMP_TEMP_SEX_GAI_NB","SEX_T","GAI_GRADIENT_TOTAL","2022",687.047,,,"R1:3513"
"MKD","BA:501","EMP_TEMP_SEX_GAI_NB","SEX_T","GAI_GRADIENT_4","2022",20.207,,,"R1:3513"
"MKD","BA:501","EMP_TEMP_SEX_GAI_NB","SEX_T","GAI_GRADIENT_3","2022",51.286,,,"R1:3513"
"MKD","BA:501","EMP_TEMP_SEX_GAI_NB","SEX_T","GAI_GRADIENT_2","2022",83.465,,,"R1:3513"
"MKD","BA:501","EMP_TEMP_SEX_GAI_NB","SEX_T","GAI_GRADIENT_1","2022",31.256,,,"R1:3513"
"MKD","BA:501","EMP_TEMP_SEX_GAI_NB","SEX_T","GAI_GRADIENT_5","2022",103.354,,,"R1:3513"
"MKD","BA:501","EMP_TEMP_SEX_GAI_NB","SEX_T","GAI_GRADIENT_X","2022",397.479,,,"R1:3513"
"MKD","BA:501","EMP_TEMP_SEX_GAI_NB","SEX_M","GAI_GRADIENT_TOTAL","2022",400.687,,,"R1:3513"
"MKD","BA:501","EMP_TEMP_SEX_GAI_NB","SEX_M","GAI_GRADIENT_4","2022",8.868,,,"R1:3513"
"MKD","BA:501","EMP_TEMP_SEX_GAI_NB","SEX_M","GAI_GRADIENT_3","2022",24.733,,,"R1:3513"
"MKD","BA:501","EMP_TEMP_SEX_GAI_NB","SEX_M","GAI_GRADIENT_2","2022",39.564,,,"R1:3513"
"MKD","BA:501","EMP_TEMP_SEX_GAI_NB","SEX_M","GAI_GRADIENT_1","2022",20.443,,,"R1:3513"
"MKD","BA:501","EMP_TEMP_SEX_GAI_NB","SEX_M","GAI_GRADIENT_5","2022",64.87,,,"R1:3513"
"MKD","BA:501","EMP_TEMP_SEX_GAI_NB","SEX_M","GAI_GRADIENT_X","2022",242.21,,,"R1:3513"
"MKD","BA:501","EMP_TEMP_SEX_GAI_NB","SEX_F","GAI_GRADIENT_TOTAL","2022",286.359,,,"R1:3513"
"MKD","BA:501","EMP_TEMP_SEX_GAI_NB","SEX_F","GAI_GRADIENT_4","2022",11.339,,,"R1:3513"
"MKD","BA:501","EMP_TEMP_SEX_GAI_NB","SEX_F","GAI_GRADIENT_3","2022",26.553,,,"R1:3513"
"MKD","BA:501","EMP_TEMP_SEX_GAI_NB","SEX_F","GAI_GRADIENT_2","2022",43.901,,,"R1:3513"
"MKD","BA:501","EMP_TEMP_SEX_GAI_NB","SEX_F","GAI_GRADIENT_1","2022",10.813,,,"R1:3513"
"MKD","BA:501","EMP_TEMP_SEX_GAI_NB","SEX_F","GAI_GRADIENT_5","2022",38.484,,,"R1:3513"
"MKD","BA:501","EMP_TEMP_SEX_GAI_NB","SEX_F","GAI_GRADIENT_X","2022",155.269,,,"R1:3513"
"MKD","BA:501","EMP_TEMP_SEX_GAI_NB","SEX_T","GAI_GRADIENT_TOTAL","2021",790.327,,,"R1:3513"
"MKD","BA:501","EMP_TEMP_SEX_GAI_NB","SEX_T","GAI_GRADIENT_4","2021",24.718,,,"R1:3513"
"MKD","BA:501","EMP_TEMP_SEX_GAI_NB","SEX_T","GAI_GRADIENT_3","2021",54.704,,,"R1:3513"
"MKD","BA:501","EMP_TEMP_SEX_GAI_NB","SEX_T","GAI_GRADIENT_2","2021",89.908,,,"R1:3513"
"MKD","BA:501","EMP_TEMP_SEX_GAI_NB","SEX_T","GAI_GRADIENT_1","2021",31.252,,,"R1:3513"
"MKD","BA:501","EMP_TEMP_SEX_GAI_NB","SEX_T","GAI_GRADIENT_5","2021",121.684,,,"R1:3513"
"MKD","BA:501","EMP_TEMP_SEX_GAI_NB","SEX_T","GAI_GRADIENT_X","2021",468.06,,,"R1:3513"
"MKD","BA:501","EMP_TEMP_SEX_GAI_NB","SEX_M","GAI_GRADIENT_TOTAL","2021",469.288,,,"R1:3513"
"MKD","BA:501","EMP_TEMP_SEX_GAI_NB","SEX_M","GAI_GRADIENT_4","2021",9.391,,,"R1:3513"
"MKD","BA:501","EMP_TEMP_SEX_GAI_NB","SEX_M","GAI_GRADIENT_3","2021",25.219,,,"R1:3513"
"MKD","BA:501","EMP_TEMP_SEX_GAI_NB","SEX_M","GAI_GRADIENT_2","2021",43.22,,,"R1:3513"
"MKD","BA:501","EMP_TEMP_SEX_GAI_NB","SEX_M","GAI_GRADIENT_1","2021",21.166,,,"R1:3513"
"MKD","BA:501","EMP_TEMP_SEX_GAI_NB","SEX_M","GAI_GRADIENT_5","2021",79.673,,,"R1:3513"
"MKD","BA:501","EMP_TEMP_SEX_GAI_NB","SEX_M","GAI_GRADIENT_X","2021",290.618,,,"R1:3513"
"MKD","BA:501","EMP_TEMP_SEX_GAI_NB","SEX_F","GAI_GRADIENT_TOTAL","2021",321.039,,,"R1:3513"
"MKD","BA:501","EMP_TEMP_SEX_GAI_NB","SEX_F","GAI_GRADIENT_4","2021",15.328,,,"R1:3513"
"MKD","BA:501","EMP_TEMP_SEX_GAI_NB","SEX_F","GAI_GRADIENT_3","2021",29.485,,,"R1:3513"
"MKD","BA:501","EMP_TEMP_SEX_GAI_NB","SEX_F","GAI_GRADIENT_2","2021",46.688,,,"R1:3513"
"MKD","BA:501","EMP_TEMP_SEX_GAI_NB","SEX_F","GAI_GRADIENT_1","2021",10.086,,,"R1:3513"
"MKD","BA:501","EMP_TEMP_SEX_GAI_NB","SEX_F","GAI_GRADIENT_5","2021",42.011,,,"R1:3513"
"MKD","BA:501","EMP_TEMP_SEX_GAI_NB","SEX_F","GAI_GRADIENT_X","2021",177.442,,,"R1:3513"
"MKD","BA:501","EMP_TEMP_SEX_GAI_NB","SEX_T","GAI_GRADIENT_TOTAL","2020",789.429,,,"R1:3513"
"MKD","BA:501","EMP_TEMP_SEX_GAI_NB","SEX_T","GAI_GRADIENT_4","2020",23.753,,,"R1:3513"
"MKD","BA:501","EMP_TEMP_SEX_GAI_NB","SEX_T","GAI_GRADIENT_3","2020",51.051,,,"R1:3513"
"MKD","BA:501","EMP_TEMP_SEX_GAI_NB","SEX_T","GAI_GRADIENT_2","2020",86.243,,,"R1:3513"
"MKD","BA:501","EMP_TEMP_SEX_GAI_NB","SEX_T","GAI_GRADIENT_1","2020",32.575,,,"R1:3513"
"MKD","BA:501","EMP_TEMP_SEX_GAI_NB","SEX_T","GAI_GRADIENT_5","2020",118.787,,,"R1:3513"
"MKD","BA:501","EMP_TEMP_SEX_GAI_NB","SEX_T","GAI_GRADIENT_X","2020",477.021,,,"R1:3513"
"MKD","BA:501","EMP_TEMP_SEX_GAI_NB","SEX_M","GAI_GRADIENT_TOTAL","2020",467.482,,,"R1:3513"
"MKD","BA:501","EMP_TEMP_SEX_GAI_NB","SEX_M","GAI_GRADIENT_4","2020",8.677,,,"R1:3513"
"MKD","BA:501","EMP_TEMP_SEX_GAI_NB","SEX_M","GAI_GRADIENT_3","2020",22.13,,,"R1:3513"
"MKD","BA:501","EMP_TEMP_SEX_GAI_NB","SEX_M","GAI_GRADIENT_2","2020",43.885,,,"R1:3513"
"MKD","BA:501","EMP_TEMP_SEX_GAI_NB","SEX_M","GAI_GRADIENT_1","2020",20.993,,,"R1:3513"
"MKD","BA:501","EMP_TEMP_SEX_GAI_NB","SEX_M","GAI_GRADIENT_5","2020",79.099,,,"R1:3513"
"MKD","BA:501","EMP_TEMP_SEX_GAI_NB","SEX_M","GAI_GRADIENT_X","2020",292.698,,,"R1:3513"
"MKD","BA:501","EMP_TEMP_SEX_GAI_NB","SEX_F","GAI_GRADIENT_TOTAL","2020",321.947,,,"R1:3513"
"MKD","BA:501","EMP_TEMP_SEX_GAI_NB","SEX_F","GAI_GRADIENT_4","2020",15.076,,,"R1:3513"
"MKD","BA:501","EMP_TEMP_SEX_GAI_NB","SEX_F","GAI_GRADIENT_3","2020",28.922,,,"R1:3513"
"MKD","BA:501","EMP_TEMP_SEX_GAI_NB","SEX_F","GAI_GRADIENT_2","2020",42.357,,,"R1:3513"
"MKD","BA:501","EMP_TEMP_SEX_GAI_NB","SEX_F","GAI_GRADIENT_1","2020",11.582,,,"R1:3513"
"MKD","BA:501","EMP_TEMP_SEX_GAI_NB","SEX_F","GAI_GRADIENT_5","2020",39.688,,,"R1:3513"
"MKD","BA:501","EMP_TEMP_SEX_GAI_NB","SEX_F","GAI_GRADIENT_X","2020",184.323,,,"R1:3513"
"MKD","BA:501","EMP_TEMP_SEX_GAI_NB","SEX_T","GAI_GRADIENT_TOTAL","2019",792.538,,,"R1:3513"
"MKD","BA:501","EMP_TEMP_SEX_GAI_NB","SEX_T","GAI_GRADIENT_4","2019",19.159,,,"R1:3513"
"MKD","BA:501","EMP_TEMP_SEX_GAI_NB","SEX_T","GAI_GRADIENT_3","2019",47.336,,,"R1:3513"
"MKD","BA:501","EMP_TEMP_SEX_GAI_NB","SEX_T","GAI_GRADIENT_2","2019",82.69,,,"R1:3513"
"MKD","BA:501","EMP_TEMP_SEX_GAI_NB","SEX_T","GAI_GRADIENT_1","2019",32.461,,,"R1:3513"
"MKD","BA:501","EMP_TEMP_SEX_GAI_NB","SEX_T","GAI_GRADIENT_5","2019",115.142,,,"R1:3513"
"MKD","BA:501","EMP_TEMP_SEX_GAI_NB","SEX_T","GAI_GRADIENT_X","2019",495.75,,,"R1:3513"
"MKD","BA:501","EMP_TEMP_SEX_GAI_NB","SEX_M","GAI_GRADIENT_TOTAL","2019",473.851,,,"R1:3513"
"MKD","BA:501","EMP_TEMP_SEX_GAI_NB","SEX_M","GAI_GRADIENT_4","2019",7.381,,,"R1:3513"
"MKD","BA:501","EMP_TEMP_SEX_GAI_NB","SEX_M","GAI_GRADIENT_3","2019",21.164,,,"R1:3513"
"MKD","BA:501","EMP_TEMP_SEX_GAI_NB","SEX_M","GAI_GRADIENT_2","2019",38.123,,,"R1:3513"
"MKD","BA:501","EMP_TEMP_SEX_GAI_NB","SEX_M","GAI_GRADIENT_1","2019",21.993,,,"R1:3513"
"MKD","BA:501","EMP_TEMP_SEX_GAI_NB","SEX_M","GAI_GRADIENT_5","2019",74.576,,,"R1:3513"
"MKD","BA:501","EMP_TEMP_SEX_GAI_NB","SEX_M","GAI_GRADIENT_X","2019",310.614,,,"R1:3513"
"MKD","BA:501","EMP_TEMP_SEX_GAI_NB","SEX_F","GAI_GRADIENT_TOTAL","2019",318.687,,,"R1:3513"
"MKD","BA:501","EMP_TEMP_SEX_GAI_NB","SEX_F","GAI_GRADIENT_4","2019",11.778,,,"R1:3513"
"MKD","BA:501","EMP_TEMP_SEX_GAI_NB","SEX_F","GAI_GRADIENT_3","2019",26.171,,,"R1:3513"
"MKD","BA:501","EMP_TEMP_SEX_GAI_NB","SEX_F","GAI_GRADIENT_2","2019",44.568,,,"R1:3513"
"MKD","BA:501","EMP_TEMP_SEX_GAI_NB","SEX_F","GAI_GRADIENT_1","2019",10.468,,,"R1:3513"
"MKD","BA:501","EMP_TEMP_SEX_GAI_NB","SEX_F","GAI_GRADIENT_5","2019",40.565,,,"R1:3513"
"MKD","BA:501","EMP_TEMP_SEX_GAI_NB","SEX_F","GAI_GRADIENT_X","2019",185.137,,,"R1:3513"
"MKD","BA:501","EMP_TEMP_SEX_GAI_NB","SEX_T","GAI_GRADIENT_TOTAL","2018",748.994,,,"R1:3513"
"MKD","BA:501","EMP_TEMP_SEX_GAI_NB","SEX_T","GAI_GRADIENT_4","2018",15.217,,,"R1:3513"
"MKD","BA:501","EMP_TEMP_SEX_GAI_NB","SEX_T","GAI_GRADIENT_3","2018",44.692,,,"R1:3513"
"MKD","BA:501","EMP_TEMP_SEX_GAI_NB","SEX_T","GAI_GRADIENT_2","2018",86.556,,,"R1:3513"
"MKD","BA:501","EMP_TEMP_SEX_GAI_NB","SEX_T","GAI_GRADIENT_1","2018",26.999,,,"R1:3513"
"MKD","BA:501","EMP_TEMP_SEX_GAI_NB","SEX_T","GAI_GRADIENT_5","2018",113.337,,,"R1:3513"
"MKD","BA:501","EMP_TEMP_SEX_GAI_NB","SEX_T","GAI_GRADIENT_X","2018",462.192,,,"R1:3513"
"MKD","BA:501","EMP_TEMP_SEX_GAI_NB","SEX_M","GAI_GRADIENT_TOTAL","2018",450.455,,,"R1:3513"
"MKD","BA:501","EMP_TEMP_SEX_GAI_NB","SEX_M","GAI_GRADIENT_4","2018",5.626,,,"R1:3513"
"MKD","BA:501","EMP_TEMP_SEX_GAI_NB","SEX_M","GAI_GRADIENT_3","2018",21.894,,,"R1:3513"
"MKD","BA:501","EMP_TEMP_SEX_GAI_NB","SEX_M","GAI_GRADIENT_2","2018",39.926,,,"R1:3513"
"MKD","BA:501","EMP_TEMP_SEX_GAI_NB","SEX_M","GAI_GRADIENT_1","2018",20.233,,,"R1:3513"
"MKD","BA:501","EMP_TEMP_SEX_GAI_NB","SEX_M","GAI_GRADIENT_5","2018",72.217,,,"R1:3513"
"MKD","BA:501","EMP_TEMP_SEX_GAI_NB","SEX_M","GAI_GRADIENT_X","2018",290.559,,,"R1:3513"
"MKD","BA:501","EMP_TEMP_SEX_GAI_NB","SEX_F","GAI_GRADIENT_TOTAL","2018",298.538,,,"R1:3513"
"MKD","BA:501","EMP_TEMP_SEX_GAI_NB","SEX_F","GAI_GRADIENT_4","2018",9.591,,,"R1:3513"
"MKD","BA:501","EMP_TEMP_SEX_GAI_NB","SEX_F","GAI_GRADIENT_3","2018",22.798,,,"R1:3513"
"MKD","BA:501","EMP_TEMP_SEX_GAI_NB","SEX_F","GAI_GRADIENT_2","2018",46.63,,,"R1:3513"
"MKD","BA:501","EMP_TEMP_SEX_GAI_NB","SEX_F","GAI_GRADIENT_1","2018",6.766,,,"R1:3513"
"MKD","BA:501","EMP_TEMP_SEX_GAI_NB","SEX_F","GAI_GRADIENT_5","2018",41.12,,,"R1:3513"
"MKD","BA:501","EMP_TEMP_SEX_GAI_NB","SEX_F","GAI_GRADIENT_X","2018",171.633,,,"R1:3513"
"MKD","BA:501","EMP_TEMP_SEX_GAI_NB","SEX_T","GAI_GRADIENT_TOTAL","2017",734.598,,,"R1:3513"
"MKD","BA:501","EMP_TEMP_SEX_GAI_NB","SEX_T","GAI_GRADIENT_4","2017",18.314,,,"R1:3513"
"MKD","BA:501","EMP_TEMP_SEX_GAI_NB","SEX_T","GAI_GRADIENT_3","2017",40.675,,,"R1:3513"
"MKD","BA:501","EMP_TEMP_SEX_GAI_NB","SEX_T","GAI_GRADIENT_2","2017",86.066,,,"R1:3513"
"MKD","BA:501","EMP_TEMP_SEX_GAI_NB","SEX_T","GAI_GRADIENT_1","2017",25.178,,,"R1:3513"
"MKD","BA:501","EMP_TEMP_SEX_GAI_NB","SEX_T","GAI_GRADIENT_5","2017",102.722,,,"R1:3513"
"MKD","BA:501","EMP_TEMP_SEX_GAI_NB","SEX_T","GAI_GRADIENT_X","2017",461.643,,,"R1:3513"
"MKD","BA:501","EMP_TEMP_SEX_GAI_NB","SEX_M","GAI_GRADIENT_TOTAL","2017",445.655,,,"R1:3513"
"MKD","BA:501","EMP_TEMP_SEX_GAI_NB","SEX_M","GAI_GRADIENT_4","2017",7.104,,,"R1:3513"
"MKD","BA:501","EMP_TEMP_SEX_GAI_NB","SEX_M","GAI_GRADIENT_3","2017",17.066,,,"R1:3513"
"MKD","BA:501","EMP_TEMP_SEX_GAI_NB","SEX_M","GAI_GRADIENT_2","2017",42.114,,,"R1:3513"
"MKD","BA:501","EMP_TEMP_SEX_GAI_NB","SEX_M","GAI_GRADIENT_1","2017",19.038,,,"R1:3513"
"MKD","BA:501","EMP_TEMP_SEX_GAI_NB","SEX_M","GAI_GRADIENT_5","2017",67.765,,,"R1:3513"
"MKD","BA:501","EMP_TEMP_SEX_GAI_NB","SEX_M","GAI_GRADIENT_X","2017",292.567,,,"R1:3513"
"MKD","BA:501","EMP_TEMP_SEX_GAI_NB","SEX_F","GAI_GRADIENT_TOTAL","2017",288.943,,,"R1:3513"
"MKD","BA:501","EMP_TEMP_SEX_GAI_NB","SEX_F","GAI_GRADIENT_4","2017",11.21,,,"R1:3513"
"MKD","BA:501","EMP_TEMP_SEX_GAI_NB","SEX_F","GAI_GRADIENT_3","2017",23.609,,,"R1:3513"
"MKD","BA:501","EMP_TEMP_SEX_GAI_NB","SEX_F","GAI_GRADIENT_2","2017",43.952,,,"R1:3513"
"MKD","BA:501","EMP_TEMP_SEX_GAI_NB","SEX_F","GAI_GRADIENT_1","2017",6.14,,,"R1:3513"
"MKD","BA:501","EMP_TEMP_SEX_GAI_NB","SEX_F","GAI_GRADIENT_5","2017",34.957,,,"R1:3513"
"MKD","BA:501","EMP_TEMP_SEX_GAI_NB","SEX_F","GAI_GRADIENT_X","2017",169.075,,,"R1:3513"
"MKD","BA:501","EMP_TEMP_SEX_GAI_NB","SEX_T","GAI_GRADIENT_TOTAL","2016",720.859,,,"R1:3513"
"MKD","BA:501","EMP_TEMP_SEX_GAI_NB","SEX_T","GAI_GRADIENT_4","2016",18.8,,,"R1:3513"
"MKD","BA:501","EMP_TEMP_SEX_GAI_NB","SEX_T","GAI_GRADIENT_3","2016",42.139,,,"R1:3513"
"MKD","BA:501","EMP_TEMP_SEX_GAI_NB","SEX_T","GAI_GRADIENT_2","2016",86.342,,,"R1:3513"
"MKD","BA:501","EMP_TEMP_SEX_GAI_NB","SEX_T","GAI_GRADIENT_1","2016",24.875,,,"R1:3513"
"MKD","BA:501","EMP_TEMP_SEX_GAI_NB","SEX_T","GAI_GRADIENT_5","2016",96.336,,,"R1:3513"
"MKD","BA:501","EMP_TEMP_SEX_GAI_NB","SEX_T","GAI_GRADIENT_X","2016",452.368,,,"R1:3513"
"MKD","BA:501","EMP_TEMP_SEX_GAI_NB","SEX_M","GAI_GRADIENT_TOTAL","2016",437.845,,,"R1:3513"
"MKD","BA:501","EMP_TEMP_SEX_GAI_NB","SEX_M","GAI_GRADIENT_4","2016",7.743,,,"R1:3513"
"MKD","BA:501","EMP_TEMP_SEX_GAI_NB","SEX_M","GAI_GRADIENT_3","2016",17.009,,,"R1:3513"
"MKD","BA:501","EMP_TEMP_SEX_GAI_NB","SEX_M","GAI_GRADIENT_2","2016",41.747,,,"R1:3513"
"MKD","BA:501","EMP_TEMP_SEX_GAI_NB","SEX_M","GAI_GRADIENT_1","2016",19.911,,,"R1:3513"
"MKD","BA:501","EMP_TEMP_SEX_GAI_NB","SEX_M","GAI_GRADIENT_5","2016",64.791,,,"R1:3513"
"MKD","BA:501","EMP_TEMP_SEX_GAI_NB","SEX_M","GAI_GRADIENT_X","2016",286.644,,,"R1:3513"
"MKD","BA:501","EMP_TEMP_SEX_GAI_NB","SEX_F","GAI_GRADIENT_TOTAL","2016",283.014,,,"R1:3513"
"MKD","BA:501","EMP_TEMP_SEX_GAI_NB","SEX_F","GAI_GRADIENT_4","2016",11.057,,,"R1:3513"
"MKD","BA:501","EMP_TEMP_SEX_GAI_NB","SEX_F","GAI_GRADIENT_3","2016",25.129,,,"R1:3513"
"MKD","BA:501","EMP_TEMP_SEX_GAI_NB","SEX_F","GAI_GRADIENT_2","2016",44.596,,,"R1:3513"
"MKD","BA:501","EMP_TEMP_SEX_GAI_NB","SEX_F","GAI_GRADIENT_1","2016",4.964,,,"R1:3513"
"MKD","BA:501","EMP_TEMP_SEX_GAI_NB","SEX_F","GAI_GRADIENT_5","2016",31.545,,,"R1:3513"
"MKD","BA:501","EMP_TEMP_SEX_GAI_NB","SEX_F","GAI_GRADIENT_X","2016",165.724,,,"R1:3513"
"MKD","BA:501","EMP_TEMP_SEX_GAI_NB","SEX_T","GAI_GRADIENT_TOTAL","2015",703.692,,,"R1:3513"
"MKD","BA:501","EMP_TEMP_SEX_GAI_NB","SEX_T","GAI_GRADIENT_4","2015",23.96,,,"R1:3513"
"MKD","BA:501","EMP_TEMP_SEX_GAI_NB","SEX_T","GAI_GRADIENT_3","2015",35.032,,,"R1:3513"
"MKD","BA:501","EMP_TEMP_SEX_GAI_NB","SEX_T","GAI_GRADIENT_2","2015",74.802,,,"R1:3513"
"MKD","BA:501","EMP_TEMP_SEX_GAI_NB","SEX_T","GAI_GRADIENT_1","2015",20.746,,,"R1:3513"
"MKD","BA:501","EMP_TEMP_SEX_GAI_NB","SEX_T","GAI_GRADIENT_5","2015",89.323,,,"R1:3513"
"MKD","BA:501","EMP_TEMP_SEX_GAI_NB","SEX_T","GAI_GRADIENT_X","2015",459.83,,,"R1:3513"
"MKD","BA:501","EMP_TEMP_SEX_GAI_NB","SEX_M","GAI_GRADIENT_TOTAL","2015",422.621,,,"R1:3513"
"MKD","BA:501","EMP_TEMP_SEX_GAI_NB","SEX_M","GAI_GRADIENT_4","2015",10.33,,,"R1:3513"
"MKD","BA:501","EMP_TEMP_SEX_GAI_NB","SEX_M","GAI_GRADIENT_3","2015",14.448,,,"R1:3513"
"MKD","BA:501","EMP_TEMP_SEX_GAI_NB","SEX_M","GAI_GRADIENT_2","2015",32.978,,,"R1:3513"
"MKD","BA:501","EMP_TEMP_SEX_GAI_NB","SEX_M","GAI_GRADIENT_1","2015",15.96,,,"R1:3513"
"MKD","BA:501","EMP_TEMP_SEX_GAI_NB","SEX_M","GAI_GRADIENT_5","2015",59.894,,,"R1:3513"
"MKD","BA:501","EMP_TEMP_SEX_GAI_NB","SEX_M","GAI_GRADIENT_X","2015",289.011,,,"R1:3513"
"MKD","BA:501","EMP_TEMP_SEX_GAI_NB","SEX_F","GAI_GRADIENT_TOTAL","2015",281.071,,,"R1:3513"
"MKD","BA:501","EMP_TEMP_SEX_GAI_NB","SEX_F","GAI_GRADIENT_4","2015",13.629,,,"R1:3513"
"MKD","BA:501","EMP_TEMP_SEX_GAI_NB","SEX_F","GAI_GRADIENT_3","2015",20.584,,,"R1:3513"
"MKD","BA:501","EMP_TEMP_SEX_GAI_NB","SEX_F","GAI_GRADIENT_2","2015",41.824,,,"R1:3513"
"MKD","BA:501","EMP_TEMP_SEX_GAI_NB","SEX_F","GAI_GRADIENT_1","2015",4.785,,,"R1:3513"
"MKD","BA:501","EMP_TEMP_SEX_GAI_NB","SEX_F","GAI_GRADIENT_5","2015",29.429,,,"R1:3513"
"MKD","BA:501","EMP_TEMP_SEX_GAI_NB","SEX_F","GAI_GRADIENT_X","2015",170.819,,,"R1:3513"
"MKD","BA:501","EMP_TEMP_SEX_GAI_NB","SEX_T","GAI_GRADIENT_TOTAL","2014",690.204,,,"R1:3513"
"MKD","BA:501","EMP_TEMP_SEX_GAI_NB","SEX_T","GAI_GRADIENT_4","2014",19.681,,,"R1:3513"
"MKD","BA:501","EMP_TEMP_SEX_GAI_NB","SEX_T","GAI_GRADIENT_3","2014",32.403,,,"R1:3513"
"MKD","BA:501","EMP_TEMP_SEX_GAI_NB","SEX_T","GAI_GRADIENT_2","2014",71.418,,,"R1:3513"
"MKD","BA:501","EMP_TEMP_SEX_GAI_NB","SEX_T","GAI_GRADIENT_1","2014",25.905,,,"R1:3513"
"MKD","BA:501","EMP_TEMP_SEX_GAI_NB","SEX_T","GAI_GRADIENT_5","2014",86.106,,,"R1:3513"
"MKD","BA:501","EMP_TEMP_SEX_GAI_NB","SEX_T","GAI_GRADIENT_X","2014",454.692,,,"R1:3513"
"MKD","BA:501","EMP_TEMP_SEX_GAI_NB","SEX_M","GAI_GRADIENT_TOTAL","2014",419.589,,,"R1:3513"
"MKD","BA:501","EMP_TEMP_SEX_GAI_NB","SEX_M","GAI_GRADIENT_4","2014",8.311,,,"R1:3513"
"MKD","BA:501","EMP_TEMP_SEX_GAI_NB","SEX_M","GAI_GRADIENT_3","2014",14.142,,,"R1:3513"
"MKD","BA:501","EMP_TEMP_SEX_GAI_NB","SEX_M","GAI_GRADIENT_2","2014",35.109,,,"R1:3513"
"MKD","BA:501","EMP_TEMP_SEX_GAI_NB","SEX_M","GAI_GRADIENT_1","2014",21.039,,,"R1:3513"
"MKD","BA:501","EMP_TEMP_SEX_GAI_NB","SEX_M","GAI_GRADIENT_5","2014",57.155,,,"R1:3513"
"MKD","BA:501","EMP_TEMP_SEX_GAI_NB","SEX_M","GAI_GRADIENT_X","2014",283.833,,,"R1:3513"
"MKD","BA:501","EMP_TEMP_SEX_GAI_NB","SEX_F","GAI_GRADIENT_TOTAL","2014",270.614,,,"R1:3513"
"MKD","BA:501","EMP_TEMP_SEX_GAI_NB","SEX_F","GAI_GRADIENT_4","2014",11.37,,,"R1:3513"
"MKD","BA:501","EMP_TEMP_SEX_GAI_NB","SEX_F","GAI_GRADIENT_3","2014",18.261,,,"R1:3513"
"MKD","BA:501","EMP_TEMP_SEX_GAI_NB","SEX_F","GAI_GRADIENT_2","2014",36.309,,,"R1:3513"
"MKD","BA:501","EMP_TEMP_SEX_GAI_NB","SEX_F","GAI_GRADIENT_1","2014",4.866,,,"R1:3513"
"MKD","BA:501","EMP_TEMP_SEX_GAI_NB","SEX_F","GAI_GRADIENT_5","2014",28.95,,,"R1:3513"
"MKD","BA:501","EMP_TEMP_SEX_GAI_NB","SEX_F","GAI_GRADIENT_X","2014",170.859,,,"R1:3513"
"MKD","BA:501","EMP_TEMP_SEX_GAI_NB","SEX_T","GAI_GRADIENT_TOTAL","2013",678.925,,,"R1:3513"
"MKD","BA:501","EMP_TEMP_SEX_GAI_NB","SEX_T","GAI_GRADIENT_4","2013",20.065,,,"R1:3513"
"MKD","BA:501","EMP_TEMP_SEX_GAI_NB","SEX_T","GAI_GRADIENT_3","2013",32.393,,,"R1:3513"
"MKD","BA:501","EMP_TEMP_SEX_GAI_NB","SEX_T","GAI_GRADIENT_2","2013",71.567,,,"R1:3513"
"MKD","BA:501","EMP_TEMP_SEX_GAI_NB","SEX_T","GAI_GRADIENT_1","2013",26.195,,,"R1:3513"
"MKD","BA:501","EMP_TEMP_SEX_GAI_NB","SEX_T","GAI_GRADIENT_5","2013",85.14,,,"R1:3513"
"MKD","BA:501","EMP_TEMP_SEX_GAI_NB","SEX_T","GAI_GRADIENT_X","2013",443.565,,,"R1:3513"
"MKD","BA:501","EMP_TEMP_SEX_GAI_NB","SEX_M","GAI_GRADIENT_TOTAL","2013",407.531,,,"R1:3513"
"MKD","BA:501","EMP_TEMP_SEX_GAI_NB","SEX_M","GAI_GRADIENT_4","2013",8.126,,,"R1:3513"
"MKD","BA:501","EMP_TEMP_SEX_GAI_NB","SEX_M","GAI_GRADIENT_3","2013",14.558,,,"R1:3513"
"MKD","BA:501","EMP_TEMP_SEX_GAI_NB","SEX_M","GAI_GRADIENT_2","2013",33.629,,,"R1:3513"
"MKD","BA:501","EMP_TEMP_SEX_GAI_NB","SEX_M","GAI_GRADIENT_1","2013",19.976,,,"R1:3513"
"MKD","BA:501","EMP_TEMP_SEX_GAI_NB","SEX_M","GAI_GRADIENT_5","2013",59.205,,,"R1:3513"
"MKD","BA:501","EMP_TEMP_SEX_GAI_NB","SEX_M","GAI_GRADIENT_X","2013",272.037,,,"R1:3513"
"MKD","BA:501","EMP_TEMP_SEX_GAI_NB","SEX_F","GAI_GRADIENT_TOTAL","2013",271.394,,,"R1:3513"
"MKD","BA:501","EMP_TEMP_SEX_GAI_NB","SEX_F","GAI_GRADIENT_4","2013",11.939,,,"R1:3513"
"MKD","BA:501","EMP_TEMP_SEX_GAI_NB","SEX_F","GAI_GRADIENT_3","2013",17.835,,,"R1:3513"
"MKD","BA:501","EMP_TEMP_SEX_GAI_NB","SEX_F","GAI_GRADIENT_2","2013",37.938,,,"R1:3513"
"MKD","BA:501","EMP_TEMP_SEX_GAI_NB","SEX_F","GAI_GRADIENT_1","2013",6.219,,,"R1:3513"
"MKD","BA:501","EMP_TEMP_SEX_GAI_NB","SEX_F","GAI_GRADIENT_5","2013",25.935,,,"R1:3513"
"MKD","BA:501","EMP_TEMP_SEX_GAI_NB","SEX_F","GAI_GRADIENT_X","2013",171.528,,,"R1:3513"
"MKD","BA:501","EMP_TEMP_SEX_GAI_NB","SEX_T","GAI_GRADIENT_TOTAL","2012",650.121,,,"R1:3513"
"MKD","BA:501","EMP_TEMP_SEX_GAI_NB","SEX_T","GAI_GRADIENT_4","2012",19.479,,,"R1:3513"
"MKD","BA:501","EMP_TEMP_SEX_GAI_NB","SEX_T","GAI_GRADIENT_3","2012",33.682,,,"R1:3513"
"MKD","BA:501","EMP_TEMP_SEX_GAI_NB","SEX_T","GAI_GRADIENT_2","2012",71.427,,,"R1:3513"
"MKD","BA:501","EMP_TEMP_SEX_GAI_NB","SEX_T","GAI_GRADIENT_1","2012",25.627,,,"R1:3513"
"MKD","BA:501","EMP_TEMP_SEX_GAI_NB","SEX_T","GAI_GRADIENT_5","2012",80.41,,,"R1:3513"
"MKD","BA:501","EMP_TEMP_SEX_GAI_NB","SEX_T","GAI_GRADIENT_X","2012",419.495,,,"R1:3513"
"MKD","BA:501","EMP_TEMP_SEX_GAI_NB","SEX_M","GAI_GRADIENT_TOTAL","2012",392.91,,,"R1:3513"
"MKD","BA:501","EMP_TEMP_SEX_GAI_NB","SEX_M","GAI_GRADIENT_4","2012",7.707,,,"R1:3513"
"MKD","BA:501","EMP_TEMP_SEX_GAI_NB","SEX_M","GAI_GRADIENT_3","2012",13.976,,,"R1:3513"
"MKD","BA:501","EMP_TEMP_SEX_GAI_NB","SEX_M","GAI_GRADIENT_2","2012",37.862,,,"R1:3513"
"MKD","BA:501","EMP_TEMP_SEX_GAI_NB","SEX_M","GAI_GRADIENT_1","2012",18.333,,,"R1:3513"
"MKD","BA:501","EMP_TEMP_SEX_GAI_NB","SEX_M","GAI_GRADIENT_5","2012",53.295,,,"R1:3513"
"MKD","BA:501","EMP_TEMP_SEX_GAI_NB","SEX_M","GAI_GRADIENT_X","2012",261.737,,,"R1:3513"
"MKD","BA:501","EMP_TEMP_SEX_GAI_NB","SEX_F","GAI_GRADIENT_TOTAL","2012",257.21,,,"R1:3513"
"MKD","BA:501","EMP_TEMP_SEX_GAI_NB","SEX_F","GAI_GRADIENT_4","2012",11.772,,,"R1:3513"
"MKD","BA:501","EMP_TEMP_SEX_GAI_NB","SEX_F","GAI_GRADIENT_3","2012",19.706,,,"R1:3513"
"MKD","BA:501","EMP_TEMP_SEX_GAI_NB","SEX_F","GAI_GRADIENT_2","2012",33.565,,,"R1:3513"
"MKD","BA:501","EMP_TEMP_SEX_GAI_NB","SEX_F","GAI_GRADIENT_1","2012",7.295,,,"R1:3513"
"MKD","BA:501","EMP_TEMP_SEX_GAI_NB","SEX_F","GAI_GRADIENT_5","2012",27.115,,,"R1:3513"
"MKD","BA:501","EMP_TEMP_SEX_GAI_NB","SEX_F","GAI_GRADIENT_X","2012",157.758,,,"R1:3513"
"MKD","BA:501","EMP_TEMP_SEX_GAI_NB","SEX_T","GAI_GRADIENT_TOTAL","2011",641.163,,,"R1:3513"
"MKD","BA:501","EMP_TEMP_SEX_GAI_NB","SEX_T","GAI_GRADIENT_4","2011",21.199,,,"R1:3513"
"MKD","BA:501","EMP_TEMP_SEX_GAI_NB","SEX_T","GAI_GRADIENT_3","2011",30.987,,,"R1:3513"
"MKD","BA:501","EMP_TEMP_SEX_GAI_NB","SEX_T","GAI_GRADIENT_2","2011",66.75,,,"R1:3513"
"MKD","BA:501","EMP_TEMP_SEX_GAI_NB","SEX_T","GAI_GRADIENT_1","2011",28.908,,,"R1:3513"
"MKD","BA:501","EMP_TEMP_SEX_GAI_NB","SEX_T","GAI_GRADIENT_5","2011",79.725,,,"R1:3513"
"MKD","BA:501","EMP_TEMP_SEX_GAI_NB","SEX_T","GAI_GRADIENT_X","2011",413.594,,,"R1:3513"
"MKD","BA:501","EMP_TEMP_SEX_GAI_NB","SEX_M","GAI_GRADIENT_TOTAL","2011",385.977,,,"R1:3513"
"MKD","BA:501","EMP_TEMP_SEX_GAI_NB","SEX_M","GAI_GRADIENT_4","2011",9.298,,,"R1:3513"
"MKD","BA:501","EMP_TEMP_SEX_GAI_NB","SEX_M","GAI_GRADIENT_3","2011",13.35,,,"R1:3513"
"MKD","BA:501","EMP_TEMP_SEX_GAI_NB","SEX_M","GAI_GRADIENT_2","2011",34.441,,,"R1:3513"
"MKD","BA:501","EMP_TEMP_SEX_GAI_NB","SEX_M","GAI_GRADIENT_1","2011",19.545,,,"R1:3513"
"MKD","BA:501","EMP_TEMP_SEX_GAI_NB","SEX_M","GAI_GRADIENT_5","2011",53.164,,,"R1:3513"
"MKD","BA:501","EMP_TEMP_SEX_GAI_NB","SEX_M","GAI_GRADIENT_X","2011",256.18,,,"R1:3513"
"MKD","BA:501","EMP_TEMP_SEX_GAI_NB","SEX_F","GAI_GRADIENT_TOTAL","2011",255.186,,,"R1:3513"
"MKD","BA:501","EMP_TEMP_SEX_GAI_NB","SEX_F","GAI_GRADIENT_4","2011",11.902,,,"R1:3513"
"MKD","BA:501","EMP_TEMP_SEX_GAI_NB","SEX_F","GAI_GRADIENT_3","2011",17.637,,,"R1:3513"
"MKD","BA:501","EMP_TEMP_SEX_GAI_NB","SEX_F","GAI_GRADIENT_2","2011",32.309,,,"R1:3513"
"MKD","BA:501","EMP_TEMP_SEX_GAI_NB","SEX_F","GAI_GRADIENT_1","2011",9.364,,,"R1:3513"
"MKD","BA:501","EMP_TEMP_SEX_GAI_NB","SEX_F","GAI_GRADIENT_5","2011",26.561,,,"R1:3513"
"MKD","BA:501","EMP_TEMP_SEX_GAI_NB","SEX_F","GAI_GRADIENT_X","2011",157.414,,,"R1:3513"
"MKD","BA:501","EMP_TEMP_SEX_GAI_NB","SEX_T","GAI_GRADIENT_TOTAL","2010",605.957,,,"R1:3513"
"MKD","BA:501","EMP_TEMP_SEX_GAI_NB","SEX_T","GAI_GRADIENT_4","2010",13.514,,,"R1:3513"
"MKD","BA:501","EMP_TEMP_SEX_GAI_NB","SEX_T","GAI_GRADIENT_3","2010",10.067,,,"R1:3513"
"MKD","BA:501","EMP_TEMP_SEX_GAI_NB","SEX_T","GAI_GRADIENT_2","2010",50.998,,,"R1:3513"
"MKD","BA:501","EMP_TEMP_SEX_GAI_NB","SEX_T","GAI_GRADIENT_1","2010",18.923,,,"R1:3513"
"MKD","BA:501","EMP_TEMP_SEX_GAI_NB","SEX_T","GAI_GRADIENT_5","2010",17.8,,,"R1:3513"
"MKD","BA:501","EMP_TEMP_SEX_GAI_NB","SEX_T","GAI_GRADIENT_X","2010",494.655,,,"R1:3513"
"MKD","BA:501","EMP_TEMP_SEX_GAI_NB","SEX_M","GAI_GRADIENT_TOTAL","2010",374.727,,,"R1:3513"
"MKD","BA:501","EMP_TEMP_SEX_GAI_NB","SEX_M","GAI_GRADIENT_4","2010",9.444,,,"R1:3513"
"MKD","BA:501","EMP_TEMP_SEX_GAI_NB","SEX_M","GAI_GRADIENT_3","2010",4.93,,,"R1:3513"
"MKD","BA:501","EMP_TEMP_SEX_GAI_NB","SEX_M","GAI_GRADIENT_2","2010",23.247,,,"R1:3513"
"MKD","BA:501","EMP_TEMP_SEX_GAI_NB","SEX_M","GAI_GRADIENT_1","2010",13.186,,,"R1:3513"
"MKD","BA:501","EMP_TEMP_SEX_GAI_NB","SEX_M","GAI_GRADIENT_5","2010",12.85,,,"R1:3513"
"MKD","BA:501","EMP_TEMP_SEX_GAI_NB","SEX_M","GAI_GRADIENT_X","2010",311.07,,,"R1:3513"
"MKD","BA:501","EMP_TEMP_SEX_GAI_NB","SEX_F","GAI_GRADIENT_TOTAL","2010",231.23,,,"R1:3513"
"MKD","BA:501","EMP_TEMP_SEX_GAI_NB","SEX_F","GAI_GRADIENT_4","2010",4.07,,,"R1:3513"
"MKD","BA:501","EMP_TEMP_SEX_GAI_NB","SEX_F","GAI_GRADIENT_3","2010",5.137,,,"R1:3513"
"MKD","BA:501","EMP_TEMP_SEX_GAI_NB","SEX_F","GAI_GRADIENT_2","2010",27.75,,,"R1:3513"
"MKD","BA:501","EMP_TEMP_SEX_GAI_NB","SEX_F","GAI_GRADIENT_1","2010",5.737,,,"R1:3513"
"MKD","BA:501","EMP_TEMP_SEX_GAI_NB","SEX_F","GAI_GRADIENT_5","2010",4.95,,,"R1:3513"
"MKD","BA:501","EMP_TEMP_SEX_GAI_NB","SEX_F","GAI_GRADIENT_X","2010",183.586,,,"R1:3513"
"MKD","BA:501","EMP_TEMP_SEX_GAI_NB","SEX_T","GAI_GRADIENT_TOTAL","2009",624.674,,,"R1:3513"
"MKD","BA:501","EMP_TEMP_SEX_GAI_NB","SEX_T","GAI_GRADIENT_4","2009",14.368,,,"R1:3513"
"MKD","BA:501","EMP_TEMP_SEX_GAI_NB","SEX_T","GAI_GRADIENT_3","2009",8.008,,,"R1:3513"
"MKD","BA:501","EMP_TEMP_SEX_GAI_NB","SEX_T","GAI_GRADIENT_2","2009",56.81,,,"R1:3513"
"MKD","BA:501","EMP_TEMP_SEX_GAI_NB","SEX_T","GAI_GRADIENT_1","2009",19.946,,,"R1:3513"
"MKD","BA:501","EMP_TEMP_SEX_GAI_NB","SEX_T","GAI_GRADIENT_5","2009",17.565,,,"R1:3513"
"MKD","BA:501","EMP_TEMP_SEX_GAI_NB","SEX_T","GAI_GRADIENT_X","2009",507.978,,,"R1:3513"
"MKD","BA:501","EMP_TEMP_SEX_GAI_NB","SEX_M","GAI_GRADIENT_TOTAL","2009",384.477,,,"R1:3513"
"MKD","BA:501","EMP_TEMP_SEX_GAI_NB","SEX_M","GAI_GRADIENT_4","2009",10.597,,,"R1:3513"
"MKD","BA:501","EMP_TEMP_SEX_GAI_NB","SEX_M","GAI_GRADIENT_3","2009",4.008,,,"R1:3513"
"MKD","BA:501","EMP_TEMP_SEX_GAI_NB","SEX_M","GAI_GRADIENT_2","2009",26.039,,,"R1:3513"
"MKD","BA:501","EMP_TEMP_SEX_GAI_NB","SEX_M","GAI_GRADIENT_1","2009",13.659,,,"R1:3513"
"MKD","BA:501","EMP_TEMP_SEX_GAI_NB","SEX_M","GAI_GRADIENT_5","2009",12.834,,,"R1:3513"
"MKD","BA:501","EMP_TEMP_SEX_GAI_NB","SEX_M","GAI_GRADIENT_X","2009",317.338,,,"R1:3513"
"MKD","BA:501","EMP_TEMP_SEX_GAI_NB","SEX_F","GAI_GRADIENT_TOTAL","2009",240.197,,,"R1:3513"
"MKD","BA:501","EMP_TEMP_SEX_GAI_NB","SEX_F","GAI_GRADIENT_4","2009",3.771,,,"R1:3513"
"MKD","BA:501","EMP_TEMP_SEX_GAI_NB","SEX_F","GAI_GRADIENT_3","2009",3.999,,,"R1:3513"
"MKD","BA:501","EMP_TEMP_SEX_GAI_NB","SEX_F","GAI_GRADIENT_2","2009",30.77,,,"R1:3513"
"MKD","BA:501","EMP_TEMP_SEX_GAI_NB","SEX_F","GAI_GRADIENT_1","2009",6.286,,,"R1:3513"
"MKD","BA:501","EMP_TEMP_SEX_GAI_NB","SEX_F","GAI_GRADIENT_5","2009",4.73,,,"R1:3513"
"MKD","BA:501","EMP_TEMP_SEX_GAI_NB","SEX_F","GAI_GRADIENT_X","2009",190.64,,,"R1:3513"
"MLI","BB:16232","EMP_TEMP_SEX_GAI_NB","SEX_T","GAI_GRADIENT_TOTAL","2022",6748.249,,,"R1:3513"
"MLI","BB:16232","EMP_TEMP_SEX_GAI_NB","SEX_T","GAI_GRADIENT_4","2022",37.76,,,"R1:3513"
"MLI","BB:16232","EMP_TEMP_SEX_GAI_NB","SEX_T","GAI_GRADIENT_3","2022",32.597,,,"R1:3513"
"MLI","BB:16232","EMP_TEMP_SEX_GAI_NB","SEX_T","GAI_GRADIENT_2","2022",272.215,,,"R1:3513"
"MLI","BB:16232","EMP_TEMP_SEX_GAI_NB","SEX_T","GAI_GRADIENT_1","2022",397.818,,,"R1:3513"
"MLI","BB:16232","EMP_TEMP_SEX_GAI_NB","SEX_T","GAI_GRADIENT_5","2022",208.577,,,"R1:3513"
"MLI","BB:16232","EMP_TEMP_SEX_GAI_NB","SEX_T","GAI_GRADIENT_X","2022",5799.283,,,"R1:3513"
"MLI","BB:16232","EMP_TEMP_SEX_GAI_NB","SEX_M","GAI_GRADIENT_TOTAL","2022",4245.611,,,"R1:3513"
"MLI","BB:16232","EMP_TEMP_SEX_GAI_NB","SEX_M","GAI_GRADIENT_4","2022",25.24,,,"R1:3513"
"MLI","BB:16232","EMP_TEMP_SEX_GAI_NB","SEX_M","GAI_GRADIENT_3","2022",18.047,,,"R1:3513"
"MLI","BB:16232","EMP_TEMP_SEX_GAI_NB","SEX_M","GAI_GRADIENT_2","2022",182.711,,,"R1:3513"
"MLI","BB:16232","EMP_TEMP_SEX_GAI_NB","SEX_M","GAI_GRADIENT_1","2022",213.589,,,"R1:3513"
"MLI","BB:16232","EMP_TEMP_SEX_GAI_NB","SEX_M","GAI_GRADIENT_5","2022",118.65,,,"R1:3513"
"MLI","BB:16232","EMP_TEMP_SEX_GAI_NB","SEX_M","GAI_GRADIENT_X","2022",3687.375,,,"R1:3513"
"MLI","BB:16232","EMP_TEMP_SEX_GAI_NB","SEX_F","GAI_GRADIENT_TOTAL","2022",2502.638,,,"R1:3513"
"MLI","BB:16232","EMP_TEMP_SEX_GAI_NB","SEX_F","GAI_GRADIENT_4","2022",12.52,,,"R1:3513"
"MLI","BB:16232","EMP_TEMP_SEX_GAI_NB","SEX_F","GAI_GRADIENT_3","2022",14.55,,,"R1:3513"
"MLI","BB:16232","EMP_TEMP_SEX_GAI_NB","SEX_F","GAI_GRADIENT_2","2022",89.504,,,"R1:3513"
"MLI","BB:16232","EMP_TEMP_SEX_GAI_NB","SEX_F","GAI_GRADIENT_1","2022",184.229,,,"R1:3513"
"MLI","BB:16232","EMP_TEMP_SEX_GAI_NB","SEX_F","GAI_GRADIENT_5","2022",89.927,,,"R1:3513"
"MLI","BB:16232","EMP_TEMP_SEX_GAI_NB","SEX_F","GAI_GRADIENT_X","2022",2111.908,,,"R1:3513"
"MMR","BA:7009","EMP_TEMP_SEX_GAI_NB","SEX_T","GAI_GRADIENT_TOTAL","2020",22274.731,,,"R1:3513_S3:6"
"MMR","BA:7009","EMP_TEMP_SEX_GAI_NB","SEX_T","GAI_GRADIENT_4","2020",623.587,,,"R1:3513_S3:6"
"MMR","BA:7009","EMP_TEMP_SEX_GAI_NB","SEX_T","GAI_GRADIENT_3","2020",129.908,,,"R1:3513_S3:6"
"MMR","BA:7009","EMP_TEMP_SEX_GAI_NB","SEX_T","GAI_GRADIENT_2","2020",2242.833,,,"R1:3513_S3:6"
"MMR","BA:7009","EMP_TEMP_SEX_GAI_NB","SEX_T","GAI_GRADIENT_1","2020",1862.984,,,"R1:3513_S3:6"
"MMR","BA:7009","EMP_TEMP_SEX_GAI_NB","SEX_T","GAI_GRADIENT_5","2020",2042.223,,,"R1:3513_S3:6"
"MMR","BA:7009","EMP_TEMP_SEX_GAI_NB","SEX_T","GAI_GRADIENT_X","2020",15373.197,,,"R1:3513_S3:6"
"MMR","BA:7009","EMP_TEMP_SEX_GAI_NB","SEX_M","GAI_GRADIENT_TOTAL","2020",13137.423,,,"R1:3513_S3:6"
"MMR","BA:7009","EMP_TEMP_SEX_GAI_NB","SEX_M","GAI_GRADIENT_4","2020",278.241,,,"R1:3513_S3:6"
"MMR","BA:7009","EMP_TEMP_SEX_GAI_NB","SEX_M","GAI_GRADIENT_3","2020",49.234,,,"R1:3513_S3:6"
"MMR","BA:7009","EMP_TEMP_SEX_GAI_NB","SEX_M","GAI_GRADIENT_2","2020",954.273,,,"R1:3513_S3:6"
"MMR","BA:7009","EMP_TEMP_SEX_GAI_NB","SEX_M","GAI_GRADIENT_1","2020",892.986,,,"R1:3513_S3:6"
"MMR","BA:7009","EMP_TEMP_SEX_GAI_NB","SEX_M","GAI_GRADIENT_5","2020",1433.202,,,"R1:3513_S3:6"
"MMR","BA:7009","EMP_TEMP_SEX_GAI_NB","SEX_M","GAI_GRADIENT_X","2020",9529.488,,,"R1:3513_S3:6"
"MMR","BA:7009","EMP_TEMP_SEX_GAI_NB","SEX_F","GAI_GRADIENT_TOTAL","2020",9137.307,,,"R1:3513_S3:6"
"MMR","BA:7009","EMP_TEMP_SEX_GAI_NB","SEX_F","GAI_GRADIENT_4","2020",345.347,,,"R1:3513_S3:6"
"MMR","BA:7009","EMP_TEMP_SEX_GAI_NB","SEX_F","GAI_GRADIENT_3","2020",80.674,,,"R1:3513_S3:6"
"MMR","BA:7009","EMP_TEMP_SEX_GAI_NB","SEX_F","GAI_GRADIENT_2","2020",1288.559,,,"R1:3513_S3:6"
"MMR","BA:7009","EMP_TEMP_SEX_GAI_NB","SEX_F","GAI_GRADIENT_1","2020",969.998,,,"R1:3513_S3:6"
"MMR","BA:7009","EMP_TEMP_SEX_GAI_NB","SEX_F","GAI_GRADIENT_5","2020",609.021,,,"R1:3513_S3:6"
"MMR","BA:7009","EMP_TEMP_SEX_GAI_NB","SEX_F","GAI_GRADIENT_X","2020",5843.709,,,"R1:3513_S3:6"
"MMR","BA:7009","EMP_TEMP_SEX_GAI_NB","SEX_T","GAI_GRADIENT_TOTAL","2019",22436.305,,,"R1:3513"
"MMR","BA:7009","EMP_TEMP_SEX_GAI_NB","SEX_T","GAI_GRADIENT_4","2019",345.774,,,"R1:3513"
"MMR","BA:7009","EMP_TEMP_SEX_GAI_NB","SEX_T","GAI_GRADIENT_3","2019",105.815,,,"R1:3513"
"MMR","BA:7009","EMP_TEMP_SEX_GAI_NB","SEX_T","GAI_GRADIENT_2","2019",1643.615,,,"R1:3513"
"MMR","BA:7009","EMP_TEMP_SEX_GAI_NB","SEX_T","GAI_GRADIENT_1","2019",2257.566,,,"R1:3513"
"MMR","BA:7009","EMP_TEMP_SEX_GAI_NB","SEX_T","GAI_GRADIENT_5","2019",2512.638,,,"R1:3513"
"MMR","BA:7009","EMP_TEMP_SEX_GAI_NB","SEX_T","GAI_GRADIENT_X","2019",15570.898,,,"R1:3513"
"MMR","BA:7009","EMP_TEMP_SEX_GAI_NB","SEX_M","GAI_GRADIENT_TOTAL","2019",12930.987,,,"R1:3513"
"MMR","BA:7009","EMP_TEMP_SEX_GAI_NB","SEX_M","GAI_GRADIENT_4","2019",157.535,,,"R1:3513"
"MMR","BA:7009","EMP_TEMP_SEX_GAI_NB","SEX_M","GAI_GRADIENT_3","2019",46.412,,,"R1:3513"
"MMR","BA:7009","EMP_TEMP_SEX_GAI_NB","SEX_M","GAI_GRADIENT_2","2019",737.042,,,"R1:3513"
"MMR","BA:7009","EMP_TEMP_SEX_GAI_NB","SEX_M","GAI_GRADIENT_1","2019",1043.311,,,"R1:3513"
"MMR","BA:7009","EMP_TEMP_SEX_GAI_NB","SEX_M","GAI_GRADIENT_5","2019",1592.798,,,"R1:3513"
"MMR","BA:7009","EMP_TEMP_SEX_GAI_NB","SEX_M","GAI_GRADIENT_X","2019",9353.888,,,"R1:3513"
"MMR","BA:7009","EMP_TEMP_SEX_GAI_NB","SEX_F","GAI_GRADIENT_TOTAL","2019",9505.318,,,"R1:3513"
"MMR","BA:7009","EMP_TEMP_SEX_GAI_NB","SEX_F","GAI_GRADIENT_4","2019",188.239,,,"R1:3513"
"MMR","BA:7009","EMP_TEMP_SEX_GAI_NB","SEX_F","GAI_GRADIENT_3","2019",59.403,,,"R1:3513"
"MMR","BA:7009","EMP_TEMP_SEX_GAI_NB","SEX_F","GAI_GRADIENT_2","2019",906.573,,,"R1:3513"
"MMR","BA:7009","EMP_TEMP_SEX_GAI_NB","SEX_F","GAI_GRADIENT_1","2019",1214.254,,,"R1:3513"
"MMR","BA:7009","EMP_TEMP_SEX_GAI_NB","SEX_F","GAI_GRADIENT_5","2019",919.84,,,"R1:3513"
"MMR","BA:7009","EMP_TEMP_SEX_GAI_NB","SEX_F","GAI_GRADIENT_X","2019",6217.01,,,"R1:3513"
"MMR","BA:7009","EMP_TEMP_SEX_GAI_NB","SEX_T","GAI_GRADIENT_TOTAL","2018",22883.293,,,"R1:3513"
"MMR","BA:7009","EMP_TEMP_SEX_GAI_NB","SEX_T","GAI_GRADIENT_4","2018",341.709,,,"R1:3513"
"MMR","BA:7009","EMP_TEMP_SEX_GAI_NB","SEX_T","GAI_GRADIENT_3","2018",99.249,,,"R1:3513"
"MMR","BA:7009","EMP_TEMP_SEX_GAI_NB","SEX_T","GAI_GRADIENT_2","2018",1619.901,,,"R1:3513"
"MMR","BA:7009","EMP_TEMP_SEX_GAI_NB","SEX_T","GAI_GRADIENT_1","2018",1795.763,,,"R1:3513"
"MMR","BA:7009","EMP_TEMP_SEX_GAI_NB","SEX_T","GAI_GRADIENT_5","2018",2158.066,,,"R1:3513"
"MMR","BA:7009","EMP_TEMP_SEX_GAI_NB","SEX_T","GAI_GRADIENT_X","2018",16868.605,,,"R1:3513"
"MMR","BA:7009","EMP_TEMP_SEX_GAI_NB","SEX_M","GAI_GRADIENT_TOTAL","2018",13067.348,,,"R1:3513"
"MMR","BA:7009","EMP_TEMP_SEX_GAI_NB","SEX_M","GAI_GRADIENT_4","2018",160.103,,,"R1:3513"
"MMR","BA:7009","EMP_TEMP_SEX_GAI_NB","SEX_M","GAI_GRADIENT_3","2018",46.175,,,"R1:3513"
"MMR","BA:7009","EMP_TEMP_SEX_GAI_NB","SEX_M","GAI_GRADIENT_2","2018",682.979,,,"R1:3513"
"MMR","BA:7009","EMP_TEMP_SEX_GAI_NB","SEX_M","GAI_GRADIENT_1","2018",775.302,,,"R1:3513"
"MMR","BA:7009","EMP_TEMP_SEX_GAI_NB","SEX_M","GAI_GRADIENT_5","2018",1377.524,,,"R1:3513"
"MMR","BA:7009","EMP_TEMP_SEX_GAI_NB","SEX_M","GAI_GRADIENT_X","2018",10025.266,,,"R1:3513"
"MMR","BA:7009","EMP_TEMP_SEX_GAI_NB","SEX_F","GAI_GRADIENT_TOTAL","2018",9815.945,,,"R1:3513"
"MMR","BA:7009","EMP_TEMP_SEX_GAI_NB","SEX_F","GAI_GRADIENT_4","2018",181.606,,,"R1:3513"
"MMR","BA:7009","EMP_TEMP_SEX_GAI_NB","SEX_F","GAI_GRADIENT_3","2018",53.074,,,"R1:3513"
"MMR","BA:7009","EMP_TEMP_SEX_GAI_NB","SEX_F","GAI_GRADIENT_2","2018",936.923,,,"R1:3513"
"MMR","BA:7009","EMP_TEMP_SEX_GAI_NB","SEX_F","GAI_GRADIENT_1","2018",1020.461,,,"R1:3513"
"MMR","BA:7009","EMP_TEMP_SEX_GAI_NB","SEX_F","GAI_GRADIENT_5","2018",780.542,,,"R1:3513"
"MMR","BA:7009","EMP_TEMP_SEX_GAI_NB","SEX_F","GAI_GRADIENT_X","2018",6843.34,,,"R1:3513"
"MMR","BA:7009","EMP_TEMP_SEX_GAI_NB","SEX_T","GAI_GRADIENT_TOTAL","2017",22266.404,"B","I11:264","R1:3513"
"MMR","BA:7009","EMP_TEMP_SEX_GAI_NB","SEX_T","GAI_GRADIENT_4","2017",332.75,"B","I11:264","R1:3513"
"MMR","BA:7009","EMP_TEMP_SEX_GAI_NB","SEX_T","GAI_GRADIENT_3","2017",93.832,"B","I11:264","R1:3513"
"MMR","BA:7009","EMP_TEMP_SEX_GAI_NB","SEX_T","GAI_GRADIENT_2","2017",1414.185,"B","I11:264","R1:3513"
"MMR","BA:7009","EMP_TEMP_SEX_GAI_NB","SEX_T","GAI_GRADIENT_1","2017",1802.533,"B","I11:264","R1:3513"
"MMR","BA:7009","EMP_TEMP_SEX_GAI_NB","SEX_T","GAI_GRADIENT_5","2017",1984.949,"B","I11:264","R1:3513"
"MMR","BA:7009","EMP_TEMP_SEX_GAI_NB","SEX_T","GAI_GRADIENT_X","2017",16638.155,"B","I11:264","R1:3513"
"MMR","BA:7009","EMP_TEMP_SEX_GAI_NB","SEX_M","GAI_GRADIENT_TOTAL","2017",12843.492,"B","I11:264","R1:3513"
"MMR","BA:7009","EMP_TEMP_SEX_GAI_NB","SEX_M","GAI_GRADIENT_4","2017",128.819,"B","I11:264","R1:3513"
"MMR","BA:7009","EMP_TEMP_SEX_GAI_NB","SEX_M","GAI_GRADIENT_3","2017",43.89,"B","I11:264","R1:3513"
"MMR","BA:7009","EMP_TEMP_SEX_GAI_NB","SEX_M","GAI_GRADIENT_2","2017",575.6,"B","I11:264","R1:3513"
"MMR","BA:7009","EMP_TEMP_SEX_GAI_NB","SEX_M","GAI_GRADIENT_1","2017",882.226,"B","I11:264","R1:3513"
"MMR","BA:7009","EMP_TEMP_SEX_GAI_NB","SEX_M","GAI_GRADIENT_5","2017",1327.915,"B","I11:264","R1:3513"
"MMR","BA:7009","EMP_TEMP_SEX_GAI_NB","SEX_M","GAI_GRADIENT_X","2017",9885.043,"B","I11:264","R1:3513"
"MMR","BA:7009","EMP_TEMP_SEX_GAI_NB","SEX_F","GAI_GRADIENT_TOTAL","2017",9422.911,"B","I11:264","R1:3513"
"MMR","BA:7009","EMP_TEMP_SEX_GAI_NB","SEX_F","GAI_GRADIENT_4","2017",203.931,"B","I11:264","R1:3513"
"MMR","BA:7009","EMP_TEMP_SEX_GAI_NB","SEX_F","GAI_GRADIENT_3","2017",49.942,"B","I11:264","R1:3513"
"MMR","BA:7009","EMP_TEMP_SEX_GAI_NB","SEX_F","GAI_GRADIENT_2","2017",838.585,"B","I11:264","R1:3513"
"MMR","BA:7009","EMP_TEMP_SEX_GAI_NB","SEX_F","GAI_GRADIENT_1","2017",920.307,"B","I11:264","R1:3513"
"MMR","BA:7009","EMP_TEMP_SEX_GAI_NB","SEX_F","GAI_GRADIENT_5","2017",657.035,"B","I11:264","R1:3513"
"MMR","BA:7009","EMP_TEMP_SEX_GAI_NB","SEX_F","GAI_GRADIENT_X","2017",6753.112,"B","I11:264","R1:3513"
"MMR","BA:7009","EMP_TEMP_SEX_GAI_NB","SEX_T","GAI_GRADIENT_TOTAL","2015",21791.335,"B","I11:264","R1:3513"
"MMR","BA:7009","EMP_TEMP_SEX_GAI_NB","SEX_T","GAI_GRADIENT_4","2015",260.978,"B","I11:264","R1:3513"
"MMR","BA:7009","EMP_TEMP_SEX_GAI_NB","SEX_T","GAI_GRADIENT_3","2015",117.864,"B","I11:264","R1:3513"
"MMR","BA:7009","EMP_TEMP_SEX_GAI_NB","SEX_T","GAI_GRADIENT_2","2015",837.696,"B","I11:264","R1:3513"
"MMR","BA:7009","EMP_TEMP_SEX_GAI_NB","SEX_T","GAI_GRADIENT_1","2015",2071.734,"B","I11:264","R1:3513"
"MMR","BA:7009","EMP_TEMP_SEX_GAI_NB","SEX_T","GAI_GRADIENT_5","2015",1546.29,"B","I11:264","R1:3513"
"MMR","BA:7009","EMP_TEMP_SEX_GAI_NB","SEX_T","GAI_GRADIENT_X","2015",16956.772,"B","I11:264","R1:3513"
"MMR","BA:7009","EMP_TEMP_SEX_GAI_NB","SEX_M","GAI_GRADIENT_TOTAL","2015",12391.395,"B","I11:264","R1:3513"
"MMR","BA:7009","EMP_TEMP_SEX_GAI_NB","SEX_M","GAI_GRADIENT_4","2015",114.222,"B","I11:264","R1:3513"
"MMR","BA:7009","EMP_TEMP_SEX_GAI_NB","SEX_M","GAI_GRADIENT_3","2015",70.488,"B","I11:264","R1:3513"
"MMR","BA:7009","EMP_TEMP_SEX_GAI_NB","SEX_M","GAI_GRADIENT_2","2015",375.07,"B","I11:264","R1:3513"
"MMR","BA:7009","EMP_TEMP_SEX_GAI_NB","SEX_M","GAI_GRADIENT_1","2015",875.795,"B","I11:264","R1:3513"
"MMR","BA:7009","EMP_TEMP_SEX_GAI_NB","SEX_M","GAI_GRADIENT_5","2015",1007.008,"B","I11:264","R1:3513"
"MMR","BA:7009","EMP_TEMP_SEX_GAI_NB","SEX_M","GAI_GRADIENT_X","2015",9948.812,"B","I11:264","R1:3513"
"MMR","BA:7009","EMP_TEMP_SEX_GAI_NB","SEX_F","GAI_GRADIENT_TOTAL","2015",9399.94,"B","I11:264","R1:3513"
"MMR","BA:7009","EMP_TEMP_SEX_GAI_NB","SEX_F","GAI_GRADIENT_4","2015",146.756,"B","I11:264","R1:3513"
"MMR","BA:7009","EMP_TEMP_SEX_GAI_NB","SEX_F","GAI_GRADIENT_3","2015",47.376,"B","I11:264","R1:3513"
"MMR","BA:7009","EMP_TEMP_SEX_GAI_NB","SEX_F","GAI_GRADIENT_2","2015",462.627,"B","I11:264","R1:3513"
"MMR","BA:7009","EMP_TEMP_SEX_GAI_NB","SEX_F","GAI_GRADIENT_1","2015",1195.939,"B","I11:264","R1:3513"
"MMR","BA:7009","EMP_TEMP_SEX_GAI_NB","SEX_F","GAI_GRADIENT_5","2015",539.282,"B","I11:264","R1:3513"
"MMR","BA:7009","EMP_TEMP_SEX_GAI_NB","SEX_F","GAI_GRADIENT_X","2015",7007.96,"B","I11:264","R1:3513"
"MNG","BA:702","EMP_TEMP_SEX_GAI_NB","SEX_T","GAI_GRADIENT_TOTAL","2025",1367.92,,,"R1:3513"
"MNG","BA:702","EMP_TEMP_SEX_GAI_NB","SEX_T","GAI_GRADIENT_4","2025",18.931,,,"R1:3513"
"MNG","BA:702","EMP_TEMP_SEX_GAI_NB","SEX_T","GAI_GRADIENT_3","2025",60.815,,,"R1:3513"
"MNG","BA:702","EMP_TEMP_SEX_GAI_NB","SEX_T","GAI_GRADIENT_2","2025",90.022,,,"R1:3513"
"MNG","BA:702","EMP_TEMP_SEX_GAI_NB","SEX_T","GAI_GRADIENT_1","2025",97.317,,,"R1:3513"
"MNG","BA:702","EMP_TEMP_SEX_GAI_NB","SEX_T","GAI_GRADIENT_5","2025",239.246,,,"R1:3513"
"MNG","BA:702","EMP_TEMP_SEX_GAI_NB","SEX_T","GAI_GRADIENT_X","2025",861.589,,,"R1:3513"
"MNG","BA:702","EMP_TEMP_SEX_GAI_NB","SEX_M","GAI_GRADIENT_TOTAL","2025",753.455,,,"R1:3513"
"MNG","BA:702","EMP_TEMP_SEX_GAI_NB","SEX_M","GAI_GRADIENT_4","2025",4.561,,,"R1:3513"
"MNG","BA:702","EMP_TEMP_SEX_GAI_NB","SEX_M","GAI_GRADIENT_3","2025",15.191,,,"R1:3513"
"MNG","BA:702","EMP_TEMP_SEX_GAI_NB","SEX_M","GAI_GRADIENT_2","2025",35.626,,,"R1:3513"
"MNG","BA:702","EMP_TEMP_SEX_GAI_NB","SEX_M","GAI_GRADIENT_1","2025",57.029,,,"R1:3513"
"MNG","BA:702","EMP_TEMP_SEX_GAI_NB","SEX_M","GAI_GRADIENT_5","2025",159.651,,,"R1:3513"
"MNG","BA:702","EMP_TEMP_SEX_GAI_NB","SEX_M","GAI_GRADIENT_X","2025",481.397,,,"R1:3513"
"MNG","BA:702","EMP_TEMP_SEX_GAI_NB","SEX_F","GAI_GRADIENT_TOTAL","2025",614.465,,,"R1:3513"
"MNG","BA:702","EMP_TEMP_SEX_GAI_NB","SEX_F","GAI_GRADIENT_4","2025",14.37,,,"R1:3513"
"MNG","BA:702","EMP_TEMP_SEX_GAI_NB","SEX_F","GAI_GRADIENT_3","2025",45.624,,,"R1:3513"
"MNG","BA:702","EMP_TEMP_SEX_GAI_NB","SEX_F","GAI_GRADIENT_2","2025",54.396,,,"R1:3513"
"MNG","BA:702","EMP_TEMP_SEX_GAI_NB","SEX_F","GAI_GRADIENT_1","2025",40.288,,,"R1:3513"
"MNG","BA:702","EMP_TEMP_SEX_GAI_NB","SEX_F","GAI_GRADIENT_5","2025",79.595,,,"R1:3513"
"MNG","BA:702","EMP_TEMP_SEX_GAI_NB","SEX_F","GAI_GRADIENT_X","2025",380.192,,,"R1:3513"
"MNG","BA:702","EMP_TEMP_SEX_GAI_NB","SEX_T","GAI_GRADIENT_TOTAL","2024",1370.272,,,"R1:3513"
"MNG","BA:702","EMP_TEMP_SEX_GAI_NB","SEX_T","GAI_GRADIENT_4","2024",17.368,,,"R1:3513"
"MNG","BA:702","EMP_TEMP_SEX_GAI_NB","SEX_T","GAI_GRADIENT_3","2024",71.123,,,"R1:3513"
"MNG","BA:702","EMP_TEMP_SEX_GAI_NB","SEX_T","GAI_GRADIENT_2","2024",111.268,,,"R1:3513"
"MNG","BA:702","EMP_TEMP_SEX_GAI_NB","SEX_T","GAI_GRADIENT_1","2024",91.065,,,"R1:3513"
"MNG","BA:702","EMP_TEMP_SEX_GAI_NB","SEX_T","GAI_GRADIENT_5","2024",227.878,,,"R1:3513"
"MNG","BA:702","EMP_TEMP_SEX_GAI_NB","SEX_T","GAI_GRADIENT_X","2024",851.571,,,"R1:3513"
"MNG","BA:702","EMP_TEMP_SEX_GAI_NB","SEX_M","GAI_GRADIENT_TOTAL","2024",745.355,,,"R1:3513"
"MNG","BA:702","EMP_TEMP_SEX_GAI_NB","SEX_M","GAI_GRADIENT_4","2024",4.436,,,"R1:3513"
"MNG","BA:702","EMP_TEMP_SEX_GAI_NB","SEX_M","GAI_GRADIENT_3","2024",19.927,,,"R1:3513"
"MNG","BA:702","EMP_TEMP_SEX_GAI_NB","SEX_M","GAI_GRADIENT_2","2024",42.345,,,"R1:3513"
"MNG","BA:702","EMP_TEMP_SEX_GAI_NB","SEX_M","GAI_GRADIENT_1","2024",55.883,,,"R1:3513"
"MNG","BA:702","EMP_TEMP_SEX_GAI_NB","SEX_M","GAI_GRADIENT_5","2024",146.4,,,"R1:3513"
"MNG","BA:702","EMP_TEMP_SEX_GAI_NB","SEX_M","GAI_GRADIENT_X","2024",476.364,,,"R1:3513"
"MNG","BA:702","EMP_TEMP_SEX_GAI_NB","SEX_F","GAI_GRADIENT_TOTAL","2024",624.916,,,"R1:3513"
"MNG","BA:702","EMP_TEMP_SEX_GAI_NB","SEX_F","GAI_GRADIENT_4","2024",12.932,,,"R1:3513"
"MNG","BA:702","EMP_TEMP_SEX_GAI_NB","SEX_F","GAI_GRADIENT_3","2024",51.196,,,"R1:3513"
"MNG","BA:702","EMP_TEMP_SEX_GAI_NB","SEX_F","GAI_GRADIENT_2","2024",68.922,,,"R1:3513"
"MNG","BA:702","EMP_TEMP_SEX_GAI_NB","SEX_F","GAI_GRADIENT_1","2024",35.182,,,"R1:3513"
"MNG","BA:702","EMP_TEMP_SEX_GAI_NB","SEX_F","GAI_GRADIENT_5","2024",81.477,,,"R1:3513"
"MNG","BA:702","EMP_TEMP_SEX_GAI_NB","SEX_F","GAI_GRADIENT_X","2024",375.207,,,"R1:3513"
"MNG","BA:702","EMP_TEMP_SEX_GAI_NB","SEX_T","GAI_GRADIENT_TOTAL","2023",1317.22,,,"R1:3513"
"MNG","BA:702","EMP_TEMP_SEX_GAI_NB","SEX_T","GAI_GRADIENT_4","2023",20.764,,,"R1:3513"
"MNG","BA:702","EMP_TEMP_SEX_GAI_NB","SEX_T","GAI_GRADIENT_3","2023",53.999,,,"R1:3513"
"MNG","BA:702","EMP_TEMP_SEX_GAI_NB","SEX_T","GAI_GRADIENT_2","2023",100.445,,,"R1:3513"
"MNG","BA:702","EMP_TEMP_SEX_GAI_NB","SEX_T","GAI_GRADIENT_1","2023",70.214,,,"R1:3513"
"MNG","BA:702","EMP_TEMP_SEX_GAI_NB","SEX_T","GAI_GRADIENT_5","2023",191.45,,,"R1:3513"
"MNG","BA:702","EMP_TEMP_SEX_GAI_NB","SEX_T","GAI_GRADIENT_X","2023",880.348,,,"R1:3513"
"MNG","BA:702","EMP_TEMP_SEX_GAI_NB","SEX_M","GAI_GRADIENT_TOTAL","2023",711.768,,,"R1:3513"
"MNG","BA:702","EMP_TEMP_SEX_GAI_NB","SEX_M","GAI_GRADIENT_4","2023",4.315,,,"R1:3513"
"MNG","BA:702","EMP_TEMP_SEX_GAI_NB","SEX_M","GAI_GRADIENT_3","2023",15.356,,,"R1:3513"
"MNG","BA:702","EMP_TEMP_SEX_GAI_NB","SEX_M","GAI_GRADIENT_2","2023",41.053,,,"R1:3513"
"MNG","BA:702","EMP_TEMP_SEX_GAI_NB","SEX_M","GAI_GRADIENT_1","2023",44.248,,,"R1:3513"
"MNG","BA:702","EMP_TEMP_SEX_GAI_NB","SEX_M","GAI_GRADIENT_5","2023",122.535,,,"R1:3513"
"MNG","BA:702","EMP_TEMP_SEX_GAI_NB","SEX_M","GAI_GRADIENT_X","2023",484.261,,,"R1:3513"
"MNG","BA:702","EMP_TEMP_SEX_GAI_NB","SEX_F","GAI_GRADIENT_TOTAL","2023",605.452,,,"R1:3513"
"MNG","BA:702","EMP_TEMP_SEX_GAI_NB","SEX_F","GAI_GRADIENT_4","2023",16.449,,,"R1:3513"
"MNG","BA:702","EMP_TEMP_SEX_GAI_NB","SEX_F","GAI_GRADIENT_3","2023",38.643,,,"R1:3513"
"MNG","BA:702","EMP_TEMP_SEX_GAI_NB","SEX_F","GAI_GRADIENT_2","2023",59.392,,,"R1:3513"
"MNG","BA:702","EMP_TEMP_SEX_GAI_NB","SEX_F","GAI_GRADIENT_1","2023",25.966,,,"R1:3513"
"MNG","BA:702","EMP_TEMP_SEX_GAI_NB","SEX_F","GAI_GRADIENT_5","2023",68.915,,,"R1:3513"
"MNG","BA:702","EMP_TEMP_SEX_GAI_NB","SEX_F","GAI_GRADIENT_X","2023",396.087,,,"R1:3513"
"MNG","BA:702","EMP_TEMP_SEX_GAI_NB","SEX_T","GAI_GRADIENT_TOTAL","2022",1330.811,,,"R1:3513"
"MNG","BA:702","EMP_TEMP_SEX_GAI_NB","SEX_T","GAI_GRADIENT_4","2022",15.719,,,"R1:3513"
"MNG","BA:702","EMP_TEMP_SEX_GAI_NB","SEX_T","GAI_GRADIENT_3","2022",61.926,,,"R1:3513"
"MNG","BA:702","EMP_TEMP_SEX_GAI_NB","SEX_T","GAI_GRADIENT_2","2022",79.331,,,"R1:3513"
"MNG","BA:702","EMP_TEMP_SEX_GAI_NB","SEX_T","GAI_GRADIENT_1","2022",79.381,,,"R1:3513"
"MNG","BA:702","EMP_TEMP_SEX_GAI_NB","SEX_T","GAI_GRADIENT_5","2022",204.99,,,"R1:3513"
"MNG","BA:702","EMP_TEMP_SEX_GAI_NB","SEX_T","GAI_GRADIENT_X","2022",889.464,,,"R1:3513"
"MNG","BA:702","EMP_TEMP_SEX_GAI_NB","SEX_M","GAI_GRADIENT_TOTAL","2022",714.068,,,"R1:3513"
"MNG","BA:702","EMP_TEMP_SEX_GAI_NB","SEX_M","GAI_GRADIENT_4","2022",3.012,,,"R1:3513"
"MNG","BA:702","EMP_TEMP_SEX_GAI_NB","SEX_M","GAI_GRADIENT_3","2022",18.281,,,"R1:3513"
"MNG","BA:702","EMP_TEMP_SEX_GAI_NB","SEX_M","GAI_GRADIENT_2","2022",28.515,,,"R1:3513"
"MNG","BA:702","EMP_TEMP_SEX_GAI_NB","SEX_M","GAI_GRADIENT_1","2022",45.062,,,"R1:3513"
"MNG","BA:702","EMP_TEMP_SEX_GAI_NB","SEX_M","GAI_GRADIENT_5","2022",135.176,,,"R1:3513"
"MNG","BA:702","EMP_TEMP_SEX_GAI_NB","SEX_M","GAI_GRADIENT_X","2022",484.022,,,"R1:3513"
"MNG","BA:702","EMP_TEMP_SEX_GAI_NB","SEX_F","GAI_GRADIENT_TOTAL","2022",616.743,,,"R1:3513"
"MNG","BA:702","EMP_TEMP_SEX_GAI_NB","SEX_F","GAI_GRADIENT_4","2022",12.707,,,"R1:3513"
"MNG","BA:702","EMP_TEMP_SEX_GAI_NB","SEX_F","GAI_GRADIENT_3","2022",43.645,,,"R1:3513"
"MNG","BA:702","EMP_TEMP_SEX_GAI_NB","SEX_F","GAI_GRADIENT_2","2022",50.816,,,"R1:3513"
"MNG","BA:702","EMP_TEMP_SEX_GAI_NB","SEX_F","GAI_GRADIENT_1","2022",34.319,,,"R1:3513"
"MNG","BA:702","EMP_TEMP_SEX_GAI_NB","SEX_F","GAI_GRADIENT_5","2022",69.814,,,"R1:3513"
"MNG","BA:702","EMP_TEMP_SEX_GAI_NB","SEX_F","GAI_GRADIENT_X","2022",405.442,,,"R1:3513"
"MNG","BA:702","EMP_TEMP_SEX_GAI_NB","SEX_T","GAI_GRADIENT_TOTAL","2021",1251.82,,,"R1:3513"
"MNG","BA:702","EMP_TEMP_SEX_GAI_NB","SEX_T","GAI_GRADIENT_4","2021",11.721,,,"R1:3513"
"MNG","BA:702","EMP_TEMP_SEX_GAI_NB","SEX_T","GAI_GRADIENT_3","2021",59.467,,,"R1:3513"
"MNG","BA:702","EMP_TEMP_SEX_GAI_NB","SEX_T","GAI_GRADIENT_2","2021",80.337,,,"R1:3513"
"MNG","BA:702","EMP_TEMP_SEX_GAI_NB","SEX_T","GAI_GRADIENT_1","2021",78.206,,,"R1:3513"
"MNG","BA:702","EMP_TEMP_SEX_GAI_NB","SEX_T","GAI_GRADIENT_5","2021",193.257,,,"R1:3513"
"MNG","BA:702","EMP_TEMP_SEX_GAI_NB","SEX_T","GAI_GRADIENT_X","2021",828.832,,,"R1:3513"
"MNG","BA:702","EMP_TEMP_SEX_GAI_NB","SEX_M","GAI_GRADIENT_TOTAL","2021",680.276,,,"R1:3513"
"MNG","BA:702","EMP_TEMP_SEX_GAI_NB","SEX_M","GAI_GRADIENT_4","2021",3.505,,,"R1:3513"
"MNG","BA:702","EMP_TEMP_SEX_GAI_NB","SEX_M","GAI_GRADIENT_3","2021",15.557,,,"R1:3513"
"MNG","BA:702","EMP_TEMP_SEX_GAI_NB","SEX_M","GAI_GRADIENT_2","2021",35.108,,,"R1:3513"
"MNG","BA:702","EMP_TEMP_SEX_GAI_NB","SEX_M","GAI_GRADIENT_1","2021",47.831,,,"R1:3513"
"MNG","BA:702","EMP_TEMP_SEX_GAI_NB","SEX_M","GAI_GRADIENT_5","2021",122.221,,,"R1:3513"
"MNG","BA:702","EMP_TEMP_SEX_GAI_NB","SEX_M","GAI_GRADIENT_X","2021",456.054,,,"R1:3513"
"MNG","BA:702","EMP_TEMP_SEX_GAI_NB","SEX_F","GAI_GRADIENT_TOTAL","2021",571.544,,,"R1:3513"
"MNG","BA:702","EMP_TEMP_SEX_GAI_NB","SEX_F","GAI_GRADIENT_4","2021",8.216,,,"R1:3513"
"MNG","BA:702","EMP_TEMP_SEX_GAI_NB","SEX_F","GAI_GRADIENT_3","2021",43.91,,,"R1:3513"
"MNG","BA:702","EMP_TEMP_SEX_GAI_NB","SEX_F","GAI_GRADIENT_2","2021",45.229,,,"R1:3513"
"MNG","BA:702","EMP_TEMP_SEX_GAI_NB","SEX_F","GAI_GRADIENT_1","2021",30.375,,,"R1:3513"
"MNG","BA:702","EMP_TEMP_SEX_GAI_NB","SEX_F","GAI_GRADIENT_5","2021",71.036,,,"R1:3513"
"MNG","BA:702","EMP_TEMP_SEX_GAI_NB","SEX_F","GAI_GRADIENT_X","2021",372.778,,,"R1:3513"
"MNG","BA:702","EMP_TEMP_SEX_GAI_NB","SEX_T","GAI_GRADIENT_TOTAL","2020",1297.517,,,"R1:3513"
"MNG","BA:702","EMP_TEMP_SEX_GAI_NB","SEX_T","GAI_GRADIENT_4","2020",13.307,,,"R1:3513"
"MNG","BA:702","EMP_TEMP_SEX_GAI_NB","SEX_T","GAI_GRADIENT_3","2020",55.19,,,"R1:3513"
"MNG","BA:702","EMP_TEMP_SEX_GAI_NB","SEX_T","GAI_GRADIENT_2","2020",83.023,,,"R1:3513"
"MNG","BA:702","EMP_TEMP_SEX_GAI_NB","SEX_T","GAI_GRADIENT_1","2020",96.983,,,"R1:3513"
"MNG","BA:702","EMP_TEMP_SEX_GAI_NB","SEX_T","GAI_GRADIENT_5","2020",191.622,,,"R1:3513"
"MNG","BA:702","EMP_TEMP_SEX_GAI_NB","SEX_T","GAI_GRADIENT_X","2020",857.392,,,"R1:3513"
"MNG","BA:702","EMP_TEMP_SEX_GAI_NB","SEX_M","GAI_GRADIENT_TOTAL","2020",695.162,,,"R1:3513"
"MNG","BA:702","EMP_TEMP_SEX_GAI_NB","SEX_M","GAI_GRADIENT_4","2020",2.887,,,"R1:3513"
"MNG","BA:702","EMP_TEMP_SEX_GAI_NB","SEX_M","GAI_GRADIENT_3","2020",15.868,,,"R1:3513"
"MNG","BA:702","EMP_TEMP_SEX_GAI_NB","SEX_M","GAI_GRADIENT_2","2020",35.468,,,"R1:3513"
"MNG","BA:702","EMP_TEMP_SEX_GAI_NB","SEX_M","GAI_GRADIENT_1","2020",63.866,,,"R1:3513"
"MNG","BA:702","EMP_TEMP_SEX_GAI_NB","SEX_M","GAI_GRADIENT_5","2020",112.652,,,"R1:3513"
"MNG","BA:702","EMP_TEMP_SEX_GAI_NB","SEX_M","GAI_GRADIENT_X","2020",464.421,,,"R1:3513"
"MNG","BA:702","EMP_TEMP_SEX_GAI_NB","SEX_F","GAI_GRADIENT_TOTAL","2020",602.355,,,"R1:3513"
"MNG","BA:702","EMP_TEMP_SEX_GAI_NB","SEX_F","GAI_GRADIENT_4","2020",10.42,,,"R1:3513"
"MNG","BA:702","EMP_TEMP_SEX_GAI_NB","SEX_F","GAI_GRADIENT_3","2020",39.322,,,"R1:3513"
"MNG","BA:702","EMP_TEMP_SEX_GAI_NB","SEX_F","GAI_GRADIENT_2","2020",47.555,,,"R1:3513"
"MNG","BA:702","EMP_TEMP_SEX_GAI_NB","SEX_F","GAI_GRADIENT_1","2020",33.117,,,"R1:3513"
"MNG","BA:702","EMP_TEMP_SEX_GAI_NB","SEX_F","GAI_GRADIENT_5","2020",78.97,,,"R1:3513"
"MNG","BA:702","EMP_TEMP_SEX_GAI_NB","SEX_F","GAI_GRADIENT_X","2020",392.971,,,"R1:3513"
"MNG","BA:702","EMP_TEMP_SEX_GAI_NB","SEX_T","GAI_GRADIENT_TOTAL","2019",1290.597,"B","I11:264","R1:3513"
"MNG","BA:702","EMP_TEMP_SEX_GAI_NB","SEX_T","GAI_GRADIENT_4","2019",6.243,"B","I11:264","R1:3513"
"MNG","BA:702","EMP_TEMP_SEX_GAI_NB","SEX_T","GAI_GRADIENT_3","2019",66.494,"B","I11:264","R1:3513"
"MNG","BA:702","EMP_TEMP_SEX_GAI_NB","SEX_T","GAI_GRADIENT_2","2019",77.768,"B","I11:264","R1:3513"
"MNG","BA:702","EMP_TEMP_SEX_GAI_NB","SEX_T","GAI_GRADIENT_1","2019",96.227,"B","I11:264","R1:3513"
"MNG","BA:702","EMP_TEMP_SEX_GAI_NB","SEX_T","GAI_GRADIENT_5","2019",168.265,"B","I11:264","R1:3513"
"MNG","BA:702","EMP_TEMP_SEX_GAI_NB","SEX_T","GAI_GRADIENT_X","2019",875.6,"B","I11:264","R1:3513"
"MNG","BA:702","EMP_TEMP_SEX_GAI_NB","SEX_M","GAI_GRADIENT_TOTAL","2019",685.68,"B","I11:264","R1:3513"
"MNG","BA:702","EMP_TEMP_SEX_GAI_NB","SEX_M","GAI_GRADIENT_4","2019",2.326,"B","I11:264","R1:3513"
"MNG","BA:702","EMP_TEMP_SEX_GAI_NB","SEX_M","GAI_GRADIENT_3","2019",20.584,"B","I11:264","R1:3513"
"MNG","BA:702","EMP_TEMP_SEX_GAI_NB","SEX_M","GAI_GRADIENT_2","2019",25.926,"B","I11:264","R1:3513"
"MNG","BA:702","EMP_TEMP_SEX_GAI_NB","SEX_M","GAI_GRADIENT_1","2019",58.263,"B","I11:264","R1:3513"
"MNG","BA:702","EMP_TEMP_SEX_GAI_NB","SEX_M","GAI_GRADIENT_5","2019",105.546,"B","I11:264","R1:3513"
"MNG","BA:702","EMP_TEMP_SEX_GAI_NB","SEX_M","GAI_GRADIENT_X","2019",473.035,"B","I11:264","R1:3513"
"MNG","BA:702","EMP_TEMP_SEX_GAI_NB","SEX_F","GAI_GRADIENT_TOTAL","2019",604.917,"B","I11:264","R1:3513"
"MNG","BA:702","EMP_TEMP_SEX_GAI_NB","SEX_F","GAI_GRADIENT_4","2019",3.917,"B","I11:264","R1:3513"
"MNG","BA:702","EMP_TEMP_SEX_GAI_NB","SEX_F","GAI_GRADIENT_3","2019",45.91,"B","I11:264","R1:3513"
"MNG","BA:702","EMP_TEMP_SEX_GAI_NB","SEX_F","GAI_GRADIENT_2","2019",51.842,"B","I11:264","R1:3513"
"MNG","BA:702","EMP_TEMP_SEX_GAI_NB","SEX_F","GAI_GRADIENT_1","2019",37.964,"B","I11:264","R1:3513"
"MNG","BA:702","EMP_TEMP_SEX_GAI_NB","SEX_F","GAI_GRADIENT_5","2019",62.719,"B","I11:264","R1:3513"
"MNG","BA:702","EMP_TEMP_SEX_GAI_NB","SEX_F","GAI_GRADIENT_X","2019",402.565,"B","I11:264","R1:3513"
"MNG","BA:702","EMP_TEMP_SEX_GAI_NB","SEX_T","GAI_GRADIENT_TOTAL","2018",1253.023,,,"R1:3513"
"MNG","BA:702","EMP_TEMP_SEX_GAI_NB","SEX_T","GAI_GRADIENT_4","2018",9.473,,,"R1:3513"
"MNG","BA:702","EMP_TEMP_SEX_GAI_NB","SEX_T","GAI_GRADIENT_3","2018",63.181,,,"R1:3513"
"MNG","BA:702","EMP_TEMP_SEX_GAI_NB","SEX_T","GAI_GRADIENT_2","2018",112.46,,,"R1:3513"
"MNG","BA:702","EMP_TEMP_SEX_GAI_NB","SEX_T","GAI_GRADIENT_1","2018",124.179,,,"R1:3513"
"MNG","BA:702","EMP_TEMP_SEX_GAI_NB","SEX_T","GAI_GRADIENT_5","2018",159.201,,,"R1:3513"
"MNG","BA:702","EMP_TEMP_SEX_GAI_NB","SEX_T","GAI_GRADIENT_X","2018",784.528,,,"R1:3513"
"MNG","BA:702","EMP_TEMP_SEX_GAI_NB","SEX_M","GAI_GRADIENT_TOTAL","2018",669.642,,,"R1:3513"
"MNG","BA:702","EMP_TEMP_SEX_GAI_NB","SEX_M","GAI_GRADIENT_4","2018",3.058,,,"R1:3513"
"MNG","BA:702","EMP_TEMP_SEX_GAI_NB","SEX_M","GAI_GRADIENT_3","2018",19.719,,,"R1:3513"
"MNG","BA:702","EMP_TEMP_SEX_GAI_NB","SEX_M","GAI_GRADIENT_2","2018",39.259,,,"R1:3513"
"MNG","BA:702","EMP_TEMP_SEX_GAI_NB","SEX_M","GAI_GRADIENT_1","2018",78.078,,,"R1:3513"
"MNG","BA:702","EMP_TEMP_SEX_GAI_NB","SEX_M","GAI_GRADIENT_5","2018",100.375,,,"R1:3513"
"MNG","BA:702","EMP_TEMP_SEX_GAI_NB","SEX_M","GAI_GRADIENT_X","2018",429.153,,,"R1:3513"
"MNG","BA:702","EMP_TEMP_SEX_GAI_NB","SEX_F","GAI_GRADIENT_TOTAL","2018",583.38,,,"R1:3513"
"MNG","BA:702","EMP_TEMP_SEX_GAI_NB","SEX_F","GAI_GRADIENT_4","2018",6.415,,,"R1:3513"
"MNG","BA:702","EMP_TEMP_SEX_GAI_NB","SEX_F","GAI_GRADIENT_3","2018",43.462,,,"R1:3513"
"MNG","BA:702","EMP_TEMP_SEX_GAI_NB","SEX_F","GAI_GRADIENT_2","2018",73.201,,,"R1:3513"
"MNG","BA:702","EMP_TEMP_SEX_GAI_NB","SEX_F","GAI_GRADIENT_1","2018",46.101,,,"R1:3513"
"MNG","BA:702","EMP_TEMP_SEX_GAI_NB","SEX_F","GAI_GRADIENT_5","2018",58.826,,,"R1:3513"
"MNG","BA:702","EMP_TEMP_SEX_GAI_NB","SEX_F","GAI_GRADIENT_X","2018",355.375,,,"R1:3513"
"MNG","BA:702","EMP_TEMP_SEX_GAI_NB","SEX_T","GAI_GRADIENT_TOTAL","2017",1238.333,,,"R1:3513"
"MNG","BA:702","EMP_TEMP_SEX_GAI_NB","SEX_T","GAI_GRADIENT_4","2017",8.945,,,"R1:3513"
"MNG","BA:702","EMP_TEMP_SEX_GAI_NB","SEX_T","GAI_GRADIENT_3","2017",52.688,,,"R1:3513"
"MNG","BA:702","EMP_TEMP_SEX_GAI_NB","SEX_T","GAI_GRADIENT_2","2017",107.102,,,"R1:3513"
"MNG","BA:702","EMP_TEMP_SEX_GAI_NB","SEX_T","GAI_GRADIENT_1","2017",121.394,,,"R1:3513"
"MNG","BA:702","EMP_TEMP_SEX_GAI_NB","SEX_T","GAI_GRADIENT_5","2017",156.641,,,"R1:3513"
"MNG","BA:702","EMP_TEMP_SEX_GAI_NB","SEX_T","GAI_GRADIENT_X","2017",791.562,,,"R1:3513"
"MNG","BA:702","EMP_TEMP_SEX_GAI_NB","SEX_M","GAI_GRADIENT_TOTAL","2017",652.673,,,"R1:3513"
"MNG","BA:702","EMP_TEMP_SEX_GAI_NB","SEX_M","GAI_GRADIENT_4","2017",2.578,,,"R1:3513"
"MNG","BA:702","EMP_TEMP_SEX_GAI_NB","SEX_M","GAI_GRADIENT_3","2017",12.789,,,"R1:3513"
"MNG","BA:702","EMP_TEMP_SEX_GAI_NB","SEX_M","GAI_GRADIENT_2","2017",36.104,,,"R1:3513"
"MNG","BA:702","EMP_TEMP_SEX_GAI_NB","SEX_M","GAI_GRADIENT_1","2017",74.652,,,"R1:3513"
"MNG","BA:702","EMP_TEMP_SEX_GAI_NB","SEX_M","GAI_GRADIENT_5","2017",94.894,,,"R1:3513"
"MNG","BA:702","EMP_TEMP_SEX_GAI_NB","SEX_M","GAI_GRADIENT_X","2017",431.656,,,"R1:3513"
"MNG","BA:702","EMP_TEMP_SEX_GAI_NB","SEX_F","GAI_GRADIENT_TOTAL","2017",585.661,,,"R1:3513"
"MNG","BA:702","EMP_TEMP_SEX_GAI_NB","SEX_F","GAI_GRADIENT_4","2017",6.367,,,"R1:3513"
"MNG","BA:702","EMP_TEMP_SEX_GAI_NB","SEX_F","GAI_GRADIENT_3","2017",39.9,,,"R1:3513"
"MNG","BA:702","EMP_TEMP_SEX_GAI_NB","SEX_F","GAI_GRADIENT_2","2017",70.997,,,"R1:3513"
"MNG","BA:702","EMP_TEMP_SEX_GAI_NB","SEX_F","GAI_GRADIENT_1","2017",46.742,,,"R1:3513"
"MNG","BA:702","EMP_TEMP_SEX_GAI_NB","SEX_F","GAI_GRADIENT_5","2017",61.748,,,"R1:3513"
"MNG","BA:702","EMP_TEMP_SEX_GAI_NB","SEX_F","GAI_GRADIENT_X","2017",359.906,,,"R1:3513"
"MNG","BA:702","EMP_TEMP_SEX_GAI_NB","SEX_T","GAI_GRADIENT_TOTAL","2016",1147.843,,,"R1:3513"
"MNG","BA:702","EMP_TEMP_SEX_GAI_NB","SEX_T","GAI_GRADIENT_4","2016",8.411,,,"R1:3513"
"MNG","BA:702","EMP_TEMP_SEX_GAI_NB","SEX_T","GAI_GRADIENT_3","2016",56.118,,,"R1:3513"
"MNG","BA:702","EMP_TEMP_SEX_GAI_NB","SEX_T","GAI_GRADIENT_2","2016",88.241,,,"R1:3513"
"MNG","BA:702","EMP_TEMP_SEX_GAI_NB","SEX_T","GAI_GRADIENT_1","2016",109.372,,,"R1:3513"
"MNG","BA:702","EMP_TEMP_SEX_GAI_NB","SEX_T","GAI_GRADIENT_5","2016",131.391,,,"R1:3513"
"MNG","BA:702","EMP_TEMP_SEX_GAI_NB","SEX_T","GAI_GRADIENT_X","2016",754.31,,,"R1:3513"
"MNG","BA:702","EMP_TEMP_SEX_GAI_NB","SEX_M","GAI_GRADIENT_TOTAL","2016",603.885,,,"R1:3513"
"MNG","BA:702","EMP_TEMP_SEX_GAI_NB","SEX_M","GAI_GRADIENT_4","2016",2.47,,,"R1:3513"
"MNG","BA:702","EMP_TEMP_SEX_GAI_NB","SEX_M","GAI_GRADIENT_3","2016",15.495,,,"R1:3513"
"MNG","BA:702","EMP_TEMP_SEX_GAI_NB","SEX_M","GAI_GRADIENT_2","2016",29.862,,,"R1:3513"
"MNG","BA:702","EMP_TEMP_SEX_GAI_NB","SEX_M","GAI_GRADIENT_1","2016",68.835,,,"R1:3513"
"MNG","BA:702","EMP_TEMP_SEX_GAI_NB","SEX_M","GAI_GRADIENT_5","2016",80.4,,,"R1:3513"
"MNG","BA:702","EMP_TEMP_SEX_GAI_NB","SEX_M","GAI_GRADIENT_X","2016",406.824,,,"R1:3513"
"MNG","BA:702","EMP_TEMP_SEX_GAI_NB","SEX_F","GAI_GRADIENT_TOTAL","2016",543.959,,,"R1:3513"
"MNG","BA:702","EMP_TEMP_SEX_GAI_NB","SEX_F","GAI_GRADIENT_4","2016",5.941,,,"R1:3513"
"MNG","BA:702","EMP_TEMP_SEX_GAI_NB","SEX_F","GAI_GRADIENT_3","2016",40.624,,,"R1:3513"
"MNG","BA:702","EMP_TEMP_SEX_GAI_NB","SEX_F","GAI_GRADIENT_2","2016",58.379,,,"R1:3513"
"MNG","BA:702","EMP_TEMP_SEX_GAI_NB","SEX_F","GAI_GRADIENT_1","2016",40.538,,,"R1:3513"
"MNG","BA:702","EMP_TEMP_SEX_GAI_NB","SEX_F","GAI_GRADIENT_5","2016",50.991,,,"R1:3513"
"MNG","BA:702","EMP_TEMP_SEX_GAI_NB","SEX_F","GAI_GRADIENT_X","2016",347.486,,,"R1:3513"
"MNG","BA:702","EMP_TEMP_SEX_GAI_NB","SEX_T","GAI_GRADIENT_TOTAL","2015",1151.223,,,"R1:3513"
"MNG","BA:702","EMP_TEMP_SEX_GAI_NB","SEX_T","GAI_GRADIENT_4","2015",9.075,,,"R1:3513"
"MNG","BA:702","EMP_TEMP_SEX_GAI_NB","SEX_T","GAI_GRADIENT_3","2015",55.419,,,"R1:3513"
"MNG","BA:702","EMP_TEMP_SEX_GAI_NB","SEX_T","GAI_GRADIENT_2","2015",90.603,,,"R1:3513"
"MNG","BA:702","EMP_TEMP_SEX_GAI_NB","SEX_T","GAI_GRADIENT_1","2015",114.666,,,"R1:3513"
"MNG","BA:702","EMP_TEMP_SEX_GAI_NB","SEX_T","GAI_GRADIENT_5","2015",143.597,,,"R1:3513"
"MNG","BA:702","EMP_TEMP_SEX_GAI_NB","SEX_T","GAI_GRADIENT_X","2015",737.863,,,"R1:3513"
"MNG","BA:702","EMP_TEMP_SEX_GAI_NB","SEX_M","GAI_GRADIENT_TOTAL","2015",604.677,,,"R1:3513"
"MNG","BA:702","EMP_TEMP_SEX_GAI_NB","SEX_M","GAI_GRADIENT_4","2015",2.784,,,"R1:3513"
"MNG","BA:702","EMP_TEMP_SEX_GAI_NB","SEX_M","GAI_GRADIENT_3","2015",14.185,,,"R1:3513"
"MNG","BA:702","EMP_TEMP_SEX_GAI_NB","SEX_M","GAI_GRADIENT_2","2015",29.284,,,"R1:3513"
"MNG","BA:702","EMP_TEMP_SEX_GAI_NB","SEX_M","GAI_GRADIENT_1","2015",69.525,,,"R1:3513"
"MNG","BA:702","EMP_TEMP_SEX_GAI_NB","SEX_M","GAI_GRADIENT_5","2015",87.073,,,"R1:3513"
"MNG","BA:702","EMP_TEMP_SEX_GAI_NB","SEX_M","GAI_GRADIENT_X","2015",401.827,,,"R1:3513"
"MNG","BA:702","EMP_TEMP_SEX_GAI_NB","SEX_F","GAI_GRADIENT_TOTAL","2015",546.546,,,"R1:3513"
"MNG","BA:702","EMP_TEMP_SEX_GAI_NB","SEX_F","GAI_GRADIENT_4","2015",6.291,,,"R1:3513"
"MNG","BA:702","EMP_TEMP_SEX_GAI_NB","SEX_F","GAI_GRADIENT_3","2015",41.234,,,"R1:3513"
"MNG","BA:702","EMP_TEMP_SEX_GAI_NB","SEX_F","GAI_GRADIENT_2","2015",61.319,,,"R1:3513"
"MNG","BA:702","EMP_TEMP_SEX_GAI_NB","SEX_F","GAI_GRADIENT_1","2015",45.142,,,"R1:3513"
"MNG","BA:702","EMP_TEMP_SEX_GAI_NB","SEX_F","GAI_GRADIENT_5","2015",56.525,,,"R1:3513"
"MNG","BA:702","EMP_TEMP_SEX_GAI_NB","SEX_F","GAI_GRADIENT_X","2015",336.036,,,"R1:3513"
"MNG","BA:702","EMP_TEMP_SEX_GAI_NB","SEX_T","GAI_GRADIENT_TOTAL","2014",1110.698,,,"R1:3513"
"MNG","BA:702","EMP_TEMP_SEX_GAI_NB","SEX_T","GAI_GRADIENT_4","2014",8.605,,,"R1:3513"
"MNG","BA:702","EMP_TEMP_SEX_GAI_NB","SEX_T","GAI_GRADIENT_3","2014",56.761,,,"R1:3513"
"MNG","BA:702","EMP_TEMP_SEX_GAI_NB","SEX_T","GAI_GRADIENT_2","2014",93.041,,,"R1:3513"
"MNG","BA:702","EMP_TEMP_SEX_GAI_NB","SEX_T","GAI_GRADIENT_1","2014",111.474,,,"R1:3513"
"MNG","BA:702","EMP_TEMP_SEX_GAI_NB","SEX_T","GAI_GRADIENT_5","2014",132.347,,,"R1:3513"
"MNG","BA:702","EMP_TEMP_SEX_GAI_NB","SEX_T","GAI_GRADIENT_X","2014",708.47,,,"R1:3513"
"MNG","BA:702","EMP_TEMP_SEX_GAI_NB","SEX_M","GAI_GRADIENT_TOTAL","2014",584.37,,,"R1:3513"
"MNG","BA:702","EMP_TEMP_SEX_GAI_NB","SEX_M","GAI_GRADIENT_4","2014",2.075,,,"R1:3513"
"MNG","BA:702","EMP_TEMP_SEX_GAI_NB","SEX_M","GAI_GRADIENT_3","2014",15.841,,,"R1:3513"
"MNG","BA:702","EMP_TEMP_SEX_GAI_NB","SEX_M","GAI_GRADIENT_2","2014",29.644,,,"R1:3513"
"MNG","BA:702","EMP_TEMP_SEX_GAI_NB","SEX_M","GAI_GRADIENT_1","2014",69.786,,,"R1:3513"
"MNG","BA:702","EMP_TEMP_SEX_GAI_NB","SEX_M","GAI_GRADIENT_5","2014",85.075,,,"R1:3513"
"MNG","BA:702","EMP_TEMP_SEX_GAI_NB","SEX_M","GAI_GRADIENT_X","2014",381.949,,,"R1:3513"
"MNG","BA:702","EMP_TEMP_SEX_GAI_NB","SEX_F","GAI_GRADIENT_TOTAL","2014",526.328,,,"R1:3513"
"MNG","BA:702","EMP_TEMP_SEX_GAI_NB","SEX_F","GAI_GRADIENT_4","2014",6.53,,,"R1:3513"
"MNG","BA:702","EMP_TEMP_SEX_GAI_NB","SEX_F","GAI_GRADIENT_3","2014",40.92,,,"R1:3513"
"MNG","BA:702","EMP_TEMP_SEX_GAI_NB","SEX_F","GAI_GRADIENT_2","2014",63.398,,,"R1:3513"
"MNG","BA:702","EMP_TEMP_SEX_GAI_NB","SEX_F","GAI_GRADIENT_1","2014",41.687,,,"R1:3513"
"MNG","BA:702","EMP_TEMP_SEX_GAI_NB","SEX_F","GAI_GRADIENT_5","2014",47.272,,,"R1:3513"
"MNG","BA:702","EMP_TEMP_SEX_GAI_NB","SEX_F","GAI_GRADIENT_X","2014",326.521,,,"R1:3513"
"MNG","BA:702","EMP_TEMP_SEX_GAI_NB","SEX_T","GAI_GRADIENT_TOTAL","2013",1103.601,,,"R1:3513"
"MNG","BA:702","EMP_TEMP_SEX_GAI_NB","SEX_T","GAI_GRADIENT_4","2013",9.996,,,"R1:3513"
"MNG","BA:702","EMP_TEMP_SEX_GAI_NB","SEX_T","GAI_GRADIENT_3","2013",44.89,,,"R1:3513"
"MNG","BA:702","EMP_TEMP_SEX_GAI_NB","SEX_T","GAI_GRADIENT_2","2013",87.871,,,"R1:3513"
"MNG","BA:702","EMP_TEMP_SEX_GAI_NB","SEX_T","GAI_GRADIENT_1","2013",104.962,,,"R1:3513"
"MNG","BA:702","EMP_TEMP_SEX_GAI_NB","SEX_T","GAI_GRADIENT_5","2013",132.983,,,"R1:3513"
"MNG","BA:702","EMP_TEMP_SEX_GAI_NB","SEX_T","GAI_GRADIENT_X","2013",722.899,,,"R1:3513"
"MNG","BA:702","EMP_TEMP_SEX_GAI_NB","SEX_M","GAI_GRADIENT_TOTAL","2013",579.221,,,"R1:3513"
"MNG","BA:702","EMP_TEMP_SEX_GAI_NB","SEX_M","GAI_GRADIENT_4","2013",3.667,,,"R1:3513"
"MNG","BA:702","EMP_TEMP_SEX_GAI_NB","SEX_M","GAI_GRADIENT_3","2013",12.076,,,"R1:3513"
"MNG","BA:702","EMP_TEMP_SEX_GAI_NB","SEX_M","GAI_GRADIENT_2","2013",29.259,,,"R1:3513"
"MNG","BA:702","EMP_TEMP_SEX_GAI_NB","SEX_M","GAI_GRADIENT_1","2013",68.427,,,"R1:3513"
"MNG","BA:702","EMP_TEMP_SEX_GAI_NB","SEX_M","GAI_GRADIENT_5","2013",78.842,,,"R1:3513"
"MNG","BA:702","EMP_TEMP_SEX_GAI_NB","SEX_M","GAI_GRADIENT_X","2013",386.95,,,"R1:3513"
"MNG","BA:702","EMP_TEMP_SEX_GAI_NB","SEX_F","GAI_GRADIENT_TOTAL","2013",524.379,,,"R1:3513"
"MNG","BA:702","EMP_TEMP_SEX_GAI_NB","SEX_F","GAI_GRADIENT_4","2013",6.329,,,"R1:3513"
"MNG","BA:702","EMP_TEMP_SEX_GAI_NB","SEX_F","GAI_GRADIENT_3","2013",32.814,,,"R1:3513"
"MNG","BA:702","EMP_TEMP_SEX_GAI_NB","SEX_F","GAI_GRADIENT_2","2013",58.612,,,"R1:3513"
"MNG","BA:702","EMP_TEMP_SEX_GAI_NB","SEX_F","GAI_GRADIENT_1","2013",36.536,,,"R1:3513"
"MNG","BA:702","EMP_TEMP_SEX_GAI_NB","SEX_F","GAI_GRADIENT_5","2013",54.14,,,"R1:3513"
"MNG","BA:702","EMP_TEMP_SEX_GAI_NB","SEX_F","GAI_GRADIENT_X","2013",335.949,,,"R1:3513"
"MNG","BA:702","EMP_TEMP_SEX_GAI_NB","SEX_T","GAI_GRADIENT_TOTAL","2009",933.858,,,"R1:3513_S3:26"
"MNG","BA:702","EMP_TEMP_SEX_GAI_NB","SEX_T","GAI_GRADIENT_4","2009",6.561,,,"R1:3513_S3:26"
"MNG","BA:702","EMP_TEMP_SEX_GAI_NB","SEX_T","GAI_GRADIENT_3","2009",27.474,,,"R1:3513_S3:26"
"MNG","BA:702","EMP_TEMP_SEX_GAI_NB","SEX_T","GAI_GRADIENT_2","2009",7.168,,,"R1:3513_S3:26"
"MNG","BA:702","EMP_TEMP_SEX_GAI_NB","SEX_T","GAI_GRADIENT_1","2009",96.106,,,"R1:3513_S3:26"
"MNG","BA:702","EMP_TEMP_SEX_GAI_NB","SEX_T","GAI_GRADIENT_5","2009",50.944,,,"R1:3513_S3:26"
"MNG","BA:702","EMP_TEMP_SEX_GAI_NB","SEX_T","GAI_GRADIENT_X","2009",745.605,,,"R1:3513_S3:26"
"MNG","BA:702","EMP_TEMP_SEX_GAI_NB","SEX_M","GAI_GRADIENT_TOTAL","2009",487.21,,,"R1:3513_S3:26"
"MNG","BA:702","EMP_TEMP_SEX_GAI_NB","SEX_M","GAI_GRADIENT_4","2009",2.12,,,"R1:3513_S3:26"
"MNG","BA:702","EMP_TEMP_SEX_GAI_NB","SEX_M","GAI_GRADIENT_3","2009",9.179,,,"R1:3513_S3:26"
"MNG","BA:702","EMP_TEMP_SEX_GAI_NB","SEX_M","GAI_GRADIENT_2","2009",3.765,,,"R1:3513_S3:26"
"MNG","BA:702","EMP_TEMP_SEX_GAI_NB","SEX_M","GAI_GRADIENT_1","2009",60.715,,,"R1:3513_S3:26"
"MNG","BA:702","EMP_TEMP_SEX_GAI_NB","SEX_M","GAI_GRADIENT_5","2009",21.593,,,"R1:3513_S3:26"
"MNG","BA:702","EMP_TEMP_SEX_GAI_NB","SEX_M","GAI_GRADIENT_X","2009",389.838,,,"R1:3513_S3:26"
"MNG","BA:702","EMP_TEMP_SEX_GAI_NB","SEX_F","GAI_GRADIENT_TOTAL","2009",446.648,,,"R1:3513_S3:26"
"MNG","BA:702","EMP_TEMP_SEX_GAI_NB","SEX_F","GAI_GRADIENT_4","2009",4.441,,,"R1:3513_S3:26"
"MNG","BA:702","EMP_TEMP_SEX_GAI_NB","SEX_F","GAI_GRADIENT_3","2009",18.295,,,"R1:3513_S3:26"
"MNG","BA:702","EMP_TEMP_SEX_GAI_NB","SEX_F","GAI_GRADIENT_2","2009",3.402,,,"R1:3513_S3:26"
"MNG","BA:702","EMP_TEMP_SEX_GAI_NB","SEX_F","GAI_GRADIENT_1","2009",35.391,,,"R1:3513_S3:26"
"MNG","BA:702","EMP_TEMP_SEX_GAI_NB","SEX_F","GAI_GRADIENT_5","2009",29.351,,,"R1:3513_S3:26"
"MNG","BA:702","EMP_TEMP_SEX_GAI_NB","SEX_F","GAI_GRADIENT_X","2009",355.767,,,"R1:3513_S3:26"
"MNG","BA:702","EMP_TEMP_SEX_GAI_NB","SEX_T","GAI_GRADIENT_TOTAL","2008",899.802,"B","I11:264","R1:3513_S3:26"
"MNG","BA:702","EMP_TEMP_SEX_GAI_NB","SEX_T","GAI_GRADIENT_4","2008",6.156,"B","I11:264","R1:3513_S3:26"
"MNG","BA:702","EMP_TEMP_SEX_GAI_NB","SEX_T","GAI_GRADIENT_3","2008",22.711,"B","I11:264","R1:3513_S3:26"
"MNG","BA:702","EMP_TEMP_SEX_GAI_NB","SEX_T","GAI_GRADIENT_2","2008",6.404,"B","I11:264","R1:3513_S3:26"
"MNG","BA:702","EMP_TEMP_SEX_GAI_NB","SEX_T","GAI_GRADIENT_1","2008",76.471,"B","I11:264","R1:3513_S3:26"
"MNG","BA:702","EMP_TEMP_SEX_GAI_NB","SEX_T","GAI_GRADIENT_5","2008",49.743,"B","I11:264","R1:3513_S3:26"
"MNG","BA:702","EMP_TEMP_SEX_GAI_NB","SEX_T","GAI_GRADIENT_X","2008",738.316,"B","I11:264","R1:3513_S3:26"
"MNG","BA:702","EMP_TEMP_SEX_GAI_NB","SEX_M","GAI_GRADIENT_TOTAL","2008",466.052,"B","I11:264","R1:3513_S3:26"
"MNG","BA:702","EMP_TEMP_SEX_GAI_NB","SEX_M","GAI_GRADIENT_4","2008",1.873,"B","I11:264","R1:3513_S3:26"
"MNG","BA:702","EMP_TEMP_SEX_GAI_NB","SEX_M","GAI_GRADIENT_3","2008",6.446,"B","I11:264","R1:3513_S3:26"
"MNG","BA:702","EMP_TEMP_SEX_GAI_NB","SEX_M","GAI_GRADIENT_2","2008",2.783,"B","I11:264","R1:3513_S3:26"
"MNG","BA:702","EMP_TEMP_SEX_GAI_NB","SEX_M","GAI_GRADIENT_1","2008",48.841,"B","I11:264","R1:3513_S3:26"
"MNG","BA:702","EMP_TEMP_SEX_GAI_NB","SEX_M","GAI_GRADIENT_5","2008",20.641,"B","I11:264","R1:3513_S3:26"
"MNG","BA:702","EMP_TEMP_SEX_GAI_NB","SEX_M","GAI_GRADIENT_X","2008",385.468,"B","I11:264","R1:3513_S3:26"
"MNG","BA:702","EMP_TEMP_SEX_GAI_NB","SEX_F","GAI_GRADIENT_TOTAL","2008",433.75,"B","I11:264","R1:3513_S3:26"
"MNG","BA:702","EMP_TEMP_SEX_GAI_NB","SEX_F","GAI_GRADIENT_4","2008",4.283,"B","I11:264","R1:3513_S3:26"
"MNG","BA:702","EMP_TEMP_SEX_GAI_NB","SEX_F","GAI_GRADIENT_3","2008",16.265,"B","I11:264","R1:3513_S3:26"
"MNG","BA:702","EMP_TEMP_SEX_GAI_NB","SEX_F","GAI_GRADIENT_2","2008",3.62,"B","I11:264","R1:3513_S3:26"
"MNG","BA:702","EMP_TEMP_SEX_GAI_NB","SEX_F","GAI_GRADIENT_1","2008",27.63,"B","I11:264","R1:3513_S3:26"
"MNG","BA:702","EMP_TEMP_SEX_GAI_NB","SEX_F","GAI_GRADIENT_5","2008",29.102,"B","I11:264","R1:3513_S3:26"
"MNG","BA:702","EMP_TEMP_SEX_GAI_NB","SEX_F","GAI_GRADIENT_X","2008",352.849,"B","I11:264","R1:3513_S3:26"
"MSR","BA:15746","EMP_TEMP_SEX_GAI_NB","SEX_T","GAI_GRADIENT_TOTAL","2020",2.489,,,"R1:3513"
"MSR","BA:15746","EMP_TEMP_SEX_GAI_NB","SEX_T","GAI_GRADIENT_4","2020",0.169,,,"R1:3513"
"MSR","BA:15746","EMP_TEMP_SEX_GAI_NB","SEX_T","GAI_GRADIENT_3","2020",0.149,,,"R1:3513"
"MSR","BA:15746","EMP_TEMP_SEX_GAI_NB","SEX_T","GAI_GRADIENT_2","2020",0.176,,,"R1:3513"
"MSR","BA:15746","EMP_TEMP_SEX_GAI_NB","SEX_T","GAI_GRADIENT_1","2020",0.136,,,"R1:3513"
"MSR","BA:15746","EMP_TEMP_SEX_GAI_NB","SEX_T","GAI_GRADIENT_5","2020",0.411,,,"R1:3513"
"MSR","BA:15746","EMP_TEMP_SEX_GAI_NB","SEX_T","GAI_GRADIENT_X","2020",1.449,,,"R1:3513"
"MSR","BA:15746","EMP_TEMP_SEX_GAI_NB","SEX_M","GAI_GRADIENT_TOTAL","2020",1.255,,,"R1:3513"
"MSR","BA:15746","EMP_TEMP_SEX_GAI_NB","SEX_M","GAI_GRADIENT_4","2020",0.037,"U",,"R1:3513"
"MSR","BA:15746","EMP_TEMP_SEX_GAI_NB","SEX_M","GAI_GRADIENT_3","2020",0.033,"U",,"R1:3513"
"MSR","BA:15746","EMP_TEMP_SEX_GAI_NB","SEX_M","GAI_GRADIENT_2","2020",0.08,,,"R1:3513"
"MSR","BA:15746","EMP_TEMP_SEX_GAI_NB","SEX_M","GAI_GRADIENT_1","2020",0.075,,,"R1:3513"
"MSR","BA:15746","EMP_TEMP_SEX_GAI_NB","SEX_M","GAI_GRADIENT_5","2020",0.201,,,"R1:3513"
"MSR","BA:15746","EMP_TEMP_SEX_GAI_NB","SEX_M","GAI_GRADIENT_X","2020",0.828,,,"R1:3513"
"MSR","BA:15746","EMP_TEMP_SEX_GAI_NB","SEX_F","GAI_GRADIENT_TOTAL","2020",1.234,,,"R1:3513"
"MSR","BA:15746","EMP_TEMP_SEX_GAI_NB","SEX_F","GAI_GRADIENT_4","2020",0.132,,,"R1:3513"
"MSR","BA:15746","EMP_TEMP_SEX_GAI_NB","SEX_F","GAI_GRADIENT_3","2020",0.116,,,"R1:3513"
"MSR","BA:15746","EMP_TEMP_SEX_GAI_NB","SEX_F","GAI_GRADIENT_2","2020",0.096,,,"R1:3513"
"MSR","BA:15746","EMP_TEMP_SEX_GAI_NB","SEX_F","GAI_GRADIENT_1","2020",0.061,,,"R1:3513"
"MSR","BA:15746","EMP_TEMP_SEX_GAI_NB","SEX_F","GAI_GRADIENT_5","2020",0.21,,,"R1:3513"
"MSR","BA:15746","EMP_TEMP_SEX_GAI_NB","SEX_F","GAI_GRADIENT_X","2020",0.621,,,"R1:3513"
"MWI","BA:1448","EMP_TEMP_SEX_GAI_NB","SEX_T","GAI_GRADIENT_TOTAL","2024",4999.447,"B","I11:264","R1:3513_T3:94"
"MWI","BA:1448","EMP_TEMP_SEX_GAI_NB","SEX_T","GAI_GRADIENT_4","2024",18.451,"B","I11:264","R1:3513_T3:94"
"MWI","BA:1448","EMP_TEMP_SEX_GAI_NB","SEX_T","GAI_GRADIENT_3","2024",33.535,"B","I11:264","R1:3513_T3:94"
"MWI","BA:1448","EMP_TEMP_SEX_GAI_NB","SEX_T","GAI_GRADIENT_2","2024",370.156,"B","I11:264","R1:3513_T3:94"
"MWI","BA:1448","EMP_TEMP_SEX_GAI_NB","SEX_T","GAI_GRADIENT_1","2024",201.347,"B","I11:264","R1:3513_T3:94"
"MWI","BA:1448","EMP_TEMP_SEX_GAI_NB","SEX_T","GAI_GRADIENT_5","2024",954.944,"B","I11:264","R1:3513_T3:94"
"MWI","BA:1448","EMP_TEMP_SEX_GAI_NB","SEX_T","GAI_GRADIENT_X","2024",3421.016,"B","I11:264","R1:3513_T3:94"
"MWI","BA:1448","EMP_TEMP_SEX_GAI_NB","SEX_M","GAI_GRADIENT_TOTAL","2024",2627.705,"B","I11:264","R1:3513_T3:94"
"MWI","BA:1448","EMP_TEMP_SEX_GAI_NB","SEX_M","GAI_GRADIENT_4","2024",13.96,"B","I11:264","R1:3513_T3:94"
"MWI","BA:1448","EMP_TEMP_SEX_GAI_NB","SEX_M","GAI_GRADIENT_3","2024",24.244,"B","I11:264","R1:3513_T3:94"
"MWI","BA:1448","EMP_TEMP_SEX_GAI_NB","SEX_M","GAI_GRADIENT_2","2024",169.375,"B","I11:264","R1:3513_T3:94"
"MWI","BA:1448","EMP_TEMP_SEX_GAI_NB","SEX_M","GAI_GRADIENT_1","2024",102.676,"B","I11:264","R1:3513_T3:94"
"MWI","BA:1448","EMP_TEMP_SEX_GAI_NB","SEX_M","GAI_GRADIENT_5","2024",458.692,"B","I11:264","R1:3513_T3:94"
"MWI","BA:1448","EMP_TEMP_SEX_GAI_NB","SEX_M","GAI_GRADIENT_X","2024",1858.757,"B","I11:264","R1:3513_T3:94"
"MWI","BA:1448","EMP_TEMP_SEX_GAI_NB","SEX_F","GAI_GRADIENT_TOTAL","2024",2371.742,"B","I11:264","R1:3513_T3:94"
"MWI","BA:1448","EMP_TEMP_SEX_GAI_NB","SEX_F","GAI_GRADIENT_4","2024",4.49,"B","I11:264","R1:3513_T3:94"
"MWI","BA:1448","EMP_TEMP_SEX_GAI_NB","SEX_F","GAI_GRADIENT_3","2024",9.291,"B","I11:264","R1:3513_T3:94"
"MWI","BA:1448","EMP_TEMP_SEX_GAI_NB","SEX_F","GAI_GRADIENT_2","2024",200.78,"B","I11:264","R1:3513_T3:94"
"MWI","BA:1448","EMP_TEMP_SEX_GAI_NB","SEX_F","GAI_GRADIENT_1","2024",98.671,"B","I11:264","R1:3513_T3:94"
"MWI","BA:1448","EMP_TEMP_SEX_GAI_NB","SEX_F","GAI_GRADIENT_5","2024",496.252,"B","I11:264","R1:3513_T3:94"
"MWI","BA:1448","EMP_TEMP_SEX_GAI_NB","SEX_F","GAI_GRADIENT_X","2024",1562.258,"B","I11:264","R1:3513_T3:94"
"NGA","BA:8313","EMP_TEMP_SEX_GAI_NB","SEX_T","GAI_GRADIENT_TOTAL","2024",93100.664,"B","I11:264","R1:3513"
"NGA","BA:8313","EMP_TEMP_SEX_GAI_NB","SEX_T","GAI_GRADIENT_4","2024",286.65,"B","I11:264","R1:3513"
"NGA","BA:8313","EMP_TEMP_SEX_GAI_NB","SEX_T","GAI_GRADIENT_3","2024",790.219,"B","I11:264","R1:3513"
"NGA","BA:8313","EMP_TEMP_SEX_GAI_NB","SEX_T","GAI_GRADIENT_2","2024",1739.748,"B","I11:264","R1:3513"
"NGA","BA:8313","EMP_TEMP_SEX_GAI_NB","SEX_T","GAI_GRADIENT_1","2024",15001.283,"B","I11:264","R1:3513"
"NGA","BA:8313","EMP_TEMP_SEX_GAI_NB","SEX_T","GAI_GRADIENT_5","2024",5784.413,"B","I11:264","R1:3513"
"NGA","BA:8313","EMP_TEMP_SEX_GAI_NB","SEX_T","GAI_GRADIENT_X","2024",69498.35,"B","I11:264","R1:3513"
"NGA","BA:8313","EMP_TEMP_SEX_GAI_NB","SEX_M","GAI_GRADIENT_TOTAL","2024",46199.808,"B","I11:264","R1:3513"
"NGA","BA:8313","EMP_TEMP_SEX_GAI_NB","SEX_M","GAI_GRADIENT_4","2024",171.267,"B","I11:264","R1:3513"
"NGA","BA:8313","EMP_TEMP_SEX_GAI_NB","SEX_M","GAI_GRADIENT_3","2024",406.325,"B","I11:264","R1:3513"
"NGA","BA:8313","EMP_TEMP_SEX_GAI_NB","SEX_M","GAI_GRADIENT_2","2024",733.772,"B","I11:264","R1:3513"
"NGA","BA:8313","EMP_TEMP_SEX_GAI_NB","SEX_M","GAI_GRADIENT_1","2024",4743.283,"B","I11:264","R1:3513"
"NGA","BA:8313","EMP_TEMP_SEX_GAI_NB","SEX_M","GAI_GRADIENT_5","2024",2743.664,"B","I11:264","R1:3513"
"NGA","BA:8313","EMP_TEMP_SEX_GAI_NB","SEX_M","GAI_GRADIENT_X","2024",37401.496,"B","I11:264","R1:3513"
"NGA","BA:8313","EMP_TEMP_SEX_GAI_NB","SEX_F","GAI_GRADIENT_TOTAL","2024",46900.856,"B","I11:264","R1:3513"
"NGA","BA:8313","EMP_TEMP_SEX_GAI_NB","SEX_F","GAI_GRADIENT_4","2024",115.383,"B","I11:264","R1:3513"
"NGA","BA:8313","EMP_TEMP_SEX_GAI_NB","SEX_F","GAI_GRADIENT_3","2024",383.894,"B","I11:264","R1:3513"
"NGA","BA:8313","EMP_TEMP_SEX_GAI_NB","SEX_F","GAI_GRADIENT_2","2024",1005.976,"B","I11:264","R1:3513"
"NGA","BA:8313","EMP_TEMP_SEX_GAI_NB","SEX_F","GAI_GRADIENT_1","2024",10257.999,"B","I11:264","R1:3513"
"NGA","BA:8313","EMP_TEMP_SEX_GAI_NB","SEX_F","GAI_GRADIENT_5","2024",3040.749,"B","I11:264","R1:3513"
"NGA","BA:8313","EMP_TEMP_SEX_GAI_NB","SEX_F","GAI_GRADIENT_X","2024",32096.854,"B","I11:264","R1:3513"
"NIU","AA:1497","EMP_TEMP_SEX_GAI_NB","SEX_T","GAI_GRADIENT_TOTAL","2022",0.769,,,"R1:3513"
"NIU","AA:1497","EMP_TEMP_SEX_GAI_NB","SEX_T","GAI_GRADIENT_4","2022",0.02,,,"R1:3513"
"NIU","AA:1497","EMP_TEMP_SEX_GAI_NB","SEX_T","GAI_GRADIENT_3","2022",0.064,,,"R1:3513"
"NIU","AA:1497","EMP_TEMP_SEX_GAI_NB","SEX_T","GAI_GRADIENT_2","2022",0.098,,,"R1:3513"
"NIU","AA:1497","EMP_TEMP_SEX_GAI_NB","SEX_T","GAI_GRADIENT_1","2022",0.036,,,"R1:3513"
"NIU","AA:1497","EMP_TEMP_SEX_GAI_NB","SEX_T","GAI_GRADIENT_5","2022",0.156,,,"R1:3513"
"NIU","AA:1497","EMP_TEMP_SEX_GAI_NB","SEX_T","GAI_GRADIENT_X","2022",0.395,,,"R1:3513"
"NIU","AA:1497","EMP_TEMP_SEX_GAI_NB","SEX_M","GAI_GRADIENT_TOTAL","2022",0.385,,,"R1:3513"
"NIU","AA:1497","EMP_TEMP_SEX_GAI_NB","SEX_M","GAI_GRADIENT_4","2022",0.005,"U",,"R1:3513"
"NIU","AA:1497","EMP_TEMP_SEX_GAI_NB","SEX_M","GAI_GRADIENT_3","2022",0.012,"U",,"R1:3513"
"NIU","AA:1497","EMP_TEMP_SEX_GAI_NB","SEX_M","GAI_GRADIENT_2","2022",0.042,,,"R1:3513"
"NIU","AA:1497","EMP_TEMP_SEX_GAI_NB","SEX_M","GAI_GRADIENT_1","2022",0.008,"U",,"R1:3513"
"NIU","AA:1497","EMP_TEMP_SEX_GAI_NB","SEX_M","GAI_GRADIENT_5","2022",0.092,,,"R1:3513"
"NIU","AA:1497","EMP_TEMP_SEX_GAI_NB","SEX_M","GAI_GRADIENT_X","2022",0.226,,,"R1:3513"
"NIU","AA:1497","EMP_TEMP_SEX_GAI_NB","SEX_F","GAI_GRADIENT_TOTAL","2022",0.384,,,"R1:3513"
"NIU","AA:1497","EMP_TEMP_SEX_GAI_NB","SEX_F","GAI_GRADIENT_4","2022",0.015,,,"R1:3513"
"NIU","AA:1497","EMP_TEMP_SEX_GAI_NB","SEX_F","GAI_GRADIENT_3","2022",0.052,,,"R1:3513"
"NIU","AA:1497","EMP_TEMP_SEX_GAI_NB","SEX_F","GAI_GRADIENT_2","2022",0.056,,,"R1:3513"
"NIU","AA:1497","EMP_TEMP_SEX_GAI_NB","SEX_F","GAI_GRADIENT_1","2022",0.028,,,"R1:3513"
"NIU","AA:1497","EMP_TEMP_SEX_GAI_NB","SEX_F","GAI_GRADIENT_5","2022",0.064,,,"R1:3513"
"NIU","AA:1497","EMP_TEMP_SEX_GAI_NB","SEX_F","GAI_GRADIENT_X","2022",0.169,,,"R1:3513"
"NPL","BA:1510","EMP_TEMP_SEX_GAI_NB","SEX_T","GAI_GRADIENT_TOTAL","2017",7397.457,"B","I11:264","R1:3513"
"NPL","BA:1510","EMP_TEMP_SEX_GAI_NB","SEX_T","GAI_GRADIENT_4","2017",102.359,"B","I11:264","R1:3513"
"NPL","BA:1510","EMP_TEMP_SEX_GAI_NB","SEX_T","GAI_GRADIENT_3","2017",137.806,"B","I11:264","R1:3513"
"NPL","BA:1510","EMP_TEMP_SEX_GAI_NB","SEX_T","GAI_GRADIENT_2","2017",997.026,"B","I11:264","R1:3513"
"NPL","BA:1510","EMP_TEMP_SEX_GAI_NB","SEX_T","GAI_GRADIENT_1","2017",532.125,"B","I11:264","R1:3513"
"NPL","BA:1510","EMP_TEMP_SEX_GAI_NB","SEX_T","GAI_GRADIENT_5","2017",437.9,"B","I11:264","R1:3513"
"NPL","BA:1510","EMP_TEMP_SEX_GAI_NB","SEX_T","GAI_GRADIENT_X","2017",5190.242,"B","I11:264","R1:3513"
"NPL","BA:1510","EMP_TEMP_SEX_GAI_NB","SEX_M","GAI_GRADIENT_TOTAL","2017",4564.342,"B","I11:264","R1:3513"
"NPL","BA:1510","EMP_TEMP_SEX_GAI_NB","SEX_M","GAI_GRADIENT_4","2017",66.23,"B","I11:264","R1:3513"
"NPL","BA:1510","EMP_TEMP_SEX_GAI_NB","SEX_M","GAI_GRADIENT_3","2017",86.689,"B","I11:264","R1:3513"
"NPL","BA:1510","EMP_TEMP_SEX_GAI_NB","SEX_M","GAI_GRADIENT_2","2017",608.826,"B","I11:264","R1:3513"
"NPL","BA:1510","EMP_TEMP_SEX_GAI_NB","SEX_M","GAI_GRADIENT_1","2017",282.426,"B","I11:264","R1:3513"
"NPL","BA:1510","EMP_TEMP_SEX_GAI_NB","SEX_M","GAI_GRADIENT_5","2017",320.672,"B","I11:264","R1:3513"
"NPL","BA:1510","EMP_TEMP_SEX_GAI_NB","SEX_M","GAI_GRADIENT_X","2017",3199.499,"B","I11:264","R1:3513"
"NPL","BA:1510","EMP_TEMP_SEX_GAI_NB","SEX_F","GAI_GRADIENT_TOTAL","2017",2833.115,"B","I11:264","R1:3513"
"NPL","BA:1510","EMP_TEMP_SEX_GAI_NB","SEX_F","GAI_GRADIENT_4","2017",36.129,"B","I11:264","R1:3513"
"NPL","BA:1510","EMP_TEMP_SEX_GAI_NB","SEX_F","GAI_GRADIENT_3","2017",51.117,"B","I11:264","R1:3513"
"NPL","BA:1510","EMP_TEMP_SEX_GAI_NB","SEX_F","GAI_GRADIENT_2","2017",388.2,"B","I11:264","R1:3513"
"NPL","BA:1510","EMP_TEMP_SEX_GAI_NB","SEX_F","GAI_GRADIENT_1","2017",249.698,"B","I11:264","R1:3513"
"NPL","BA:1510","EMP_TEMP_SEX_GAI_NB","SEX_F","GAI_GRADIENT_5","2017",117.228,"B","I11:264","R1:3513"
"NPL","BA:1510","EMP_TEMP_SEX_GAI_NB","SEX_F","GAI_GRADIENT_X","2017",1990.743,"B","I11:264","R1:3513"
"NRU","AA:1513","EMP_TEMP_SEX_GAI_NB","SEX_T","GAI_GRADIENT_TOTAL","2021",4.451,,,"R1:3513"
"NRU","AA:1513","EMP_TEMP_SEX_GAI_NB","SEX_T","GAI_GRADIENT_4","2021",0.022,,,"R1:3513"
"NRU","AA:1513","EMP_TEMP_SEX_GAI_NB","SEX_T","GAI_GRADIENT_3","2021",0.084,,,"R1:3513"
"NRU","AA:1513","EMP_TEMP_SEX_GAI_NB","SEX_T","GAI_GRADIENT_2","2021",0.106,,,"R1:3513"
"NRU","AA:1513","EMP_TEMP_SEX_GAI_NB","SEX_T","GAI_GRADIENT_1","2021",0.048,,,"R1:3513"
"NRU","AA:1513","EMP_TEMP_SEX_GAI_NB","SEX_T","GAI_GRADIENT_5","2021",0.26,,,"R1:3513"
"NRU","AA:1513","EMP_TEMP_SEX_GAI_NB","SEX_T","GAI_GRADIENT_X","2021",3.931,,,"R1:3513"
"NRU","AA:1513","EMP_TEMP_SEX_GAI_NB","SEX_M","GAI_GRADIENT_TOTAL","2021",2.512,,,"R1:3513"
"NRU","AA:1513","EMP_TEMP_SEX_GAI_NB","SEX_M","GAI_GRADIENT_4","2021",,"U",,"R1:3513"
"NRU","AA:1513","EMP_TEMP_SEX_GAI_NB","SEX_M","GAI_GRADIENT_3","2021",0.019,,,"R1:3513"
"NRU","AA:1513","EMP_TEMP_SEX_GAI_NB","SEX_M","GAI_GRADIENT_2","2021",0.041,,,"R1:3513"
"NRU","AA:1513","EMP_TEMP_SEX_GAI_NB","SEX_M","GAI_GRADIENT_1","2021",0.012,"U",,"R1:3513"
"NRU","AA:1513","EMP_TEMP_SEX_GAI_NB","SEX_M","GAI_GRADIENT_5","2021",0.122,,,"R1:3513"
"NRU","AA:1513","EMP_TEMP_SEX_GAI_NB","SEX_M","GAI_GRADIENT_X","2021",2.314,,,"R1:3513"
"NRU","AA:1513","EMP_TEMP_SEX_GAI_NB","SEX_F","GAI_GRADIENT_TOTAL","2021",1.939,,,"R1:3513"
"NRU","AA:1513","EMP_TEMP_SEX_GAI_NB","SEX_F","GAI_GRADIENT_4","2021",0.018,,,"R1:3513"
"NRU","AA:1513","EMP_TEMP_SEX_GAI_NB","SEX_F","GAI_GRADIENT_3","2021",0.065,,,"R1:3513"
"NRU","AA:1513","EMP_TEMP_SEX_GAI_NB","SEX_F","GAI_GRADIENT_2","2021",0.065,,,"R1:3513"
"NRU","AA:1513","EMP_TEMP_SEX_GAI_NB","SEX_F","GAI_GRADIENT_1","2021",0.036,,,"R1:3513"
"NRU","AA:1513","EMP_TEMP_SEX_GAI_NB","SEX_F","GAI_GRADIENT_5","2021",0.138,,,"R1:3513"
"NRU","AA:1513","EMP_TEMP_SEX_GAI_NB","SEX_F","GAI_GRADIENT_X","2021",1.617,,,"R1:3513"
"NRU","BB:14049","EMP_TEMP_SEX_GAI_NB","SEX_T","GAI_GRADIENT_TOTAL","2013",3.807,,,"R1:3513"
"NRU","BB:14049","EMP_TEMP_SEX_GAI_NB","SEX_T","GAI_GRADIENT_4","2013",0.188,,,"R1:3513"
"NRU","BB:14049","EMP_TEMP_SEX_GAI_NB","SEX_T","GAI_GRADIENT_3","2013",0.136,,,"R1:3513"
"NRU","BB:14049","EMP_TEMP_SEX_GAI_NB","SEX_T","GAI_GRADIENT_2","2013",0.201,,,"R1:3513"
"NRU","BB:14049","EMP_TEMP_SEX_GAI_NB","SEX_T","GAI_GRADIENT_1","2013",0.098,,,"R1:3513"
"NRU","BB:14049","EMP_TEMP_SEX_GAI_NB","SEX_T","GAI_GRADIENT_5","2013",0.461,,,"R1:3513"
"NRU","BB:14049","EMP_TEMP_SEX_GAI_NB","SEX_T","GAI_GRADIENT_X","2013",2.724,,,"R1:3513"
"NRU","BB:14049","EMP_TEMP_SEX_GAI_NB","SEX_M","GAI_GRADIENT_TOTAL","2013",2.328,,,"R1:3513"
"NRU","BB:14049","EMP_TEMP_SEX_GAI_NB","SEX_M","GAI_GRADIENT_4","2013",0.037,"U",,"R1:3513"
"NRU","BB:14049","EMP_TEMP_SEX_GAI_NB","SEX_M","GAI_GRADIENT_3","2013",,"U",,"R1:3513"
"NRU","BB:14049","EMP_TEMP_SEX_GAI_NB","SEX_M","GAI_GRADIENT_2","2013",0.109,,,"R1:3513"
"NRU","BB:14049","EMP_TEMP_SEX_GAI_NB","SEX_M","GAI_GRADIENT_1","2013",0.024,"U",,"R1:3513"
"NRU","BB:14049","EMP_TEMP_SEX_GAI_NB","SEX_M","GAI_GRADIENT_5","2013",0.266,,,"R1:3513"
"NRU","BB:14049","EMP_TEMP_SEX_GAI_NB","SEX_M","GAI_GRADIENT_X","2013",1.883,,,"R1:3513"
"NRU","BB:14049","EMP_TEMP_SEX_GAI_NB","SEX_F","GAI_GRADIENT_TOTAL","2013",1.479,,,"R1:3513"
"NRU","BB:14049","EMP_TEMP_SEX_GAI_NB","SEX_F","GAI_GRADIENT_4","2013",0.151,,,"R1:3513"
"NRU","BB:14049","EMP_TEMP_SEX_GAI_NB","SEX_F","GAI_GRADIENT_3","2013",0.126,,,"R1:3513"
"NRU","BB:14049","EMP_TEMP_SEX_GAI_NB","SEX_F","GAI_GRADIENT_2","2013",0.092,,,"R1:3513"
"NRU","BB:14049","EMP_TEMP_SEX_GAI_NB","SEX_F","GAI_GRADIENT_1","2013",0.074,,,"R1:3513"
"NRU","BB:14049","EMP_TEMP_SEX_GAI_NB","SEX_F","GAI_GRADIENT_5","2013",0.195,,,"R1:3513"
"NRU","BB:14049","EMP_TEMP_SEX_GAI_NB","SEX_F","GAI_GRADIENT_X","2013",0.841,,,"R1:3513"
"PAK","BA:538","EMP_TEMP_SEX_GAI_NB","SEX_T","GAI_GRADIENT_TOTAL","2025",77641.546,,,"R1:3513_S3:26"
"PAK","BA:538","EMP_TEMP_SEX_GAI_NB","SEX_T","GAI_GRADIENT_4","2025",853.948,,,"R1:3513_S3:26"
"PAK","BA:538","EMP_TEMP_SEX_GAI_NB","SEX_T","GAI_GRADIENT_3","2025",997.415,,,"R1:3513_S3:26"
"PAK","BA:538","EMP_TEMP_SEX_GAI_NB","SEX_T","GAI_GRADIENT_2","2025",7902.601,,,"R1:3513_S3:26"
"PAK","BA:538","EMP_TEMP_SEX_GAI_NB","SEX_T","GAI_GRADIENT_1","2025",4131.197,,,"R1:3513_S3:26"
"PAK","BA:538","EMP_TEMP_SEX_GAI_NB","SEX_T","GAI_GRADIENT_5","2025",6362.735,,,"R1:3513_S3:26"
"PAK","BA:538","EMP_TEMP_SEX_GAI_NB","SEX_T","GAI_GRADIENT_X","2025",57393.65,,,"R1:3513_S3:26"
"PAK","BA:538","EMP_TEMP_SEX_GAI_NB","SEX_M","GAI_GRADIENT_TOTAL","2025",58865.283,,,"R1:3513_S3:26"
"PAK","BA:538","EMP_TEMP_SEX_GAI_NB","SEX_M","GAI_GRADIENT_4","2025",801.705,,,"R1:3513_S3:26"
"PAK","BA:538","EMP_TEMP_SEX_GAI_NB","SEX_M","GAI_GRADIENT_3","2025",860.431,,,"R1:3513_S3:26"
"PAK","BA:538","EMP_TEMP_SEX_GAI_NB","SEX_M","GAI_GRADIENT_2","2025",7539.334,,,"R1:3513_S3:26"
"PAK","BA:538","EMP_TEMP_SEX_GAI_NB","SEX_M","GAI_GRADIENT_1","2025",4026.173,,,"R1:3513_S3:26"
"PAK","BA:538","EMP_TEMP_SEX_GAI_NB","SEX_M","GAI_GRADIENT_5","2025",5572.594,,,"R1:3513_S3:26"
"PAK","BA:538","EMP_TEMP_SEX_GAI_NB","SEX_M","GAI_GRADIENT_X","2025",40065.046,,,"R1:3513_S3:26"
"PAK","BA:538","EMP_TEMP_SEX_GAI_NB","SEX_F","GAI_GRADIENT_TOTAL","2025",18776.263,,,"R1:3513_S3:26"
"PAK","BA:538","EMP_TEMP_SEX_GAI_NB","SEX_F","GAI_GRADIENT_4","2025",52.243,,,"R1:3513_S3:26"
"PAK","BA:538","EMP_TEMP_SEX_GAI_NB","SEX_F","GAI_GRADIENT_3","2025",136.984,,,"R1:3513_S3:26"
"PAK","BA:538","EMP_TEMP_SEX_GAI_NB","SEX_F","GAI_GRADIENT_2","2025",363.267,,,"R1:3513_S3:26"
"PAK","BA:538","EMP_TEMP_SEX_GAI_NB","SEX_F","GAI_GRADIENT_1","2025",105.024,,,"R1:3513_S3:26"
"PAK","BA:538","EMP_TEMP_SEX_GAI_NB","SEX_F","GAI_GRADIENT_5","2025",790.141,,,"R1:3513_S3:26"
"PAK","BA:538","EMP_TEMP_SEX_GAI_NB","SEX_F","GAI_GRADIENT_X","2025",17328.604,,,"R1:3513_S3:26"
"PAK","BA:538","EMP_TEMP_SEX_GAI_NB","SEX_T","GAI_GRADIENT_TOTAL","2021",61652.464,,,"R1:3513_S3:26"
"PAK","BA:538","EMP_TEMP_SEX_GAI_NB","SEX_T","GAI_GRADIENT_4","2021",568.558,,,"R1:3513_S3:26"
"PAK","BA:538","EMP_TEMP_SEX_GAI_NB","SEX_T","GAI_GRADIENT_3","2021",728.343,,,"R1:3513_S3:26"
"PAK","BA:538","EMP_TEMP_SEX_GAI_NB","SEX_T","GAI_GRADIENT_2","2021",5686.146,,,"R1:3513_S3:26"
"PAK","BA:538","EMP_TEMP_SEX_GAI_NB","SEX_T","GAI_GRADIENT_1","2021",3907.202,,,"R1:3513_S3:26"
"PAK","BA:538","EMP_TEMP_SEX_GAI_NB","SEX_T","GAI_GRADIENT_5","2021",4116.905,,,"R1:3513_S3:26"
"PAK","BA:538","EMP_TEMP_SEX_GAI_NB","SEX_T","GAI_GRADIENT_X","2021",46645.31,,,"R1:3513_S3:26"
"PAK","BA:538","EMP_TEMP_SEX_GAI_NB","SEX_M","GAI_GRADIENT_TOTAL","2021",47809.64,,,"R1:3513_S3:26"
"PAK","BA:538","EMP_TEMP_SEX_GAI_NB","SEX_M","GAI_GRADIENT_4","2021",554.513,,,"R1:3513_S3:26"
"PAK","BA:538","EMP_TEMP_SEX_GAI_NB","SEX_M","GAI_GRADIENT_3","2021",669.871,,,"R1:3513_S3:26"
"PAK","BA:538","EMP_TEMP_SEX_GAI_NB","SEX_M","GAI_GRADIENT_2","2021",5530.932,,,"R1:3513_S3:26"
"PAK","BA:538","EMP_TEMP_SEX_GAI_NB","SEX_M","GAI_GRADIENT_1","2021",3869.517,,,"R1:3513_S3:26"
"PAK","BA:538","EMP_TEMP_SEX_GAI_NB","SEX_M","GAI_GRADIENT_5","2021",3804.718,,,"R1:3513_S3:26"
"PAK","BA:538","EMP_TEMP_SEX_GAI_NB","SEX_M","GAI_GRADIENT_X","2021",33380.089,,,"R1:3513_S3:26"
"PAK","BA:538","EMP_TEMP_SEX_GAI_NB","SEX_F","GAI_GRADIENT_TOTAL","2021",13842.824,,,"R1:3513_S3:26"
"PAK","BA:538","EMP_TEMP_SEX_GAI_NB","SEX_F","GAI_GRADIENT_4","2021",14.044,,,"R1:3513_S3:26"
"PAK","BA:538","EMP_TEMP_SEX_GAI_NB","SEX_F","GAI_GRADIENT_3","2021",58.472,,,"R1:3513_S3:26"
"PAK","BA:538","EMP_TEMP_SEX_GAI_NB","SEX_F","GAI_GRADIENT_2","2021",155.214,,,"R1:3513_S3:26"
"PAK","BA:538","EMP_TEMP_SEX_GAI_NB","SEX_F","GAI_GRADIENT_1","2021",37.685,,,"R1:3513_S3:26"
"PAK","BA:538","EMP_TEMP_SEX_GAI_NB","SEX_F","GAI_GRADIENT_5","2021",312.187,,,"R1:3513_S3:26"
"PAK","BA:538","EMP_TEMP_SEX_GAI_NB","SEX_F","GAI_GRADIENT_X","2021",13265.221,,,"R1:3513_S3:26"
"PAK","BB:16125","EMP_TEMP_SEX_GAI_NB","SEX_T","GAI_GRADIENT_TOTAL","2020",50322.515,"B","I11:264","R1:3513"
"PAK","BB:16125","EMP_TEMP_SEX_GAI_NB","SEX_T","GAI_GRADIENT_4","2020",572.078,"B","I11:264","R1:3513"
"PAK","BB:16125","EMP_TEMP_SEX_GAI_NB","SEX_T","GAI_GRADIENT_3","2020",690.665,"B","I11:264","R1:3513"
"PAK","BB:16125","EMP_TEMP_SEX_GAI_NB","SEX_T","GAI_GRADIENT_2","2020",5550.766,"B","I11:264","R1:3513"
"PAK","BB:16125","EMP_TEMP_SEX_GAI_NB","SEX_T","GAI_GRADIENT_1","2020",3042.269,"B","I11:264","R1:3513"
"PAK","BB:16125","EMP_TEMP_SEX_GAI_NB","SEX_T","GAI_GRADIENT_5","2020",3727.368,"B","I11:264","R1:3513"
"PAK","BB:16125","EMP_TEMP_SEX_GAI_NB","SEX_T","GAI_GRADIENT_X","2020",36739.368,"B","I11:264","R1:3513"
"PAK","BB:16125","EMP_TEMP_SEX_GAI_NB","SEX_M","GAI_GRADIENT_TOTAL","2020",43236.611,"B","I11:264","R1:3513"
"PAK","BB:16125","EMP_TEMP_SEX_GAI_NB","SEX_M","GAI_GRADIENT_4","2020",559.412,"B","I11:264","R1:3513"
"PAK","BB:16125","EMP_TEMP_SEX_GAI_NB","SEX_M","GAI_GRADIENT_3","2020",651.689,"B","I11:264","R1:3513"
"PAK","BB:16125","EMP_TEMP_SEX_GAI_NB","SEX_M","GAI_GRADIENT_2","2020",5412.683,"B","I11:264","R1:3513"
"PAK","BB:16125","EMP_TEMP_SEX_GAI_NB","SEX_M","GAI_GRADIENT_1","2020",2997.04,"B","I11:264","R1:3513"
"PAK","BB:16125","EMP_TEMP_SEX_GAI_NB","SEX_M","GAI_GRADIENT_5","2020",3506.071,"B","I11:264","R1:3513"
"PAK","BB:16125","EMP_TEMP_SEX_GAI_NB","SEX_M","GAI_GRADIENT_X","2020",30109.715,"B","I11:264","R1:3513"
"PAK","BB:16125","EMP_TEMP_SEX_GAI_NB","SEX_F","GAI_GRADIENT_TOTAL","2020",7085.904,"B","I11:264","R1:3513"
"PAK","BB:16125","EMP_TEMP_SEX_GAI_NB","SEX_F","GAI_GRADIENT_4","2020",12.666,"B","I11:264","R1:3513"
"PAK","BB:16125","EMP_TEMP_SEX_GAI_NB","SEX_F","GAI_GRADIENT_3","2020",38.976,"B","I11:264","R1:3513"
"PAK","BB:16125","EMP_TEMP_SEX_GAI_NB","SEX_F","GAI_GRADIENT_2","2020",138.083,"B","I11:264","R1:3513"
"PAK","BB:16125","EMP_TEMP_SEX_GAI_NB","SEX_F","GAI_GRADIENT_1","2020",45.23,"B","I11:264","R1:3513"
"PAK","BB:16125","EMP_TEMP_SEX_GAI_NB","SEX_F","GAI_GRADIENT_5","2020",221.297,"B","I11:264","R1:3513"
"PAK","BB:16125","EMP_TEMP_SEX_GAI_NB","SEX_F","GAI_GRADIENT_X","2020",6629.653,"B","I11:264","R1:3513"
"PAK","BA:538","EMP_TEMP_SEX_GAI_NB","SEX_T","GAI_GRADIENT_TOTAL","2019",59034.305,,,"R1:3513_S3:26"
"PAK","BA:538","EMP_TEMP_SEX_GAI_NB","SEX_T","GAI_GRADIENT_4","2019",502.907,,,"R1:3513_S3:26"
"PAK","BA:538","EMP_TEMP_SEX_GAI_NB","SEX_T","GAI_GRADIENT_3","2019",701.945,,,"R1:3513_S3:26"
"PAK","BA:538","EMP_TEMP_SEX_GAI_NB","SEX_T","GAI_GRADIENT_2","2019",5824.535,,,"R1:3513_S3:26"
"PAK","BA:538","EMP_TEMP_SEX_GAI_NB","SEX_T","GAI_GRADIENT_1","2019",3435.732,,,"R1:3513_S3:26"
"PAK","BA:538","EMP_TEMP_SEX_GAI_NB","SEX_T","GAI_GRADIENT_5","2019",4055.44,,,"R1:3513_S3:26"
"PAK","BA:538","EMP_TEMP_SEX_GAI_NB","SEX_T","GAI_GRADIENT_X","2019",44513.746,,,"R1:3513_S3:26"
"PAK","BA:538","EMP_TEMP_SEX_GAI_NB","SEX_M","GAI_GRADIENT_TOTAL","2019",45736.348,,,"R1:3513_S3:26"
"PAK","BA:538","EMP_TEMP_SEX_GAI_NB","SEX_M","GAI_GRADIENT_4","2019",486.449,,,"R1:3513_S3:26"
"PAK","BA:538","EMP_TEMP_SEX_GAI_NB","SEX_M","GAI_GRADIENT_3","2019",669.467,,,"R1:3513_S3:26"
"PAK","BA:538","EMP_TEMP_SEX_GAI_NB","SEX_M","GAI_GRADIENT_2","2019",5652.439,,,"R1:3513_S3:26"
"PAK","BA:538","EMP_TEMP_SEX_GAI_NB","SEX_M","GAI_GRADIENT_1","2019",3408.288,,,"R1:3513_S3:26"
"PAK","BA:538","EMP_TEMP_SEX_GAI_NB","SEX_M","GAI_GRADIENT_5","2019",3807.138,,,"R1:3513_S3:26"
"PAK","BA:538","EMP_TEMP_SEX_GAI_NB","SEX_M","GAI_GRADIENT_X","2019",31712.567,,,"R1:3513_S3:26"
"PAK","BA:538","EMP_TEMP_SEX_GAI_NB","SEX_F","GAI_GRADIENT_TOTAL","2019",13297.957,,,"R1:3513_S3:26"
"PAK","BA:538","EMP_TEMP_SEX_GAI_NB","SEX_F","GAI_GRADIENT_4","2019",16.458,"U",,"R1:3513_S3:26"
"PAK","BA:538","EMP_TEMP_SEX_GAI_NB","SEX_F","GAI_GRADIENT_3","2019",32.478,,,"R1:3513_S3:26"
"PAK","BA:538","EMP_TEMP_SEX_GAI_NB","SEX_F","GAI_GRADIENT_2","2019",172.096,,,"R1:3513_S3:26"
"PAK","BA:538","EMP_TEMP_SEX_GAI_NB","SEX_F","GAI_GRADIENT_1","2019",27.444,,,"R1:3513_S3:26"
"PAK","BA:538","EMP_TEMP_SEX_GAI_NB","SEX_F","GAI_GRADIENT_5","2019",248.302,,,"R1:3513_S3:26"
"PAK","BA:538","EMP_TEMP_SEX_GAI_NB","SEX_F","GAI_GRADIENT_X","2019",12801.179,,,"R1:3513_S3:26"
"PAK","BA:538","EMP_TEMP_SEX_GAI_NB","SEX_T","GAI_GRADIENT_TOTAL","2018",59793.793,,,"R1:3513_S3:26"
"PAK","BA:538","EMP_TEMP_SEX_GAI_NB","SEX_T","GAI_GRADIENT_4","2018",551.861,,,"R1:3513_S3:26"
"PAK","BA:538","EMP_TEMP_SEX_GAI_NB","SEX_T","GAI_GRADIENT_3","2018",683.457,,,"R1:3513_S3:26"
"PAK","BA:538","EMP_TEMP_SEX_GAI_NB","SEX_T","GAI_GRADIENT_2","2018",5930.154,,,"R1:3513_S3:26"
"PAK","BA:538","EMP_TEMP_SEX_GAI_NB","SEX_T","GAI_GRADIENT_1","2018",3463.56,,,"R1:3513_S3:26"
"PAK","BA:538","EMP_TEMP_SEX_GAI_NB","SEX_T","GAI_GRADIENT_5","2018",4199.632,,,"R1:3513_S3:26"
"PAK","BA:538","EMP_TEMP_SEX_GAI_NB","SEX_T","GAI_GRADIENT_X","2018",44965.13,,,"R1:3513_S3:26"
"PAK","BA:538","EMP_TEMP_SEX_GAI_NB","SEX_M","GAI_GRADIENT_TOTAL","2018",46992.102,,,"R1:3513_S3:26"
"PAK","BA:538","EMP_TEMP_SEX_GAI_NB","SEX_M","GAI_GRADIENT_4","2018",541.446,,,"R1:3513_S3:26"
"PAK","BA:538","EMP_TEMP_SEX_GAI_NB","SEX_M","GAI_GRADIENT_3","2018",652.836,,,"R1:3513_S3:26"
"PAK","BA:538","EMP_TEMP_SEX_GAI_NB","SEX_M","GAI_GRADIENT_2","2018",5752.085,,,"R1:3513_S3:26"
"PAK","BA:538","EMP_TEMP_SEX_GAI_NB","SEX_M","GAI_GRADIENT_1","2018",3425.943,,,"R1:3513_S3:26"
"PAK","BA:538","EMP_TEMP_SEX_GAI_NB","SEX_M","GAI_GRADIENT_5","2018",3915.248,,,"R1:3513_S3:26"
"PAK","BA:538","EMP_TEMP_SEX_GAI_NB","SEX_M","GAI_GRADIENT_X","2018",32704.546,,,"R1:3513_S3:26"
"PAK","BA:538","EMP_TEMP_SEX_GAI_NB","SEX_F","GAI_GRADIENT_TOTAL","2018",12801.691,,,"R1:3513_S3:26"
"PAK","BA:538","EMP_TEMP_SEX_GAI_NB","SEX_F","GAI_GRADIENT_4","2018",10.415,"U",,"R1:3513_S3:26"
"PAK","BA:538","EMP_TEMP_SEX_GAI_NB","SEX_F","GAI_GRADIENT_3","2018",30.622,,,"R1:3513_S3:26"
"PAK","BA:538","EMP_TEMP_SEX_GAI_NB","SEX_F","GAI_GRADIENT_2","2018",178.069,,,"R1:3513_S3:26"
"PAK","BA:538","EMP_TEMP_SEX_GAI_NB","SEX_F","GAI_GRADIENT_1","2018",37.617,,,"R1:3513_S3:26"
"PAK","BA:538","EMP_TEMP_SEX_GAI_NB","SEX_F","GAI_GRADIENT_5","2018",284.384,,,"R1:3513_S3:26"
"PAK","BA:538","EMP_TEMP_SEX_GAI_NB","SEX_F","GAI_GRADIENT_X","2018",12260.584,,,"R1:3513_S3:26"
"PAK","BB:16125","EMP_TEMP_SEX_GAI_NB","SEX_T","GAI_GRADIENT_TOTAL","2016",61845.009,,,"R1:3513"
"PAK","BB:16125","EMP_TEMP_SEX_GAI_NB","SEX_T","GAI_GRADIENT_4","2016",926.559,,,"R1:3513"
"PAK","BB:16125","EMP_TEMP_SEX_GAI_NB","SEX_T","GAI_GRADIENT_3","2016",622.552,,,"R1:3513"
"PAK","BB:16125","EMP_TEMP_SEX_GAI_NB","SEX_T","GAI_GRADIENT_2","2016",5505.969,,,"R1:3513"
"PAK","BB:16125","EMP_TEMP_SEX_GAI_NB","SEX_T","GAI_GRADIENT_1","2016",3907.448,,,"R1:3513"
"PAK","BB:16125","EMP_TEMP_SEX_GAI_NB","SEX_T","GAI_GRADIENT_5","2016",3538.885,,,"R1:3513"
"PAK","BB:16125","EMP_TEMP_SEX_GAI_NB","SEX_T","GAI_GRADIENT_X","2016",47343.596,,,"R1:3513"
"PAK","BB:16125","EMP_TEMP_SEX_GAI_NB","SEX_M","GAI_GRADIENT_TOTAL","2016",47176.953,,,"R1:3513"
"PAK","BB:16125","EMP_TEMP_SEX_GAI_NB","SEX_M","GAI_GRADIENT_4","2016",893.063,,,"R1:3513"
"PAK","BB:16125","EMP_TEMP_SEX_GAI_NB","SEX_M","GAI_GRADIENT_3","2016",559.122,,,"R1:3513"
"PAK","BB:16125","EMP_TEMP_SEX_GAI_NB","SEX_M","GAI_GRADIENT_2","2016",5349.653,,,"R1:3513"
"PAK","BB:16125","EMP_TEMP_SEX_GAI_NB","SEX_M","GAI_GRADIENT_1","2016",3878.207,,,"R1:3513"
"PAK","BB:16125","EMP_TEMP_SEX_GAI_NB","SEX_M","GAI_GRADIENT_5","2016",3139.224,,,"R1:3513"
"PAK","BB:16125","EMP_TEMP_SEX_GAI_NB","SEX_M","GAI_GRADIENT_X","2016",33357.685,,,"R1:3513"
"PAK","BB:16125","EMP_TEMP_SEX_GAI_NB","SEX_F","GAI_GRADIENT_TOTAL","2016",14668.056,,,"R1:3513"
"PAK","BB:16125","EMP_TEMP_SEX_GAI_NB","SEX_F","GAI_GRADIENT_4","2016",33.496,,,"R1:3513"
"PAK","BB:16125","EMP_TEMP_SEX_GAI_NB","SEX_F","GAI_GRADIENT_3","2016",63.431,,,"R1:3513"
"PAK","BB:16125","EMP_TEMP_SEX_GAI_NB","SEX_F","GAI_GRADIENT_2","2016",156.316,,,"R1:3513"
"PAK","BB:16125","EMP_TEMP_SEX_GAI_NB","SEX_F","GAI_GRADIENT_1","2016",29.241,,,"R1:3513"
"PAK","BB:16125","EMP_TEMP_SEX_GAI_NB","SEX_F","GAI_GRADIENT_5","2016",399.662,,,"R1:3513"
"PAK","BB:16125","EMP_TEMP_SEX_GAI_NB","SEX_F","GAI_GRADIENT_X","2016",13985.911,,,"R1:3513"
"PAK","BA:538","EMP_TEMP_SEX_GAI_NB","SEX_T","GAI_GRADIENT_TOTAL","2015",55277.594,,,"R1:3513"
"PAK","BA:538","EMP_TEMP_SEX_GAI_NB","SEX_T","GAI_GRADIENT_4","2015",594.155,,,"R1:3513"
"PAK","BA:538","EMP_TEMP_SEX_GAI_NB","SEX_T","GAI_GRADIENT_3","2015",563.377,,,"R1:3513"
"PAK","BA:538","EMP_TEMP_SEX_GAI_NB","SEX_T","GAI_GRADIENT_2","2015",5407.548,,,"R1:3513"
"PAK","BA:538","EMP_TEMP_SEX_GAI_NB","SEX_T","GAI_GRADIENT_1","2015",2751.025,,,"R1:3513"
"PAK","BA:538","EMP_TEMP_SEX_GAI_NB","SEX_T","GAI_GRADIENT_5","2015",3605.157,,,"R1:3513"
"PAK","BA:538","EMP_TEMP_SEX_GAI_NB","SEX_T","GAI_GRADIENT_X","2015",42356.331,,,"R1:3513"
"PAK","BA:538","EMP_TEMP_SEX_GAI_NB","SEX_M","GAI_GRADIENT_TOTAL","2015",42771.751,,,"R1:3513"
"PAK","BA:538","EMP_TEMP_SEX_GAI_NB","SEX_M","GAI_GRADIENT_4","2015",581.288,,,"R1:3513"
"PAK","BA:538","EMP_TEMP_SEX_GAI_NB","SEX_M","GAI_GRADIENT_3","2015",543.183,,,"R1:3513"
"PAK","BA:538","EMP_TEMP_SEX_GAI_NB","SEX_M","GAI_GRADIENT_2","2015",5264.839,,,"R1:3513"
"PAK","BA:538","EMP_TEMP_SEX_GAI_NB","SEX_M","GAI_GRADIENT_1","2015",2726.423,,,"R1:3513"
"PAK","BA:538","EMP_TEMP_SEX_GAI_NB","SEX_M","GAI_GRADIENT_5","2015",3417.084,,,"R1:3513"
"PAK","BA:538","EMP_TEMP_SEX_GAI_NB","SEX_M","GAI_GRADIENT_X","2015",30238.935,,,"R1:3513"
"PAK","BA:538","EMP_TEMP_SEX_GAI_NB","SEX_F","GAI_GRADIENT_TOTAL","2015",12505.842,,,"R1:3513"
"PAK","BA:538","EMP_TEMP_SEX_GAI_NB","SEX_F","GAI_GRADIENT_4","2015",12.867,,,"R1:3513"
"PAK","BA:538","EMP_TEMP_SEX_GAI_NB","SEX_F","GAI_GRADIENT_3","2015",20.195,,,"R1:3513"
"PAK","BA:538","EMP_TEMP_SEX_GAI_NB","SEX_F","GAI_GRADIENT_2","2015",142.709,,,"R1:3513"
"PAK","BA:538","EMP_TEMP_SEX_GAI_NB","SEX_F","GAI_GRADIENT_1","2015",24.602,,,"R1:3513"
"PAK","BA:538","EMP_TEMP_SEX_GAI_NB","SEX_F","GAI_GRADIENT_5","2015",188.073,,,"R1:3513"
"PAK","BA:538","EMP_TEMP_SEX_GAI_NB","SEX_F","GAI_GRADIENT_X","2015",12117.397,,,"R1:3513"
"PAK","BA:538","EMP_TEMP_SEX_GAI_NB","SEX_T","GAI_GRADIENT_TOTAL","2014",54340.801,,,"R1:3513"
"PAK","BA:538","EMP_TEMP_SEX_GAI_NB","SEX_T","GAI_GRADIENT_4","2014",621.459,,,"R1:3513"
"PAK","BA:538","EMP_TEMP_SEX_GAI_NB","SEX_T","GAI_GRADIENT_3","2014",504.062,,,"R1:3513"
"PAK","BA:538","EMP_TEMP_SEX_GAI_NB","SEX_T","GAI_GRADIENT_2","2014",5249.114,,,"R1:3513"
"PAK","BA:538","EMP_TEMP_SEX_GAI_NB","SEX_T","GAI_GRADIENT_1","2014",3122.632,,,"R1:3513"
"PAK","BA:538","EMP_TEMP_SEX_GAI_NB","SEX_T","GAI_GRADIENT_5","2014",2841.137,,,"R1:3513"
"PAK","BA:538","EMP_TEMP_SEX_GAI_NB","SEX_T","GAI_GRADIENT_X","2014",42002.398,,,"R1:3513"
"PAK","BA:538","EMP_TEMP_SEX_GAI_NB","SEX_M","GAI_GRADIENT_TOTAL","2014",42019.341,,,"R1:3513"
"PAK","BA:538","EMP_TEMP_SEX_GAI_NB","SEX_M","GAI_GRADIENT_4","2014",603.112,,,"R1:3513"
"PAK","BA:538","EMP_TEMP_SEX_GAI_NB","SEX_M","GAI_GRADIENT_3","2014",483.363,,,"R1:3513"
"PAK","BA:538","EMP_TEMP_SEX_GAI_NB","SEX_M","GAI_GRADIENT_2","2014",5103.651,,,"R1:3513"
"PAK","BA:538","EMP_TEMP_SEX_GAI_NB","SEX_M","GAI_GRADIENT_1","2014",3078.518,,,"R1:3513"
"PAK","BA:538","EMP_TEMP_SEX_GAI_NB","SEX_M","GAI_GRADIENT_5","2014",2653.192,,,"R1:3513"
"PAK","BA:538","EMP_TEMP_SEX_GAI_NB","SEX_M","GAI_GRADIENT_X","2014",30097.505,,,"R1:3513"
"PAK","BA:538","EMP_TEMP_SEX_GAI_NB","SEX_F","GAI_GRADIENT_TOTAL","2014",12321.46,,,"R1:3513"
"PAK","BA:538","EMP_TEMP_SEX_GAI_NB","SEX_F","GAI_GRADIENT_4","2014",18.347,,,"R1:3513"
"PAK","BA:538","EMP_TEMP_SEX_GAI_NB","SEX_F","GAI_GRADIENT_3","2014",20.699,,,"R1:3513"
"PAK","BA:538","EMP_TEMP_SEX_GAI_NB","SEX_F","GAI_GRADIENT_2","2014",145.463,,,"R1:3513"
"PAK","BA:538","EMP_TEMP_SEX_GAI_NB","SEX_F","GAI_GRADIENT_1","2014",44.114,,,"R1:3513"
"PAK","BA:538","EMP_TEMP_SEX_GAI_NB","SEX_F","GAI_GRADIENT_5","2014",187.945,,,"R1:3513"
"PAK","BA:538","EMP_TEMP_SEX_GAI_NB","SEX_F","GAI_GRADIENT_X","2014",11904.893,,,"R1:3513"
"PAN","BA:511","EMP_TEMP_SEX_GAI_NB","SEX_T","GAI_GRADIENT_TOTAL","2025",1968.566,,,"R1:3513_S3:21"
"PAN","BA:511","EMP_TEMP_SEX_GAI_NB","SEX_T","GAI_GRADIENT_4","2025",47.795,,,"R1:3513_S3:21"
"PAN","BA:511","EMP_TEMP_SEX_GAI_NB","SEX_T","GAI_GRADIENT_3","2025",103.304,,,"R1:3513_S3:21"
"PAN","BA:511","EMP_TEMP_SEX_GAI_NB","SEX_T","GAI_GRADIENT_2","2025",78.237,,,"R1:3513_S3:21"
"PAN","BA:511","EMP_TEMP_SEX_GAI_NB","SEX_T","GAI_GRADIENT_1","2025",124.284,,,"R1:3513_S3:21"
"PAN","BA:511","EMP_TEMP_SEX_GAI_NB","SEX_T","GAI_GRADIENT_5","2025",183.1,,,"R1:3513_S3:21"
"PAN","BA:511","EMP_TEMP_SEX_GAI_NB","SEX_T","GAI_GRADIENT_X","2025",1431.846,,,"R1:3513_S3:21"
"PAN","BA:511","EMP_TEMP_SEX_GAI_NB","SEX_M","GAI_GRADIENT_TOTAL","2025",1129.974,,,"R1:3513_S3:21"
"PAN","BA:511","EMP_TEMP_SEX_GAI_NB","SEX_M","GAI_GRADIENT_4","2025",14.057,,,"R1:3513_S3:21"
"PAN","BA:511","EMP_TEMP_SEX_GAI_NB","SEX_M","GAI_GRADIENT_3","2025",35.672,,,"R1:3513_S3:21"
"PAN","BA:511","EMP_TEMP_SEX_GAI_NB","SEX_M","GAI_GRADIENT_2","2025",41.408,,,"R1:3513_S3:21"
"PAN","BA:511","EMP_TEMP_SEX_GAI_NB","SEX_M","GAI_GRADIENT_1","2025",79.737,,,"R1:3513_S3:21"
"PAN","BA:511","EMP_TEMP_SEX_GAI_NB","SEX_M","GAI_GRADIENT_5","2025",111.633,,,"R1:3513_S3:21"
"PAN","BA:511","EMP_TEMP_SEX_GAI_NB","SEX_M","GAI_GRADIENT_X","2025",847.467,,,"R1:3513_S3:21"
"PAN","BA:511","EMP_TEMP_SEX_GAI_NB","SEX_F","GAI_GRADIENT_TOTAL","2025",838.592,,,"R1:3513_S3:21"
"PAN","BA:511","EMP_TEMP_SEX_GAI_NB","SEX_F","GAI_GRADIENT_4","2025",33.738,,,"R1:3513_S3:21"
"PAN","BA:511","EMP_TEMP_SEX_GAI_NB","SEX_F","GAI_GRADIENT_3","2025",67.632,,,"R1:3513_S3:21"
"PAN","BA:511","EMP_TEMP_SEX_GAI_NB","SEX_F","GAI_GRADIENT_2","2025",36.829,,,"R1:3513_S3:21"
"PAN","BA:511","EMP_TEMP_SEX_GAI_NB","SEX_F","GAI_GRADIENT_1","2025",44.547,,,"R1:3513_S3:21"
"PAN","BA:511","EMP_TEMP_SEX_GAI_NB","SEX_F","GAI_GRADIENT_5","2025",71.467,,,"R1:3513_S3:21"
"PAN","BA:511","EMP_TEMP_SEX_GAI_NB","SEX_F","GAI_GRADIENT_X","2025",584.379,,,"R1:3513_S3:21"
"PAN","BA:511","EMP_TEMP_SEX_GAI_NB","SEX_T","GAI_GRADIENT_TOTAL","2024",1923.546,,,"R1:3513_S3:21"
"PAN","BA:511","EMP_TEMP_SEX_GAI_NB","SEX_T","GAI_GRADIENT_4","2024",41.514,,,"R1:3513_S3:21"
"PAN","BA:511","EMP_TEMP_SEX_GAI_NB","SEX_T","GAI_GRADIENT_3","2024",86.393,,,"R1:3513_S3:21"
"PAN","BA:511","EMP_TEMP_SEX_GAI_NB","SEX_T","GAI_GRADIENT_2","2024",57.225,,,"R1:3513_S3:21"
"PAN","BA:511","EMP_TEMP_SEX_GAI_NB","SEX_T","GAI_GRADIENT_1","2024",108.209,,,"R1:3513_S3:21"
"PAN","BA:511","EMP_TEMP_SEX_GAI_NB","SEX_T","GAI_GRADIENT_5","2024",158.68,,,"R1:3513_S3:21"
"PAN","BA:511","EMP_TEMP_SEX_GAI_NB","SEX_T","GAI_GRADIENT_X","2024",1471.525,,,"R1:3513_S3:21"
"PAN","BA:511","EMP_TEMP_SEX_GAI_NB","SEX_M","GAI_GRADIENT_TOTAL","2024",1122.932,,,"R1:3513_S3:21"
"PAN","BA:511","EMP_TEMP_SEX_GAI_NB","SEX_M","GAI_GRADIENT_4","2024",12.428,,,"R1:3513_S3:21"
"PAN","BA:511","EMP_TEMP_SEX_GAI_NB","SEX_M","GAI_GRADIENT_3","2024",29.369,,,"R1:3513_S3:21"
"PAN","BA:511","EMP_TEMP_SEX_GAI_NB","SEX_M","GAI_GRADIENT_2","2024",34.768,,,"R1:3513_S3:21"
"PAN","BA:511","EMP_TEMP_SEX_GAI_NB","SEX_M","GAI_GRADIENT_1","2024",68.893,,,"R1:3513_S3:21"
"PAN","BA:511","EMP_TEMP_SEX_GAI_NB","SEX_M","GAI_GRADIENT_5","2024",98.707,,,"R1:3513_S3:21"
"PAN","BA:511","EMP_TEMP_SEX_GAI_NB","SEX_M","GAI_GRADIENT_X","2024",878.767,,,"R1:3513_S3:21"
"PAN","BA:511","EMP_TEMP_SEX_GAI_NB","SEX_F","GAI_GRADIENT_TOTAL","2024",800.614,,,"R1:3513_S3:21"
"PAN","BA:511","EMP_TEMP_SEX_GAI_NB","SEX_F","GAI_GRADIENT_4","2024",29.086,,,"R1:3513_S3:21"
"PAN","BA:511","EMP_TEMP_SEX_GAI_NB","SEX_F","GAI_GRADIENT_3","2024",57.024,,,"R1:3513_S3:21"
"PAN","BA:511","EMP_TEMP_SEX_GAI_NB","SEX_F","GAI_GRADIENT_2","2024",22.457,,,"R1:3513_S3:21"
"PAN","BA:511","EMP_TEMP_SEX_GAI_NB","SEX_F","GAI_GRADIENT_1","2024",39.316,,,"R1:3513_S3:21"
"PAN","BA:511","EMP_TEMP_SEX_GAI_NB","SEX_F","GAI_GRADIENT_5","2024",59.973,,,"R1:3513_S3:21"
"PAN","BA:511","EMP_TEMP_SEX_GAI_NB","SEX_F","GAI_GRADIENT_X","2024",592.758,,,"R1:3513_S3:21"
"PAN","BA:511","EMP_TEMP_SEX_GAI_NB","SEX_T","GAI_GRADIENT_TOTAL","2023",1937.367,,,"R1:3513_S3:21"
"PAN","BA:511","EMP_TEMP_SEX_GAI_NB","SEX_T","GAI_GRADIENT_4","2023",56.433,,,"R1:3513_S3:21"
"PAN","BA:511","EMP_TEMP_SEX_GAI_NB","SEX_T","GAI_GRADIENT_3","2023",78.705,,,"R1:3513_S3:21"
"PAN","BA:511","EMP_TEMP_SEX_GAI_NB","SEX_T","GAI_GRADIENT_2","2023",61.65,,,"R1:3513_S3:21"
"PAN","BA:511","EMP_TEMP_SEX_GAI_NB","SEX_T","GAI_GRADIENT_1","2023",110.813,,,"R1:3513_S3:21"
"PAN","BA:511","EMP_TEMP_SEX_GAI_NB","SEX_T","GAI_GRADIENT_5","2023",168.957,,,"R1:3513_S3:21"
"PAN","BA:511","EMP_TEMP_SEX_GAI_NB","SEX_T","GAI_GRADIENT_X","2023",1460.809,,,"R1:3513_S3:21"
"PAN","BA:511","EMP_TEMP_SEX_GAI_NB","SEX_M","GAI_GRADIENT_TOTAL","2023",1135.243,,,"R1:3513_S3:21"
"PAN","BA:511","EMP_TEMP_SEX_GAI_NB","SEX_M","GAI_GRADIENT_4","2023",16.869,,,"R1:3513_S3:21"
"PAN","BA:511","EMP_TEMP_SEX_GAI_NB","SEX_M","GAI_GRADIENT_3","2023",31.203,,,"R1:3513_S3:21"
"PAN","BA:511","EMP_TEMP_SEX_GAI_NB","SEX_M","GAI_GRADIENT_2","2023",33.907,,,"R1:3513_S3:21"
"PAN","BA:511","EMP_TEMP_SEX_GAI_NB","SEX_M","GAI_GRADIENT_1","2023",69.826,,,"R1:3513_S3:21"
"PAN","BA:511","EMP_TEMP_SEX_GAI_NB","SEX_M","GAI_GRADIENT_5","2023",97.608,,,"R1:3513_S3:21"
"PAN","BA:511","EMP_TEMP_SEX_GAI_NB","SEX_M","GAI_GRADIENT_X","2023",885.83,,,"R1:3513_S3:21"
"PAN","BA:511","EMP_TEMP_SEX_GAI_NB","SEX_F","GAI_GRADIENT_TOTAL","2023",802.124,,,"R1:3513_S3:21"
"PAN","BA:511","EMP_TEMP_SEX_GAI_NB","SEX_F","GAI_GRADIENT_4","2023",39.564,,,"R1:3513_S3:21"
"PAN","BA:511","EMP_TEMP_SEX_GAI_NB","SEX_F","GAI_GRADIENT_3","2023",47.502,,,"R1:3513_S3:21"
"PAN","BA:511","EMP_TEMP_SEX_GAI_NB","SEX_F","GAI_GRADIENT_2","2023",27.743,,,"R1:3513_S3:21"
"PAN","BA:511","EMP_TEMP_SEX_GAI_NB","SEX_F","GAI_GRADIENT_1","2023",40.987,,,"R1:3513_S3:21"
"PAN","BA:511","EMP_TEMP_SEX_GAI_NB","SEX_F","GAI_GRADIENT_5","2023",71.349,,,"R1:3513_S3:21"
"PAN","BA:511","EMP_TEMP_SEX_GAI_NB","SEX_F","GAI_GRADIENT_X","2023",574.979,,,"R1:3513_S3:21"
"PER","BA:16208","EMP_TEMP_SEX_GAI_NB","SEX_T","GAI_GRADIENT_TOTAL","2025",17836.155,,,"R1:3513"
"PER","BA:16208","EMP_TEMP_SEX_GAI_NB","SEX_T","GAI_GRADIENT_4","2025",365.612,,,"R1:3513"
"PER","BA:16208","EMP_TEMP_SEX_GAI_NB","SEX_T","GAI_GRADIENT_3","2025",679.499,,,"R1:3513"
"PER","BA:16208","EMP_TEMP_SEX_GAI_NB","SEX_T","GAI_GRADIENT_2","2025",412.967,,,"R1:3513"
"PER","BA:16208","EMP_TEMP_SEX_GAI_NB","SEX_T","GAI_GRADIENT_1","2025",1302.28,,,"R1:3513"
"PER","BA:16208","EMP_TEMP_SEX_GAI_NB","SEX_T","GAI_GRADIENT_5","2025",3039.28,,,"R1:3513"
"PER","BA:16208","EMP_TEMP_SEX_GAI_NB","SEX_T","GAI_GRADIENT_X","2025",12036.518,,,"R1:3513"
"PER","BA:16208","EMP_TEMP_SEX_GAI_NB","SEX_M","GAI_GRADIENT_TOTAL","2025",9821.842,,,"R1:3513"
"PER","BA:16208","EMP_TEMP_SEX_GAI_NB","SEX_M","GAI_GRADIENT_4","2025",185.326,,,"R1:3513"
"PER","BA:16208","EMP_TEMP_SEX_GAI_NB","SEX_M","GAI_GRADIENT_3","2025",337.223,,,"R1:3513"
"PER","BA:16208","EMP_TEMP_SEX_GAI_NB","SEX_M","GAI_GRADIENT_2","2025",217.048,,,"R1:3513"
"PER","BA:16208","EMP_TEMP_SEX_GAI_NB","SEX_M","GAI_GRADIENT_1","2025",840.478,,,"R1:3513"
"PER","BA:16208","EMP_TEMP_SEX_GAI_NB","SEX_M","GAI_GRADIENT_5","2025",1531.709,,,"R1:3513"
"PER","BA:16208","EMP_TEMP_SEX_GAI_NB","SEX_M","GAI_GRADIENT_X","2025",6710.058,,,"R1:3513"
"PER","BA:16208","EMP_TEMP_SEX_GAI_NB","SEX_F","GAI_GRADIENT_TOTAL","2025",8014.314,,,"R1:3513"
"PER","BA:16208","EMP_TEMP_SEX_GAI_NB","SEX_F","GAI_GRADIENT_4","2025",180.286,,,"R1:3513"
"PER","BA:16208","EMP_TEMP_SEX_GAI_NB","SEX_F","GAI_GRADIENT_3","2025",342.276,,,"R1:3513"
"PER","BA:16208","EMP_TEMP_SEX_GAI_NB","SEX_F","GAI_GRADIENT_2","2025",195.919,,,"R1:3513"
"PER","BA:16208","EMP_TEMP_SEX_GAI_NB","SEX_F","GAI_GRADIENT_1","2025",461.802,,,"R1:3513"
"PER","BA:16208","EMP_TEMP_SEX_GAI_NB","SEX_F","GAI_GRADIENT_5","2025",1507.571,,,"R1:3513"
"PER","BA:16208","EMP_TEMP_SEX_GAI_NB","SEX_F","GAI_GRADIENT_X","2025",5326.46,,,"R1:3513"
"PER","BA:16208","EMP_TEMP_SEX_GAI_NB","SEX_T","GAI_GRADIENT_TOTAL","2024",17695.545,,,"R1:3513"
"PER","BA:16208","EMP_TEMP_SEX_GAI_NB","SEX_T","GAI_GRADIENT_4","2024",360.536,,,"R1:3513"
"PER","BA:16208","EMP_TEMP_SEX_GAI_NB","SEX_T","GAI_GRADIENT_3","2024",644.599,,,"R1:3513"
"PER","BA:16208","EMP_TEMP_SEX_GAI_NB","SEX_T","GAI_GRADIENT_2","2024",393.429,,,"R1:3513"
"PER","BA:16208","EMP_TEMP_SEX_GAI_NB","SEX_T","GAI_GRADIENT_1","2024",1343.777,,,"R1:3513"
"PER","BA:16208","EMP_TEMP_SEX_GAI_NB","SEX_T","GAI_GRADIENT_5","2024",2966.828,,,"R1:3513"
"PER","BA:16208","EMP_TEMP_SEX_GAI_NB","SEX_T","GAI_GRADIENT_X","2024",11986.374,,,"R1:3513"
"PER","BA:16208","EMP_TEMP_SEX_GAI_NB","SEX_M","GAI_GRADIENT_TOTAL","2024",9753.647,,,"R1:3513"
"PER","BA:16208","EMP_TEMP_SEX_GAI_NB","SEX_M","GAI_GRADIENT_4","2024",181.681,,,"R1:3513"
"PER","BA:16208","EMP_TEMP_SEX_GAI_NB","SEX_M","GAI_GRADIENT_3","2024",315.555,,,"R1:3513"
"PER","BA:16208","EMP_TEMP_SEX_GAI_NB","SEX_M","GAI_GRADIENT_2","2024",203.766,,,"R1:3513"
"PER","BA:16208","EMP_TEMP_SEX_GAI_NB","SEX_M","GAI_GRADIENT_1","2024",860.289,,,"R1:3513"
"PER","BA:16208","EMP_TEMP_SEX_GAI_NB","SEX_M","GAI_GRADIENT_5","2024",1537.299,,,"R1:3513"
"PER","BA:16208","EMP_TEMP_SEX_GAI_NB","SEX_M","GAI_GRADIENT_X","2024",6655.058,,,"R1:3513"
"PER","BA:16208","EMP_TEMP_SEX_GAI_NB","SEX_F","GAI_GRADIENT_TOTAL","2024",7941.898,,,"R1:3513"
"PER","BA:16208","EMP_TEMP_SEX_GAI_NB","SEX_F","GAI_GRADIENT_4","2024",178.855,,,"R1:3513"
"PER","BA:16208","EMP_TEMP_SEX_GAI_NB","SEX_F","GAI_GRADIENT_3","2024",329.045,,,"R1:3513"
"PER","BA:16208","EMP_TEMP_SEX_GAI_NB","SEX_F","GAI_GRADIENT_2","2024",189.664,,,"R1:3513"
"PER","BA:16208","EMP_TEMP_SEX_GAI_NB","SEX_F","GAI_GRADIENT_1","2024",483.489,,,"R1:3513"
"PER","BA:16208","EMP_TEMP_SEX_GAI_NB","SEX_F","GAI_GRADIENT_5","2024",1429.529,,,"R1:3513"
"PER","BA:16208","EMP_TEMP_SEX_GAI_NB","SEX_F","GAI_GRADIENT_X","2024",5331.317,,,"R1:3513"
"PER","BA:16208","EMP_TEMP_SEX_GAI_NB","SEX_T","GAI_GRADIENT_TOTAL","2023",17604.655,,,"R1:3513"
"PER","BA:16208","EMP_TEMP_SEX_GAI_NB","SEX_T","GAI_GRADIENT_4","2023",358.9,,,"R1:3513"
"PER","BA:16208","EMP_TEMP_SEX_GAI_NB","SEX_T","GAI_GRADIENT_3","2023",648.554,,,"R1:3513"
"PER","BA:16208","EMP_TEMP_SEX_GAI_NB","SEX_T","GAI_GRADIENT_2","2023",387.394,,,"R1:3513"
"PER","BA:16208","EMP_TEMP_SEX_GAI_NB","SEX_T","GAI_GRADIENT_1","2023",1355.07,,,"R1:3513"
"PER","BA:16208","EMP_TEMP_SEX_GAI_NB","SEX_T","GAI_GRADIENT_5","2023",2955.682,,,"R1:3513"
"PER","BA:16208","EMP_TEMP_SEX_GAI_NB","SEX_T","GAI_GRADIENT_X","2023",11899.056,,,"R1:3513"
"PER","BA:16208","EMP_TEMP_SEX_GAI_NB","SEX_M","GAI_GRADIENT_TOTAL","2023",9681.04,,,"R1:3513"
"PER","BA:16208","EMP_TEMP_SEX_GAI_NB","SEX_M","GAI_GRADIENT_4","2023",191.857,,,"R1:3513"
"PER","BA:16208","EMP_TEMP_SEX_GAI_NB","SEX_M","GAI_GRADIENT_3","2023",313.916,,,"R1:3513"
"PER","BA:16208","EMP_TEMP_SEX_GAI_NB","SEX_M","GAI_GRADIENT_2","2023",220.536,,,"R1:3513"
"PER","BA:16208","EMP_TEMP_SEX_GAI_NB","SEX_M","GAI_GRADIENT_1","2023",856.983,,,"R1:3513"
"PER","BA:16208","EMP_TEMP_SEX_GAI_NB","SEX_M","GAI_GRADIENT_5","2023",1490.969,,,"R1:3513"
"PER","BA:16208","EMP_TEMP_SEX_GAI_NB","SEX_M","GAI_GRADIENT_X","2023",6606.778,,,"R1:3513"
"PER","BA:16208","EMP_TEMP_SEX_GAI_NB","SEX_F","GAI_GRADIENT_TOTAL","2023",7923.615,,,"R1:3513"
"PER","BA:16208","EMP_TEMP_SEX_GAI_NB","SEX_F","GAI_GRADIENT_4","2023",167.043,,,"R1:3513"
"PER","BA:16208","EMP_TEMP_SEX_GAI_NB","SEX_F","GAI_GRADIENT_3","2023",334.638,,,"R1:3513"
"PER","BA:16208","EMP_TEMP_SEX_GAI_NB","SEX_F","GAI_GRADIENT_2","2023",166.858,,,"R1:3513"
"PER","BA:16208","EMP_TEMP_SEX_GAI_NB","SEX_F","GAI_GRADIENT_1","2023",498.086,,,"R1:3513"
"PER","BA:16208","EMP_TEMP_SEX_GAI_NB","SEX_F","GAI_GRADIENT_5","2023",1464.712,,,"R1:3513"
"PER","BA:16208","EMP_TEMP_SEX_GAI_NB","SEX_F","GAI_GRADIENT_X","2023",5292.278,,,"R1:3513"
"PER","BA:16208","EMP_TEMP_SEX_GAI_NB","SEX_T","GAI_GRADIENT_TOTAL","2022",17716.658,"B","I11:264","R1:3513"
"PER","BA:16208","EMP_TEMP_SEX_GAI_NB","SEX_T","GAI_GRADIENT_4","2022",266.792,"B","I11:264","R1:3513"
"PER","BA:16208","EMP_TEMP_SEX_GAI_NB","SEX_T","GAI_GRADIENT_3","2022",679.414,"B","I11:264","R1:3513"
"PER","BA:16208","EMP_TEMP_SEX_GAI_NB","SEX_T","GAI_GRADIENT_2","2022",351.255,"B","I11:264","R1:3513"
"PER","BA:16208","EMP_TEMP_SEX_GAI_NB","SEX_T","GAI_GRADIENT_1","2022",1303.112,"B","I11:264","R1:3513"
"PER","BA:16208","EMP_TEMP_SEX_GAI_NB","SEX_T","GAI_GRADIENT_5","2022",2867.092,"B","I11:264","R1:3513"
"PER","BA:16208","EMP_TEMP_SEX_GAI_NB","SEX_T","GAI_GRADIENT_X","2022",12248.992,"B","I11:264","R1:3513"
"PER","BA:16208","EMP_TEMP_SEX_GAI_NB","SEX_M","GAI_GRADIENT_TOTAL","2022",9751.202,"B","I11:264","R1:3513"
"PER","BA:16208","EMP_TEMP_SEX_GAI_NB","SEX_M","GAI_GRADIENT_4","2022",148.333,"B","I11:264","R1:3513"
"PER","BA:16208","EMP_TEMP_SEX_GAI_NB","SEX_M","GAI_GRADIENT_3","2022",348.75,"B","I11:264","R1:3513"
"PER","BA:16208","EMP_TEMP_SEX_GAI_NB","SEX_M","GAI_GRADIENT_2","2022",190.364,"B","I11:264","R1:3513"
"PER","BA:16208","EMP_TEMP_SEX_GAI_NB","SEX_M","GAI_GRADIENT_1","2022",843.042,"B","I11:264","R1:3513"
"PER","BA:16208","EMP_TEMP_SEX_GAI_NB","SEX_M","GAI_GRADIENT_5","2022",1440.503,"B","I11:264","R1:3513"
"PER","BA:16208","EMP_TEMP_SEX_GAI_NB","SEX_M","GAI_GRADIENT_X","2022",6780.21,"B","I11:264","R1:3513"
"PER","BA:16208","EMP_TEMP_SEX_GAI_NB","SEX_F","GAI_GRADIENT_TOTAL","2022",7965.456,"B","I11:264","R1:3513"
"PER","BA:16208","EMP_TEMP_SEX_GAI_NB","SEX_F","GAI_GRADIENT_4","2022",118.459,"B","I11:264","R1:3513"
"PER","BA:16208","EMP_TEMP_SEX_GAI_NB","SEX_F","GAI_GRADIENT_3","2022",330.663,"B","I11:264","R1:3513"
"PER","BA:16208","EMP_TEMP_SEX_GAI_NB","SEX_F","GAI_GRADIENT_2","2022",160.891,"B","I11:264","R1:3513"
"PER","BA:16208","EMP_TEMP_SEX_GAI_NB","SEX_F","GAI_GRADIENT_1","2022",460.071,"B","I11:264","R1:3513"
"PER","BA:16208","EMP_TEMP_SEX_GAI_NB","SEX_F","GAI_GRADIENT_5","2022",1426.589,"B","I11:264","R1:3513"
"PER","BA:16208","EMP_TEMP_SEX_GAI_NB","SEX_F","GAI_GRADIENT_X","2022",5468.782,"B","I11:264","R1:3513"
"PHL","BA:629","EMP_TEMP_SEX_GAI_NB","SEX_T","GAI_GRADIENT_TOTAL","2024",47524.318,,,"R1:3513"
"PHL","BA:629","EMP_TEMP_SEX_GAI_NB","SEX_T","GAI_GRADIENT_4","2024",1685.137,,,"R1:3513"
"PHL","BA:629","EMP_TEMP_SEX_GAI_NB","SEX_T","GAI_GRADIENT_3","2024",2177.43,,,"R1:3513"
"PHL","BA:629","EMP_TEMP_SEX_GAI_NB","SEX_T","GAI_GRADIENT_2","2024",5018.745,,,"R1:3513"
"PHL","BA:629","EMP_TEMP_SEX_GAI_NB","SEX_T","GAI_GRADIENT_1","2024",4317.34,,,"R1:3513"
"PHL","BA:629","EMP_TEMP_SEX_GAI_NB","SEX_T","GAI_GRADIENT_5","2024",5693.459,,,"R1:3513"
"PHL","BA:629","EMP_TEMP_SEX_GAI_NB","SEX_T","GAI_GRADIENT_X","2024",28632.207,,,"R1:3513"
"PHL","BA:629","EMP_TEMP_SEX_GAI_NB","SEX_M","GAI_GRADIENT_TOTAL","2024",28104.4,,,"R1:3513"
"PHL","BA:629","EMP_TEMP_SEX_GAI_NB","SEX_M","GAI_GRADIENT_4","2024",634.366,,,"R1:3513"
"PHL","BA:629","EMP_TEMP_SEX_GAI_NB","SEX_M","GAI_GRADIENT_3","2024",850.167,,,"R1:3513"
"PHL","BA:629","EMP_TEMP_SEX_GAI_NB","SEX_M","GAI_GRADIENT_2","2024",1671.197,,,"R1:3513"
"PHL","BA:629","EMP_TEMP_SEX_GAI_NB","SEX_M","GAI_GRADIENT_1","2024",2282.721,,,"R1:3513"
"PHL","BA:629","EMP_TEMP_SEX_GAI_NB","SEX_M","GAI_GRADIENT_5","2024",3822.162,,,"R1:3513"
"PHL","BA:629","EMP_TEMP_SEX_GAI_NB","SEX_M","GAI_GRADIENT_X","2024",18843.787,,,"R1:3513"
"PHL","BA:629","EMP_TEMP_SEX_GAI_NB","SEX_F","GAI_GRADIENT_TOTAL","2024",19419.918,,,"R1:3513"
"PHL","BA:629","EMP_TEMP_SEX_GAI_NB","SEX_F","GAI_GRADIENT_4","2024",1050.771,,,"R1:3513"
"PHL","BA:629","EMP_TEMP_SEX_GAI_NB","SEX_F","GAI_GRADIENT_3","2024",1327.263,,,"R1:3513"
"PHL","BA:629","EMP_TEMP_SEX_GAI_NB","SEX_F","GAI_GRADIENT_2","2024",3347.548,,,"R1:3513"
"PHL","BA:629","EMP_TEMP_SEX_GAI_NB","SEX_F","GAI_GRADIENT_1","2024",2034.619,,,"R1:3513"
"PHL","BA:629","EMP_TEMP_SEX_GAI_NB","SEX_F","GAI_GRADIENT_5","2024",1871.297,,,"R1:3513"
"PHL","BA:629","EMP_TEMP_SEX_GAI_NB","SEX_F","GAI_GRADIENT_X","2024",9788.42,,,"R1:3513"
"PHL","BA:629","EMP_TEMP_SEX_GAI_NB","SEX_T","GAI_GRADIENT_TOTAL","2023",46938.519,,,"R1:3513"
"PHL","BA:629","EMP_TEMP_SEX_GAI_NB","SEX_T","GAI_GRADIENT_4","2023",1883.619,,,"R1:3513"
"PHL","BA:629","EMP_TEMP_SEX_GAI_NB","SEX_T","GAI_GRADIENT_3","2023",2087.333,,,"R1:3513"
"PHL","BA:629","EMP_TEMP_SEX_GAI_NB","SEX_T","GAI_GRADIENT_2","2023",5125.501,,,"R1:3513"
"PHL","BA:629","EMP_TEMP_SEX_GAI_NB","SEX_T","GAI_GRADIENT_1","2023",4086.293,,,"R1:3513"
"PHL","BA:629","EMP_TEMP_SEX_GAI_NB","SEX_T","GAI_GRADIENT_5","2023",5649.308,,,"R1:3513"
"PHL","BA:629","EMP_TEMP_SEX_GAI_NB","SEX_T","GAI_GRADIENT_X","2023",28106.465,,,"R1:3513"
"PHL","BA:629","EMP_TEMP_SEX_GAI_NB","SEX_M","GAI_GRADIENT_TOTAL","2023",27643.775,,,"R1:3513"
"PHL","BA:629","EMP_TEMP_SEX_GAI_NB","SEX_M","GAI_GRADIENT_4","2023",648.422,,,"R1:3513"
"PHL","BA:629","EMP_TEMP_SEX_GAI_NB","SEX_M","GAI_GRADIENT_3","2023",798.771,,,"R1:3513"
"PHL","BA:629","EMP_TEMP_SEX_GAI_NB","SEX_M","GAI_GRADIENT_2","2023",1745.772,,,"R1:3513"
"PHL","BA:629","EMP_TEMP_SEX_GAI_NB","SEX_M","GAI_GRADIENT_1","2023",2225.714,,,"R1:3513"
"PHL","BA:629","EMP_TEMP_SEX_GAI_NB","SEX_M","GAI_GRADIENT_5","2023",3745.21,,,"R1:3513"
"PHL","BA:629","EMP_TEMP_SEX_GAI_NB","SEX_M","GAI_GRADIENT_X","2023",18479.886,,,"R1:3513"
"PHL","BA:629","EMP_TEMP_SEX_GAI_NB","SEX_F","GAI_GRADIENT_TOTAL","2023",19294.744,,,"R1:3513"
"PHL","BA:629","EMP_TEMP_SEX_GAI_NB","SEX_F","GAI_GRADIENT_4","2023",1235.197,,,"R1:3513"
"PHL","BA:629","EMP_TEMP_SEX_GAI_NB","SEX_F","GAI_GRADIENT_3","2023",1288.561,,,"R1:3513"
"PHL","BA:629","EMP_TEMP_SEX_GAI_NB","SEX_F","GAI_GRADIENT_2","2023",3379.729,,,"R1:3513"
"PHL","BA:629","EMP_TEMP_SEX_GAI_NB","SEX_F","GAI_GRADIENT_1","2023",1860.579,,,"R1:3513"
"PHL","BA:629","EMP_TEMP_SEX_GAI_NB","SEX_F","GAI_GRADIENT_5","2023",1904.098,,,"R1:3513"
"PHL","BA:629","EMP_TEMP_SEX_GAI_NB","SEX_F","GAI_GRADIENT_X","2023",9626.579,,,"R1:3513"
"PHL","BA:629","EMP_TEMP_SEX_GAI_NB","SEX_T","GAI_GRADIENT_TOTAL","2022",45837.52,,,"R1:3513"
"PHL","BA:629","EMP_TEMP_SEX_GAI_NB","SEX_T","GAI_GRADIENT_4","2022",1924.916,,,"R1:3513"
"PHL","BA:629","EMP_TEMP_SEX_GAI_NB","SEX_T","GAI_GRADIENT_3","2022",1907.331,,,"R1:3513"
"PHL","BA:629","EMP_TEMP_SEX_GAI_NB","SEX_T","GAI_GRADIENT_2","2022",5260.371,,,"R1:3513"
"PHL","BA:629","EMP_TEMP_SEX_GAI_NB","SEX_T","GAI_GRADIENT_1","2022",3795.577,,,"R1:3513"
"PHL","BA:629","EMP_TEMP_SEX_GAI_NB","SEX_T","GAI_GRADIENT_5","2022",5266.789,,,"R1:3513"
"PHL","BA:629","EMP_TEMP_SEX_GAI_NB","SEX_T","GAI_GRADIENT_X","2022",27682.536,,,"R1:3513"
"PHL","BA:629","EMP_TEMP_SEX_GAI_NB","SEX_M","GAI_GRADIENT_TOTAL","2022",27226.57,,,"R1:3513"
"PHL","BA:629","EMP_TEMP_SEX_GAI_NB","SEX_M","GAI_GRADIENT_4","2022",621.089,,,"R1:3513"
"PHL","BA:629","EMP_TEMP_SEX_GAI_NB","SEX_M","GAI_GRADIENT_3","2022",730.532,,,"R1:3513"
"PHL","BA:629","EMP_TEMP_SEX_GAI_NB","SEX_M","GAI_GRADIENT_2","2022",1729.639,,,"R1:3513"
"PHL","BA:629","EMP_TEMP_SEX_GAI_NB","SEX_M","GAI_GRADIENT_1","2022",2116.394,,,"R1:3513"
"PHL","BA:629","EMP_TEMP_SEX_GAI_NB","SEX_M","GAI_GRADIENT_5","2022",3459.19,,,"R1:3513"
"PHL","BA:629","EMP_TEMP_SEX_GAI_NB","SEX_M","GAI_GRADIENT_X","2022",18569.727,,,"R1:3513"
"PHL","BA:629","EMP_TEMP_SEX_GAI_NB","SEX_F","GAI_GRADIENT_TOTAL","2022",18610.949,,,"R1:3513"
"PHL","BA:629","EMP_TEMP_SEX_GAI_NB","SEX_F","GAI_GRADIENT_4","2022",1303.827,,,"R1:3513"
"PHL","BA:629","EMP_TEMP_SEX_GAI_NB","SEX_F","GAI_GRADIENT_3","2022",1176.799,,,"R1:3513"
"PHL","BA:629","EMP_TEMP_SEX_GAI_NB","SEX_F","GAI_GRADIENT_2","2022",3530.732,,,"R1:3513"
"PHL","BA:629","EMP_TEMP_SEX_GAI_NB","SEX_F","GAI_GRADIENT_1","2022",1679.183,,,"R1:3513"
"PHL","BA:629","EMP_TEMP_SEX_GAI_NB","SEX_F","GAI_GRADIENT_5","2022",1807.598,,,"R1:3513"
"PHL","BA:629","EMP_TEMP_SEX_GAI_NB","SEX_F","GAI_GRADIENT_X","2022",9112.81,,,"R1:3513"
"PHL","BA:629","EMP_TEMP_SEX_GAI_NB","SEX_T","GAI_GRADIENT_TOTAL","2021",41060.149,"B","I11:264","R1:3513"
"PHL","BA:629","EMP_TEMP_SEX_GAI_NB","SEX_T","GAI_GRADIENT_4","2021",1543.079,"B","I11:264","R1:3513"
"PHL","BA:629","EMP_TEMP_SEX_GAI_NB","SEX_T","GAI_GRADIENT_3","2021",1485.617,"B","I11:264","R1:3513"
"PHL","BA:629","EMP_TEMP_SEX_GAI_NB","SEX_T","GAI_GRADIENT_2","2021",4827.272,"B","I11:264","R1:3513"
"PHL","BA:629","EMP_TEMP_SEX_GAI_NB","SEX_T","GAI_GRADIENT_1","2021",3159.326,"B","I11:264","R1:3513"
"PHL","BA:629","EMP_TEMP_SEX_GAI_NB","SEX_T","GAI_GRADIENT_5","2021",4875.055,"B","I11:264","R1:3513"
"PHL","BA:629","EMP_TEMP_SEX_GAI_NB","SEX_T","GAI_GRADIENT_X","2021",25169.799,"B","I11:264","R1:3513"
"PHL","BA:629","EMP_TEMP_SEX_GAI_NB","SEX_M","GAI_GRADIENT_TOTAL","2021",25191.044,"B","I11:264","R1:3513"
"PHL","BA:629","EMP_TEMP_SEX_GAI_NB","SEX_M","GAI_GRADIENT_4","2021",522.986,"B","I11:264","R1:3513"
"PHL","BA:629","EMP_TEMP_SEX_GAI_NB","SEX_M","GAI_GRADIENT_3","2021",583.819,"B","I11:264","R1:3513"
"PHL","BA:629","EMP_TEMP_SEX_GAI_NB","SEX_M","GAI_GRADIENT_2","2021",1685.29,"B","I11:264","R1:3513"
"PHL","BA:629","EMP_TEMP_SEX_GAI_NB","SEX_M","GAI_GRADIENT_1","2021",1788.05,"B","I11:264","R1:3513"
"PHL","BA:629","EMP_TEMP_SEX_GAI_NB","SEX_M","GAI_GRADIENT_5","2021",3225.469,"B","I11:264","R1:3513"
"PHL","BA:629","EMP_TEMP_SEX_GAI_NB","SEX_M","GAI_GRADIENT_X","2021",17385.43,"B","I11:264","R1:3513"
"PHL","BA:629","EMP_TEMP_SEX_GAI_NB","SEX_F","GAI_GRADIENT_TOTAL","2021",15869.104,"B","I11:264","R1:3513"
"PHL","BA:629","EMP_TEMP_SEX_GAI_NB","SEX_F","GAI_GRADIENT_4","2021",1020.094,"B","I11:264","R1:3513"
"PHL","BA:629","EMP_TEMP_SEX_GAI_NB","SEX_F","GAI_GRADIENT_3","2021",901.798,"B","I11:264","R1:3513"
"PHL","BA:629","EMP_TEMP_SEX_GAI_NB","SEX_F","GAI_GRADIENT_2","2021",3141.982,"B","I11:264","R1:3513"
"PHL","BA:629","EMP_TEMP_SEX_GAI_NB","SEX_F","GAI_GRADIENT_1","2021",1371.276,"B","I11:264","R1:3513"
"PHL","BA:629","EMP_TEMP_SEX_GAI_NB","SEX_F","GAI_GRADIENT_5","2021",1649.586,"B","I11:264","R1:3513"
"PHL","BA:629","EMP_TEMP_SEX_GAI_NB","SEX_F","GAI_GRADIENT_X","2021",7784.369,"B","I11:264","R1:3513"
"PHL","BA:629","EMP_TEMP_SEX_GAI_NB","SEX_T","GAI_GRADIENT_TOTAL","2020",39377.842,,,"R1:3513"
"PHL","BA:629","EMP_TEMP_SEX_GAI_NB","SEX_T","GAI_GRADIENT_4","2020",1250.141,,,"R1:3513"
"PHL","BA:629","EMP_TEMP_SEX_GAI_NB","SEX_T","GAI_GRADIENT_3","2020",1385.452,,,"R1:3513"
"PHL","BA:629","EMP_TEMP_SEX_GAI_NB","SEX_T","GAI_GRADIENT_2","2020",4811.985,,,"R1:3513"
"PHL","BA:629","EMP_TEMP_SEX_GAI_NB","SEX_T","GAI_GRADIENT_1","2020",3016.17,,,"R1:3513"
"PHL","BA:629","EMP_TEMP_SEX_GAI_NB","SEX_T","GAI_GRADIENT_5","2020",4888.208,,,"R1:3513"
"PHL","BA:629","EMP_TEMP_SEX_GAI_NB","SEX_T","GAI_GRADIENT_X","2020",24025.886,,,"R1:3513"
"PHL","BA:629","EMP_TEMP_SEX_GAI_NB","SEX_M","GAI_GRADIENT_TOTAL","2020",24179.071,,,"R1:3513"
"PHL","BA:629","EMP_TEMP_SEX_GAI_NB","SEX_M","GAI_GRADIENT_4","2020",439.73,,,"R1:3513"
"PHL","BA:629","EMP_TEMP_SEX_GAI_NB","SEX_M","GAI_GRADIENT_3","2020",516.522,,,"R1:3513"
"PHL","BA:629","EMP_TEMP_SEX_GAI_NB","SEX_M","GAI_GRADIENT_2","2020",1625.623,,,"R1:3513"
"PHL","BA:629","EMP_TEMP_SEX_GAI_NB","SEX_M","GAI_GRADIENT_1","2020",1692.959,,,"R1:3513"
"PHL","BA:629","EMP_TEMP_SEX_GAI_NB","SEX_M","GAI_GRADIENT_5","2020",3294.382,,,"R1:3513"
"PHL","BA:629","EMP_TEMP_SEX_GAI_NB","SEX_M","GAI_GRADIENT_X","2020",16609.854,,,"R1:3513"
"PHL","BA:629","EMP_TEMP_SEX_GAI_NB","SEX_F","GAI_GRADIENT_TOTAL","2020",15198.771,,,"R1:3513"
"PHL","BA:629","EMP_TEMP_SEX_GAI_NB","SEX_F","GAI_GRADIENT_4","2020",810.411,,,"R1:3513"
"PHL","BA:629","EMP_TEMP_SEX_GAI_NB","SEX_F","GAI_GRADIENT_3","2020",868.93,,,"R1:3513"
"PHL","BA:629","EMP_TEMP_SEX_GAI_NB","SEX_F","GAI_GRADIENT_2","2020",3186.362,,,"R1:3513"
"PHL","BA:629","EMP_TEMP_SEX_GAI_NB","SEX_F","GAI_GRADIENT_1","2020",1323.21,,,"R1:3513"
"PHL","BA:629","EMP_TEMP_SEX_GAI_NB","SEX_F","GAI_GRADIENT_5","2020",1593.825,,,"R1:3513"
"PHL","BA:629","EMP_TEMP_SEX_GAI_NB","SEX_F","GAI_GRADIENT_X","2020",7416.032,,,"R1:3513"
"PHL","BA:629","EMP_TEMP_SEX_GAI_NB","SEX_T","GAI_GRADIENT_TOTAL","2019",42428.367,,,"R1:3513"
"PHL","BA:629","EMP_TEMP_SEX_GAI_NB","SEX_T","GAI_GRADIENT_4","2019",1279.206,,,"R1:3513"
"PHL","BA:629","EMP_TEMP_SEX_GAI_NB","SEX_T","GAI_GRADIENT_3","2019",1378.427,,,"R1:3513"
"PHL","BA:629","EMP_TEMP_SEX_GAI_NB","SEX_T","GAI_GRADIENT_2","2019",5449.049,,,"R1:3513"
"PHL","BA:629","EMP_TEMP_SEX_GAI_NB","SEX_T","GAI_GRADIENT_1","2019",3177.87,,,"R1:3513"
"PHL","BA:629","EMP_TEMP_SEX_GAI_NB","SEX_T","GAI_GRADIENT_5","2019",5793.489,,,"R1:3513"
"PHL","BA:629","EMP_TEMP_SEX_GAI_NB","SEX_T","GAI_GRADIENT_X","2019",25350.326,,,"R1:3513"
"PHL","BA:629","EMP_TEMP_SEX_GAI_NB","SEX_M","GAI_GRADIENT_TOTAL","2019",25983.529,,,"R1:3513"
"PHL","BA:629","EMP_TEMP_SEX_GAI_NB","SEX_M","GAI_GRADIENT_4","2019",457.192,,,"R1:3513"
"PHL","BA:629","EMP_TEMP_SEX_GAI_NB","SEX_M","GAI_GRADIENT_3","2019",512.504,,,"R1:3513"
"PHL","BA:629","EMP_TEMP_SEX_GAI_NB","SEX_M","GAI_GRADIENT_2","2019",1862.481,,,"R1:3513"
"PHL","BA:629","EMP_TEMP_SEX_GAI_NB","SEX_M","GAI_GRADIENT_1","2019",1777.239,,,"R1:3513"
"PHL","BA:629","EMP_TEMP_SEX_GAI_NB","SEX_M","GAI_GRADIENT_5","2019",3983.124,,,"R1:3513"
"PHL","BA:629","EMP_TEMP_SEX_GAI_NB","SEX_M","GAI_GRADIENT_X","2019",17390.989,,,"R1:3513"
"PHL","BA:629","EMP_TEMP_SEX_GAI_NB","SEX_F","GAI_GRADIENT_TOTAL","2019",16444.838,,,"R1:3513"
"PHL","BA:629","EMP_TEMP_SEX_GAI_NB","SEX_F","GAI_GRADIENT_4","2019",822.014,,,"R1:3513"
"PHL","BA:629","EMP_TEMP_SEX_GAI_NB","SEX_F","GAI_GRADIENT_3","2019",865.923,,,"R1:3513"
"PHL","BA:629","EMP_TEMP_SEX_GAI_NB","SEX_F","GAI_GRADIENT_2","2019",3586.568,,,"R1:3513"
"PHL","BA:629","EMP_TEMP_SEX_GAI_NB","SEX_F","GAI_GRADIENT_1","2019",1400.632,,,"R1:3513"
"PHL","BA:629","EMP_TEMP_SEX_GAI_NB","SEX_F","GAI_GRADIENT_5","2019",1810.364,,,"R1:3513"
"PHL","BA:629","EMP_TEMP_SEX_GAI_NB","SEX_F","GAI_GRADIENT_X","2019",7959.337,,,"R1:3513"
"PHL","BA:629","EMP_TEMP_SEX_GAI_NB","SEX_T","GAI_GRADIENT_TOTAL","2018",41156.535,,,"R1:3513"
"PHL","BA:629","EMP_TEMP_SEX_GAI_NB","SEX_T","GAI_GRADIENT_4","2018",1133.607,,,"R1:3513"
"PHL","BA:629","EMP_TEMP_SEX_GAI_NB","SEX_T","GAI_GRADIENT_3","2018",1298.838,,,"R1:3513"
"PHL","BA:629","EMP_TEMP_SEX_GAI_NB","SEX_T","GAI_GRADIENT_2","2018",5576.978,,,"R1:3513"
"PHL","BA:629","EMP_TEMP_SEX_GAI_NB","SEX_T","GAI_GRADIENT_1","2018",2708.837,,,"R1:3513"
"PHL","BA:629","EMP_TEMP_SEX_GAI_NB","SEX_T","GAI_GRADIENT_5","2018",5565.598,,,"R1:3513"
"PHL","BA:629","EMP_TEMP_SEX_GAI_NB","SEX_T","GAI_GRADIENT_X","2018",24872.675,,,"R1:3513"
"PHL","BA:629","EMP_TEMP_SEX_GAI_NB","SEX_M","GAI_GRADIENT_TOTAL","2018",25424.308,,,"R1:3513"
"PHL","BA:629","EMP_TEMP_SEX_GAI_NB","SEX_M","GAI_GRADIENT_4","2018",419.871,,,"R1:3513"
"PHL","BA:629","EMP_TEMP_SEX_GAI_NB","SEX_M","GAI_GRADIENT_3","2018",494.152,,,"R1:3513"
"PHL","BA:629","EMP_TEMP_SEX_GAI_NB","SEX_M","GAI_GRADIENT_2","2018",1883.989,,,"R1:3513"
"PHL","BA:629","EMP_TEMP_SEX_GAI_NB","SEX_M","GAI_GRADIENT_1","2018",1585.995,,,"R1:3513"
"PHL","BA:629","EMP_TEMP_SEX_GAI_NB","SEX_M","GAI_GRADIENT_5","2018",3857.041,,,"R1:3513"
"PHL","BA:629","EMP_TEMP_SEX_GAI_NB","SEX_M","GAI_GRADIENT_X","2018",17183.261,,,"R1:3513"
"PHL","BA:629","EMP_TEMP_SEX_GAI_NB","SEX_F","GAI_GRADIENT_TOTAL","2018",15732.226,,,"R1:3513"
"PHL","BA:629","EMP_TEMP_SEX_GAI_NB","SEX_F","GAI_GRADIENT_4","2018",713.736,,,"R1:3513"
"PHL","BA:629","EMP_TEMP_SEX_GAI_NB","SEX_F","GAI_GRADIENT_3","2018",804.686,,,"R1:3513"
"PHL","BA:629","EMP_TEMP_SEX_GAI_NB","SEX_F","GAI_GRADIENT_2","2018",3692.989,,,"R1:3513"
"PHL","BA:629","EMP_TEMP_SEX_GAI_NB","SEX_F","GAI_GRADIENT_1","2018",1122.842,,,"R1:3513"
"PHL","BA:629","EMP_TEMP_SEX_GAI_NB","SEX_F","GAI_GRADIENT_5","2018",1708.558,,,"R1:3513"
"PHL","BA:629","EMP_TEMP_SEX_GAI_NB","SEX_F","GAI_GRADIENT_X","2018",7689.415,,,"R1:3513"
"PHL","BA:629","EMP_TEMP_SEX_GAI_NB","SEX_T","GAI_GRADIENT_TOTAL","2017",40333.992,,,"R1:3513"
"PHL","BA:629","EMP_TEMP_SEX_GAI_NB","SEX_T","GAI_GRADIENT_4","2017",1015.279,,,"R1:3513"
"PHL","BA:629","EMP_TEMP_SEX_GAI_NB","SEX_T","GAI_GRADIENT_3","2017",1267.079,,,"R1:3513"
"PHL","BA:629","EMP_TEMP_SEX_GAI_NB","SEX_T","GAI_GRADIENT_2","2017",5487.396,,,"R1:3513"
"PHL","BA:629","EMP_TEMP_SEX_GAI_NB","SEX_T","GAI_GRADIENT_1","2017",2710.6,,,"R1:3513"
"PHL","BA:629","EMP_TEMP_SEX_GAI_NB","SEX_T","GAI_GRADIENT_5","2017",5350.952,,,"R1:3513"
"PHL","BA:629","EMP_TEMP_SEX_GAI_NB","SEX_T","GAI_GRADIENT_X","2017",24502.685,,,"R1:3513"
"PHL","BA:629","EMP_TEMP_SEX_GAI_NB","SEX_M","GAI_GRADIENT_TOTAL","2017",25066.895,,,"R1:3513"
"PHL","BA:629","EMP_TEMP_SEX_GAI_NB","SEX_M","GAI_GRADIENT_4","2017",363.385,,,"R1:3513"
"PHL","BA:629","EMP_TEMP_SEX_GAI_NB","SEX_M","GAI_GRADIENT_3","2017",458.427,,,"R1:3513"
"PHL","BA:629","EMP_TEMP_SEX_GAI_NB","SEX_M","GAI_GRADIENT_2","2017",1959.585,,,"R1:3513"
"PHL","BA:629","EMP_TEMP_SEX_GAI_NB","SEX_M","GAI_GRADIENT_1","2017",1559.556,,,"R1:3513"
"PHL","BA:629","EMP_TEMP_SEX_GAI_NB","SEX_M","GAI_GRADIENT_5","2017",3765.134,,,"R1:3513"
"PHL","BA:629","EMP_TEMP_SEX_GAI_NB","SEX_M","GAI_GRADIENT_X","2017",16960.808,,,"R1:3513"
"PHL","BA:629","EMP_TEMP_SEX_GAI_NB","SEX_F","GAI_GRADIENT_TOTAL","2017",15267.097,,,"R1:3513"
"PHL","BA:629","EMP_TEMP_SEX_GAI_NB","SEX_F","GAI_GRADIENT_4","2017",651.894,,,"R1:3513"
"PHL","BA:629","EMP_TEMP_SEX_GAI_NB","SEX_F","GAI_GRADIENT_3","2017",808.652,,,"R1:3513"
"PHL","BA:629","EMP_TEMP_SEX_GAI_NB","SEX_F","GAI_GRADIENT_2","2017",3527.811,,,"R1:3513"
"PHL","BA:629","EMP_TEMP_SEX_GAI_NB","SEX_F","GAI_GRADIENT_1","2017",1151.045,,,"R1:3513"
"PHL","BA:629","EMP_TEMP_SEX_GAI_NB","SEX_F","GAI_GRADIENT_5","2017",1585.818,,,"R1:3513"
"PHL","BA:629","EMP_TEMP_SEX_GAI_NB","SEX_F","GAI_GRADIENT_X","2017",7541.877,,,"R1:3513"
"PLW","AA:1541","EMP_TEMP_SEX_GAI_NB","SEX_T","GAI_GRADIENT_TOTAL","2020",9.466,,,"R1:3513"
"PLW","AA:1541","EMP_TEMP_SEX_GAI_NB","SEX_T","GAI_GRADIENT_4","2020",0.629,,,"R1:3513"
"PLW","AA:1541","EMP_TEMP_SEX_GAI_NB","SEX_T","GAI_GRADIENT_3","2020",0.706,,,"R1:3513"
"PLW","AA:1541","EMP_TEMP_SEX_GAI_NB","SEX_T","GAI_GRADIENT_2","2020",0.714,,,"R1:3513"
"PLW","AA:1541","EMP_TEMP_SEX_GAI_NB","SEX_T","GAI_GRADIENT_1","2020",0.562,,,"R1:3513"
"PLW","AA:1541","EMP_TEMP_SEX_GAI_NB","SEX_T","GAI_GRADIENT_5","2020",1.664,,,"R1:3513"
"PLW","AA:1541","EMP_TEMP_SEX_GAI_NB","SEX_T","GAI_GRADIENT_X","2020",5.191,,,"R1:3513"
"PLW","AA:1541","EMP_TEMP_SEX_GAI_NB","SEX_M","GAI_GRADIENT_TOTAL","2020",5.659,,,"R1:3513"
"PLW","AA:1541","EMP_TEMP_SEX_GAI_NB","SEX_M","GAI_GRADIENT_4","2020",0.142,,,"R1:3513"
"PLW","AA:1541","EMP_TEMP_SEX_GAI_NB","SEX_M","GAI_GRADIENT_3","2020",0.154,,,"R1:3513"
"PLW","AA:1541","EMP_TEMP_SEX_GAI_NB","SEX_M","GAI_GRADIENT_2","2020",0.407,,,"R1:3513"
"PLW","AA:1541","EMP_TEMP_SEX_GAI_NB","SEX_M","GAI_GRADIENT_1","2020",0.218,,,"R1:3513"
"PLW","AA:1541","EMP_TEMP_SEX_GAI_NB","SEX_M","GAI_GRADIENT_5","2020",1.046,,,"R1:3513"
"PLW","AA:1541","EMP_TEMP_SEX_GAI_NB","SEX_M","GAI_GRADIENT_X","2020",3.692,,,"R1:3513"
"PLW","AA:1541","EMP_TEMP_SEX_GAI_NB","SEX_F","GAI_GRADIENT_TOTAL","2020",3.807,,,"R1:3513"
"PLW","AA:1541","EMP_TEMP_SEX_GAI_NB","SEX_F","GAI_GRADIENT_4","2020",0.487,,,"R1:3513"
"PLW","AA:1541","EMP_TEMP_SEX_GAI_NB","SEX_F","GAI_GRADIENT_3","2020",0.552,,,"R1:3513"
"PLW","AA:1541","EMP_TEMP_SEX_GAI_NB","SEX_F","GAI_GRADIENT_2","2020",0.307,,,"R1:3513"
"PLW","AA:1541","EMP_TEMP_SEX_GAI_NB","SEX_F","GAI_GRADIENT_1","2020",0.344,,,"R1:3513"
"PLW","AA:1541","EMP_TEMP_SEX_GAI_NB","SEX_F","GAI_GRADIENT_5","2020",0.618,,,"R1:3513"
"PLW","AA:1541","EMP_TEMP_SEX_GAI_NB","SEX_F","GAI_GRADIENT_X","2020",1.499,,,"R1:3513"
"RWA","BA:1590","EMP_TEMP_SEX_GAI_NB","SEX_T","GAI_GRADIENT_TOTAL","2021",3940.085,,,"R1:3513"
"RWA","BA:1590","EMP_TEMP_SEX_GAI_NB","SEX_T","GAI_GRADIENT_4","2021",15.875,,,"R1:3513"
"RWA","BA:1590","EMP_TEMP_SEX_GAI_NB","SEX_T","GAI_GRADIENT_3","2021",42.361,,,"R1:3513"
"RWA","BA:1590","EMP_TEMP_SEX_GAI_NB","SEX_T","GAI_GRADIENT_2","2021",128.081,,,"R1:3513"
"RWA","BA:1590","EMP_TEMP_SEX_GAI_NB","SEX_T","GAI_GRADIENT_1","2021",191.128,,,"R1:3513"
"RWA","BA:1590","EMP_TEMP_SEX_GAI_NB","SEX_T","GAI_GRADIENT_5","2021",172.888,,,"R1:3513"
"RWA","BA:1590","EMP_TEMP_SEX_GAI_NB","SEX_T","GAI_GRADIENT_X","2021",3389.752,,,"R1:3513"
"RWA","BA:1590","EMP_TEMP_SEX_GAI_NB","SEX_M","GAI_GRADIENT_TOTAL","2021",2089.589,,,"R1:3513"
"RWA","BA:1590","EMP_TEMP_SEX_GAI_NB","SEX_M","GAI_GRADIENT_4","2021",8.479,,,"R1:3513"
"RWA","BA:1590","EMP_TEMP_SEX_GAI_NB","SEX_M","GAI_GRADIENT_3","2021",20.976,,,"R1:3513"
"RWA","BA:1590","EMP_TEMP_SEX_GAI_NB","SEX_M","GAI_GRADIENT_2","2021",67.827,,,"R1:3513"
"RWA","BA:1590","EMP_TEMP_SEX_GAI_NB","SEX_M","GAI_GRADIENT_1","2021",81.118,,,"R1:3513"
"RWA","BA:1590","EMP_TEMP_SEX_GAI_NB","SEX_M","GAI_GRADIENT_5","2021",112.342,,,"R1:3513"
"RWA","BA:1590","EMP_TEMP_SEX_GAI_NB","SEX_M","GAI_GRADIENT_X","2021",1798.848,,,"R1:3513"
"RWA","BA:1590","EMP_TEMP_SEX_GAI_NB","SEX_F","GAI_GRADIENT_TOTAL","2021",1850.496,,,"R1:3513"
"RWA","BA:1590","EMP_TEMP_SEX_GAI_NB","SEX_F","GAI_GRADIENT_4","2021",7.396,,,"R1:3513"
"RWA","BA:1590","EMP_TEMP_SEX_GAI_NB","SEX_F","GAI_GRADIENT_3","2021",21.385,,,"R1:3513"
"RWA","BA:1590","EMP_TEMP_SEX_GAI_NB","SEX_F","GAI_GRADIENT_2","2021",60.254,,,"R1:3513"
"RWA","BA:1590","EMP_TEMP_SEX_GAI_NB","SEX_F","GAI_GRADIENT_1","2021",110.01,,,"R1:3513"
"RWA","BA:1590","EMP_TEMP_SEX_GAI_NB","SEX_F","GAI_GRADIENT_5","2021",60.546,,,"R1:3513"
"RWA","BA:1590","EMP_TEMP_SEX_GAI_NB","SEX_F","GAI_GRADIENT_X","2021",1590.905,,,"R1:3513"
"RWA","BA:1590","EMP_TEMP_SEX_GAI_NB","SEX_T","GAI_GRADIENT_TOTAL","2020",4313.226,,,"R1:3513"
"RWA","BA:1590","EMP_TEMP_SEX_GAI_NB","SEX_T","GAI_GRADIENT_4","2020",13.128,,,"R1:3513"
"RWA","BA:1590","EMP_TEMP_SEX_GAI_NB","SEX_T","GAI_GRADIENT_3","2020",54.966,,,"R1:3513"
"RWA","BA:1590","EMP_TEMP_SEX_GAI_NB","SEX_T","GAI_GRADIENT_2","2020",164,,,"R1:3513"
"RWA","BA:1590","EMP_TEMP_SEX_GAI_NB","SEX_T","GAI_GRADIENT_1","2020",249.459,,,"R1:3513"
"RWA","BA:1590","EMP_TEMP_SEX_GAI_NB","SEX_T","GAI_GRADIENT_5","2020",218.036,,,"R1:3513"
"RWA","BA:1590","EMP_TEMP_SEX_GAI_NB","SEX_T","GAI_GRADIENT_X","2020",3613.638,,,"R1:3513"
"RWA","BA:1590","EMP_TEMP_SEX_GAI_NB","SEX_M","GAI_GRADIENT_TOTAL","2020",2272.934,,,"R1:3513"
"RWA","BA:1590","EMP_TEMP_SEX_GAI_NB","SEX_M","GAI_GRADIENT_4","2020",8.084,,,"R1:3513"
"RWA","BA:1590","EMP_TEMP_SEX_GAI_NB","SEX_M","GAI_GRADIENT_3","2020",26.705,,,"R1:3513"
"RWA","BA:1590","EMP_TEMP_SEX_GAI_NB","SEX_M","GAI_GRADIENT_2","2020",89.65,,,"R1:3513"
"RWA","BA:1590","EMP_TEMP_SEX_GAI_NB","SEX_M","GAI_GRADIENT_1","2020",105.503,,,"R1:3513"
"RWA","BA:1590","EMP_TEMP_SEX_GAI_NB","SEX_M","GAI_GRADIENT_5","2020",132.196,,,"R1:3513"
"RWA","BA:1590","EMP_TEMP_SEX_GAI_NB","SEX_M","GAI_GRADIENT_X","2020",1910.797,,,"R1:3513"
"RWA","BA:1590","EMP_TEMP_SEX_GAI_NB","SEX_F","GAI_GRADIENT_TOTAL","2020",2040.292,,,"R1:3513"
"RWA","BA:1590","EMP_TEMP_SEX_GAI_NB","SEX_F","GAI_GRADIENT_4","2020",5.045,,,"R1:3513"
"RWA","BA:1590","EMP_TEMP_SEX_GAI_NB","SEX_F","GAI_GRADIENT_3","2020",28.261,,,"R1:3513"
"RWA","BA:1590","EMP_TEMP_SEX_GAI_NB","SEX_F","GAI_GRADIENT_2","2020",74.35,,,"R1:3513"
"RWA","BA:1590","EMP_TEMP_SEX_GAI_NB","SEX_F","GAI_GRADIENT_1","2020",143.956,,,"R1:3513"
"RWA","BA:1590","EMP_TEMP_SEX_GAI_NB","SEX_F","GAI_GRADIENT_5","2020",85.84,,,"R1:3513"
"RWA","BA:1590","EMP_TEMP_SEX_GAI_NB","SEX_F","GAI_GRADIENT_X","2020",1702.84,,,"R1:3513"
"SDN","BA:1603","EMP_TEMP_SEX_GAI_NB","SEX_T","GAI_GRADIENT_TOTAL","2022",9058.062,"B","I11:264","R1:3513"
"SDN","BA:1603","EMP_TEMP_SEX_GAI_NB","SEX_T","GAI_GRADIENT_4","2022",41.47,"B","I11:264","R1:3513"
"SDN","BA:1603","EMP_TEMP_SEX_GAI_NB","SEX_T","GAI_GRADIENT_3","2022",78.038,"B","I11:264","R1:3513"
"SDN","BA:1603","EMP_TEMP_SEX_GAI_NB","SEX_T","GAI_GRADIENT_2","2022",624.673,"B","I11:264","R1:3513"
"SDN","BA:1603","EMP_TEMP_SEX_GAI_NB","SEX_T","GAI_GRADIENT_1","2022",734.919,"B","I11:264","R1:3513"
"SDN","BA:1603","EMP_TEMP_SEX_GAI_NB","SEX_T","GAI_GRADIENT_5","2022",553.716,"B","I11:264","R1:3513"
"SDN","BA:1603","EMP_TEMP_SEX_GAI_NB","SEX_T","GAI_GRADIENT_X","2022",7025.245,"B","I11:264","R1:3513"
"SDN","BA:1603","EMP_TEMP_SEX_GAI_NB","SEX_M","GAI_GRADIENT_TOTAL","2022",7439.969,"B","I11:264","R1:3513"
"SDN","BA:1603","EMP_TEMP_SEX_GAI_NB","SEX_M","GAI_GRADIENT_4","2022",38.955,"B","I11:264","R1:3513"
"SDN","BA:1603","EMP_TEMP_SEX_GAI_NB","SEX_M","GAI_GRADIENT_3","2022",55.316,"B","I11:264","R1:3513"
"SDN","BA:1603","EMP_TEMP_SEX_GAI_NB","SEX_M","GAI_GRADIENT_2","2022",556.38,"B","I11:264","R1:3513"
"SDN","BA:1603","EMP_TEMP_SEX_GAI_NB","SEX_M","GAI_GRADIENT_1","2022",680.712,"B","I11:264","R1:3513"
"SDN","BA:1603","EMP_TEMP_SEX_GAI_NB","SEX_M","GAI_GRADIENT_5","2022",415.888,"B","I11:264","R1:3513"
"SDN","BA:1603","EMP_TEMP_SEX_GAI_NB","SEX_M","GAI_GRADIENT_X","2022",5692.717,"B","I11:264","R1:3513"
"SDN","BA:1603","EMP_TEMP_SEX_GAI_NB","SEX_F","GAI_GRADIENT_TOTAL","2022",1618.093,"B","I11:264","R1:3513"
"SDN","BA:1603","EMP_TEMP_SEX_GAI_NB","SEX_F","GAI_GRADIENT_4","2022",2.515,"U","I11:264","R1:3513"
"SDN","BA:1603","EMP_TEMP_SEX_GAI_NB","SEX_F","GAI_GRADIENT_3","2022",22.722,"B","I11:264","R1:3513"
"SDN","BA:1603","EMP_TEMP_SEX_GAI_NB","SEX_F","GAI_GRADIENT_2","2022",68.293,"B","I11:264","R1:3513"
"SDN","BA:1603","EMP_TEMP_SEX_GAI_NB","SEX_F","GAI_GRADIENT_1","2022",54.207,"B","I11:264","R1:3513"
"SDN","BA:1603","EMP_TEMP_SEX_GAI_NB","SEX_F","GAI_GRADIENT_5","2022",137.828,"B","I11:264","R1:3513"
"SDN","BA:1603","EMP_TEMP_SEX_GAI_NB","SEX_F","GAI_GRADIENT_X","2022",1332.528,"B","I11:264","R1:3513"
"SEN","BA:13368","EMP_TEMP_SEX_GAI_NB","SEX_T","GAI_GRADIENT_TOTAL","2025",5020.861,,,"R1:3513"
"SEN","BA:13368","EMP_TEMP_SEX_GAI_NB","SEX_T","GAI_GRADIENT_4","2025",10.667,,,"R1:3513"
"SEN","BA:13368","EMP_TEMP_SEX_GAI_NB","SEX_T","GAI_GRADIENT_3","2025",39.524,,,"R1:3513"
"SEN","BA:13368","EMP_TEMP_SEX_GAI_NB","SEX_T","GAI_GRADIENT_2","2025",37.824,,,"R1:3513"
"SEN","BA:13368","EMP_TEMP_SEX_GAI_NB","SEX_T","GAI_GRADIENT_1","2025",82.671,,,"R1:3513"
"SEN","BA:13368","EMP_TEMP_SEX_GAI_NB","SEX_T","GAI_GRADIENT_5","2025",106.26,,,"R1:3513"
"SEN","BA:13368","EMP_TEMP_SEX_GAI_NB","SEX_T","GAI_GRADIENT_X","2025",4743.916,,,"R1:3513"
"SEN","BA:13368","EMP_TEMP_SEX_GAI_NB","SEX_M","GAI_GRADIENT_TOTAL","2025",3231.739,,,"R1:3513"
"SEN","BA:13368","EMP_TEMP_SEX_GAI_NB","SEX_M","GAI_GRADIENT_4","2025",7.586,,,"R1:3513"
"SEN","BA:13368","EMP_TEMP_SEX_GAI_NB","SEX_M","GAI_GRADIENT_3","2025",23.521,,,"R1:3513"
"SEN","BA:13368","EMP_TEMP_SEX_GAI_NB","SEX_M","GAI_GRADIENT_2","2025",25.88,,,"R1:3513"
"SEN","BA:13368","EMP_TEMP_SEX_GAI_NB","SEX_M","GAI_GRADIENT_1","2025",74.981,,,"R1:3513"
"SEN","BA:13368","EMP_TEMP_SEX_GAI_NB","SEX_M","GAI_GRADIENT_5","2025",83.871,,,"R1:3513"
"SEN","BA:13368","EMP_TEMP_SEX_GAI_NB","SEX_M","GAI_GRADIENT_X","2025",3015.9,,,"R1:3513"
"SEN","BA:13368","EMP_TEMP_SEX_GAI_NB","SEX_F","GAI_GRADIENT_TOTAL","2025",1789.122,,,"R1:3513"
"SEN","BA:13368","EMP_TEMP_SEX_GAI_NB","SEX_F","GAI_GRADIENT_4","2025",3.081,"U",,"R1:3513"
"SEN","BA:13368","EMP_TEMP_SEX_GAI_NB","SEX_F","GAI_GRADIENT_3","2025",16.003,,,"R1:3513"
"SEN","BA:13368","EMP_TEMP_SEX_GAI_NB","SEX_F","GAI_GRADIENT_2","2025",11.944,,,"R1:3513"
"SEN","BA:13368","EMP_TEMP_SEX_GAI_NB","SEX_F","GAI_GRADIENT_1","2025",7.69,,,"R1:3513"
"SEN","BA:13368","EMP_TEMP_SEX_GAI_NB","SEX_F","GAI_GRADIENT_5","2025",22.388,,,"R1:3513"
"SEN","BA:13368","EMP_TEMP_SEX_GAI_NB","SEX_F","GAI_GRADIENT_X","2025",1728.015,,,"R1:3513"
"SEN","BA:13368","EMP_TEMP_SEX_GAI_NB","SEX_T","GAI_GRADIENT_TOTAL","2024",4667.673,,,"R1:3513"
"SEN","BA:13368","EMP_TEMP_SEX_GAI_NB","SEX_T","GAI_GRADIENT_4","2024",17.605,,,"R1:3513"
"SEN","BA:13368","EMP_TEMP_SEX_GAI_NB","SEX_T","GAI_GRADIENT_3","2024",24.677,,,"R1:3513"
"SEN","BA:13368","EMP_TEMP_SEX_GAI_NB","SEX_T","GAI_GRADIENT_2","2024",23.981,,,"R1:3513"
"SEN","BA:13368","EMP_TEMP_SEX_GAI_NB","SEX_T","GAI_GRADIENT_1","2024",93.381,,,"R1:3513"
"SEN","BA:13368","EMP_TEMP_SEX_GAI_NB","SEX_T","GAI_GRADIENT_5","2024",110.864,,,"R1:3513"
"SEN","BA:13368","EMP_TEMP_SEX_GAI_NB","SEX_T","GAI_GRADIENT_X","2024",4397.166,,,"R1:3513"
"SEN","BA:13368","EMP_TEMP_SEX_GAI_NB","SEX_M","GAI_GRADIENT_TOTAL","2024",3042.088,,,"R1:3513"
"SEN","BA:13368","EMP_TEMP_SEX_GAI_NB","SEX_M","GAI_GRADIENT_4","2024",8.88,,,"R1:3513"
"SEN","BA:13368","EMP_TEMP_SEX_GAI_NB","SEX_M","GAI_GRADIENT_3","2024",12.236,,,"R1:3513"
"SEN","BA:13368","EMP_TEMP_SEX_GAI_NB","SEX_M","GAI_GRADIENT_2","2024",16.425,,,"R1:3513"
"SEN","BA:13368","EMP_TEMP_SEX_GAI_NB","SEX_M","GAI_GRADIENT_1","2024",80.564,,,"R1:3513"
"SEN","BA:13368","EMP_TEMP_SEX_GAI_NB","SEX_M","GAI_GRADIENT_5","2024",78.632,,,"R1:3513"
"SEN","BA:13368","EMP_TEMP_SEX_GAI_NB","SEX_M","GAI_GRADIENT_X","2024",2845.351,,,"R1:3513"
"SEN","BA:13368","EMP_TEMP_SEX_GAI_NB","SEX_F","GAI_GRADIENT_TOTAL","2024",1625.585,,,"R1:3513"
"SEN","BA:13368","EMP_TEMP_SEX_GAI_NB","SEX_F","GAI_GRADIENT_4","2024",8.725,,,"R1:3513"
"SEN","BA:13368","EMP_TEMP_SEX_GAI_NB","SEX_F","GAI_GRADIENT_3","2024",12.44,,,"R1:3513"
"SEN","BA:13368","EMP_TEMP_SEX_GAI_NB","SEX_F","GAI_GRADIENT_2","2024",7.556,,,"R1:3513"
"SEN","BA:13368","EMP_TEMP_SEX_GAI_NB","SEX_F","GAI_GRADIENT_1","2024",12.817,,,"R1:3513"
"SEN","BA:13368","EMP_TEMP_SEX_GAI_NB","SEX_F","GAI_GRADIENT_5","2024",32.232,,,"R1:3513"
"SEN","BA:13368","EMP_TEMP_SEX_GAI_NB","SEX_F","GAI_GRADIENT_X","2024",1551.815,,,"R1:3513"
"SEN","BA:13368","EMP_TEMP_SEX_GAI_NB","SEX_T","GAI_GRADIENT_TOTAL","2023",5033.242,,,"R1:3513"
"SEN","BA:13368","EMP_TEMP_SEX_GAI_NB","SEX_T","GAI_GRADIENT_4","2023",26.202,,,"R1:3513"
"SEN","BA:13368","EMP_TEMP_SEX_GAI_NB","SEX_T","GAI_GRADIENT_3","2023",49.463,,,"R1:3513"
"SEN","BA:13368","EMP_TEMP_SEX_GAI_NB","SEX_T","GAI_GRADIENT_2","2023",28.924,,,"R1:3513"
"SEN","BA:13368","EMP_TEMP_SEX_GAI_NB","SEX_T","GAI_GRADIENT_1","2023",96.275,,,"R1:3513"
"SEN","BA:13368","EMP_TEMP_SEX_GAI_NB","SEX_T","GAI_GRADIENT_5","2023",125.27,,,"R1:3513"
"SEN","BA:13368","EMP_TEMP_SEX_GAI_NB","SEX_T","GAI_GRADIENT_X","2023",4707.108,,,"R1:3513"
"SEN","BA:13368","EMP_TEMP_SEX_GAI_NB","SEX_M","GAI_GRADIENT_TOTAL","2023",3217.854,,,"R1:3513"
"SEN","BA:13368","EMP_TEMP_SEX_GAI_NB","SEX_M","GAI_GRADIENT_4","2023",16.38,,,"R1:3513"
"SEN","BA:13368","EMP_TEMP_SEX_GAI_NB","SEX_M","GAI_GRADIENT_3","2023",28.599,,,"R1:3513"
"SEN","BA:13368","EMP_TEMP_SEX_GAI_NB","SEX_M","GAI_GRADIENT_2","2023",23.951,,,"R1:3513"
"SEN","BA:13368","EMP_TEMP_SEX_GAI_NB","SEX_M","GAI_GRADIENT_1","2023",80.756,,,"R1:3513"
"SEN","BA:13368","EMP_TEMP_SEX_GAI_NB","SEX_M","GAI_GRADIENT_5","2023",99.682,,,"R1:3513"
"SEN","BA:13368","EMP_TEMP_SEX_GAI_NB","SEX_M","GAI_GRADIENT_X","2023",2968.486,,,"R1:3513"
"SEN","BA:13368","EMP_TEMP_SEX_GAI_NB","SEX_F","GAI_GRADIENT_TOTAL","2023",1815.389,,,"R1:3513"
"SEN","BA:13368","EMP_TEMP_SEX_GAI_NB","SEX_F","GAI_GRADIENT_4","2023",9.823,,,"R1:3513"
"SEN","BA:13368","EMP_TEMP_SEX_GAI_NB","SEX_F","GAI_GRADIENT_3","2023",20.864,,,"R1:3513"
"SEN","BA:13368","EMP_TEMP_SEX_GAI_NB","SEX_F","GAI_GRADIENT_2","2023",4.973,,,"R1:3513"
"SEN","BA:13368","EMP_TEMP_SEX_GAI_NB","SEX_F","GAI_GRADIENT_1","2023",15.519,,,"R1:3513"
"SEN","BA:13368","EMP_TEMP_SEX_GAI_NB","SEX_F","GAI_GRADIENT_5","2023",25.588,,,"R1:3513"
"SEN","BA:13368","EMP_TEMP_SEX_GAI_NB","SEX_F","GAI_GRADIENT_X","2023",1738.622,,,"R1:3513"
"SEN","BA:13368","EMP_TEMP_SEX_GAI_NB","SEX_T","GAI_GRADIENT_TOTAL","2022",4544.908,,,"R1:3513"
"SEN","BA:13368","EMP_TEMP_SEX_GAI_NB","SEX_T","GAI_GRADIENT_4","2022",10.891,,,"R1:3513"
"SEN","BA:13368","EMP_TEMP_SEX_GAI_NB","SEX_T","GAI_GRADIENT_3","2022",36.077,,,"R1:3513"
"SEN","BA:13368","EMP_TEMP_SEX_GAI_NB","SEX_T","GAI_GRADIENT_2","2022",34.038,,,"R1:3513"
"SEN","BA:13368","EMP_TEMP_SEX_GAI_NB","SEX_T","GAI_GRADIENT_1","2022",86.296,,,"R1:3513"
"SEN","BA:13368","EMP_TEMP_SEX_GAI_NB","SEX_T","GAI_GRADIENT_5","2022",104.854,,,"R1:3513"
"SEN","BA:13368","EMP_TEMP_SEX_GAI_NB","SEX_T","GAI_GRADIENT_X","2022",4272.752,,,"R1:3513"
"SEN","BA:13368","EMP_TEMP_SEX_GAI_NB","SEX_M","GAI_GRADIENT_TOTAL","2022",2951.928,,,"R1:3513"
"SEN","BA:13368","EMP_TEMP_SEX_GAI_NB","SEX_M","GAI_GRADIENT_4","2022",6.611,,,"R1:3513"
"SEN","BA:13368","EMP_TEMP_SEX_GAI_NB","SEX_M","GAI_GRADIENT_3","2022",18.998,,,"R1:3513"
"SEN","BA:13368","EMP_TEMP_SEX_GAI_NB","SEX_M","GAI_GRADIENT_2","2022",25.914,,,"R1:3513"
"SEN","BA:13368","EMP_TEMP_SEX_GAI_NB","SEX_M","GAI_GRADIENT_1","2022",72.511,,,"R1:3513"
"SEN","BA:13368","EMP_TEMP_SEX_GAI_NB","SEX_M","GAI_GRADIENT_5","2022",78.029,,,"R1:3513"
"SEN","BA:13368","EMP_TEMP_SEX_GAI_NB","SEX_M","GAI_GRADIENT_X","2022",2749.864,,,"R1:3513"
"SEN","BA:13368","EMP_TEMP_SEX_GAI_NB","SEX_F","GAI_GRADIENT_TOTAL","2022",1592.98,,,"R1:3513"
"SEN","BA:13368","EMP_TEMP_SEX_GAI_NB","SEX_F","GAI_GRADIENT_4","2022",4.28,,,"R1:3513"
"SEN","BA:13368","EMP_TEMP_SEX_GAI_NB","SEX_F","GAI_GRADIENT_3","2022",17.079,,,"R1:3513"
"SEN","BA:13368","EMP_TEMP_SEX_GAI_NB","SEX_F","GAI_GRADIENT_2","2022",8.124,,,"R1:3513"
"SEN","BA:13368","EMP_TEMP_SEX_GAI_NB","SEX_F","GAI_GRADIENT_1","2022",13.785,,,"R1:3513"
"SEN","BA:13368","EMP_TEMP_SEX_GAI_NB","SEX_F","GAI_GRADIENT_5","2022",26.825,,,"R1:3513"
"SEN","BA:13368","EMP_TEMP_SEX_GAI_NB","SEX_F","GAI_GRADIENT_X","2022",1522.888,,,"R1:3513"
"SEN","BA:13368","EMP_TEMP_SEX_GAI_NB","SEX_T","GAI_GRADIENT_TOTAL","2019",4620.535,,,"R1:3513"
"SEN","BA:13368","EMP_TEMP_SEX_GAI_NB","SEX_T","GAI_GRADIENT_4","2019",12.228,,,"R1:3513"
"SEN","BA:13368","EMP_TEMP_SEX_GAI_NB","SEX_T","GAI_GRADIENT_3","2019",30.162,,,"R1:3513"
"SEN","BA:13368","EMP_TEMP_SEX_GAI_NB","SEX_T","GAI_GRADIENT_2","2019",39.305,,,"R1:3513"
"SEN","BA:13368","EMP_TEMP_SEX_GAI_NB","SEX_T","GAI_GRADIENT_1","2019",97.927,,,"R1:3513"
"SEN","BA:13368","EMP_TEMP_SEX_GAI_NB","SEX_T","GAI_GRADIENT_5","2019",93.374,,,"R1:3513"
"SEN","BA:13368","EMP_TEMP_SEX_GAI_NB","SEX_T","GAI_GRADIENT_X","2019",4347.54,,,"R1:3513"
"SEN","BA:13368","EMP_TEMP_SEX_GAI_NB","SEX_M","GAI_GRADIENT_TOTAL","2019",2879.5,,,"R1:3513"
"SEN","BA:13368","EMP_TEMP_SEX_GAI_NB","SEX_M","GAI_GRADIENT_4","2019",7.688,,,"R1:3513"
"SEN","BA:13368","EMP_TEMP_SEX_GAI_NB","SEX_M","GAI_GRADIENT_3","2019",15.183,,,"R1:3513"
"SEN","BA:13368","EMP_TEMP_SEX_GAI_NB","SEX_M","GAI_GRADIENT_2","2019",30.748,,,"R1:3513"
"SEN","BA:13368","EMP_TEMP_SEX_GAI_NB","SEX_M","GAI_GRADIENT_1","2019",86.425,,,"R1:3513"
"SEN","BA:13368","EMP_TEMP_SEX_GAI_NB","SEX_M","GAI_GRADIENT_5","2019",74.41,,,"R1:3513"
"SEN","BA:13368","EMP_TEMP_SEX_GAI_NB","SEX_M","GAI_GRADIENT_X","2019",2665.046,,,"R1:3513"
"SEN","BA:13368","EMP_TEMP_SEX_GAI_NB","SEX_F","GAI_GRADIENT_TOTAL","2019",1741.035,,,"R1:3513"
"SEN","BA:13368","EMP_TEMP_SEX_GAI_NB","SEX_F","GAI_GRADIENT_4","2019",4.54,,,"R1:3513"
"SEN","BA:13368","EMP_TEMP_SEX_GAI_NB","SEX_F","GAI_GRADIENT_3","2019",14.979,,,"R1:3513"
"SEN","BA:13368","EMP_TEMP_SEX_GAI_NB","SEX_F","GAI_GRADIENT_2","2019",8.556,,,"R1:3513"
"SEN","BA:13368","EMP_TEMP_SEX_GAI_NB","SEX_F","GAI_GRADIENT_1","2019",11.502,,,"R1:3513"
"SEN","BA:13368","EMP_TEMP_SEX_GAI_NB","SEX_F","GAI_GRADIENT_5","2019",18.964,,,"R1:3513"
"SEN","BA:13368","EMP_TEMP_SEX_GAI_NB","SEX_F","GAI_GRADIENT_X","2019",1682.493,,,"R1:3513"
"SEN","BA:13368","EMP_TEMP_SEX_GAI_NB","SEX_T","GAI_GRADIENT_TOTAL","2016",3722.649,,,"R1:3513"
"SEN","BA:13368","EMP_TEMP_SEX_GAI_NB","SEX_T","GAI_GRADIENT_4","2016",10.779,,,"R1:3513"
"SEN","BA:13368","EMP_TEMP_SEX_GAI_NB","SEX_T","GAI_GRADIENT_3","2016",16.744,,,"R1:3513"
"SEN","BA:13368","EMP_TEMP_SEX_GAI_NB","SEX_T","GAI_GRADIENT_2","2016",12.535,,,"R1:3513"
"SEN","BA:13368","EMP_TEMP_SEX_GAI_NB","SEX_T","GAI_GRADIENT_1","2016",55.216,,,"R1:3513"
"SEN","BA:13368","EMP_TEMP_SEX_GAI_NB","SEX_T","GAI_GRADIENT_5","2016",57.797,,,"R1:3513"
"SEN","BA:13368","EMP_TEMP_SEX_GAI_NB","SEX_T","GAI_GRADIENT_X","2016",3569.578,,,"R1:3513"
"SEN","BA:13368","EMP_TEMP_SEX_GAI_NB","SEX_M","GAI_GRADIENT_TOTAL","2016",2148.944,,,"R1:3513"
"SEN","BA:13368","EMP_TEMP_SEX_GAI_NB","SEX_M","GAI_GRADIENT_4","2016",8.61,,,"R1:3513"
"SEN","BA:13368","EMP_TEMP_SEX_GAI_NB","SEX_M","GAI_GRADIENT_3","2016",10.472,,,"R1:3513"
"SEN","BA:13368","EMP_TEMP_SEX_GAI_NB","SEX_M","GAI_GRADIENT_2","2016",9.408,,,"R1:3513"
"SEN","BA:13368","EMP_TEMP_SEX_GAI_NB","SEX_M","GAI_GRADIENT_1","2016",46.224,,,"R1:3513"
"SEN","BA:13368","EMP_TEMP_SEX_GAI_NB","SEX_M","GAI_GRADIENT_5","2016",41.068,,,"R1:3513"
"SEN","BA:13368","EMP_TEMP_SEX_GAI_NB","SEX_M","GAI_GRADIENT_X","2016",2033.161,,,"R1:3513"
"SEN","BA:13368","EMP_TEMP_SEX_GAI_NB","SEX_F","GAI_GRADIENT_TOTAL","2016",1573.705,,,"R1:3513"
"SEN","BA:13368","EMP_TEMP_SEX_GAI_NB","SEX_F","GAI_GRADIENT_4","2016",2.168,"U",,"R1:3513"
"SEN","BA:13368","EMP_TEMP_SEX_GAI_NB","SEX_F","GAI_GRADIENT_3","2016",6.272,,,"R1:3513"
"SEN","BA:13368","EMP_TEMP_SEX_GAI_NB","SEX_F","GAI_GRADIENT_2","2016",3.127,,,"R1:3513"
"SEN","BA:13368","EMP_TEMP_SEX_GAI_NB","SEX_F","GAI_GRADIENT_1","2016",8.992,,,"R1:3513"
"SEN","BA:13368","EMP_TEMP_SEX_GAI_NB","SEX_F","GAI_GRADIENT_5","2016",16.728,,,"R1:3513"
"SEN","BA:13368","EMP_TEMP_SEX_GAI_NB","SEX_F","GAI_GRADIENT_X","2016",1536.416,,,"R1:3513"
"SLE","BA:1629","EMP_TEMP_SEX_GAI_NB","SEX_T","GAI_GRADIENT_TOTAL","2014",1633.917,,,"R1:3513"
"SLE","BA:1629","EMP_TEMP_SEX_GAI_NB","SEX_T","GAI_GRADIENT_4","2014",4.733,,,"R1:3513"
"SLE","BA:1629","EMP_TEMP_SEX_GAI_NB","SEX_T","GAI_GRADIENT_3","2014",9.788,,,"R1:3513"
"SLE","BA:1629","EMP_TEMP_SEX_GAI_NB","SEX_T","GAI_GRADIENT_2","2014",8.392,,,"R1:3513"
"SLE","BA:1629","EMP_TEMP_SEX_GAI_NB","SEX_T","GAI_GRADIENT_1","2014",404.472,,,"R1:3513"
"SLE","BA:1629","EMP_TEMP_SEX_GAI_NB","SEX_T","GAI_GRADIENT_5","2014",43.553,,,"R1:3513"
"SLE","BA:1629","EMP_TEMP_SEX_GAI_NB","SEX_T","GAI_GRADIENT_X","2014",1162.98,,,"R1:3513"
"SLE","BA:1629","EMP_TEMP_SEX_GAI_NB","SEX_M","GAI_GRADIENT_TOTAL","2014",762.043,,,"R1:3513"
"SLE","BA:1629","EMP_TEMP_SEX_GAI_NB","SEX_M","GAI_GRADIENT_4","2014",2.724,,,"R1:3513"
"SLE","BA:1629","EMP_TEMP_SEX_GAI_NB","SEX_M","GAI_GRADIENT_3","2014",5.402,,,"R1:3513"
"SLE","BA:1629","EMP_TEMP_SEX_GAI_NB","SEX_M","GAI_GRADIENT_2","2014",5.858,,,"R1:3513"
"SLE","BA:1629","EMP_TEMP_SEX_GAI_NB","SEX_M","GAI_GRADIENT_1","2014",104.376,,,"R1:3513"
"SLE","BA:1629","EMP_TEMP_SEX_GAI_NB","SEX_M","GAI_GRADIENT_5","2014",24.981,,,"R1:3513"
"SLE","BA:1629","EMP_TEMP_SEX_GAI_NB","SEX_M","GAI_GRADIENT_X","2014",618.704,,,"R1:3513"
"SLE","BA:1629","EMP_TEMP_SEX_GAI_NB","SEX_F","GAI_GRADIENT_TOTAL","2014",871.874,,,"R1:3513"
"SLE","BA:1629","EMP_TEMP_SEX_GAI_NB","SEX_F","GAI_GRADIENT_4","2014",2.009,"U",,"R1:3513"
"SLE","BA:1629","EMP_TEMP_SEX_GAI_NB","SEX_F","GAI_GRADIENT_3","2014",4.386,,,"R1:3513"
"SLE","BA:1629","EMP_TEMP_SEX_GAI_NB","SEX_F","GAI_GRADIENT_2","2014",2.534,,,"R1:3513"
"SLE","BA:1629","EMP_TEMP_SEX_GAI_NB","SEX_F","GAI_GRADIENT_1","2014",300.096,,,"R1:3513"
"SLE","BA:1629","EMP_TEMP_SEX_GAI_NB","SEX_F","GAI_GRADIENT_5","2014",18.572,,,"R1:3513"
"SLE","BA:1629","EMP_TEMP_SEX_GAI_NB","SEX_F","GAI_GRADIENT_X","2014",544.276,,,"R1:3513"
"SLV","BX:461","EMP_TEMP_SEX_GAI_NB","SEX_T","GAI_GRADIENT_TOTAL","2025",2990.937,,,"R1:3513"
"SLV","BX:461","EMP_TEMP_SEX_GAI_NB","SEX_T","GAI_GRADIENT_4","2025",43.14,,,"R1:3513"
"SLV","BX:461","EMP_TEMP_SEX_GAI_NB","SEX_T","GAI_GRADIENT_3","2025",155.366,,,"R1:3513"
"SLV","BX:461","EMP_TEMP_SEX_GAI_NB","SEX_T","GAI_GRADIENT_2","2025",282.581,,,"R1:3513"
"SLV","BX:461","EMP_TEMP_SEX_GAI_NB","SEX_T","GAI_GRADIENT_1","2025",295.436,,,"R1:3513"
"SLV","BX:461","EMP_TEMP_SEX_GAI_NB","SEX_T","GAI_GRADIENT_5","2025",261.119,,,"R1:3513"
"SLV","BX:461","EMP_TEMP_SEX_GAI_NB","SEX_T","GAI_GRADIENT_X","2025",1953.296,,,"R1:3513"
"SLV","BX:461","EMP_TEMP_SEX_GAI_NB","SEX_M","GAI_GRADIENT_TOTAL","2025",1696.959,,,"R1:3513"
"SLV","BX:461","EMP_TEMP_SEX_GAI_NB","SEX_M","GAI_GRADIENT_4","2025",20.36,,,"R1:3513"
"SLV","BX:461","EMP_TEMP_SEX_GAI_NB","SEX_M","GAI_GRADIENT_3","2025",73.603,,,"R1:3513"
"SLV","BX:461","EMP_TEMP_SEX_GAI_NB","SEX_M","GAI_GRADIENT_2","2025",91.987,,,"R1:3513"
"SLV","BX:461","EMP_TEMP_SEX_GAI_NB","SEX_M","GAI_GRADIENT_1","2025",150.533,,,"R1:3513"
"SLV","BX:461","EMP_TEMP_SEX_GAI_NB","SEX_M","GAI_GRADIENT_5","2025",162.793,,,"R1:3513"
"SLV","BX:461","EMP_TEMP_SEX_GAI_NB","SEX_M","GAI_GRADIENT_X","2025",1197.683,,,"R1:3513"
"SLV","BX:461","EMP_TEMP_SEX_GAI_NB","SEX_F","GAI_GRADIENT_TOTAL","2025",1293.979,,,"R1:3513"
"SLV","BX:461","EMP_TEMP_SEX_GAI_NB","SEX_F","GAI_GRADIENT_4","2025",22.78,,,"R1:3513"
"SLV","BX:461","EMP_TEMP_SEX_GAI_NB","SEX_F","GAI_GRADIENT_3","2025",81.763,,,"R1:3513"
"SLV","BX:461","EMP_TEMP_SEX_GAI_NB","SEX_F","GAI_GRADIENT_2","2025",190.594,,,"R1:3513"
"SLV","BX:461","EMP_TEMP_SEX_GAI_NB","SEX_F","GAI_GRADIENT_1","2025",144.903,,,"R1:3513"
"SLV","BX:461","EMP_TEMP_SEX_GAI_NB","SEX_F","GAI_GRADIENT_5","2025",98.326,,,"R1:3513"
"SLV","BX:461","EMP_TEMP_SEX_GAI_NB","SEX_F","GAI_GRADIENT_X","2025",755.613,,,"R1:3513"
"SLV","BX:461","EMP_TEMP_SEX_GAI_NB","SEX_T","GAI_GRADIENT_TOTAL","2024",2892.584,,,"R1:3513"
"SLV","BX:461","EMP_TEMP_SEX_GAI_NB","SEX_T","GAI_GRADIENT_4","2024",45.455,,,"R1:3513"
"SLV","BX:461","EMP_TEMP_SEX_GAI_NB","SEX_T","GAI_GRADIENT_3","2024",151.68,,,"R1:3513"
"SLV","BX:461","EMP_TEMP_SEX_GAI_NB","SEX_T","GAI_GRADIENT_2","2024",247.753,,,"R1:3513"
"SLV","BX:461","EMP_TEMP_SEX_GAI_NB","SEX_T","GAI_GRADIENT_1","2024",352.248,,,"R1:3513"
"SLV","BX:461","EMP_TEMP_SEX_GAI_NB","SEX_T","GAI_GRADIENT_5","2024",236.25,,,"R1:3513"
"SLV","BX:461","EMP_TEMP_SEX_GAI_NB","SEX_T","GAI_GRADIENT_X","2024",1859.197,,,"R1:3513"
"SLV","BX:461","EMP_TEMP_SEX_GAI_NB","SEX_M","GAI_GRADIENT_TOTAL","2024",1668.046,,,"R1:3513"
"SLV","BX:461","EMP_TEMP_SEX_GAI_NB","SEX_M","GAI_GRADIENT_4","2024",17.855,,,"R1:3513"
"SLV","BX:461","EMP_TEMP_SEX_GAI_NB","SEX_M","GAI_GRADIENT_3","2024",71.118,,,"R1:3513"
"SLV","BX:461","EMP_TEMP_SEX_GAI_NB","SEX_M","GAI_GRADIENT_2","2024",84.475,,,"R1:3513"
"SLV","BX:461","EMP_TEMP_SEX_GAI_NB","SEX_M","GAI_GRADIENT_1","2024",182.252,,,"R1:3513"
"SLV","BX:461","EMP_TEMP_SEX_GAI_NB","SEX_M","GAI_GRADIENT_5","2024",156.361,,,"R1:3513"
"SLV","BX:461","EMP_TEMP_SEX_GAI_NB","SEX_M","GAI_GRADIENT_X","2024",1155.984,,,"R1:3513"
"SLV","BX:461","EMP_TEMP_SEX_GAI_NB","SEX_F","GAI_GRADIENT_TOTAL","2024",1224.538,,,"R1:3513"
"SLV","BX:461","EMP_TEMP_SEX_GAI_NB","SEX_F","GAI_GRADIENT_4","2024",27.6,,,"R1:3513"
"SLV","BX:461","EMP_TEMP_SEX_GAI_NB","SEX_F","GAI_GRADIENT_3","2024",80.562,,,"R1:3513"
"SLV","BX:461","EMP_TEMP_SEX_GAI_NB","SEX_F","GAI_GRADIENT_2","2024",163.278,,,"R1:3513"
"SLV","BX:461","EMP_TEMP_SEX_GAI_NB","SEX_F","GAI_GRADIENT_1","2024",169.996,,,"R1:3513"
"SLV","BX:461","EMP_TEMP_SEX_GAI_NB","SEX_F","GAI_GRADIENT_5","2024",79.889,,,"R1:3513"
"SLV","BX:461","EMP_TEMP_SEX_GAI_NB","SEX_F","GAI_GRADIENT_X","2024",703.213,,,"R1:3513"
"SLV","BX:461","EMP_TEMP_SEX_GAI_NB","SEX_T","GAI_GRADIENT_TOTAL","2023",2946.7,,,"R1:3513"
"SLV","BX:461","EMP_TEMP_SEX_GAI_NB","SEX_T","GAI_GRADIENT_4","2023",48.449,,,"R1:3513"
"SLV","BX:461","EMP_TEMP_SEX_GAI_NB","SEX_T","GAI_GRADIENT_3","2023",138.127,,,"R1:3513"
"SLV","BX:461","EMP_TEMP_SEX_GAI_NB","SEX_T","GAI_GRADIENT_2","2023",193.181,,,"R1:3513"
"SLV","BX:461","EMP_TEMP_SEX_GAI_NB","SEX_T","GAI_GRADIENT_1","2023",384.545,,,"R1:3513"
"SLV","BX:461","EMP_TEMP_SEX_GAI_NB","SEX_T","GAI_GRADIENT_5","2023",249.831,,,"R1:3513"
"SLV","BX:461","EMP_TEMP_SEX_GAI_NB","SEX_T","GAI_GRADIENT_X","2023",1932.568,,,"R1:3513"
"SLV","BX:461","EMP_TEMP_SEX_GAI_NB","SEX_M","GAI_GRADIENT_TOTAL","2023",1674.066,,,"R1:3513"
"SLV","BX:461","EMP_TEMP_SEX_GAI_NB","SEX_M","GAI_GRADIENT_4","2023",26.165,,,"R1:3513"
"SLV","BX:461","EMP_TEMP_SEX_GAI_NB","SEX_M","GAI_GRADIENT_3","2023",63.268,,,"R1:3513"
"SLV","BX:461","EMP_TEMP_SEX_GAI_NB","SEX_M","GAI_GRADIENT_2","2023",63.894,,,"R1:3513"
"SLV","BX:461","EMP_TEMP_SEX_GAI_NB","SEX_M","GAI_GRADIENT_1","2023",163.542,,,"R1:3513"
"SLV","BX:461","EMP_TEMP_SEX_GAI_NB","SEX_M","GAI_GRADIENT_5","2023",144.977,,,"R1:3513"
"SLV","BX:461","EMP_TEMP_SEX_GAI_NB","SEX_M","GAI_GRADIENT_X","2023",1212.221,,,"R1:3513"
"SLV","BX:461","EMP_TEMP_SEX_GAI_NB","SEX_F","GAI_GRADIENT_TOTAL","2023",1272.634,,,"R1:3513"
"SLV","BX:461","EMP_TEMP_SEX_GAI_NB","SEX_F","GAI_GRADIENT_4","2023",22.283,,,"R1:3513"
"SLV","BX:461","EMP_TEMP_SEX_GAI_NB","SEX_F","GAI_GRADIENT_3","2023",74.86,,,"R1:3513"
"SLV","BX:461","EMP_TEMP_SEX_GAI_NB","SEX_F","GAI_GRADIENT_2","2023",129.287,,,"R1:3513"
"SLV","BX:461","EMP_TEMP_SEX_GAI_NB","SEX_F","GAI_GRADIENT_1","2023",221.003,,,"R1:3513"
"SLV","BX:461","EMP_TEMP_SEX_GAI_NB","SEX_F","GAI_GRADIENT_5","2023",104.854,,,"R1:3513"
"SLV","BX:461","EMP_TEMP_SEX_GAI_NB","SEX_F","GAI_GRADIENT_X","2023",720.347,,,"R1:3513"
"SLV","BX:461","EMP_TEMP_SEX_GAI_NB","SEX_T","GAI_GRADIENT_TOTAL","2022",2860.461,,,"R1:3513"
"SLV","BX:461","EMP_TEMP_SEX_GAI_NB","SEX_T","GAI_GRADIENT_4","2022",43.219,,,"R1:3513"
"SLV","BX:461","EMP_TEMP_SEX_GAI_NB","SEX_T","GAI_GRADIENT_3","2022",141.691,,,"R1:3513"
"SLV","BX:461","EMP_TEMP_SEX_GAI_NB","SEX_T","GAI_GRADIENT_2","2022",198.905,,,"R1:3513"
"SLV","BX:461","EMP_TEMP_SEX_GAI_NB","SEX_T","GAI_GRADIENT_1","2022",384.813,,,"R1:3513"
"SLV","BX:461","EMP_TEMP_SEX_GAI_NB","SEX_T","GAI_GRADIENT_5","2022",223.987,,,"R1:3513"
"SLV","BX:461","EMP_TEMP_SEX_GAI_NB","SEX_T","GAI_GRADIENT_X","2022",1867.847,,,"R1:3513"
"SLV","BX:461","EMP_TEMP_SEX_GAI_NB","SEX_M","GAI_GRADIENT_TOTAL","2022",1658.742,,,"R1:3513"
"SLV","BX:461","EMP_TEMP_SEX_GAI_NB","SEX_M","GAI_GRADIENT_4","2022",22.061,,,"R1:3513"
"SLV","BX:461","EMP_TEMP_SEX_GAI_NB","SEX_M","GAI_GRADIENT_3","2022",63.8,,,"R1:3513"
"SLV","BX:461","EMP_TEMP_SEX_GAI_NB","SEX_M","GAI_GRADIENT_2","2022",64.71,,,"R1:3513"
"SLV","BX:461","EMP_TEMP_SEX_GAI_NB","SEX_M","GAI_GRADIENT_1","2022",171.851,,,"R1:3513"
"SLV","BX:461","EMP_TEMP_SEX_GAI_NB","SEX_M","GAI_GRADIENT_5","2022",137.299,,,"R1:3513"
"SLV","BX:461","EMP_TEMP_SEX_GAI_NB","SEX_M","GAI_GRADIENT_X","2022",1199.02,,,"R1:3513"
"SLV","BX:461","EMP_TEMP_SEX_GAI_NB","SEX_F","GAI_GRADIENT_TOTAL","2022",1201.719,,,"R1:3513"
"SLV","BX:461","EMP_TEMP_SEX_GAI_NB","SEX_F","GAI_GRADIENT_4","2022",21.158,,,"R1:3513"
"SLV","BX:461","EMP_TEMP_SEX_GAI_NB","SEX_F","GAI_GRADIENT_3","2022",77.89,,,"R1:3513"
"SLV","BX:461","EMP_TEMP_SEX_GAI_NB","SEX_F","GAI_GRADIENT_2","2022",134.195,,,"R1:3513"
"SLV","BX:461","EMP_TEMP_SEX_GAI_NB","SEX_F","GAI_GRADIENT_1","2022",212.962,,,"R1:3513"
"SLV","BX:461","EMP_TEMP_SEX_GAI_NB","SEX_F","GAI_GRADIENT_5","2022",86.688,,,"R1:3513"
"SLV","BX:461","EMP_TEMP_SEX_GAI_NB","SEX_F","GAI_GRADIENT_X","2022",668.827,,,"R1:3513"
"SLV","BX:461","EMP_TEMP_SEX_GAI_NB","SEX_T","GAI_GRADIENT_TOTAL","2021",2765.217,,,"R1:3513"
"SLV","BX:461","EMP_TEMP_SEX_GAI_NB","SEX_T","GAI_GRADIENT_4","2021",31.414,,,"R1:3513"
"SLV","BX:461","EMP_TEMP_SEX_GAI_NB","SEX_T","GAI_GRADIENT_3","2021",126.87,,,"R1:3513"
"SLV","BX:461","EMP_TEMP_SEX_GAI_NB","SEX_T","GAI_GRADIENT_2","2021",211.887,,,"R1:3513"
"SLV","BX:461","EMP_TEMP_SEX_GAI_NB","SEX_T","GAI_GRADIENT_1","2021",388.67,,,"R1:3513"
"SLV","BX:461","EMP_TEMP_SEX_GAI_NB","SEX_T","GAI_GRADIENT_5","2021",211.403,,,"R1:3513"
"SLV","BX:461","EMP_TEMP_SEX_GAI_NB","SEX_T","GAI_GRADIENT_X","2021",1794.974,,,"R1:3513"
"SLV","BX:461","EMP_TEMP_SEX_GAI_NB","SEX_M","GAI_GRADIENT_TOTAL","2021",1614.175,,,"R1:3513"
"SLV","BX:461","EMP_TEMP_SEX_GAI_NB","SEX_M","GAI_GRADIENT_4","2021",18.333,,,"R1:3513"
"SLV","BX:461","EMP_TEMP_SEX_GAI_NB","SEX_M","GAI_GRADIENT_3","2021",56.721,,,"R1:3513"
"SLV","BX:461","EMP_TEMP_SEX_GAI_NB","SEX_M","GAI_GRADIENT_2","2021",66.469,,,"R1:3513"
"SLV","BX:461","EMP_TEMP_SEX_GAI_NB","SEX_M","GAI_GRADIENT_1","2021",175.351,,,"R1:3513"
"SLV","BX:461","EMP_TEMP_SEX_GAI_NB","SEX_M","GAI_GRADIENT_5","2021",128.344,,,"R1:3513"
"SLV","BX:461","EMP_TEMP_SEX_GAI_NB","SEX_M","GAI_GRADIENT_X","2021",1168.958,,,"R1:3513"
"SLV","BX:461","EMP_TEMP_SEX_GAI_NB","SEX_F","GAI_GRADIENT_TOTAL","2021",1151.042,,,"R1:3513"
"SLV","BX:461","EMP_TEMP_SEX_GAI_NB","SEX_F","GAI_GRADIENT_4","2021",13.081,,,"R1:3513"
"SLV","BX:461","EMP_TEMP_SEX_GAI_NB","SEX_F","GAI_GRADIENT_3","2021",70.149,,,"R1:3513"
"SLV","BX:461","EMP_TEMP_SEX_GAI_NB","SEX_F","GAI_GRADIENT_2","2021",145.418,,,"R1:3513"
"SLV","BX:461","EMP_TEMP_SEX_GAI_NB","SEX_F","GAI_GRADIENT_1","2021",213.319,,,"R1:3513"
"SLV","BX:461","EMP_TEMP_SEX_GAI_NB","SEX_F","GAI_GRADIENT_5","2021",83.06,,,"R1:3513"
"SLV","BX:461","EMP_TEMP_SEX_GAI_NB","SEX_F","GAI_GRADIENT_X","2021",626.015,,,"R1:3513"
"SLV","BX:461","EMP_TEMP_SEX_GAI_NB","SEX_T","GAI_GRADIENT_TOTAL","2020",2735.955,,,"R1:3513"
"SLV","BX:461","EMP_TEMP_SEX_GAI_NB","SEX_T","GAI_GRADIENT_4","2020",34.301,,,"R1:3513"
"SLV","BX:461","EMP_TEMP_SEX_GAI_NB","SEX_T","GAI_GRADIENT_3","2020",114.745,,,"R1:3513"
"SLV","BX:461","EMP_TEMP_SEX_GAI_NB","SEX_T","GAI_GRADIENT_2","2020",220.071,,,"R1:3513"
"SLV","BX:461","EMP_TEMP_SEX_GAI_NB","SEX_T","GAI_GRADIENT_1","2020",371.131,,,"R1:3513"
"SLV","BX:461","EMP_TEMP_SEX_GAI_NB","SEX_T","GAI_GRADIENT_5","2020",202.282,,,"R1:3513"
"SLV","BX:461","EMP_TEMP_SEX_GAI_NB","SEX_T","GAI_GRADIENT_X","2020",1793.426,,,"R1:3513"
"SLV","BX:461","EMP_TEMP_SEX_GAI_NB","SEX_M","GAI_GRADIENT_TOTAL","2020",1606.45,,,"R1:3513"
"SLV","BX:461","EMP_TEMP_SEX_GAI_NB","SEX_M","GAI_GRADIENT_4","2020",21.182,,,"R1:3513"
"SLV","BX:461","EMP_TEMP_SEX_GAI_NB","SEX_M","GAI_GRADIENT_3","2020",61.974,,,"R1:3513"
"SLV","BX:461","EMP_TEMP_SEX_GAI_NB","SEX_M","GAI_GRADIENT_2","2020",76.984,,,"R1:3513"
"SLV","BX:461","EMP_TEMP_SEX_GAI_NB","SEX_M","GAI_GRADIENT_1","2020",165.252,,,"R1:3513"
"SLV","BX:461","EMP_TEMP_SEX_GAI_NB","SEX_M","GAI_GRADIENT_5","2020",135.876,,,"R1:3513"
"SLV","BX:461","EMP_TEMP_SEX_GAI_NB","SEX_M","GAI_GRADIENT_X","2020",1145.184,,,"R1:3513"
"SLV","BX:461","EMP_TEMP_SEX_GAI_NB","SEX_F","GAI_GRADIENT_TOTAL","2020",1129.505,,,"R1:3513"
"SLV","BX:461","EMP_TEMP_SEX_GAI_NB","SEX_F","GAI_GRADIENT_4","2020",13.119,,,"R1:3513"
"SLV","BX:461","EMP_TEMP_SEX_GAI_NB","SEX_F","GAI_GRADIENT_3","2020",52.771,,,"R1:3513"
"SLV","BX:461","EMP_TEMP_SEX_GAI_NB","SEX_F","GAI_GRADIENT_2","2020",143.087,,,"R1:3513"
"SLV","BX:461","EMP_TEMP_SEX_GAI_NB","SEX_F","GAI_GRADIENT_1","2020",205.879,,,"R1:3513"
"SLV","BX:461","EMP_TEMP_SEX_GAI_NB","SEX_F","GAI_GRADIENT_5","2020",66.406,,,"R1:3513"
"SLV","BX:461","EMP_TEMP_SEX_GAI_NB","SEX_F","GAI_GRADIENT_X","2020",648.243,,,"R1:3513"
"SLV","BX:461","EMP_TEMP_SEX_GAI_NB","SEX_T","GAI_GRADIENT_TOTAL","2019",2908.119,,,"R1:3513_T2:85"
"SLV","BX:461","EMP_TEMP_SEX_GAI_NB","SEX_T","GAI_GRADIENT_4","2019",33.085,,,"R1:3513_T2:85"
"SLV","BX:461","EMP_TEMP_SEX_GAI_NB","SEX_T","GAI_GRADIENT_3","2019",120.015,,,"R1:3513_T2:85"
"SLV","BX:461","EMP_TEMP_SEX_GAI_NB","SEX_T","GAI_GRADIENT_2","2019",249.536,,,"R1:3513_T2:85"
"SLV","BX:461","EMP_TEMP_SEX_GAI_NB","SEX_T","GAI_GRADIENT_1","2019",355.546,,,"R1:3513_T2:85"
"SLV","BX:461","EMP_TEMP_SEX_GAI_NB","SEX_T","GAI_GRADIENT_5","2019",229.015,,,"R1:3513_T2:85"
"SLV","BX:461","EMP_TEMP_SEX_GAI_NB","SEX_T","GAI_GRADIENT_X","2019",1920.923,,,"R1:3513_T2:85"
"SLV","BX:461","EMP_TEMP_SEX_GAI_NB","SEX_M","GAI_GRADIENT_TOTAL","2019",1703.074,,,"R1:3513_T2:85"
"SLV","BX:461","EMP_TEMP_SEX_GAI_NB","SEX_M","GAI_GRADIENT_4","2019",19.654,,,"R1:3513_T2:85"
"SLV","BX:461","EMP_TEMP_SEX_GAI_NB","SEX_M","GAI_GRADIENT_3","2019",53.769,,,"R1:3513_T2:85"
"SLV","BX:461","EMP_TEMP_SEX_GAI_NB","SEX_M","GAI_GRADIENT_2","2019",90.4,,,"R1:3513_T2:85"
"SLV","BX:461","EMP_TEMP_SEX_GAI_NB","SEX_M","GAI_GRADIENT_1","2019",157.166,,,"R1:3513_T2:85"
"SLV","BX:461","EMP_TEMP_SEX_GAI_NB","SEX_M","GAI_GRADIENT_5","2019",149.909,,,"R1:3513_T2:85"
"SLV","BX:461","EMP_TEMP_SEX_GAI_NB","SEX_M","GAI_GRADIENT_X","2019",1232.177,,,"R1:3513_T2:85"
"SLV","BX:461","EMP_TEMP_SEX_GAI_NB","SEX_F","GAI_GRADIENT_TOTAL","2019",1205.045,,,"R1:3513_T2:85"
"SLV","BX:461","EMP_TEMP_SEX_GAI_NB","SEX_F","GAI_GRADIENT_4","2019",13.431,,,"R1:3513_T2:85"
"SLV","BX:461","EMP_TEMP_SEX_GAI_NB","SEX_F","GAI_GRADIENT_3","2019",66.247,,,"R1:3513_T2:85"
"SLV","BX:461","EMP_TEMP_SEX_GAI_NB","SEX_F","GAI_GRADIENT_2","2019",159.137,,,"R1:3513_T2:85"
"SLV","BX:461","EMP_TEMP_SEX_GAI_NB","SEX_F","GAI_GRADIENT_1","2019",198.38,,,"R1:3513_T2:85"
"SLV","BX:461","EMP_TEMP_SEX_GAI_NB","SEX_F","GAI_GRADIENT_5","2019",79.105,,,"R1:3513_T2:85"
"SLV","BX:461","EMP_TEMP_SEX_GAI_NB","SEX_F","GAI_GRADIENT_X","2019",688.745,,,"R1:3513_T2:85"
"SLV","BX:461","EMP_TEMP_SEX_GAI_NB","SEX_T","GAI_GRADIENT_TOTAL","2018",2814.266,,,"R1:3513_T2:85"
"SLV","BX:461","EMP_TEMP_SEX_GAI_NB","SEX_T","GAI_GRADIENT_4","2018",40.625,,,"R1:3513_T2:85"
"SLV","BX:461","EMP_TEMP_SEX_GAI_NB","SEX_T","GAI_GRADIENT_3","2018",122.686,,,"R1:3513_T2:85"
"SLV","BX:461","EMP_TEMP_SEX_GAI_NB","SEX_T","GAI_GRADIENT_2","2018",227.156,,,"R1:3513_T2:85"
"SLV","BX:461","EMP_TEMP_SEX_GAI_NB","SEX_T","GAI_GRADIENT_1","2018",352.274,,,"R1:3513_T2:85"
"SLV","BX:461","EMP_TEMP_SEX_GAI_NB","SEX_T","GAI_GRADIENT_5","2018",216.422,,,"R1:3513_T2:85"
"SLV","BX:461","EMP_TEMP_SEX_GAI_NB","SEX_T","GAI_GRADIENT_X","2018",1855.103,,,"R1:3513_T2:85"
"SLV","BX:461","EMP_TEMP_SEX_GAI_NB","SEX_M","GAI_GRADIENT_TOTAL","2018",1649.322,,,"R1:3513_T2:85"
"SLV","BX:461","EMP_TEMP_SEX_GAI_NB","SEX_M","GAI_GRADIENT_4","2018",21.02,,,"R1:3513_T2:85"
"SLV","BX:461","EMP_TEMP_SEX_GAI_NB","SEX_M","GAI_GRADIENT_3","2018",59.317,,,"R1:3513_T2:85"
"SLV","BX:461","EMP_TEMP_SEX_GAI_NB","SEX_M","GAI_GRADIENT_2","2018",83.48,,,"R1:3513_T2:85"
"SLV","BX:461","EMP_TEMP_SEX_GAI_NB","SEX_M","GAI_GRADIENT_1","2018",160.29,,,"R1:3513_T2:85"
"SLV","BX:461","EMP_TEMP_SEX_GAI_NB","SEX_M","GAI_GRADIENT_5","2018",138.228,,,"R1:3513_T2:85"
"SLV","BX:461","EMP_TEMP_SEX_GAI_NB","SEX_M","GAI_GRADIENT_X","2018",1186.987,,,"R1:3513_T2:85"
"SLV","BX:461","EMP_TEMP_SEX_GAI_NB","SEX_F","GAI_GRADIENT_TOTAL","2018",1164.944,,,"R1:3513_T2:85"
"SLV","BX:461","EMP_TEMP_SEX_GAI_NB","SEX_F","GAI_GRADIENT_4","2018",19.605,,,"R1:3513_T2:85"
"SLV","BX:461","EMP_TEMP_SEX_GAI_NB","SEX_F","GAI_GRADIENT_3","2018",63.369,,,"R1:3513_T2:85"
"SLV","BX:461","EMP_TEMP_SEX_GAI_NB","SEX_F","GAI_GRADIENT_2","2018",143.676,,,"R1:3513_T2:85"
"SLV","BX:461","EMP_TEMP_SEX_GAI_NB","SEX_F","GAI_GRADIENT_1","2018",191.984,,,"R1:3513_T2:85"
"SLV","BX:461","EMP_TEMP_SEX_GAI_NB","SEX_F","GAI_GRADIENT_5","2018",78.194,,,"R1:3513_T2:85"
"SLV","BX:461","EMP_TEMP_SEX_GAI_NB","SEX_F","GAI_GRADIENT_X","2018",668.116,,,"R1:3513_T2:85"
"SLV","BX:461","EMP_TEMP_SEX_GAI_NB","SEX_T","GAI_GRADIENT_TOTAL","2017",2752.094,,,"R1:3513_T2:85"
"SLV","BX:461","EMP_TEMP_SEX_GAI_NB","SEX_T","GAI_GRADIENT_4","2017",28.661,,,"R1:3513_T2:85"
"SLV","BX:461","EMP_TEMP_SEX_GAI_NB","SEX_T","GAI_GRADIENT_3","2017",103.627,,,"R1:3513_T2:85"
"SLV","BX:461","EMP_TEMP_SEX_GAI_NB","SEX_T","GAI_GRADIENT_2","2017",210.963,,,"R1:3513_T2:85"
"SLV","BX:461","EMP_TEMP_SEX_GAI_NB","SEX_T","GAI_GRADIENT_1","2017",368.006,,,"R1:3513_T2:85"
"SLV","BX:461","EMP_TEMP_SEX_GAI_NB","SEX_T","GAI_GRADIENT_5","2017",191.18,,,"R1:3513_T2:85"
"SLV","BX:461","EMP_TEMP_SEX_GAI_NB","SEX_T","GAI_GRADIENT_X","2017",1849.657,,,"R1:3513_T2:85"
"SLV","BX:461","EMP_TEMP_SEX_GAI_NB","SEX_M","GAI_GRADIENT_TOTAL","2017",1610.302,,,"R1:3513_T2:85"
"SLV","BX:461","EMP_TEMP_SEX_GAI_NB","SEX_M","GAI_GRADIENT_4","2017",15.596,,,"R1:3513_T2:85"
"SLV","BX:461","EMP_TEMP_SEX_GAI_NB","SEX_M","GAI_GRADIENT_3","2017",44.618,,,"R1:3513_T2:85"
"SLV","BX:461","EMP_TEMP_SEX_GAI_NB","SEX_M","GAI_GRADIENT_2","2017",76.779,,,"R1:3513_T2:85"
"SLV","BX:461","EMP_TEMP_SEX_GAI_NB","SEX_M","GAI_GRADIENT_1","2017",163.371,,,"R1:3513_T2:85"
"SLV","BX:461","EMP_TEMP_SEX_GAI_NB","SEX_M","GAI_GRADIENT_5","2017",129.089,,,"R1:3513_T2:85"
"SLV","BX:461","EMP_TEMP_SEX_GAI_NB","SEX_M","GAI_GRADIENT_X","2017",1180.849,,,"R1:3513_T2:85"
"SLV","BX:461","EMP_TEMP_SEX_GAI_NB","SEX_F","GAI_GRADIENT_TOTAL","2017",1141.792,,,"R1:3513_T2:85"
"SLV","BX:461","EMP_TEMP_SEX_GAI_NB","SEX_F","GAI_GRADIENT_4","2017",13.065,,,"R1:3513_T2:85"
"SLV","BX:461","EMP_TEMP_SEX_GAI_NB","SEX_F","GAI_GRADIENT_3","2017",59.009,,,"R1:3513_T2:85"
"SLV","BX:461","EMP_TEMP_SEX_GAI_NB","SEX_F","GAI_GRADIENT_2","2017",134.184,,,"R1:3513_T2:85"
"SLV","BX:461","EMP_TEMP_SEX_GAI_NB","SEX_F","GAI_GRADIENT_1","2017",204.635,,,"R1:3513_T2:85"
"SLV","BX:461","EMP_TEMP_SEX_GAI_NB","SEX_F","GAI_GRADIENT_5","2017",62.091,,,"R1:3513_T2:85"
"SLV","BX:461","EMP_TEMP_SEX_GAI_NB","SEX_F","GAI_GRADIENT_X","2017",668.808,,,"R1:3513_T2:85"
"SLV","BX:461","EMP_TEMP_SEX_GAI_NB","SEX_T","GAI_GRADIENT_TOTAL","2016",2727.017,,,"R1:3513_T2:85"
"SLV","BX:461","EMP_TEMP_SEX_GAI_NB","SEX_T","GAI_GRADIENT_4","2016",30.463,,,"R1:3513_T2:85"
"SLV","BX:461","EMP_TEMP_SEX_GAI_NB","SEX_T","GAI_GRADIENT_3","2016",106.922,,,"R1:3513_T2:85"
"SLV","BX:461","EMP_TEMP_SEX_GAI_NB","SEX_T","GAI_GRADIENT_2","2016",208.518,,,"R1:3513_T2:85"
"SLV","BX:461","EMP_TEMP_SEX_GAI_NB","SEX_T","GAI_GRADIENT_1","2016",342.417,,,"R1:3513_T2:85"
"SLV","BX:461","EMP_TEMP_SEX_GAI_NB","SEX_T","GAI_GRADIENT_5","2016",200.185,,,"R1:3513_T2:85"
"SLV","BX:461","EMP_TEMP_SEX_GAI_NB","SEX_T","GAI_GRADIENT_X","2016",1838.512,,,"R1:3513_T2:85"
"SLV","BX:461","EMP_TEMP_SEX_GAI_NB","SEX_M","GAI_GRADIENT_TOTAL","2016",1579.431,,,"R1:3513_T2:85"
"SLV","BX:461","EMP_TEMP_SEX_GAI_NB","SEX_M","GAI_GRADIENT_4","2016",15.776,,,"R1:3513_T2:85"
"SLV","BX:461","EMP_TEMP_SEX_GAI_NB","SEX_M","GAI_GRADIENT_3","2016",44.488,,,"R1:3513_T2:85"
"SLV","BX:461","EMP_TEMP_SEX_GAI_NB","SEX_M","GAI_GRADIENT_2","2016",78.056,,,"R1:3513_T2:85"
"SLV","BX:461","EMP_TEMP_SEX_GAI_NB","SEX_M","GAI_GRADIENT_1","2016",149.942,,,"R1:3513_T2:85"
"SLV","BX:461","EMP_TEMP_SEX_GAI_NB","SEX_M","GAI_GRADIENT_5","2016",130.922,,,"R1:3513_T2:85"
"SLV","BX:461","EMP_TEMP_SEX_GAI_NB","SEX_M","GAI_GRADIENT_X","2016",1160.247,,,"R1:3513_T2:85"
"SLV","BX:461","EMP_TEMP_SEX_GAI_NB","SEX_F","GAI_GRADIENT_TOTAL","2016",1147.586,,,"R1:3513_T2:85"
"SLV","BX:461","EMP_TEMP_SEX_GAI_NB","SEX_F","GAI_GRADIENT_4","2016",14.687,,,"R1:3513_T2:85"
"SLV","BX:461","EMP_TEMP_SEX_GAI_NB","SEX_F","GAI_GRADIENT_3","2016",62.434,,,"R1:3513_T2:85"
"SLV","BX:461","EMP_TEMP_SEX_GAI_NB","SEX_F","GAI_GRADIENT_2","2016",130.462,,,"R1:3513_T2:85"
"SLV","BX:461","EMP_TEMP_SEX_GAI_NB","SEX_F","GAI_GRADIENT_1","2016",192.475,,,"R1:3513_T2:85"
"SLV","BX:461","EMP_TEMP_SEX_GAI_NB","SEX_F","GAI_GRADIENT_5","2016",69.263,,,"R1:3513_T2:85"
"SLV","BX:461","EMP_TEMP_SEX_GAI_NB","SEX_F","GAI_GRADIENT_X","2016",678.265,,,"R1:3513_T2:85"
"SLV","BX:461","EMP_TEMP_SEX_GAI_NB","SEX_T","GAI_GRADIENT_TOTAL","2015",2667.032,,,"R1:3513_T2:85"
"SLV","BX:461","EMP_TEMP_SEX_GAI_NB","SEX_T","GAI_GRADIENT_4","2015",28.546,,,"R1:3513_T2:85"
"SLV","BX:461","EMP_TEMP_SEX_GAI_NB","SEX_T","GAI_GRADIENT_3","2015",112.908,,,"R1:3513_T2:85"
"SLV","BX:461","EMP_TEMP_SEX_GAI_NB","SEX_T","GAI_GRADIENT_2","2015",185.155,,,"R1:3513_T2:85"
"SLV","BX:461","EMP_TEMP_SEX_GAI_NB","SEX_T","GAI_GRADIENT_1","2015",305.272,,,"R1:3513_T2:85"
"SLV","BX:461","EMP_TEMP_SEX_GAI_NB","SEX_T","GAI_GRADIENT_5","2015",213.825,,,"R1:3513_T2:85"
"SLV","BX:461","EMP_TEMP_SEX_GAI_NB","SEX_T","GAI_GRADIENT_X","2015",1821.326,,,"R1:3513_T2:85"
"SLV","BX:461","EMP_TEMP_SEX_GAI_NB","SEX_M","GAI_GRADIENT_TOTAL","2015",1560.28,,,"R1:3513_T2:85"
"SLV","BX:461","EMP_TEMP_SEX_GAI_NB","SEX_M","GAI_GRADIENT_4","2015",17.823,,,"R1:3513_T2:85"
"SLV","BX:461","EMP_TEMP_SEX_GAI_NB","SEX_M","GAI_GRADIENT_3","2015",49.583,,,"R1:3513_T2:85"
"SLV","BX:461","EMP_TEMP_SEX_GAI_NB","SEX_M","GAI_GRADIENT_2","2015",70.695,,,"R1:3513_T2:85"
"SLV","BX:461","EMP_TEMP_SEX_GAI_NB","SEX_M","GAI_GRADIENT_1","2015",138.787,,,"R1:3513_T2:85"
"SLV","BX:461","EMP_TEMP_SEX_GAI_NB","SEX_M","GAI_GRADIENT_5","2015",131.533,,,"R1:3513_T2:85"
"SLV","BX:461","EMP_TEMP_SEX_GAI_NB","SEX_M","GAI_GRADIENT_X","2015",1151.859,,,"R1:3513_T2:85"
"SLV","BX:461","EMP_TEMP_SEX_GAI_NB","SEX_F","GAI_GRADIENT_TOTAL","2015",1106.752,,,"R1:3513_T2:85"
"SLV","BX:461","EMP_TEMP_SEX_GAI_NB","SEX_F","GAI_GRADIENT_4","2015",10.723,,,"R1:3513_T2:85"
"SLV","BX:461","EMP_TEMP_SEX_GAI_NB","SEX_F","GAI_GRADIENT_3","2015",63.325,,,"R1:3513_T2:85"
"SLV","BX:461","EMP_TEMP_SEX_GAI_NB","SEX_F","GAI_GRADIENT_2","2015",114.46,,,"R1:3513_T2:85"
"SLV","BX:461","EMP_TEMP_SEX_GAI_NB","SEX_F","GAI_GRADIENT_1","2015",166.485,,,"R1:3513_T2:85"
"SLV","BX:461","EMP_TEMP_SEX_GAI_NB","SEX_F","GAI_GRADIENT_5","2015",82.292,,,"R1:3513_T2:85"
"SLV","BX:461","EMP_TEMP_SEX_GAI_NB","SEX_F","GAI_GRADIENT_X","2015",669.467,,,"R1:3513_T2:85"
"SLV","BX:461","EMP_TEMP_SEX_GAI_NB","SEX_T","GAI_GRADIENT_TOTAL","2014",2644.082,,,"R1:3513_T2:85"
"SLV","BX:461","EMP_TEMP_SEX_GAI_NB","SEX_T","GAI_GRADIENT_4","2014",43.216,,,"R1:3513_T2:85"
"SLV","BX:461","EMP_TEMP_SEX_GAI_NB","SEX_T","GAI_GRADIENT_3","2014",97.422,,,"R1:3513_T2:85"
"SLV","BX:461","EMP_TEMP_SEX_GAI_NB","SEX_T","GAI_GRADIENT_2","2014",217.871,,,"R1:3513_T2:85"
"SLV","BX:461","EMP_TEMP_SEX_GAI_NB","SEX_T","GAI_GRADIENT_1","2014",273.262,,,"R1:3513_T2:85"
"SLV","BX:461","EMP_TEMP_SEX_GAI_NB","SEX_T","GAI_GRADIENT_5","2014",200.169,,,"R1:3513_T2:85"
"SLV","BX:461","EMP_TEMP_SEX_GAI_NB","SEX_T","GAI_GRADIENT_X","2014",1812.142,,,"R1:3513_T2:85"
"SLV","BX:461","EMP_TEMP_SEX_GAI_NB","SEX_M","GAI_GRADIENT_TOTAL","2014",1521.398,,,"R1:3513_T2:85"
"SLV","BX:461","EMP_TEMP_SEX_GAI_NB","SEX_M","GAI_GRADIENT_4","2014",26.163,,,"R1:3513_T2:85"
"SLV","BX:461","EMP_TEMP_SEX_GAI_NB","SEX_M","GAI_GRADIENT_3","2014",34.757,,,"R1:3513_T2:85"
"SLV","BX:461","EMP_TEMP_SEX_GAI_NB","SEX_M","GAI_GRADIENT_2","2014",82.772,,,"R1:3513_T2:85"
"SLV","BX:461","EMP_TEMP_SEX_GAI_NB","SEX_M","GAI_GRADIENT_1","2014",130.973,,,"R1:3513_T2:85"
"SLV","BX:461","EMP_TEMP_SEX_GAI_NB","SEX_M","GAI_GRADIENT_5","2014",120.675,,,"R1:3513_T2:85"
"SLV","BX:461","EMP_TEMP_SEX_GAI_NB","SEX_M","GAI_GRADIENT_X","2014",1126.058,,,"R1:3513_T2:85"
"SLV","BX:461","EMP_TEMP_SEX_GAI_NB","SEX_F","GAI_GRADIENT_TOTAL","2014",1122.684,,,"R1:3513_T2:85"
"SLV","BX:461","EMP_TEMP_SEX_GAI_NB","SEX_F","GAI_GRADIENT_4","2014",17.053,,,"R1:3513_T2:85"
"SLV","BX:461","EMP_TEMP_SEX_GAI_NB","SEX_F","GAI_GRADIENT_3","2014",62.665,,,"R1:3513_T2:85"
"SLV","BX:461","EMP_TEMP_SEX_GAI_NB","SEX_F","GAI_GRADIENT_2","2014",135.099,,,"R1:3513_T2:85"
"SLV","BX:461","EMP_TEMP_SEX_GAI_NB","SEX_F","GAI_GRADIENT_1","2014",142.289,,,"R1:3513_T2:85"
"SLV","BX:461","EMP_TEMP_SEX_GAI_NB","SEX_F","GAI_GRADIENT_5","2014",79.494,,,"R1:3513_T2:85"
"SLV","BX:461","EMP_TEMP_SEX_GAI_NB","SEX_F","GAI_GRADIENT_X","2014",686.084,,,"R1:3513_T2:85"
"SLV","BX:461","EMP_TEMP_SEX_GAI_NB","SEX_T","GAI_GRADIENT_TOTAL","2013",2629.507,,,"R1:3513_T2:85"
"SLV","BX:461","EMP_TEMP_SEX_GAI_NB","SEX_T","GAI_GRADIENT_4","2013",35.193,,,"R1:3513_T2:85"
"SLV","BX:461","EMP_TEMP_SEX_GAI_NB","SEX_T","GAI_GRADIENT_3","2013",95.011,,,"R1:3513_T2:85"
"SLV","BX:461","EMP_TEMP_SEX_GAI_NB","SEX_T","GAI_GRADIENT_2","2013",212.48,,,"R1:3513_T2:85"
"SLV","BX:461","EMP_TEMP_SEX_GAI_NB","SEX_T","GAI_GRADIENT_1","2013",279.992,,,"R1:3513_T2:85"
"SLV","BX:461","EMP_TEMP_SEX_GAI_NB","SEX_T","GAI_GRADIENT_5","2013",197.111,,,"R1:3513_T2:85"
"SLV","BX:461","EMP_TEMP_SEX_GAI_NB","SEX_T","GAI_GRADIENT_X","2013",1809.72,,,"R1:3513_T2:85"
"SLV","BX:461","EMP_TEMP_SEX_GAI_NB","SEX_M","GAI_GRADIENT_TOTAL","2013",1511.128,,,"R1:3513_T2:85"
"SLV","BX:461","EMP_TEMP_SEX_GAI_NB","SEX_M","GAI_GRADIENT_4","2013",18.14,,,"R1:3513_T2:85"
"SLV","BX:461","EMP_TEMP_SEX_GAI_NB","SEX_M","GAI_GRADIENT_3","2013",38.016,,,"R1:3513_T2:85"
"SLV","BX:461","EMP_TEMP_SEX_GAI_NB","SEX_M","GAI_GRADIENT_2","2013",78.79,,,"R1:3513_T2:85"
"SLV","BX:461","EMP_TEMP_SEX_GAI_NB","SEX_M","GAI_GRADIENT_1","2013",130.889,,,"R1:3513_T2:85"
"SLV","BX:461","EMP_TEMP_SEX_GAI_NB","SEX_M","GAI_GRADIENT_5","2013",118.409,,,"R1:3513_T2:85"
"SLV","BX:461","EMP_TEMP_SEX_GAI_NB","SEX_M","GAI_GRADIENT_X","2013",1126.884,,,"R1:3513_T2:85"
"SLV","BX:461","EMP_TEMP_SEX_GAI_NB","SEX_F","GAI_GRADIENT_TOTAL","2013",1118.379,,,"R1:3513_T2:85"
"SLV","BX:461","EMP_TEMP_SEX_GAI_NB","SEX_F","GAI_GRADIENT_4","2013",17.053,,,"R1:3513_T2:85"
"SLV","BX:461","EMP_TEMP_SEX_GAI_NB","SEX_F","GAI_GRADIENT_3","2013",56.995,,,"R1:3513_T2:85"
"SLV","BX:461","EMP_TEMP_SEX_GAI_NB","SEX_F","GAI_GRADIENT_2","2013",133.69,,,"R1:3513_T2:85"
"SLV","BX:461","EMP_TEMP_SEX_GAI_NB","SEX_F","GAI_GRADIENT_1","2013",149.103,,,"R1:3513_T2:85"
"SLV","BX:461","EMP_TEMP_SEX_GAI_NB","SEX_F","GAI_GRADIENT_5","2013",78.702,,,"R1:3513_T2:85"
"SLV","BX:461","EMP_TEMP_SEX_GAI_NB","SEX_F","GAI_GRADIENT_X","2013",682.836,,,"R1:3513_T2:85"
"SRB","BA:467","EMP_TEMP_SEX_GAI_NB","SEX_T","GAI_GRADIENT_TOTAL","2019",2899.964,,,"R1:3513"
"SRB","BA:467","EMP_TEMP_SEX_GAI_NB","SEX_T","GAI_GRADIENT_4","2019",120.442,,,"R1:3513"
"SRB","BA:467","EMP_TEMP_SEX_GAI_NB","SEX_T","GAI_GRADIENT_3","2019",161.914,,,"R1:3513"
"SRB","BA:467","EMP_TEMP_SEX_GAI_NB","SEX_T","GAI_GRADIENT_2","2019",158.714,,,"R1:3513"
"SRB","BA:467","EMP_TEMP_SEX_GAI_NB","SEX_T","GAI_GRADIENT_1","2019",248.545,,,"R1:3513"
"SRB","BA:467","EMP_TEMP_SEX_GAI_NB","SEX_T","GAI_GRADIENT_5","2019",440.221,,,"R1:3513"
"SRB","BA:467","EMP_TEMP_SEX_GAI_NB","SEX_T","GAI_GRADIENT_X","2019",1770.128,,,"R1:3513"
"SRB","BA:467","EMP_TEMP_SEX_GAI_NB","SEX_M","GAI_GRADIENT_TOTAL","2019",1615.951,,,"R1:3513"
"SRB","BA:467","EMP_TEMP_SEX_GAI_NB","SEX_M","GAI_GRADIENT_4","2019",26.51,,,"R1:3513"
"SRB","BA:467","EMP_TEMP_SEX_GAI_NB","SEX_M","GAI_GRADIENT_3","2019",73.097,,,"R1:3513"
"SRB","BA:467","EMP_TEMP_SEX_GAI_NB","SEX_M","GAI_GRADIENT_2","2019",92.257,,,"R1:3513"
"SRB","BA:467","EMP_TEMP_SEX_GAI_NB","SEX_M","GAI_GRADIENT_1","2019",94.526,,,"R1:3513"
"SRB","BA:467","EMP_TEMP_SEX_GAI_NB","SEX_M","GAI_GRADIENT_5","2019",247.858,,,"R1:3513"
"SRB","BA:467","EMP_TEMP_SEX_GAI_NB","SEX_M","GAI_GRADIENT_X","2019",1081.703,,,"R1:3513"
"SRB","BA:467","EMP_TEMP_SEX_GAI_NB","SEX_F","GAI_GRADIENT_TOTAL","2019",1284.013,,,"R1:3513"
"SRB","BA:467","EMP_TEMP_SEX_GAI_NB","SEX_F","GAI_GRADIENT_4","2019",93.932,,,"R1:3513"
"SRB","BA:467","EMP_TEMP_SEX_GAI_NB","SEX_F","GAI_GRADIENT_3","2019",88.818,,,"R1:3513"
"SRB","BA:467","EMP_TEMP_SEX_GAI_NB","SEX_F","GAI_GRADIENT_2","2019",66.457,,,"R1:3513"
"SRB","BA:467","EMP_TEMP_SEX_GAI_NB","SEX_F","GAI_GRADIENT_1","2019",154.019,,,"R1:3513"
"SRB","BA:467","EMP_TEMP_SEX_GAI_NB","SEX_F","GAI_GRADIENT_5","2019",192.363,,,"R1:3513"
"SRB","BA:467","EMP_TEMP_SEX_GAI_NB","SEX_F","GAI_GRADIENT_X","2019",688.425,,,"R1:3513"
"SRB","BA:467","EMP_TEMP_SEX_GAI_NB","SEX_T","GAI_GRADIENT_TOTAL","2018",2831.836,,,"R1:3513"
"SRB","BA:467","EMP_TEMP_SEX_GAI_NB","SEX_T","GAI_GRADIENT_4","2018",113.916,,,"R1:3513"
"SRB","BA:467","EMP_TEMP_SEX_GAI_NB","SEX_T","GAI_GRADIENT_3","2018",157.888,,,"R1:3513"
"SRB","BA:467","EMP_TEMP_SEX_GAI_NB","SEX_T","GAI_GRADIENT_2","2018",161.082,,,"R1:3513"
"SRB","BA:467","EMP_TEMP_SEX_GAI_NB","SEX_T","GAI_GRADIENT_1","2018",249.026,,,"R1:3513"
"SRB","BA:467","EMP_TEMP_SEX_GAI_NB","SEX_T","GAI_GRADIENT_5","2018",415.462,,,"R1:3513"
"SRB","BA:467","EMP_TEMP_SEX_GAI_NB","SEX_T","GAI_GRADIENT_X","2018",1734.463,,,"R1:3513"
"SRB","BA:467","EMP_TEMP_SEX_GAI_NB","SEX_M","GAI_GRADIENT_TOTAL","2018",1589.761,,,"R1:3513"
"SRB","BA:467","EMP_TEMP_SEX_GAI_NB","SEX_M","GAI_GRADIENT_4","2018",25.084,,,"R1:3513"
"SRB","BA:467","EMP_TEMP_SEX_GAI_NB","SEX_M","GAI_GRADIENT_3","2018",68.103,,,"R1:3513"
"SRB","BA:467","EMP_TEMP_SEX_GAI_NB","SEX_M","GAI_GRADIENT_2","2018",96.356,,,"R1:3513"
"SRB","BA:467","EMP_TEMP_SEX_GAI_NB","SEX_M","GAI_GRADIENT_1","2018",93.503,,,"R1:3513"
"SRB","BA:467","EMP_TEMP_SEX_GAI_NB","SEX_M","GAI_GRADIENT_5","2018",233.397,,,"R1:3513"
"SRB","BA:467","EMP_TEMP_SEX_GAI_NB","SEX_M","GAI_GRADIENT_X","2018",1073.318,,,"R1:3513"
"SRB","BA:467","EMP_TEMP_SEX_GAI_NB","SEX_F","GAI_GRADIENT_TOTAL","2018",1242.075,,,"R1:3513"
"SRB","BA:467","EMP_TEMP_SEX_GAI_NB","SEX_F","GAI_GRADIENT_4","2018",88.831,,,"R1:3513"
"SRB","BA:467","EMP_TEMP_SEX_GAI_NB","SEX_F","GAI_GRADIENT_3","2018",89.786,,,"R1:3513"
"SRB","BA:467","EMP_TEMP_SEX_GAI_NB","SEX_F","GAI_GRADIENT_2","2018",64.726,,,"R1:3513"
"SRB","BA:467","EMP_TEMP_SEX_GAI_NB","SEX_F","GAI_GRADIENT_1","2018",155.523,,,"R1:3513"
"SRB","BA:467","EMP_TEMP_SEX_GAI_NB","SEX_F","GAI_GRADIENT_5","2018",182.065,,,"R1:3513"
"SRB","BA:467","EMP_TEMP_SEX_GAI_NB","SEX_F","GAI_GRADIENT_X","2018",661.144,,,"R1:3513"
"SRB","BA:467","EMP_TEMP_SEX_GAI_NB","SEX_T","GAI_GRADIENT_TOTAL","2017",2794.658,,,"R1:3513"
"SRB","BA:467","EMP_TEMP_SEX_GAI_NB","SEX_T","GAI_GRADIENT_4","2017",97.215,,,"R1:3513"
"SRB","BA:467","EMP_TEMP_SEX_GAI_NB","SEX_T","GAI_GRADIENT_3","2017",147.819,,,"R1:3513"
"SRB","BA:467","EMP_TEMP_SEX_GAI_NB","SEX_T","GAI_GRADIENT_2","2017",157.442,,,"R1:3513"
"SRB","BA:467","EMP_TEMP_SEX_GAI_NB","SEX_T","GAI_GRADIENT_1","2017",259.587,,,"R1:3513"
"SRB","BA:467","EMP_TEMP_SEX_GAI_NB","SEX_T","GAI_GRADIENT_5","2017",396.244,,,"R1:3513"
"SRB","BA:467","EMP_TEMP_SEX_GAI_NB","SEX_T","GAI_GRADIENT_X","2017",1736.351,,,"R1:3513"
"SRB","BA:467","EMP_TEMP_SEX_GAI_NB","SEX_M","GAI_GRADIENT_TOTAL","2017",1565.119,,,"R1:3513"
"SRB","BA:467","EMP_TEMP_SEX_GAI_NB","SEX_M","GAI_GRADIENT_4","2017",20.037,,,"R1:3513"
"SRB","BA:467","EMP_TEMP_SEX_GAI_NB","SEX_M","GAI_GRADIENT_3","2017",60.63,,,"R1:3513"
"SRB","BA:467","EMP_TEMP_SEX_GAI_NB","SEX_M","GAI_GRADIENT_2","2017",96.723,,,"R1:3513"
"SRB","BA:467","EMP_TEMP_SEX_GAI_NB","SEX_M","GAI_GRADIENT_1","2017",99.695,,,"R1:3513"
"SRB","BA:467","EMP_TEMP_SEX_GAI_NB","SEX_M","GAI_GRADIENT_5","2017",221.174,,,"R1:3513"
"SRB","BA:467","EMP_TEMP_SEX_GAI_NB","SEX_M","GAI_GRADIENT_X","2017",1066.86,,,"R1:3513"
"SRB","BA:467","EMP_TEMP_SEX_GAI_NB","SEX_F","GAI_GRADIENT_TOTAL","2017",1229.54,,,"R1:3513"
"SRB","BA:467","EMP_TEMP_SEX_GAI_NB","SEX_F","GAI_GRADIENT_4","2017",77.178,,,"R1:3513"
"SRB","BA:467","EMP_TEMP_SEX_GAI_NB","SEX_F","GAI_GRADIENT_3","2017",87.189,,,"R1:3513"
"SRB","BA:467","EMP_TEMP_SEX_GAI_NB","SEX_F","GAI_GRADIENT_2","2017",60.719,,,"R1:3513"
"SRB","BA:467","EMP_TEMP_SEX_GAI_NB","SEX_F","GAI_GRADIENT_1","2017",159.893,,,"R1:3513"
"SRB","BA:467","EMP_TEMP_SEX_GAI_NB","SEX_F","GAI_GRADIENT_5","2017",175.07,,,"R1:3513"
"SRB","BA:467","EMP_TEMP_SEX_GAI_NB","SEX_F","GAI_GRADIENT_X","2017",669.491,,,"R1:3513"
"SRB","BA:467","EMP_TEMP_SEX_GAI_NB","SEX_T","GAI_GRADIENT_TOTAL","2016",2719.403,,,"R1:3513"
"SRB","BA:467","EMP_TEMP_SEX_GAI_NB","SEX_T","GAI_GRADIENT_4","2016",90.269,,,"R1:3513"
"SRB","BA:467","EMP_TEMP_SEX_GAI_NB","SEX_T","GAI_GRADIENT_3","2016",127.468,,,"R1:3513"
"SRB","BA:467","EMP_TEMP_SEX_GAI_NB","SEX_T","GAI_GRADIENT_2","2016",168.695,,,"R1:3513"
"SRB","BA:467","EMP_TEMP_SEX_GAI_NB","SEX_T","GAI_GRADIENT_1","2016",251.88,,,"R1:3513"
"SRB","BA:467","EMP_TEMP_SEX_GAI_NB","SEX_T","GAI_GRADIENT_5","2016",376.792,,,"R1:3513"
"SRB","BA:467","EMP_TEMP_SEX_GAI_NB","SEX_T","GAI_GRADIENT_X","2016",1704.3,,,"R1:3513"
"SRB","BA:467","EMP_TEMP_SEX_GAI_NB","SEX_M","GAI_GRADIENT_TOTAL","2016",1531.556,,,"R1:3513"
"SRB","BA:467","EMP_TEMP_SEX_GAI_NB","SEX_M","GAI_GRADIENT_4","2016",18.581,,,"R1:3513"
"SRB","BA:467","EMP_TEMP_SEX_GAI_NB","SEX_M","GAI_GRADIENT_3","2016",52.985,,,"R1:3513"
"SRB","BA:467","EMP_TEMP_SEX_GAI_NB","SEX_M","GAI_GRADIENT_2","2016",103.094,,,"R1:3513"
"SRB","BA:467","EMP_TEMP_SEX_GAI_NB","SEX_M","GAI_GRADIENT_1","2016",104.16,,,"R1:3513"
"SRB","BA:467","EMP_TEMP_SEX_GAI_NB","SEX_M","GAI_GRADIENT_5","2016",206.363,,,"R1:3513"
"SRB","BA:467","EMP_TEMP_SEX_GAI_NB","SEX_M","GAI_GRADIENT_X","2016",1046.373,,,"R1:3513"
"SRB","BA:467","EMP_TEMP_SEX_GAI_NB","SEX_F","GAI_GRADIENT_TOTAL","2016",1187.846,,,"R1:3513"
"SRB","BA:467","EMP_TEMP_SEX_GAI_NB","SEX_F","GAI_GRADIENT_4","2016",71.688,,,"R1:3513"
"SRB","BA:467","EMP_TEMP_SEX_GAI_NB","SEX_F","GAI_GRADIENT_3","2016",74.482,,,"R1:3513"
"SRB","BA:467","EMP_TEMP_SEX_GAI_NB","SEX_F","GAI_GRADIENT_2","2016",65.6,,,"R1:3513"
"SRB","BA:467","EMP_TEMP_SEX_GAI_NB","SEX_F","GAI_GRADIENT_1","2016",147.72,,,"R1:3513"
"SRB","BA:467","EMP_TEMP_SEX_GAI_NB","SEX_F","GAI_GRADIENT_5","2016",170.429,,,"R1:3513"
"SRB","BA:467","EMP_TEMP_SEX_GAI_NB","SEX_F","GAI_GRADIENT_X","2016",657.927,,,"R1:3513"
"SRB","BA:467","EMP_TEMP_SEX_GAI_NB","SEX_T","GAI_GRADIENT_TOTAL","2015",2574.159,,,"R1:3513"
"SRB","BA:467","EMP_TEMP_SEX_GAI_NB","SEX_T","GAI_GRADIENT_4","2015",88.626,,,"R1:3513"
"SRB","BA:467","EMP_TEMP_SEX_GAI_NB","SEX_T","GAI_GRADIENT_3","2015",128.397,,,"R1:3513"
"SRB","BA:467","EMP_TEMP_SEX_GAI_NB","SEX_T","GAI_GRADIENT_2","2015",164.21,,,"R1:3513"
"SRB","BA:467","EMP_TEMP_SEX_GAI_NB","SEX_T","GAI_GRADIENT_1","2015",237.987,,,"R1:3513"
"SRB","BA:467","EMP_TEMP_SEX_GAI_NB","SEX_T","GAI_GRADIENT_5","2015",364.126,,,"R1:3513"
"SRB","BA:467","EMP_TEMP_SEX_GAI_NB","SEX_T","GAI_GRADIENT_X","2015",1590.812,,,"R1:3513"
"SRB","BA:467","EMP_TEMP_SEX_GAI_NB","SEX_M","GAI_GRADIENT_TOTAL","2015",1466.255,,,"R1:3513"
"SRB","BA:467","EMP_TEMP_SEX_GAI_NB","SEX_M","GAI_GRADIENT_4","2015",21.196,,,"R1:3513"
"SRB","BA:467","EMP_TEMP_SEX_GAI_NB","SEX_M","GAI_GRADIENT_3","2015",52.086,,,"R1:3513"
"SRB","BA:467","EMP_TEMP_SEX_GAI_NB","SEX_M","GAI_GRADIENT_2","2015",97.85,,,"R1:3513"
"SRB","BA:467","EMP_TEMP_SEX_GAI_NB","SEX_M","GAI_GRADIENT_1","2015",97.498,,,"R1:3513"
"SRB","BA:467","EMP_TEMP_SEX_GAI_NB","SEX_M","GAI_GRADIENT_5","2015",206.531,,,"R1:3513"
"SRB","BA:467","EMP_TEMP_SEX_GAI_NB","SEX_M","GAI_GRADIENT_X","2015",991.094,,,"R1:3513"
"SRB","BA:467","EMP_TEMP_SEX_GAI_NB","SEX_F","GAI_GRADIENT_TOTAL","2015",1107.903,,,"R1:3513"
"SRB","BA:467","EMP_TEMP_SEX_GAI_NB","SEX_F","GAI_GRADIENT_4","2015",67.43,,,"R1:3513"
"SRB","BA:467","EMP_TEMP_SEX_GAI_NB","SEX_F","GAI_GRADIENT_3","2015",76.311,,,"R1:3513"
"SRB","BA:467","EMP_TEMP_SEX_GAI_NB","SEX_F","GAI_GRADIENT_2","2015",66.359,,,"R1:3513"
"SRB","BA:467","EMP_TEMP_SEX_GAI_NB","SEX_F","GAI_GRADIENT_1","2015",140.489,,,"R1:3513"
"SRB","BA:467","EMP_TEMP_SEX_GAI_NB","SEX_F","GAI_GRADIENT_5","2015",157.595,,,"R1:3513"
"SRB","BA:467","EMP_TEMP_SEX_GAI_NB","SEX_F","GAI_GRADIENT_X","2015",599.719,,,"R1:3513"
"SRB","BA:467","EMP_TEMP_SEX_GAI_NB","SEX_T","GAI_GRADIENT_TOTAL","2014",2559.002,"B","I11:264","R1:3513"
"SRB","BA:467","EMP_TEMP_SEX_GAI_NB","SEX_T","GAI_GRADIENT_4","2014",86.417,"B","I11:264","R1:3513"
"SRB","BA:467","EMP_TEMP_SEX_GAI_NB","SEX_T","GAI_GRADIENT_3","2014",147.277,"B","I11:264","R1:3513"
"SRB","BA:467","EMP_TEMP_SEX_GAI_NB","SEX_T","GAI_GRADIENT_2","2014",171.326,"B","I11:264","R1:3513"
"SRB","BA:467","EMP_TEMP_SEX_GAI_NB","SEX_T","GAI_GRADIENT_1","2014",229.095,"B","I11:264","R1:3513"
"SRB","BA:467","EMP_TEMP_SEX_GAI_NB","SEX_T","GAI_GRADIENT_5","2014",351.641,"B","I11:264","R1:3513"
"SRB","BA:467","EMP_TEMP_SEX_GAI_NB","SEX_T","GAI_GRADIENT_X","2014",1573.245,"B","I11:264","R1:3513"
"SRB","BA:467","EMP_TEMP_SEX_GAI_NB","SEX_M","GAI_GRADIENT_TOTAL","2014",1456.99,"B","I11:264","R1:3513"
"SRB","BA:467","EMP_TEMP_SEX_GAI_NB","SEX_M","GAI_GRADIENT_4","2014",19.765,"B","I11:264","R1:3513"
"SRB","BA:467","EMP_TEMP_SEX_GAI_NB","SEX_M","GAI_GRADIENT_3","2014",54.434,"B","I11:264","R1:3513"
"SRB","BA:467","EMP_TEMP_SEX_GAI_NB","SEX_M","GAI_GRADIENT_2","2014",100.081,"B","I11:264","R1:3513"
"SRB","BA:467","EMP_TEMP_SEX_GAI_NB","SEX_M","GAI_GRADIENT_1","2014",99.386,"B","I11:264","R1:3513"
"SRB","BA:467","EMP_TEMP_SEX_GAI_NB","SEX_M","GAI_GRADIENT_5","2014",201.897,"B","I11:264","R1:3513"
"SRB","BA:467","EMP_TEMP_SEX_GAI_NB","SEX_M","GAI_GRADIENT_X","2014",981.428,"B","I11:264","R1:3513"
"SRB","BA:467","EMP_TEMP_SEX_GAI_NB","SEX_F","GAI_GRADIENT_TOTAL","2014",1102.011,"B","I11:264","R1:3513"
"SRB","BA:467","EMP_TEMP_SEX_GAI_NB","SEX_F","GAI_GRADIENT_4","2014",66.652,"B","I11:264","R1:3513"
"SRB","BA:467","EMP_TEMP_SEX_GAI_NB","SEX_F","GAI_GRADIENT_3","2014",92.843,"B","I11:264","R1:3513"
"SRB","BA:467","EMP_TEMP_SEX_GAI_NB","SEX_F","GAI_GRADIENT_2","2014",71.245,"B","I11:264","R1:3513"
"SRB","BA:467","EMP_TEMP_SEX_GAI_NB","SEX_F","GAI_GRADIENT_1","2014",129.709,"B","I11:264","R1:3513"
"SRB","BA:467","EMP_TEMP_SEX_GAI_NB","SEX_F","GAI_GRADIENT_5","2014",149.745,"B","I11:264","R1:3513"
"SRB","BA:467","EMP_TEMP_SEX_GAI_NB","SEX_F","GAI_GRADIENT_X","2014",591.817,"B","I11:264","R1:3513"
"SRB","BA:467","EMP_TEMP_SEX_GAI_NB","SEX_T","GAI_GRADIENT_TOTAL","2013",2310.718,"B","I11:264","R1:3513"
"SRB","BA:467","EMP_TEMP_SEX_GAI_NB","SEX_T","GAI_GRADIENT_4","2013",72.426,"B","I11:264","R1:3513"
"SRB","BA:467","EMP_TEMP_SEX_GAI_NB","SEX_T","GAI_GRADIENT_3","2013",120.876,"B","I11:264","R1:3513"
"SRB","BA:467","EMP_TEMP_SEX_GAI_NB","SEX_T","GAI_GRADIENT_2","2013",144.687,"B","I11:264","R1:3513"
"SRB","BA:467","EMP_TEMP_SEX_GAI_NB","SEX_T","GAI_GRADIENT_1","2013",208.155,"B","I11:264","R1:3513"
"SRB","BA:467","EMP_TEMP_SEX_GAI_NB","SEX_T","GAI_GRADIENT_5","2013",312.738,"B","I11:264","R1:3513"
"SRB","BA:467","EMP_TEMP_SEX_GAI_NB","SEX_T","GAI_GRADIENT_X","2013",1451.837,"B","I11:264","R1:3513"
"SRB","BA:467","EMP_TEMP_SEX_GAI_NB","SEX_M","GAI_GRADIENT_TOTAL","2013",1332.611,"B","I11:264","R1:3513"
"SRB","BA:467","EMP_TEMP_SEX_GAI_NB","SEX_M","GAI_GRADIENT_4","2013",18.616,"B","I11:264","R1:3513"
"SRB","BA:467","EMP_TEMP_SEX_GAI_NB","SEX_M","GAI_GRADIENT_3","2013",42.376,"B","I11:264","R1:3513"
"SRB","BA:467","EMP_TEMP_SEX_GAI_NB","SEX_M","GAI_GRADIENT_2","2013",85.434,"B","I11:264","R1:3513"
"SRB","BA:467","EMP_TEMP_SEX_GAI_NB","SEX_M","GAI_GRADIENT_1","2013",89.689,"B","I11:264","R1:3513"
"SRB","BA:467","EMP_TEMP_SEX_GAI_NB","SEX_M","GAI_GRADIENT_5","2013",183.958,"B","I11:264","R1:3513"
"SRB","BA:467","EMP_TEMP_SEX_GAI_NB","SEX_M","GAI_GRADIENT_X","2013",912.537,"B","I11:264","R1:3513"
"SRB","BA:467","EMP_TEMP_SEX_GAI_NB","SEX_F","GAI_GRADIENT_TOTAL","2013",978.107,"B","I11:264","R1:3513"
"SRB","BA:467","EMP_TEMP_SEX_GAI_NB","SEX_F","GAI_GRADIENT_4","2013",53.81,"B","I11:264","R1:3513"
"SRB","BA:467","EMP_TEMP_SEX_GAI_NB","SEX_F","GAI_GRADIENT_3","2013",78.5,"B","I11:264","R1:3513"
"SRB","BA:467","EMP_TEMP_SEX_GAI_NB","SEX_F","GAI_GRADIENT_2","2013",59.253,"B","I11:264","R1:3513"
"SRB","BA:467","EMP_TEMP_SEX_GAI_NB","SEX_F","GAI_GRADIENT_1","2013",118.465,"B","I11:264","R1:3513"
"SRB","BA:467","EMP_TEMP_SEX_GAI_NB","SEX_F","GAI_GRADIENT_5","2013",128.78,"B","I11:264","R1:3513"
"SRB","BA:467","EMP_TEMP_SEX_GAI_NB","SEX_F","GAI_GRADIENT_X","2013",539.3,"B","I11:264","R1:3513"
"SRB","BA:467","EMP_TEMP_SEX_GAI_NB","SEX_T","GAI_GRADIENT_TOTAL","2012",2228.022,"B","I11:264","R1:3513"
"SRB","BA:467","EMP_TEMP_SEX_GAI_NB","SEX_T","GAI_GRADIENT_4","2012",27.529,"B","I11:264","R1:3513"
"SRB","BA:467","EMP_TEMP_SEX_GAI_NB","SEX_T","GAI_GRADIENT_3","2012",33.802,"B","I11:264","R1:3513"
"SRB","BA:467","EMP_TEMP_SEX_GAI_NB","SEX_T","GAI_GRADIENT_2","2012",44.001,"B","I11:264","R1:3513"
"SRB","BA:467","EMP_TEMP_SEX_GAI_NB","SEX_T","GAI_GRADIENT_1","2012",84.942,"B","I11:264","R1:3513"
"SRB","BA:467","EMP_TEMP_SEX_GAI_NB","SEX_T","GAI_GRADIENT_5","2012",138.678,"B","I11:264","R1:3513"
"SRB","BA:467","EMP_TEMP_SEX_GAI_NB","SEX_T","GAI_GRADIENT_X","2012",1899.071,"B","I11:264","R1:3513"
"SRB","BA:467","EMP_TEMP_SEX_GAI_NB","SEX_M","GAI_GRADIENT_TOTAL","2012",1292.795,"B","I11:264","R1:3513"
"SRB","BA:467","EMP_TEMP_SEX_GAI_NB","SEX_M","GAI_GRADIENT_4","2012",25.029,"B","I11:264","R1:3513"
"SRB","BA:467","EMP_TEMP_SEX_GAI_NB","SEX_M","GAI_GRADIENT_3","2012",15.505,"B","I11:264","R1:3513"
"SRB","BA:467","EMP_TEMP_SEX_GAI_NB","SEX_M","GAI_GRADIENT_2","2012",20.747,"B","I11:264","R1:3513"
"SRB","BA:467","EMP_TEMP_SEX_GAI_NB","SEX_M","GAI_GRADIENT_1","2012",47.453,"B","I11:264","R1:3513"
"SRB","BA:467","EMP_TEMP_SEX_GAI_NB","SEX_M","GAI_GRADIENT_5","2012",82.318,"B","I11:264","R1:3513"
"SRB","BA:467","EMP_TEMP_SEX_GAI_NB","SEX_M","GAI_GRADIENT_X","2012",1101.742,"B","I11:264","R1:3513"
"SRB","BA:467","EMP_TEMP_SEX_GAI_NB","SEX_F","GAI_GRADIENT_TOTAL","2012",935.227,"B","I11:264","R1:3513"
"SRB","BA:467","EMP_TEMP_SEX_GAI_NB","SEX_F","GAI_GRADIENT_4","2012",2.5,"B","I11:264","R1:3513"
"SRB","BA:467","EMP_TEMP_SEX_GAI_NB","SEX_F","GAI_GRADIENT_3","2012",18.297,"B","I11:264","R1:3513"
"SRB","BA:467","EMP_TEMP_SEX_GAI_NB","SEX_F","GAI_GRADIENT_2","2012",23.253,"B","I11:264","R1:3513"
"SRB","BA:467","EMP_TEMP_SEX_GAI_NB","SEX_F","GAI_GRADIENT_1","2012",37.489,"B","I11:264","R1:3513"
"SRB","BA:467","EMP_TEMP_SEX_GAI_NB","SEX_F","GAI_GRADIENT_5","2012",56.36,"B","I11:264","R1:3513"
"SRB","BA:467","EMP_TEMP_SEX_GAI_NB","SEX_F","GAI_GRADIENT_X","2012",797.328,"B","I11:264","R1:3513"
"SRB","BA:467","EMP_TEMP_SEX_GAI_NB","SEX_T","GAI_GRADIENT_TOTAL","2011",2253.209,,,"R1:3513"
"SRB","BA:467","EMP_TEMP_SEX_GAI_NB","SEX_T","GAI_GRADIENT_4","2011",23.407,,,"R1:3513"
"SRB","BA:467","EMP_TEMP_SEX_GAI_NB","SEX_T","GAI_GRADIENT_3","2011",30.213,,,"R1:3513"
"SRB","BA:467","EMP_TEMP_SEX_GAI_NB","SEX_T","GAI_GRADIENT_2","2011",42.704,,,"R1:3513"
"SRB","BA:467","EMP_TEMP_SEX_GAI_NB","SEX_T","GAI_GRADIENT_1","2011",105.02,,,"R1:3513"
"SRB","BA:467","EMP_TEMP_SEX_GAI_NB","SEX_T","GAI_GRADIENT_5","2011",144.897,,,"R1:3513"
"SRB","BA:467","EMP_TEMP_SEX_GAI_NB","SEX_T","GAI_GRADIENT_X","2011",1906.968,,,"R1:3513"
"SRB","BA:467","EMP_TEMP_SEX_GAI_NB","SEX_M","GAI_GRADIENT_TOTAL","2011",1304.994,,,"R1:3513"
"SRB","BA:467","EMP_TEMP_SEX_GAI_NB","SEX_M","GAI_GRADIENT_4","2011",20.03,,,"R1:3513"
"SRB","BA:467","EMP_TEMP_SEX_GAI_NB","SEX_M","GAI_GRADIENT_3","2011",14.105,,,"R1:3513"
"SRB","BA:467","EMP_TEMP_SEX_GAI_NB","SEX_M","GAI_GRADIENT_2","2011",19.481,,,"R1:3513"
"SRB","BA:467","EMP_TEMP_SEX_GAI_NB","SEX_M","GAI_GRADIENT_1","2011",56.215,,,"R1:3513"
"SRB","BA:467","EMP_TEMP_SEX_GAI_NB","SEX_M","GAI_GRADIENT_5","2011",81.577,,,"R1:3513"
"SRB","BA:467","EMP_TEMP_SEX_GAI_NB","SEX_M","GAI_GRADIENT_X","2011",1113.584,,,"R1:3513"
"SRB","BA:467","EMP_TEMP_SEX_GAI_NB","SEX_F","GAI_GRADIENT_TOTAL","2011",948.215,,,"R1:3513"
"SRB","BA:467","EMP_TEMP_SEX_GAI_NB","SEX_F","GAI_GRADIENT_4","2011",3.378,,,"R1:3513"
"SRB","BA:467","EMP_TEMP_SEX_GAI_NB","SEX_F","GAI_GRADIENT_3","2011",16.107,,,"R1:3513"
"SRB","BA:467","EMP_TEMP_SEX_GAI_NB","SEX_F","GAI_GRADIENT_2","2011",23.223,,,"R1:3513"
"SRB","BA:467","EMP_TEMP_SEX_GAI_NB","SEX_F","GAI_GRADIENT_1","2011",48.805,,,"R1:3513"
"SRB","BA:467","EMP_TEMP_SEX_GAI_NB","SEX_F","GAI_GRADIENT_5","2011",63.319,,,"R1:3513"
"SRB","BA:467","EMP_TEMP_SEX_GAI_NB","SEX_F","GAI_GRADIENT_X","2011",793.383,,,"R1:3513"
"STP","BB:16233","EMP_TEMP_SEX_GAI_NB","SEX_T","GAI_GRADIENT_TOTAL","2017",52.886,,,"R1:3513_T2:79"
"STP","BB:16233","EMP_TEMP_SEX_GAI_NB","SEX_T","GAI_GRADIENT_4","2017",0.475,,,"R1:3513_T2:79"
"STP","BB:16233","EMP_TEMP_SEX_GAI_NB","SEX_T","GAI_GRADIENT_3","2017",1.641,,,"R1:3513_T2:79"
"STP","BB:16233","EMP_TEMP_SEX_GAI_NB","SEX_T","GAI_GRADIENT_2","2017",3.701,,,"R1:3513_T2:79"
"STP","BB:16233","EMP_TEMP_SEX_GAI_NB","SEX_T","GAI_GRADIENT_1","2017",2.567,,,"R1:3513_T2:79"
"STP","BB:16233","EMP_TEMP_SEX_GAI_NB","SEX_T","GAI_GRADIENT_5","2017",7.022,,,"R1:3513_T2:79"
"STP","BB:16233","EMP_TEMP_SEX_GAI_NB","SEX_T","GAI_GRADIENT_X","2017",37.48,,,"R1:3513_T2:79"
"STP","BB:16233","EMP_TEMP_SEX_GAI_NB","SEX_M","GAI_GRADIENT_TOTAL","2017",32.293,,,"R1:3513_T2:79"
"STP","BB:16233","EMP_TEMP_SEX_GAI_NB","SEX_M","GAI_GRADIENT_4","2017",0.149,"U",,"R1:3513_T2:79"
"STP","BB:16233","EMP_TEMP_SEX_GAI_NB","SEX_M","GAI_GRADIENT_3","2017",1.147,,,"R1:3513_T2:79"
"STP","BB:16233","EMP_TEMP_SEX_GAI_NB","SEX_M","GAI_GRADIENT_2","2017",1.32,,,"R1:3513_T2:79"
"STP","BB:16233","EMP_TEMP_SEX_GAI_NB","SEX_M","GAI_GRADIENT_1","2017",0.85,,,"R1:3513_T2:79"
"STP","BB:16233","EMP_TEMP_SEX_GAI_NB","SEX_M","GAI_GRADIENT_5","2017",3.803,,,"R1:3513_T2:79"
"STP","BB:16233","EMP_TEMP_SEX_GAI_NB","SEX_M","GAI_GRADIENT_X","2017",25.025,,,"R1:3513_T2:79"
"STP","BB:16233","EMP_TEMP_SEX_GAI_NB","SEX_F","GAI_GRADIENT_TOTAL","2017",20.593,,,"R1:3513_T2:79"
"STP","BB:16233","EMP_TEMP_SEX_GAI_NB","SEX_F","GAI_GRADIENT_4","2017",0.326,,,"R1:3513_T2:79"
"STP","BB:16233","EMP_TEMP_SEX_GAI_NB","SEX_F","GAI_GRADIENT_3","2017",0.495,,,"R1:3513_T2:79"
"STP","BB:16233","EMP_TEMP_SEX_GAI_NB","SEX_F","GAI_GRADIENT_2","2017",2.381,,,"R1:3513_T2:79"
"STP","BB:16233","EMP_TEMP_SEX_GAI_NB","SEX_F","GAI_GRADIENT_1","2017",1.717,,,"R1:3513_T2:79"
"STP","BB:16233","EMP_TEMP_SEX_GAI_NB","SEX_F","GAI_GRADIENT_5","2017",3.219,,,"R1:3513_T2:79"
"STP","BB:16233","EMP_TEMP_SEX_GAI_NB","SEX_F","GAI_GRADIENT_X","2017",12.456,,,"R1:3513_T2:79"
"SUR","BB:15691","EMP_TEMP_SEX_GAI_NB","SEX_T","GAI_GRADIENT_TOTAL","2016",189.681,,,"R1:3513"
"SUR","BB:15691","EMP_TEMP_SEX_GAI_NB","SEX_T","GAI_GRADIENT_4","2016",9.318,,,"R1:3513"
"SUR","BB:15691","EMP_TEMP_SEX_GAI_NB","SEX_T","GAI_GRADIENT_3","2016",10.257,,,"R1:3513"
"SUR","BB:15691","EMP_TEMP_SEX_GAI_NB","SEX_T","GAI_GRADIENT_2","2016",10.909,,,"R1:3513"
"SUR","BB:15691","EMP_TEMP_SEX_GAI_NB","SEX_T","GAI_GRADIENT_1","2016",15.266,,,"R1:3513"
"SUR","BB:15691","EMP_TEMP_SEX_GAI_NB","SEX_T","GAI_GRADIENT_5","2016",33.629,,,"R1:3513"
"SUR","BB:15691","EMP_TEMP_SEX_GAI_NB","SEX_T","GAI_GRADIENT_X","2016",110.301,,,"R1:3513"
"SUR","BB:15691","EMP_TEMP_SEX_GAI_NB","SEX_M","GAI_GRADIENT_TOTAL","2016",114.197,,,"R1:3513"
"SUR","BB:15691","EMP_TEMP_SEX_GAI_NB","SEX_M","GAI_GRADIENT_4","2016",2.368,,,"R1:3513"
"SUR","BB:15691","EMP_TEMP_SEX_GAI_NB","SEX_M","GAI_GRADIENT_3","2016",3.749,,,"R1:3513"
"SUR","BB:15691","EMP_TEMP_SEX_GAI_NB","SEX_M","GAI_GRADIENT_2","2016",6.114,,,"R1:3513"
"SUR","BB:15691","EMP_TEMP_SEX_GAI_NB","SEX_M","GAI_GRADIENT_1","2016",9.102,,,"R1:3513"
"SUR","BB:15691","EMP_TEMP_SEX_GAI_NB","SEX_M","GAI_GRADIENT_5","2016",21.073,,,"R1:3513"
"SUR","BB:15691","EMP_TEMP_SEX_GAI_NB","SEX_M","GAI_GRADIENT_X","2016",71.791,,,"R1:3513"
"SUR","BB:15691","EMP_TEMP_SEX_GAI_NB","SEX_F","GAI_GRADIENT_TOTAL","2016",75.484,,,"R1:3513"
"SUR","BB:15691","EMP_TEMP_SEX_GAI_NB","SEX_F","GAI_GRADIENT_4","2016",6.951,,,"R1:3513"
"SUR","BB:15691","EMP_TEMP_SEX_GAI_NB","SEX_F","GAI_GRADIENT_3","2016",6.508,,,"R1:3513"
"SUR","BB:15691","EMP_TEMP_SEX_GAI_NB","SEX_F","GAI_GRADIENT_2","2016",4.794,,,"R1:3513"
"SUR","BB:15691","EMP_TEMP_SEX_GAI_NB","SEX_F","GAI_GRADIENT_1","2016",6.164,,,"R1:3513"
"SUR","BB:15691","EMP_TEMP_SEX_GAI_NB","SEX_F","GAI_GRADIENT_5","2016",12.556,,,"R1:3513"
"SUR","BB:15691","EMP_TEMP_SEX_GAI_NB","SEX_F","GAI_GRADIENT_X","2016",38.511,,,"R1:3513"
"SWZ","BA:1672","EMP_TEMP_SEX_GAI_NB","SEX_T","GAI_GRADIENT_TOTAL","2023",224.339,,,"R1:3513"
"SWZ","BA:1672","EMP_TEMP_SEX_GAI_NB","SEX_T","GAI_GRADIENT_4","2023",6.038,,,"R1:3513"
"SWZ","BA:1672","EMP_TEMP_SEX_GAI_NB","SEX_T","GAI_GRADIENT_3","2023",5.364,,,"R1:3513"
"SWZ","BA:1672","EMP_TEMP_SEX_GAI_NB","SEX_T","GAI_GRADIENT_2","2023",14.52,,,"R1:3513"
"SWZ","BA:1672","EMP_TEMP_SEX_GAI_NB","SEX_T","GAI_GRADIENT_1","2023",21.477,,,"R1:3513"
"SWZ","BA:1672","EMP_TEMP_SEX_GAI_NB","SEX_T","GAI_GRADIENT_5","2023",22.76,,,"R1:3513"
"SWZ","BA:1672","EMP_TEMP_SEX_GAI_NB","SEX_T","GAI_GRADIENT_X","2023",154.181,,,"R1:3513"
"SWZ","BA:1672","EMP_TEMP_SEX_GAI_NB","SEX_M","GAI_GRADIENT_TOTAL","2023",113.428,,,"R1:3513"
"SWZ","BA:1672","EMP_TEMP_SEX_GAI_NB","SEX_M","GAI_GRADIENT_4","2023",2.624,,,"R1:3513"
"SWZ","BA:1672","EMP_TEMP_SEX_GAI_NB","SEX_M","GAI_GRADIENT_3","2023",1.369,"U",,"R1:3513"
"SWZ","BA:1672","EMP_TEMP_SEX_GAI_NB","SEX_M","GAI_GRADIENT_2","2023",7.577,,,"R1:3513"
"SWZ","BA:1672","EMP_TEMP_SEX_GAI_NB","SEX_M","GAI_GRADIENT_1","2023",9.265,,,"R1:3513"
"SWZ","BA:1672","EMP_TEMP_SEX_GAI_NB","SEX_M","GAI_GRADIENT_5","2023",15.819,,,"R1:3513"
"SWZ","BA:1672","EMP_TEMP_SEX_GAI_NB","SEX_M","GAI_GRADIENT_X","2023",76.774,,,"R1:3513"
"SWZ","BA:1672","EMP_TEMP_SEX_GAI_NB","SEX_F","GAI_GRADIENT_TOTAL","2023",110.912,,,"R1:3513"
"SWZ","BA:1672","EMP_TEMP_SEX_GAI_NB","SEX_F","GAI_GRADIENT_4","2023",3.414,,,"R1:3513"
"SWZ","BA:1672","EMP_TEMP_SEX_GAI_NB","SEX_F","GAI_GRADIENT_3","2023",3.995,,,"R1:3513"
"SWZ","BA:1672","EMP_TEMP_SEX_GAI_NB","SEX_F","GAI_GRADIENT_2","2023",6.943,,,"R1:3513"
"SWZ","BA:1672","EMP_TEMP_SEX_GAI_NB","SEX_F","GAI_GRADIENT_1","2023",12.211,,,"R1:3513"
"SWZ","BA:1672","EMP_TEMP_SEX_GAI_NB","SEX_F","GAI_GRADIENT_5","2023",6.941,,,"R1:3513"
"SWZ","BA:1672","EMP_TEMP_SEX_GAI_NB","SEX_F","GAI_GRADIENT_X","2023",77.407,,,"R1:3513"
"SWZ","BA:1672","EMP_TEMP_SEX_GAI_NB","SEX_T","GAI_GRADIENT_TOTAL","2021",258.743,,,"R1:3513"
"SWZ","BA:1672","EMP_TEMP_SEX_GAI_NB","SEX_T","GAI_GRADIENT_4","2021",7.699,,,"R1:3513"
"SWZ","BA:1672","EMP_TEMP_SEX_GAI_NB","SEX_T","GAI_GRADIENT_3","2021",7.114,,,"R1:3513"
"SWZ","BA:1672","EMP_TEMP_SEX_GAI_NB","SEX_T","GAI_GRADIENT_2","2021",14.663,,,"R1:3513"
"SWZ","BA:1672","EMP_TEMP_SEX_GAI_NB","SEX_T","GAI_GRADIENT_1","2021",25.034,,,"R1:3513"
"SWZ","BA:1672","EMP_TEMP_SEX_GAI_NB","SEX_T","GAI_GRADIENT_5","2021",27.536,,,"R1:3513"
"SWZ","BA:1672","EMP_TEMP_SEX_GAI_NB","SEX_T","GAI_GRADIENT_X","2021",176.698,,,"R1:3513"
"SWZ","BA:1672","EMP_TEMP_SEX_GAI_NB","SEX_M","GAI_GRADIENT_TOTAL","2021",126.423,,,"R1:3513"
"SWZ","BA:1672","EMP_TEMP_SEX_GAI_NB","SEX_M","GAI_GRADIENT_4","2021",2.579,,,"R1:3513"
"SWZ","BA:1672","EMP_TEMP_SEX_GAI_NB","SEX_M","GAI_GRADIENT_3","2021",2.108,,,"R1:3513"
"SWZ","BA:1672","EMP_TEMP_SEX_GAI_NB","SEX_M","GAI_GRADIENT_2","2021",5.326,,,"R1:3513"
"SWZ","BA:1672","EMP_TEMP_SEX_GAI_NB","SEX_M","GAI_GRADIENT_1","2021",10.217,,,"R1:3513"
"SWZ","BA:1672","EMP_TEMP_SEX_GAI_NB","SEX_M","GAI_GRADIENT_5","2021",16.07,,,"R1:3513"
"SWZ","BA:1672","EMP_TEMP_SEX_GAI_NB","SEX_M","GAI_GRADIENT_X","2021",90.123,,,"R1:3513"
"SWZ","BA:1672","EMP_TEMP_SEX_GAI_NB","SEX_F","GAI_GRADIENT_TOTAL","2021",132.32,,,"R1:3513"
"SWZ","BA:1672","EMP_TEMP_SEX_GAI_NB","SEX_F","GAI_GRADIENT_4","2021",5.12,,,"R1:3513"
"SWZ","BA:1672","EMP_TEMP_SEX_GAI_NB","SEX_F","GAI_GRADIENT_3","2021",5.007,,,"R1:3513"
"SWZ","BA:1672","EMP_TEMP_SEX_GAI_NB","SEX_F","GAI_GRADIENT_2","2021",9.337,,,"R1:3513"
"SWZ","BA:1672","EMP_TEMP_SEX_GAI_NB","SEX_F","GAI_GRADIENT_1","2021",14.817,,,"R1:3513"
"SWZ","BA:1672","EMP_TEMP_SEX_GAI_NB","SEX_F","GAI_GRADIENT_5","2021",11.465,,,"R1:3513"
"SWZ","BA:1672","EMP_TEMP_SEX_GAI_NB","SEX_F","GAI_GRADIENT_X","2021",86.574,,,"R1:3513"
"SWZ","BA:1672","EMP_TEMP_SEX_GAI_NB","SEX_T","GAI_GRADIENT_TOTAL","2016",291.964,,,"R1:3513"
"SWZ","BA:1672","EMP_TEMP_SEX_GAI_NB","SEX_T","GAI_GRADIENT_4","2016",2.484,,,"R1:3513"
"SWZ","BA:1672","EMP_TEMP_SEX_GAI_NB","SEX_T","GAI_GRADIENT_3","2016",11.234,,,"R1:3513"
"SWZ","BA:1672","EMP_TEMP_SEX_GAI_NB","SEX_T","GAI_GRADIENT_2","2016",5.78,,,"R1:3513"
"SWZ","BA:1672","EMP_TEMP_SEX_GAI_NB","SEX_T","GAI_GRADIENT_1","2016",29.936,,,"R1:3513"
"SWZ","BA:1672","EMP_TEMP_SEX_GAI_NB","SEX_T","GAI_GRADIENT_5","2016",46.036,,,"R1:3513"
"SWZ","BA:1672","EMP_TEMP_SEX_GAI_NB","SEX_T","GAI_GRADIENT_X","2016",196.493,,,"R1:3513"
"SWZ","BA:1672","EMP_TEMP_SEX_GAI_NB","SEX_M","GAI_GRADIENT_TOTAL","2016",149.657,,,"R1:3513"
"SWZ","BA:1672","EMP_TEMP_SEX_GAI_NB","SEX_M","GAI_GRADIENT_4","2016",1.234,"U",,"R1:3513"
"SWZ","BA:1672","EMP_TEMP_SEX_GAI_NB","SEX_M","GAI_GRADIENT_3","2016",5.06,,,"R1:3513"
"SWZ","BA:1672","EMP_TEMP_SEX_GAI_NB","SEX_M","GAI_GRADIENT_2","2016",3.316,,,"R1:3513"
"SWZ","BA:1672","EMP_TEMP_SEX_GAI_NB","SEX_M","GAI_GRADIENT_1","2016",11.283,,,"R1:3513"
"SWZ","BA:1672","EMP_TEMP_SEX_GAI_NB","SEX_M","GAI_GRADIENT_5","2016",24.16,,,"R1:3513"
"SWZ","BA:1672","EMP_TEMP_SEX_GAI_NB","SEX_M","GAI_GRADIENT_X","2016",104.604,,,"R1:3513"
"SWZ","BA:1672","EMP_TEMP_SEX_GAI_NB","SEX_F","GAI_GRADIENT_TOTAL","2016",142.307,,,"R1:3513"
"SWZ","BA:1672","EMP_TEMP_SEX_GAI_NB","SEX_F","GAI_GRADIENT_4","2016",1.25,"U",,"R1:3513"
"SWZ","BA:1672","EMP_TEMP_SEX_GAI_NB","SEX_F","GAI_GRADIENT_3","2016",6.175,,,"R1:3513"
"SWZ","BA:1672","EMP_TEMP_SEX_GAI_NB","SEX_F","GAI_GRADIENT_2","2016",2.464,,,"R1:3513"
"SWZ","BA:1672","EMP_TEMP_SEX_GAI_NB","SEX_F","GAI_GRADIENT_1","2016",18.653,,,"R1:3513"
"SWZ","BA:1672","EMP_TEMP_SEX_GAI_NB","SEX_F","GAI_GRADIENT_5","2016",21.877,,,"R1:3513"
"SWZ","BA:1672","EMP_TEMP_SEX_GAI_NB","SEX_F","GAI_GRADIENT_X","2016",91.888,,,"R1:3513"
"SYC","BA:2524","EMP_TEMP_SEX_GAI_NB","SEX_T","GAI_GRADIENT_TOTAL","2020",48.537,,,"R1:3513"
"SYC","BA:2524","EMP_TEMP_SEX_GAI_NB","SEX_T","GAI_GRADIENT_4","2020",1.406,,,"R1:3513"
"SYC","BA:2524","EMP_TEMP_SEX_GAI_NB","SEX_T","GAI_GRADIENT_3","2020",3.807,,,"R1:3513"
"SYC","BA:2524","EMP_TEMP_SEX_GAI_NB","SEX_T","GAI_GRADIENT_2","2020",2.77,,,"R1:3513"
"SYC","BA:2524","EMP_TEMP_SEX_GAI_NB","SEX_T","GAI_GRADIENT_1","2020",4.13,,,"R1:3513"
"SYC","BA:2524","EMP_TEMP_SEX_GAI_NB","SEX_T","GAI_GRADIENT_5","2020",9.078,,,"R1:3513"
"SYC","BA:2524","EMP_TEMP_SEX_GAI_NB","SEX_T","GAI_GRADIENT_X","2020",27.347,,,"R1:3513"
"SYC","BA:2524","EMP_TEMP_SEX_GAI_NB","SEX_M","GAI_GRADIENT_TOTAL","2020",23.733,,,"R1:3513"
"SYC","BA:2524","EMP_TEMP_SEX_GAI_NB","SEX_M","GAI_GRADIENT_4","2020",0.139,,,"R1:3513"
"SYC","BA:2524","EMP_TEMP_SEX_GAI_NB","SEX_M","GAI_GRADIENT_3","2020",0.834,,,"R1:3513"
"SYC","BA:2524","EMP_TEMP_SEX_GAI_NB","SEX_M","GAI_GRADIENT_2","2020",1.199,,,"R1:3513"
"SYC","BA:2524","EMP_TEMP_SEX_GAI_NB","SEX_M","GAI_GRADIENT_1","2020",2.182,,,"R1:3513"
"SYC","BA:2524","EMP_TEMP_SEX_GAI_NB","SEX_M","GAI_GRADIENT_5","2020",3.498,,,"R1:3513"
"SYC","BA:2524","EMP_TEMP_SEX_GAI_NB","SEX_M","GAI_GRADIENT_X","2020",15.881,,,"R1:3513"
"SYC","BA:2524","EMP_TEMP_SEX_GAI_NB","SEX_F","GAI_GRADIENT_TOTAL","2020",24.804,,,"R1:3513"
"SYC","BA:2524","EMP_TEMP_SEX_GAI_NB","SEX_F","GAI_GRADIENT_4","2020",1.267,,,"R1:3513"
"SYC","BA:2524","EMP_TEMP_SEX_GAI_NB","SEX_F","GAI_GRADIENT_3","2020",2.973,,,"R1:3513"
"SYC","BA:2524","EMP_TEMP_SEX_GAI_NB","SEX_F","GAI_GRADIENT_2","2020",1.57,,,"R1:3513"
"SYC","BA:2524","EMP_TEMP_SEX_GAI_NB","SEX_F","GAI_GRADIENT_1","2020",1.948,,,"R1:3513"
"SYC","BA:2524","EMP_TEMP_SEX_GAI_NB","SEX_F","GAI_GRADIENT_5","2020",5.58,,,"R1:3513"
"SYC","BA:2524","EMP_TEMP_SEX_GAI_NB","SEX_F","GAI_GRADIENT_X","2020",11.466,,,"R1:3513"
"SYC","BA:2524","EMP_TEMP_SEX_GAI_NB","SEX_T","GAI_GRADIENT_TOTAL","2019",48.493,,,"R1:3513"
"SYC","BA:2524","EMP_TEMP_SEX_GAI_NB","SEX_T","GAI_GRADIENT_4","2019",1.215,,,"R1:3513"
"SYC","BA:2524","EMP_TEMP_SEX_GAI_NB","SEX_T","GAI_GRADIENT_3","2019",4.162,,,"R1:3513"
"SYC","BA:2524","EMP_TEMP_SEX_GAI_NB","SEX_T","GAI_GRADIENT_2","2019",2.652,,,"R1:3513"
"SYC","BA:2524","EMP_TEMP_SEX_GAI_NB","SEX_T","GAI_GRADIENT_1","2019",4.672,,,"R1:3513"
"SYC","BA:2524","EMP_TEMP_SEX_GAI_NB","SEX_T","GAI_GRADIENT_5","2019",9.922,,,"R1:3513"
"SYC","BA:2524","EMP_TEMP_SEX_GAI_NB","SEX_T","GAI_GRADIENT_X","2019",25.871,,,"R1:3513"
"SYC","BA:2524","EMP_TEMP_SEX_GAI_NB","SEX_M","GAI_GRADIENT_TOTAL","2019",24.043,,,"R1:3513"
"SYC","BA:2524","EMP_TEMP_SEX_GAI_NB","SEX_M","GAI_GRADIENT_4","2019",0.148,,,"R1:3513"
"SYC","BA:2524","EMP_TEMP_SEX_GAI_NB","SEX_M","GAI_GRADIENT_3","2019",0.928,,,"R1:3513"
"SYC","BA:2524","EMP_TEMP_SEX_GAI_NB","SEX_M","GAI_GRADIENT_2","2019",1.14,,,"R1:3513"
"SYC","BA:2524","EMP_TEMP_SEX_GAI_NB","SEX_M","GAI_GRADIENT_1","2019",2.561,,,"R1:3513"
"SYC","BA:2524","EMP_TEMP_SEX_GAI_NB","SEX_M","GAI_GRADIENT_5","2019",3.835,,,"R1:3513"
"SYC","BA:2524","EMP_TEMP_SEX_GAI_NB","SEX_M","GAI_GRADIENT_X","2019",15.43,,,"R1:3513"
"SYC","BA:2524","EMP_TEMP_SEX_GAI_NB","SEX_F","GAI_GRADIENT_TOTAL","2019",24.451,,,"R1:3513"
"SYC","BA:2524","EMP_TEMP_SEX_GAI_NB","SEX_F","GAI_GRADIENT_4","2019",1.067,,,"R1:3513"
"SYC","BA:2524","EMP_TEMP_SEX_GAI_NB","SEX_F","GAI_GRADIENT_3","2019",3.233,,,"R1:3513"
"SYC","BA:2524","EMP_TEMP_SEX_GAI_NB","SEX_F","GAI_GRADIENT_2","2019",1.512,,,"R1:3513"
"SYC","BA:2524","EMP_TEMP_SEX_GAI_NB","SEX_F","GAI_GRADIENT_1","2019",2.111,,,"R1:3513"
"SYC","BA:2524","EMP_TEMP_SEX_GAI_NB","SEX_F","GAI_GRADIENT_5","2019",6.086,,,"R1:3513"
"SYC","BA:2524","EMP_TEMP_SEX_GAI_NB","SEX_F","GAI_GRADIENT_X","2019",10.441,,,"R1:3513"
"THA","BA:741","EMP_TEMP_SEX_GAI_NB","SEX_T","GAI_GRADIENT_TOTAL","2025",39624.554,,,"R1:3513"
"THA","BA:741","EMP_TEMP_SEX_GAI_NB","SEX_T","GAI_GRADIENT_4","2025",1447.629,,,"R1:3513"
"THA","BA:741","EMP_TEMP_SEX_GAI_NB","SEX_T","GAI_GRADIENT_3","2025",715.565,,,"R1:3513"
"THA","BA:741","EMP_TEMP_SEX_GAI_NB","SEX_T","GAI_GRADIENT_2","2025",2172.147,,,"R1:3513"
"THA","BA:741","EMP_TEMP_SEX_GAI_NB","SEX_T","GAI_GRADIENT_1","2025",3769.724,,,"R1:3513"
"THA","BA:741","EMP_TEMP_SEX_GAI_NB","SEX_T","GAI_GRADIENT_5","2025",4459.87,,,"R1:3513"
"THA","BA:741","EMP_TEMP_SEX_GAI_NB","SEX_T","GAI_GRADIENT_X","2025",27059.62,,,"R1:3513"
"THA","BA:741","EMP_TEMP_SEX_GAI_NB","SEX_M","GAI_GRADIENT_TOTAL","2025",21260.101,,,"R1:3513"
"THA","BA:741","EMP_TEMP_SEX_GAI_NB","SEX_M","GAI_GRADIENT_4","2025",329.001,,,"R1:3513"
"THA","BA:741","EMP_TEMP_SEX_GAI_NB","SEX_M","GAI_GRADIENT_3","2025",256.571,,,"R1:3513"
"THA","BA:741","EMP_TEMP_SEX_GAI_NB","SEX_M","GAI_GRADIENT_2","2025",954.823,,,"R1:3513"
"THA","BA:741","EMP_TEMP_SEX_GAI_NB","SEX_M","GAI_GRADIENT_1","2025",1958.656,,,"R1:3513"
"THA","BA:741","EMP_TEMP_SEX_GAI_NB","SEX_M","GAI_GRADIENT_5","2025",2520.173,,,"R1:3513"
"THA","BA:741","EMP_TEMP_SEX_GAI_NB","SEX_M","GAI_GRADIENT_X","2025",15240.877,,,"R1:3513"
"THA","BA:741","EMP_TEMP_SEX_GAI_NB","SEX_F","GAI_GRADIENT_TOTAL","2025",18364.454,,,"R1:3513"
"THA","BA:741","EMP_TEMP_SEX_GAI_NB","SEX_F","GAI_GRADIENT_4","2025",1118.628,,,"R1:3513"
"THA","BA:741","EMP_TEMP_SEX_GAI_NB","SEX_F","GAI_GRADIENT_3","2025",458.994,,,"R1:3513"
"THA","BA:741","EMP_TEMP_SEX_GAI_NB","SEX_F","GAI_GRADIENT_2","2025",1217.324,,,"R1:3513"
"THA","BA:741","EMP_TEMP_SEX_GAI_NB","SEX_F","GAI_GRADIENT_1","2025",1811.068,,,"R1:3513"
"THA","BA:741","EMP_TEMP_SEX_GAI_NB","SEX_F","GAI_GRADIENT_5","2025",1939.697,,,"R1:3513"
"THA","BA:741","EMP_TEMP_SEX_GAI_NB","SEX_F","GAI_GRADIENT_X","2025",11818.743,,,"R1:3513"
"THA","BA:741","EMP_TEMP_SEX_GAI_NB","SEX_T","GAI_GRADIENT_TOTAL","2024",39806.358,,,"R1:3513"
"THA","BA:741","EMP_TEMP_SEX_GAI_NB","SEX_T","GAI_GRADIENT_4","2024",1471.529,,,"R1:3513"
"THA","BA:741","EMP_TEMP_SEX_GAI_NB","SEX_T","GAI_GRADIENT_3","2024",698.808,,,"R1:3513"
"THA","BA:741","EMP_TEMP_SEX_GAI_NB","SEX_T","GAI_GRADIENT_2","2024",2226.644,,,"R1:3513"
"THA","BA:741","EMP_TEMP_SEX_GAI_NB","SEX_T","GAI_GRADIENT_1","2024",3799.919,,,"R1:3513"
"THA","BA:741","EMP_TEMP_SEX_GAI_NB","SEX_T","GAI_GRADIENT_5","2024",4294.712,,,"R1:3513"
"THA","BA:741","EMP_TEMP_SEX_GAI_NB","SEX_T","GAI_GRADIENT_X","2024",27314.747,,,"R1:3513"
"THA","BA:741","EMP_TEMP_SEX_GAI_NB","SEX_M","GAI_GRADIENT_TOTAL","2024",21419.24,,,"R1:3513"
"THA","BA:741","EMP_TEMP_SEX_GAI_NB","SEX_M","GAI_GRADIENT_4","2024",334.106,,,"R1:3513"
"THA","BA:741","EMP_TEMP_SEX_GAI_NB","SEX_M","GAI_GRADIENT_3","2024",259.858,,,"R1:3513"
"THA","BA:741","EMP_TEMP_SEX_GAI_NB","SEX_M","GAI_GRADIENT_2","2024",986.824,,,"R1:3513"
"THA","BA:741","EMP_TEMP_SEX_GAI_NB","SEX_M","GAI_GRADIENT_1","2024",2018.667,,,"R1:3513"
"THA","BA:741","EMP_TEMP_SEX_GAI_NB","SEX_M","GAI_GRADIENT_5","2024",2424.948,,,"R1:3513"
"THA","BA:741","EMP_TEMP_SEX_GAI_NB","SEX_M","GAI_GRADIENT_X","2024",15394.838,,,"R1:3513"
"THA","BA:741","EMP_TEMP_SEX_GAI_NB","SEX_F","GAI_GRADIENT_TOTAL","2024",18387.118,,,"R1:3513"
"THA","BA:741","EMP_TEMP_SEX_GAI_NB","SEX_F","GAI_GRADIENT_4","2024",1137.424,,,"R1:3513"
"THA","BA:741","EMP_TEMP_SEX_GAI_NB","SEX_F","GAI_GRADIENT_3","2024",438.95,,,"R1:3513"
"THA","BA:741","EMP_TEMP_SEX_GAI_NB","SEX_F","GAI_GRADIENT_2","2024",1239.82,,,"R1:3513"
"THA","BA:741","EMP_TEMP_SEX_GAI_NB","SEX_F","GAI_GRADIENT_1","2024",1781.251,,,"R1:3513"
"THA","BA:741","EMP_TEMP_SEX_GAI_NB","SEX_F","GAI_GRADIENT_5","2024",1869.764,,,"R1:3513"
"THA","BA:741","EMP_TEMP_SEX_GAI_NB","SEX_F","GAI_GRADIENT_X","2024",11919.909,,,"R1:3513"
"THA","BA:741","EMP_TEMP_SEX_GAI_NB","SEX_T","GAI_GRADIENT_TOTAL","2023",39912.031,,,"R1:3513"
"THA","BA:741","EMP_TEMP_SEX_GAI_NB","SEX_T","GAI_GRADIENT_4","2023",1500.725,,,"R1:3513"
"THA","BA:741","EMP_TEMP_SEX_GAI_NB","SEX_T","GAI_GRADIENT_3","2023",742.009,,,"R1:3513"
"THA","BA:741","EMP_TEMP_SEX_GAI_NB","SEX_T","GAI_GRADIENT_2","2023",2337.707,,,"R1:3513"
"THA","BA:741","EMP_TEMP_SEX_GAI_NB","SEX_T","GAI_GRADIENT_1","2023",3723.631,,,"R1:3513"
"THA","BA:741","EMP_TEMP_SEX_GAI_NB","SEX_T","GAI_GRADIENT_5","2023",4177.065,,,"R1:3513"
"THA","BA:741","EMP_TEMP_SEX_GAI_NB","SEX_T","GAI_GRADIENT_X","2023",27430.894,,,"R1:3513"
"THA","BA:741","EMP_TEMP_SEX_GAI_NB","SEX_M","GAI_GRADIENT_TOTAL","2023",21370.676,,,"R1:3513"
"THA","BA:741","EMP_TEMP_SEX_GAI_NB","SEX_M","GAI_GRADIENT_4","2023",332.854,,,"R1:3513"
"THA","BA:741","EMP_TEMP_SEX_GAI_NB","SEX_M","GAI_GRADIENT_3","2023",284.757,,,"R1:3513"
"THA","BA:741","EMP_TEMP_SEX_GAI_NB","SEX_M","GAI_GRADIENT_2","2023",1048.312,,,"R1:3513"
"THA","BA:741","EMP_TEMP_SEX_GAI_NB","SEX_M","GAI_GRADIENT_1","2023",1950.572,,,"R1:3513"
"THA","BA:741","EMP_TEMP_SEX_GAI_NB","SEX_M","GAI_GRADIENT_5","2023",2388.075,,,"R1:3513"
"THA","BA:741","EMP_TEMP_SEX_GAI_NB","SEX_M","GAI_GRADIENT_X","2023",15366.105,,,"R1:3513"
"THA","BA:741","EMP_TEMP_SEX_GAI_NB","SEX_F","GAI_GRADIENT_TOTAL","2023",18541.355,,,"R1:3513"
"THA","BA:741","EMP_TEMP_SEX_GAI_NB","SEX_F","GAI_GRADIENT_4","2023",1167.87,,,"R1:3513"
"THA","BA:741","EMP_TEMP_SEX_GAI_NB","SEX_F","GAI_GRADIENT_3","2023",457.252,,,"R1:3513"
"THA","BA:741","EMP_TEMP_SEX_GAI_NB","SEX_F","GAI_GRADIENT_2","2023",1289.395,,,"R1:3513"
"THA","BA:741","EMP_TEMP_SEX_GAI_NB","SEX_F","GAI_GRADIENT_1","2023",1773.059,,,"R1:3513"
"THA","BA:741","EMP_TEMP_SEX_GAI_NB","SEX_F","GAI_GRADIENT_5","2023",1788.99,,,"R1:3513"
"THA","BA:741","EMP_TEMP_SEX_GAI_NB","SEX_F","GAI_GRADIENT_X","2023",12064.788,,,"R1:3513"
"THA","BA:741","EMP_TEMP_SEX_GAI_NB","SEX_T","GAI_GRADIENT_TOTAL","2022",39221.052,,,"R1:3513"
"THA","BA:741","EMP_TEMP_SEX_GAI_NB","SEX_T","GAI_GRADIENT_4","2022",1476.021,,,"R1:3513"
"THA","BA:741","EMP_TEMP_SEX_GAI_NB","SEX_T","GAI_GRADIENT_3","2022",742.727,,,"R1:3513"
"THA","BA:741","EMP_TEMP_SEX_GAI_NB","SEX_T","GAI_GRADIENT_2","2022",2355.499,,,"R1:3513"
"THA","BA:741","EMP_TEMP_SEX_GAI_NB","SEX_T","GAI_GRADIENT_1","2022",3536.062,,,"R1:3513"
"THA","BA:741","EMP_TEMP_SEX_GAI_NB","SEX_T","GAI_GRADIENT_5","2022",4114.611,,,"R1:3513"
"THA","BA:741","EMP_TEMP_SEX_GAI_NB","SEX_T","GAI_GRADIENT_X","2022",26996.132,,,"R1:3513"
"THA","BA:741","EMP_TEMP_SEX_GAI_NB","SEX_M","GAI_GRADIENT_TOTAL","2022",21058.125,,,"R1:3513"
"THA","BA:741","EMP_TEMP_SEX_GAI_NB","SEX_M","GAI_GRADIENT_4","2022",322.587,,,"R1:3513"
"THA","BA:741","EMP_TEMP_SEX_GAI_NB","SEX_M","GAI_GRADIENT_3","2022",276.777,,,"R1:3513"
"THA","BA:741","EMP_TEMP_SEX_GAI_NB","SEX_M","GAI_GRADIENT_2","2022",1073.985,,,"R1:3513"
"THA","BA:741","EMP_TEMP_SEX_GAI_NB","SEX_M","GAI_GRADIENT_1","2022",1861.1,,,"R1:3513"
"THA","BA:741","EMP_TEMP_SEX_GAI_NB","SEX_M","GAI_GRADIENT_5","2022",2391.384,,,"R1:3513"
"THA","BA:741","EMP_TEMP_SEX_GAI_NB","SEX_M","GAI_GRADIENT_X","2022",15132.291,,,"R1:3513"
"THA","BA:741","EMP_TEMP_SEX_GAI_NB","SEX_F","GAI_GRADIENT_TOTAL","2022",18162.927,,,"R1:3513"
"THA","BA:741","EMP_TEMP_SEX_GAI_NB","SEX_F","GAI_GRADIENT_4","2022",1153.434,,,"R1:3513"
"THA","BA:741","EMP_TEMP_SEX_GAI_NB","SEX_F","GAI_GRADIENT_3","2022",465.95,,,"R1:3513"
"THA","BA:741","EMP_TEMP_SEX_GAI_NB","SEX_F","GAI_GRADIENT_2","2022",1281.514,,,"R1:3513"
"THA","BA:741","EMP_TEMP_SEX_GAI_NB","SEX_F","GAI_GRADIENT_1","2022",1674.962,,,"R1:3513"
"THA","BA:741","EMP_TEMP_SEX_GAI_NB","SEX_F","GAI_GRADIENT_5","2022",1723.227,,,"R1:3513"
"THA","BA:741","EMP_TEMP_SEX_GAI_NB","SEX_F","GAI_GRADIENT_X","2022",11863.841,,,"R1:3513"
"THA","BA:741","EMP_TEMP_SEX_GAI_NB","SEX_T","GAI_GRADIENT_TOTAL","2021",37751.783,,,"R1:3513"
"THA","BA:741","EMP_TEMP_SEX_GAI_NB","SEX_T","GAI_GRADIENT_4","2021",1256.868,,,"R1:3513"
"THA","BA:741","EMP_TEMP_SEX_GAI_NB","SEX_T","GAI_GRADIENT_3","2021",677.592,,,"R1:3513"
"THA","BA:741","EMP_TEMP_SEX_GAI_NB","SEX_T","GAI_GRADIENT_2","2021",2208.275,,,"R1:3513"
"THA","BA:741","EMP_TEMP_SEX_GAI_NB","SEX_T","GAI_GRADIENT_1","2021",3374.425,,,"R1:3513"
"THA","BA:741","EMP_TEMP_SEX_GAI_NB","SEX_T","GAI_GRADIENT_5","2021",3793.412,,,"R1:3513"
"THA","BA:741","EMP_TEMP_SEX_GAI_NB","SEX_T","GAI_GRADIENT_X","2021",26441.211,,,"R1:3513"
"THA","BA:741","EMP_TEMP_SEX_GAI_NB","SEX_M","GAI_GRADIENT_TOTAL","2021",20459.576,,,"R1:3513"
"THA","BA:741","EMP_TEMP_SEX_GAI_NB","SEX_M","GAI_GRADIENT_4","2021",276.845,,,"R1:3513"
"THA","BA:741","EMP_TEMP_SEX_GAI_NB","SEX_M","GAI_GRADIENT_3","2021",248.375,,,"R1:3513"
"THA","BA:741","EMP_TEMP_SEX_GAI_NB","SEX_M","GAI_GRADIENT_2","2021",1022.236,,,"R1:3513"
"THA","BA:741","EMP_TEMP_SEX_GAI_NB","SEX_M","GAI_GRADIENT_1","2021",1815.226,,,"R1:3513"
"THA","BA:741","EMP_TEMP_SEX_GAI_NB","SEX_M","GAI_GRADIENT_5","2021",2170.57,,,"R1:3513"
"THA","BA:741","EMP_TEMP_SEX_GAI_NB","SEX_M","GAI_GRADIENT_X","2021",14926.323,,,"R1:3513"
"THA","BA:741","EMP_TEMP_SEX_GAI_NB","SEX_F","GAI_GRADIENT_TOTAL","2021",17292.208,,,"R1:3513"
"THA","BA:741","EMP_TEMP_SEX_GAI_NB","SEX_F","GAI_GRADIENT_4","2021",980.023,,,"R1:3513"
"THA","BA:741","EMP_TEMP_SEX_GAI_NB","SEX_F","GAI_GRADIENT_3","2021",429.217,,,"R1:3513"
"THA","BA:741","EMP_TEMP_SEX_GAI_NB","SEX_F","GAI_GRADIENT_2","2021",1186.039,,,"R1:3513"
"THA","BA:741","EMP_TEMP_SEX_GAI_NB","SEX_F","GAI_GRADIENT_1","2021",1559.199,,,"R1:3513"
"THA","BA:741","EMP_TEMP_SEX_GAI_NB","SEX_F","GAI_GRADIENT_5","2021",1622.842,,,"R1:3513"
"THA","BA:741","EMP_TEMP_SEX_GAI_NB","SEX_F","GAI_GRADIENT_X","2021",11514.888,,,"R1:3513"
"THA","BA:741","EMP_TEMP_SEX_GAI_NB","SEX_T","GAI_GRADIENT_TOTAL","2020",37679.978,,,"R1:3513"
"THA","BA:741","EMP_TEMP_SEX_GAI_NB","SEX_T","GAI_GRADIENT_4","2020",1183.388,,,"R1:3513"
"THA","BA:741","EMP_TEMP_SEX_GAI_NB","SEX_T","GAI_GRADIENT_3","2020",745.856,,,"R1:3513"
"THA","BA:741","EMP_TEMP_SEX_GAI_NB","SEX_T","GAI_GRADIENT_2","2020",2276.457,,,"R1:3513"
"THA","BA:741","EMP_TEMP_SEX_GAI_NB","SEX_T","GAI_GRADIENT_1","2020",3448.109,,,"R1:3513"
"THA","BA:741","EMP_TEMP_SEX_GAI_NB","SEX_T","GAI_GRADIENT_5","2020",3855.252,,,"R1:3513"
"THA","BA:741","EMP_TEMP_SEX_GAI_NB","SEX_T","GAI_GRADIENT_X","2020",26170.916,,,"R1:3513"
"THA","BA:741","EMP_TEMP_SEX_GAI_NB","SEX_M","GAI_GRADIENT_TOTAL","2020",20452.176,,,"R1:3513"
"THA","BA:741","EMP_TEMP_SEX_GAI_NB","SEX_M","GAI_GRADIENT_4","2020",261,,,"R1:3513"
"THA","BA:741","EMP_TEMP_SEX_GAI_NB","SEX_M","GAI_GRADIENT_3","2020",276.362,,,"R1:3513"
"THA","BA:741","EMP_TEMP_SEX_GAI_NB","SEX_M","GAI_GRADIENT_2","2020",1050.219,,,"R1:3513"
"THA","BA:741","EMP_TEMP_SEX_GAI_NB","SEX_M","GAI_GRADIENT_1","2020",1850.985,,,"R1:3513"
"THA","BA:741","EMP_TEMP_SEX_GAI_NB","SEX_M","GAI_GRADIENT_5","2020",2188.868,,,"R1:3513"
"THA","BA:741","EMP_TEMP_SEX_GAI_NB","SEX_M","GAI_GRADIENT_X","2020",14824.742,,,"R1:3513"
"THA","BA:741","EMP_TEMP_SEX_GAI_NB","SEX_F","GAI_GRADIENT_TOTAL","2020",17227.802,,,"R1:3513"
"THA","BA:741","EMP_TEMP_SEX_GAI_NB","SEX_F","GAI_GRADIENT_4","2020",922.388,,,"R1:3513"
"THA","BA:741","EMP_TEMP_SEX_GAI_NB","SEX_F","GAI_GRADIENT_3","2020",469.494,,,"R1:3513"
"THA","BA:741","EMP_TEMP_SEX_GAI_NB","SEX_F","GAI_GRADIENT_2","2020",1226.238,,,"R1:3513"
"THA","BA:741","EMP_TEMP_SEX_GAI_NB","SEX_F","GAI_GRADIENT_1","2020",1597.124,,,"R1:3513"
"THA","BA:741","EMP_TEMP_SEX_GAI_NB","SEX_F","GAI_GRADIENT_5","2020",1666.384,,,"R1:3513"
"THA","BA:741","EMP_TEMP_SEX_GAI_NB","SEX_F","GAI_GRADIENT_X","2020",11346.174,,,"R1:3513"
"THA","BA:741","EMP_TEMP_SEX_GAI_NB","SEX_T","GAI_GRADIENT_TOTAL","2019",37613.439,,,"R1:3513"
"THA","BA:741","EMP_TEMP_SEX_GAI_NB","SEX_T","GAI_GRADIENT_4","2019",1199.824,,,"R1:3513"
"THA","BA:741","EMP_TEMP_SEX_GAI_NB","SEX_T","GAI_GRADIENT_3","2019",697.288,,,"R1:3513"
"THA","BA:741","EMP_TEMP_SEX_GAI_NB","SEX_T","GAI_GRADIENT_2","2019",2258.08,,,"R1:3513"
"THA","BA:741","EMP_TEMP_SEX_GAI_NB","SEX_T","GAI_GRADIENT_1","2019",3401.232,,,"R1:3513"
"THA","BA:741","EMP_TEMP_SEX_GAI_NB","SEX_T","GAI_GRADIENT_5","2019",3770.773,,,"R1:3513"
"THA","BA:741","EMP_TEMP_SEX_GAI_NB","SEX_T","GAI_GRADIENT_X","2019",26286.241,,,"R1:3513"
"THA","BA:741","EMP_TEMP_SEX_GAI_NB","SEX_M","GAI_GRADIENT_TOTAL","2019",20466.358,,,"R1:3513"
"THA","BA:741","EMP_TEMP_SEX_GAI_NB","SEX_M","GAI_GRADIENT_4","2019",274.548,,,"R1:3513"
"THA","BA:741","EMP_TEMP_SEX_GAI_NB","SEX_M","GAI_GRADIENT_3","2019",258.987,,,"R1:3513"
"THA","BA:741","EMP_TEMP_SEX_GAI_NB","SEX_M","GAI_GRADIENT_2","2019",1043.051,,,"R1:3513"
"THA","BA:741","EMP_TEMP_SEX_GAI_NB","SEX_M","GAI_GRADIENT_1","2019",1831.322,,,"R1:3513"
"THA","BA:741","EMP_TEMP_SEX_GAI_NB","SEX_M","GAI_GRADIENT_5","2019",2199.683,,,"R1:3513"
"THA","BA:741","EMP_TEMP_SEX_GAI_NB","SEX_M","GAI_GRADIENT_X","2019",14858.766,,,"R1:3513"
"THA","BA:741","EMP_TEMP_SEX_GAI_NB","SEX_F","GAI_GRADIENT_TOTAL","2019",17147.081,,,"R1:3513"
"THA","BA:741","EMP_TEMP_SEX_GAI_NB","SEX_F","GAI_GRADIENT_4","2019",925.276,,,"R1:3513"
"THA","BA:741","EMP_TEMP_SEX_GAI_NB","SEX_F","GAI_GRADIENT_3","2019",438.301,,,"R1:3513"
"THA","BA:741","EMP_TEMP_SEX_GAI_NB","SEX_F","GAI_GRADIENT_2","2019",1215.029,,,"R1:3513"
"THA","BA:741","EMP_TEMP_SEX_GAI_NB","SEX_F","GAI_GRADIENT_1","2019",1569.909,,,"R1:3513"
"THA","BA:741","EMP_TEMP_SEX_GAI_NB","SEX_F","GAI_GRADIENT_5","2019",1571.09,,,"R1:3513"
"THA","BA:741","EMP_TEMP_SEX_GAI_NB","SEX_F","GAI_GRADIENT_X","2019",11427.475,,,"R1:3513"
"THA","BA:741","EMP_TEMP_SEX_GAI_NB","SEX_T","GAI_GRADIENT_TOTAL","2018",37864.55,,,"R1:3513"
"THA","BA:741","EMP_TEMP_SEX_GAI_NB","SEX_T","GAI_GRADIENT_4","2018",1120.854,,,"R1:3513"
"THA","BA:741","EMP_TEMP_SEX_GAI_NB","SEX_T","GAI_GRADIENT_3","2018",672.215,,,"R1:3513"
"THA","BA:741","EMP_TEMP_SEX_GAI_NB","SEX_T","GAI_GRADIENT_2","2018",2289.905,,,"R1:3513"
"THA","BA:741","EMP_TEMP_SEX_GAI_NB","SEX_T","GAI_GRADIENT_1","2018",3399.434,,,"R1:3513"
"THA","BA:741","EMP_TEMP_SEX_GAI_NB","SEX_T","GAI_GRADIENT_5","2018",3808.201,,,"R1:3513"
"THA","BA:741","EMP_TEMP_SEX_GAI_NB","SEX_T","GAI_GRADIENT_X","2018",26573.941,,,"R1:3513"
"THA","BA:741","EMP_TEMP_SEX_GAI_NB","SEX_M","GAI_GRADIENT_TOTAL","2018",20629.659,,,"R1:3513"
"THA","BA:741","EMP_TEMP_SEX_GAI_NB","SEX_M","GAI_GRADIENT_4","2018",257.874,,,"R1:3513"
"THA","BA:741","EMP_TEMP_SEX_GAI_NB","SEX_M","GAI_GRADIENT_3","2018",257.044,,,"R1:3513"
"THA","BA:741","EMP_TEMP_SEX_GAI_NB","SEX_M","GAI_GRADIENT_2","2018",1081.249,,,"R1:3513"
"THA","BA:741","EMP_TEMP_SEX_GAI_NB","SEX_M","GAI_GRADIENT_1","2018",1822.796,,,"R1:3513"
"THA","BA:741","EMP_TEMP_SEX_GAI_NB","SEX_M","GAI_GRADIENT_5","2018",2233.86,,,"R1:3513"
"THA","BA:741","EMP_TEMP_SEX_GAI_NB","SEX_M","GAI_GRADIENT_X","2018",14976.836,,,"R1:3513"
"THA","BA:741","EMP_TEMP_SEX_GAI_NB","SEX_F","GAI_GRADIENT_TOTAL","2018",17234.891,,,"R1:3513"
"THA","BA:741","EMP_TEMP_SEX_GAI_NB","SEX_F","GAI_GRADIENT_4","2018",862.98,,,"R1:3513"
"THA","BA:741","EMP_TEMP_SEX_GAI_NB","SEX_F","GAI_GRADIENT_3","2018",415.171,,,"R1:3513"
"THA","BA:741","EMP_TEMP_SEX_GAI_NB","SEX_F","GAI_GRADIENT_2","2018",1208.656,,,"R1:3513"
"THA","BA:741","EMP_TEMP_SEX_GAI_NB","SEX_F","GAI_GRADIENT_1","2018",1576.638,,,"R1:3513"
"THA","BA:741","EMP_TEMP_SEX_GAI_NB","SEX_F","GAI_GRADIENT_5","2018",1574.341,,,"R1:3513"
"THA","BA:741","EMP_TEMP_SEX_GAI_NB","SEX_F","GAI_GRADIENT_X","2018",11597.105,,,"R1:3513"
"THA","BA:741","EMP_TEMP_SEX_GAI_NB","SEX_T","GAI_GRADIENT_TOTAL","2017",37458.253,,,"R1:3513"
"THA","BA:741","EMP_TEMP_SEX_GAI_NB","SEX_T","GAI_GRADIENT_4","2017",1060.816,,,"R1:3513"
"THA","BA:741","EMP_TEMP_SEX_GAI_NB","SEX_T","GAI_GRADIENT_3","2017",684.199,,,"R1:3513"
"THA","BA:741","EMP_TEMP_SEX_GAI_NB","SEX_T","GAI_GRADIENT_2","2017",2326.308,,,"R1:3513"
"THA","BA:741","EMP_TEMP_SEX_GAI_NB","SEX_T","GAI_GRADIENT_1","2017",3416.032,,,"R1:3513"
"THA","BA:741","EMP_TEMP_SEX_GAI_NB","SEX_T","GAI_GRADIENT_5","2017",3787.187,,,"R1:3513"
"THA","BA:741","EMP_TEMP_SEX_GAI_NB","SEX_T","GAI_GRADIENT_X","2017",26183.711,,,"R1:3513"
"THA","BA:741","EMP_TEMP_SEX_GAI_NB","SEX_M","GAI_GRADIENT_TOTAL","2017",20423.17,,,"R1:3513"
"THA","BA:741","EMP_TEMP_SEX_GAI_NB","SEX_M","GAI_GRADIENT_4","2017",236.631,,,"R1:3513"
"THA","BA:741","EMP_TEMP_SEX_GAI_NB","SEX_M","GAI_GRADIENT_3","2017",245.94,,,"R1:3513"
"THA","BA:741","EMP_TEMP_SEX_GAI_NB","SEX_M","GAI_GRADIENT_2","2017",1095.248,,,"R1:3513"
"THA","BA:741","EMP_TEMP_SEX_GAI_NB","SEX_M","GAI_GRADIENT_1","2017",1857.675,,,"R1:3513"
"THA","BA:741","EMP_TEMP_SEX_GAI_NB","SEX_M","GAI_GRADIENT_5","2017",2154.035,,,"R1:3513"
"THA","BA:741","EMP_TEMP_SEX_GAI_NB","SEX_M","GAI_GRADIENT_X","2017",14833.641,,,"R1:3513"
"THA","BA:741","EMP_TEMP_SEX_GAI_NB","SEX_F","GAI_GRADIENT_TOTAL","2017",17035.083,,,"R1:3513"
"THA","BA:741","EMP_TEMP_SEX_GAI_NB","SEX_F","GAI_GRADIENT_4","2017",824.185,,,"R1:3513"
"THA","BA:741","EMP_TEMP_SEX_GAI_NB","SEX_F","GAI_GRADIENT_3","2017",438.259,,,"R1:3513"
"THA","BA:741","EMP_TEMP_SEX_GAI_NB","SEX_F","GAI_GRADIENT_2","2017",1231.06,,,"R1:3513"
"THA","BA:741","EMP_TEMP_SEX_GAI_NB","SEX_F","GAI_GRADIENT_1","2017",1558.357,,,"R1:3513"
"THA","BA:741","EMP_TEMP_SEX_GAI_NB","SEX_F","GAI_GRADIENT_5","2017",1633.152,,,"R1:3513"
"THA","BA:741","EMP_TEMP_SEX_GAI_NB","SEX_F","GAI_GRADIENT_X","2017",11350.07,,,"R1:3513"
"THA","BA:741","EMP_TEMP_SEX_GAI_NB","SEX_T","GAI_GRADIENT_TOTAL","2016",37692.651,,,"R1:3513"
"THA","BA:741","EMP_TEMP_SEX_GAI_NB","SEX_T","GAI_GRADIENT_4","2016",1071.62,,,"R1:3513"
"THA","BA:741","EMP_TEMP_SEX_GAI_NB","SEX_T","GAI_GRADIENT_3","2016",703.897,,,"R1:3513"
"THA","BA:741","EMP_TEMP_SEX_GAI_NB","SEX_T","GAI_GRADIENT_2","2016",2345.649,,,"R1:3513"
"THA","BA:741","EMP_TEMP_SEX_GAI_NB","SEX_T","GAI_GRADIENT_1","2016",3426.813,,,"R1:3513"
"THA","BA:741","EMP_TEMP_SEX_GAI_NB","SEX_T","GAI_GRADIENT_5","2016",3842.84,,,"R1:3513"
"THA","BA:741","EMP_TEMP_SEX_GAI_NB","SEX_T","GAI_GRADIENT_X","2016",26301.831,,,"R1:3513"
"THA","BA:741","EMP_TEMP_SEX_GAI_NB","SEX_M","GAI_GRADIENT_TOTAL","2016",20522.206,,,"R1:3513"
"THA","BA:741","EMP_TEMP_SEX_GAI_NB","SEX_M","GAI_GRADIENT_4","2016",249.834,,,"R1:3513"
"THA","BA:741","EMP_TEMP_SEX_GAI_NB","SEX_M","GAI_GRADIENT_3","2016",264.853,,,"R1:3513"
"THA","BA:741","EMP_TEMP_SEX_GAI_NB","SEX_M","GAI_GRADIENT_2","2016",1097.05,,,"R1:3513"
"THA","BA:741","EMP_TEMP_SEX_GAI_NB","SEX_M","GAI_GRADIENT_1","2016",1842.797,,,"R1:3513"
"THA","BA:741","EMP_TEMP_SEX_GAI_NB","SEX_M","GAI_GRADIENT_5","2016",2217.081,,,"R1:3513"
"THA","BA:741","EMP_TEMP_SEX_GAI_NB","SEX_M","GAI_GRADIENT_X","2016",14850.59,,,"R1:3513"
"THA","BA:741","EMP_TEMP_SEX_GAI_NB","SEX_F","GAI_GRADIENT_TOTAL","2016",17170.445,,,"R1:3513"
"THA","BA:741","EMP_TEMP_SEX_GAI_NB","SEX_F","GAI_GRADIENT_4","2016",821.786,,,"R1:3513"
"THA","BA:741","EMP_TEMP_SEX_GAI_NB","SEX_F","GAI_GRADIENT_3","2016",439.044,,,"R1:3513"
"THA","BA:741","EMP_TEMP_SEX_GAI_NB","SEX_F","GAI_GRADIENT_2","2016",1248.599,,,"R1:3513"
"THA","BA:741","EMP_TEMP_SEX_GAI_NB","SEX_F","GAI_GRADIENT_1","2016",1584.015,,,"R1:3513"
"THA","BA:741","EMP_TEMP_SEX_GAI_NB","SEX_F","GAI_GRADIENT_5","2016",1625.759,,,"R1:3513"
"THA","BA:741","EMP_TEMP_SEX_GAI_NB","SEX_F","GAI_GRADIENT_X","2016",11451.242,,,"R1:3513"
"THA","BA:741","EMP_TEMP_SEX_GAI_NB","SEX_T","GAI_GRADIENT_TOTAL","2015",38016.169,,,"R1:3513"
"THA","BA:741","EMP_TEMP_SEX_GAI_NB","SEX_T","GAI_GRADIENT_4","2015",984.342,,,"R1:3513"
"THA","BA:741","EMP_TEMP_SEX_GAI_NB","SEX_T","GAI_GRADIENT_3","2015",723.573,,,"R1:3513"
"THA","BA:741","EMP_TEMP_SEX_GAI_NB","SEX_T","GAI_GRADIENT_2","2015",2369.248,,,"R1:3513"
"THA","BA:741","EMP_TEMP_SEX_GAI_NB","SEX_T","GAI_GRADIENT_1","2015",3338.428,,,"R1:3513"
"THA","BA:741","EMP_TEMP_SEX_GAI_NB","SEX_T","GAI_GRADIENT_5","2015",3834.694,,,"R1:3513"
"THA","BA:741","EMP_TEMP_SEX_GAI_NB","SEX_T","GAI_GRADIENT_X","2015",26765.885,,,"R1:3513"
"THA","BA:741","EMP_TEMP_SEX_GAI_NB","SEX_M","GAI_GRADIENT_TOTAL","2015",20690.009,,,"R1:3513"
"THA","BA:741","EMP_TEMP_SEX_GAI_NB","SEX_M","GAI_GRADIENT_4","2015",231.452,,,"R1:3513"
"THA","BA:741","EMP_TEMP_SEX_GAI_NB","SEX_M","GAI_GRADIENT_3","2015",264.888,,,"R1:3513"
"THA","BA:741","EMP_TEMP_SEX_GAI_NB","SEX_M","GAI_GRADIENT_2","2015",1124.793,,,"R1:3513"
"THA","BA:741","EMP_TEMP_SEX_GAI_NB","SEX_M","GAI_GRADIENT_1","2015",1811.446,,,"R1:3513"
"THA","BA:741","EMP_TEMP_SEX_GAI_NB","SEX_M","GAI_GRADIENT_5","2015",2229.774,,,"R1:3513"
"THA","BA:741","EMP_TEMP_SEX_GAI_NB","SEX_M","GAI_GRADIENT_X","2015",15027.658,,,"R1:3513"
"THA","BA:741","EMP_TEMP_SEX_GAI_NB","SEX_F","GAI_GRADIENT_TOTAL","2015",17326.16,,,"R1:3513"
"THA","BA:741","EMP_TEMP_SEX_GAI_NB","SEX_F","GAI_GRADIENT_4","2015",752.89,,,"R1:3513"
"THA","BA:741","EMP_TEMP_SEX_GAI_NB","SEX_F","GAI_GRADIENT_3","2015",458.685,,,"R1:3513"
"THA","BA:741","EMP_TEMP_SEX_GAI_NB","SEX_F","GAI_GRADIENT_2","2015",1244.455,,,"R1:3513"
"THA","BA:741","EMP_TEMP_SEX_GAI_NB","SEX_F","GAI_GRADIENT_1","2015",1526.983,,,"R1:3513"
"THA","BA:741","EMP_TEMP_SEX_GAI_NB","SEX_F","GAI_GRADIENT_5","2015",1604.92,,,"R1:3513"
"THA","BA:741","EMP_TEMP_SEX_GAI_NB","SEX_F","GAI_GRADIENT_X","2015",11738.227,,,"R1:3513"
"THA","BA:741","EMP_TEMP_SEX_GAI_NB","SEX_T","GAI_GRADIENT_TOTAL","2014",38077.429,,,"R1:3513"
"THA","BA:741","EMP_TEMP_SEX_GAI_NB","SEX_T","GAI_GRADIENT_4","2014",957.618,,,"R1:3513"
"THA","BA:741","EMP_TEMP_SEX_GAI_NB","SEX_T","GAI_GRADIENT_3","2014",744.783,,,"R1:3513"
"THA","BA:741","EMP_TEMP_SEX_GAI_NB","SEX_T","GAI_GRADIENT_2","2014",2389.683,,,"R1:3513"
"THA","BA:741","EMP_TEMP_SEX_GAI_NB","SEX_T","GAI_GRADIENT_1","2014",3265.154,,,"R1:3513"
"THA","BA:741","EMP_TEMP_SEX_GAI_NB","SEX_T","GAI_GRADIENT_5","2014",3771.369,,,"R1:3513"
"THA","BA:741","EMP_TEMP_SEX_GAI_NB","SEX_T","GAI_GRADIENT_X","2014",26948.822,,,"R1:3513"
"THA","BA:741","EMP_TEMP_SEX_GAI_NB","SEX_M","GAI_GRADIENT_TOTAL","2014",20753.731,,,"R1:3513"
"THA","BA:741","EMP_TEMP_SEX_GAI_NB","SEX_M","GAI_GRADIENT_4","2014",208.926,,,"R1:3513"
"THA","BA:741","EMP_TEMP_SEX_GAI_NB","SEX_M","GAI_GRADIENT_3","2014",272.466,,,"R1:3513"
"THA","BA:741","EMP_TEMP_SEX_GAI_NB","SEX_M","GAI_GRADIENT_2","2014",1128.76,,,"R1:3513"
"THA","BA:741","EMP_TEMP_SEX_GAI_NB","SEX_M","GAI_GRADIENT_1","2014",1774.837,,,"R1:3513"
"THA","BA:741","EMP_TEMP_SEX_GAI_NB","SEX_M","GAI_GRADIENT_5","2014",2208.565,,,"R1:3513"
"THA","BA:741","EMP_TEMP_SEX_GAI_NB","SEX_M","GAI_GRADIENT_X","2014",15160.177,,,"R1:3513"
"THA","BA:741","EMP_TEMP_SEX_GAI_NB","SEX_F","GAI_GRADIENT_TOTAL","2014",17323.698,,,"R1:3513"
"THA","BA:741","EMP_TEMP_SEX_GAI_NB","SEX_F","GAI_GRADIENT_4","2014",748.692,,,"R1:3513"
"THA","BA:741","EMP_TEMP_SEX_GAI_NB","SEX_F","GAI_GRADIENT_3","2014",472.317,,,"R1:3513"
"THA","BA:741","EMP_TEMP_SEX_GAI_NB","SEX_F","GAI_GRADIENT_2","2014",1260.923,,,"R1:3513"
"THA","BA:741","EMP_TEMP_SEX_GAI_NB","SEX_F","GAI_GRADIENT_1","2014",1490.317,,,"R1:3513"
"THA","BA:741","EMP_TEMP_SEX_GAI_NB","SEX_F","GAI_GRADIENT_5","2014",1562.804,,,"R1:3513"
"THA","BA:741","EMP_TEMP_SEX_GAI_NB","SEX_F","GAI_GRADIENT_X","2014",11788.645,,,"R1:3513"
"THA","BB:15893","EMP_TEMP_SEX_GAI_NB","SEX_T","GAI_GRADIENT_TOTAL","2013",35789.336,,,"R1:3513"
"THA","BB:15893","EMP_TEMP_SEX_GAI_NB","SEX_T","GAI_GRADIENT_4","2013",714.252,,,"R1:3513"
"THA","BB:15893","EMP_TEMP_SEX_GAI_NB","SEX_T","GAI_GRADIENT_3","2013",449.606,,,"R1:3513"
"THA","BB:15893","EMP_TEMP_SEX_GAI_NB","SEX_T","GAI_GRADIENT_2","2013",1920.412,,,"R1:3513"
"THA","BB:15893","EMP_TEMP_SEX_GAI_NB","SEX_T","GAI_GRADIENT_1","2013",2762.89,,,"R1:3513"
"THA","BB:15893","EMP_TEMP_SEX_GAI_NB","SEX_T","GAI_GRADIENT_5","2013",2881.598,,,"R1:3513"
"THA","BB:15893","EMP_TEMP_SEX_GAI_NB","SEX_T","GAI_GRADIENT_X","2013",27060.578,,,"R1:3513"
"THA","BB:15893","EMP_TEMP_SEX_GAI_NB","SEX_M","GAI_GRADIENT_TOTAL","2013",18473.454,,,"R1:3513"
"THA","BB:15893","EMP_TEMP_SEX_GAI_NB","SEX_M","GAI_GRADIENT_4","2013",175.213,,,"R1:3513"
"THA","BB:15893","EMP_TEMP_SEX_GAI_NB","SEX_M","GAI_GRADIENT_3","2013",158.14,,,"R1:3513"
"THA","BB:15893","EMP_TEMP_SEX_GAI_NB","SEX_M","GAI_GRADIENT_2","2013",795.864,,,"R1:3513"
"THA","BB:15893","EMP_TEMP_SEX_GAI_NB","SEX_M","GAI_GRADIENT_1","2013",1384.348,,,"R1:3513"
"THA","BB:15893","EMP_TEMP_SEX_GAI_NB","SEX_M","GAI_GRADIENT_5","2013",1617.754,,,"R1:3513"
"THA","BB:15893","EMP_TEMP_SEX_GAI_NB","SEX_M","GAI_GRADIENT_X","2013",14342.134,,,"R1:3513"
"THA","BB:15893","EMP_TEMP_SEX_GAI_NB","SEX_F","GAI_GRADIENT_TOTAL","2013",17315.882,,,"R1:3513"
"THA","BB:15893","EMP_TEMP_SEX_GAI_NB","SEX_F","GAI_GRADIENT_4","2013",539.039,,,"R1:3513"
"THA","BB:15893","EMP_TEMP_SEX_GAI_NB","SEX_F","GAI_GRADIENT_3","2013",291.466,,,"R1:3513"
"THA","BB:15893","EMP_TEMP_SEX_GAI_NB","SEX_F","GAI_GRADIENT_2","2013",1124.548,,,"R1:3513"
"THA","BB:15893","EMP_TEMP_SEX_GAI_NB","SEX_F","GAI_GRADIENT_1","2013",1378.541,,,"R1:3513"
"THA","BB:15893","EMP_TEMP_SEX_GAI_NB","SEX_F","GAI_GRADIENT_5","2013",1263.844,,,"R1:3513"
"THA","BB:15893","EMP_TEMP_SEX_GAI_NB","SEX_F","GAI_GRADIENT_X","2013",12718.445,,,"R1:3513"
"TJK","BA:498","EMP_TEMP_SEX_GAI_NB","SEX_T","GAI_GRADIENT_TOTAL","2016",2266.743,,,"R1:3513_T3:240"
"TJK","BA:498","EMP_TEMP_SEX_GAI_NB","SEX_T","GAI_GRADIENT_4","2016",12.311,,,"R1:3513_T3:240"
"TJK","BA:498","EMP_TEMP_SEX_GAI_NB","SEX_T","GAI_GRADIENT_3","2016",71.401,,,"R1:3513_T3:240"
"TJK","BA:498","EMP_TEMP_SEX_GAI_NB","SEX_T","GAI_GRADIENT_2","2016",38.631,,,"R1:3513_T3:240"
"TJK","BA:498","EMP_TEMP_SEX_GAI_NB","SEX_T","GAI_GRADIENT_1","2016",263.023,,,"R1:3513_T3:240"
"TJK","BA:498","EMP_TEMP_SEX_GAI_NB","SEX_T","GAI_GRADIENT_5","2016",218.725,,,"R1:3513_T3:240"
"TJK","BA:498","EMP_TEMP_SEX_GAI_NB","SEX_T","GAI_GRADIENT_X","2016",1662.653,,,"R1:3513_T3:240"
"TJK","BA:498","EMP_TEMP_SEX_GAI_NB","SEX_M","GAI_GRADIENT_TOTAL","2016",1635.241,,,"R1:3513_T3:240"
"TJK","BA:498","EMP_TEMP_SEX_GAI_NB","SEX_M","GAI_GRADIENT_4","2016",6.412,,,"R1:3513_T3:240"
"TJK","BA:498","EMP_TEMP_SEX_GAI_NB","SEX_M","GAI_GRADIENT_3","2016",49.756,,,"R1:3513_T3:240"
"TJK","BA:498","EMP_TEMP_SEX_GAI_NB","SEX_M","GAI_GRADIENT_2","2016",30.176,,,"R1:3513_T3:240"
"TJK","BA:498","EMP_TEMP_SEX_GAI_NB","SEX_M","GAI_GRADIENT_1","2016",215.039,,,"R1:3513_T3:240"
"TJK","BA:498","EMP_TEMP_SEX_GAI_NB","SEX_M","GAI_GRADIENT_5","2016",135.871,,,"R1:3513_T3:240"
"TJK","BA:498","EMP_TEMP_SEX_GAI_NB","SEX_M","GAI_GRADIENT_X","2016",1197.986,,,"R1:3513_T3:240"
"TJK","BA:498","EMP_TEMP_SEX_GAI_NB","SEX_F","GAI_GRADIENT_TOTAL","2016",631.502,,,"R1:3513_T3:240"
"TJK","BA:498","EMP_TEMP_SEX_GAI_NB","SEX_F","GAI_GRADIENT_4","2016",5.898,,,"R1:3513_T3:240"
"TJK","BA:498","EMP_TEMP_SEX_GAI_NB","SEX_F","GAI_GRADIENT_3","2016",21.645,,,"R1:3513_T3:240"
"TJK","BA:498","EMP_TEMP_SEX_GAI_NB","SEX_F","GAI_GRADIENT_2","2016",8.455,,,"R1:3513_T3:240"
"TJK","BA:498","EMP_TEMP_SEX_GAI_NB","SEX_F","GAI_GRADIENT_1","2016",47.983,,,"R1:3513_T3:240"
"TJK","BA:498","EMP_TEMP_SEX_GAI_NB","SEX_F","GAI_GRADIENT_5","2016",82.853,,,"R1:3513_T3:240"
"TJK","BA:498","EMP_TEMP_SEX_GAI_NB","SEX_F","GAI_GRADIENT_X","2016",464.667,,,"R1:3513_T3:240"
"TKL","AA:7393","EMP_TEMP_SEX_GAI_NB","SEX_T","GAI_GRADIENT_TOTAL","2022",0.439,,,"R1:3513"
"TKL","AA:7393","EMP_TEMP_SEX_GAI_NB","SEX_T","GAI_GRADIENT_4","2022",0.011,"U",,"R1:3513"
"TKL","AA:7393","EMP_TEMP_SEX_GAI_NB","SEX_T","GAI_GRADIENT_3","2022",0.018,,,"R1:3513"
"TKL","AA:7393","EMP_TEMP_SEX_GAI_NB","SEX_T","GAI_GRADIENT_2","2022",0.017,,,"R1:3513"
"TKL","AA:7393","EMP_TEMP_SEX_GAI_NB","SEX_T","GAI_GRADIENT_1","2022",0.011,"U",,"R1:3513"
"TKL","AA:7393","EMP_TEMP_SEX_GAI_NB","SEX_T","GAI_GRADIENT_5","2022",0.077,,,"R1:3513"
"TKL","AA:7393","EMP_TEMP_SEX_GAI_NB","SEX_T","GAI_GRADIENT_X","2022",0.305,,,"R1:3513"
"TKL","AA:7393","EMP_TEMP_SEX_GAI_NB","SEX_M","GAI_GRADIENT_TOTAL","2022",0.236,,,"R1:3513"
"TKL","AA:7393","EMP_TEMP_SEX_GAI_NB","SEX_M","GAI_GRADIENT_4","2022",,"U",,"R1:3513"
"TKL","AA:7393","EMP_TEMP_SEX_GAI_NB","SEX_M","GAI_GRADIENT_3","2022",,"U",,"R1:3513"
"TKL","AA:7393","EMP_TEMP_SEX_GAI_NB","SEX_M","GAI_GRADIENT_2","2022",0.007,"U",,"R1:3513"
"TKL","AA:7393","EMP_TEMP_SEX_GAI_NB","SEX_M","GAI_GRADIENT_1","2022",0.006,"U",,"R1:3513"
"TKL","AA:7393","EMP_TEMP_SEX_GAI_NB","SEX_M","GAI_GRADIENT_5","2022",0.05,,,"R1:3513"
"TKL","AA:7393","EMP_TEMP_SEX_GAI_NB","SEX_M","GAI_GRADIENT_X","2022",0.169,,,"R1:3513"
"TKL","AA:7393","EMP_TEMP_SEX_GAI_NB","SEX_F","GAI_GRADIENT_TOTAL","2022",0.203,,,"R1:3513"
"TKL","AA:7393","EMP_TEMP_SEX_GAI_NB","SEX_F","GAI_GRADIENT_4","2022",0.01,"U",,"R1:3513"
"TKL","AA:7393","EMP_TEMP_SEX_GAI_NB","SEX_F","GAI_GRADIENT_3","2022",0.015,,,"R1:3513"
"TKL","AA:7393","EMP_TEMP_SEX_GAI_NB","SEX_F","GAI_GRADIENT_2","2022",0.01,"U",,"R1:3513"
"TKL","AA:7393","EMP_TEMP_SEX_GAI_NB","SEX_F","GAI_GRADIENT_1","2022",0.005,"U",,"R1:3513"
"TKL","AA:7393","EMP_TEMP_SEX_GAI_NB","SEX_F","GAI_GRADIENT_5","2022",0.027,,,"R1:3513"
"TKL","AA:7393","EMP_TEMP_SEX_GAI_NB","SEX_F","GAI_GRADIENT_X","2022",0.136,,,"R1:3513"
"TLS","AA:7002","EMP_TEMP_SEX_GAI_NB","SEX_T","GAI_GRADIENT_TOTAL","2022",402.086,,,"R1:3513"
"TLS","AA:7002","EMP_TEMP_SEX_GAI_NB","SEX_T","GAI_GRADIENT_4","2022",1.385,,,"R1:3513"
"TLS","AA:7002","EMP_TEMP_SEX_GAI_NB","SEX_T","GAI_GRADIENT_3","2022",4.329,,,"R1:3513"
"TLS","AA:7002","EMP_TEMP_SEX_GAI_NB","SEX_T","GAI_GRADIENT_2","2022",9.214,,,"R1:3513"
"TLS","AA:7002","EMP_TEMP_SEX_GAI_NB","SEX_T","GAI_GRADIENT_1","2022",74.015,,,"R1:3513"
"TLS","AA:7002","EMP_TEMP_SEX_GAI_NB","SEX_T","GAI_GRADIENT_5","2022",7.128,,,"R1:3513"
"TLS","AA:7002","EMP_TEMP_SEX_GAI_NB","SEX_T","GAI_GRADIENT_X","2022",306.015,,,"R1:3513"
"TLS","AA:7002","EMP_TEMP_SEX_GAI_NB","SEX_M","GAI_GRADIENT_TOTAL","2022",228.11,,,"R1:3513"
"TLS","AA:7002","EMP_TEMP_SEX_GAI_NB","SEX_M","GAI_GRADIENT_4","2022",0.782,,,"R1:3513"
"TLS","AA:7002","EMP_TEMP_SEX_GAI_NB","SEX_M","GAI_GRADIENT_3","2022",2.539,,,"R1:3513"
"TLS","AA:7002","EMP_TEMP_SEX_GAI_NB","SEX_M","GAI_GRADIENT_2","2022",6.083,,,"R1:3513"
"TLS","AA:7002","EMP_TEMP_SEX_GAI_NB","SEX_M","GAI_GRADIENT_1","2022",37.332,,,"R1:3513"
"TLS","AA:7002","EMP_TEMP_SEX_GAI_NB","SEX_M","GAI_GRADIENT_5","2022",4.111,,,"R1:3513"
"TLS","AA:7002","EMP_TEMP_SEX_GAI_NB","SEX_M","GAI_GRADIENT_X","2022",177.263,,,"R1:3513"
"TLS","AA:7002","EMP_TEMP_SEX_GAI_NB","SEX_F","GAI_GRADIENT_TOTAL","2022",173.976,,,"R1:3513"
"TLS","AA:7002","EMP_TEMP_SEX_GAI_NB","SEX_F","GAI_GRADIENT_4","2022",0.603,,,"R1:3513"
"TLS","AA:7002","EMP_TEMP_SEX_GAI_NB","SEX_F","GAI_GRADIENT_3","2022",1.79,,,"R1:3513"
"TLS","AA:7002","EMP_TEMP_SEX_GAI_NB","SEX_F","GAI_GRADIENT_2","2022",3.131,,,"R1:3513"
"TLS","AA:7002","EMP_TEMP_SEX_GAI_NB","SEX_F","GAI_GRADIENT_1","2022",36.683,,,"R1:3513"
"TLS","AA:7002","EMP_TEMP_SEX_GAI_NB","SEX_F","GAI_GRADIENT_5","2022",3.017,,,"R1:3513"
"TLS","AA:7002","EMP_TEMP_SEX_GAI_NB","SEX_F","GAI_GRADIENT_X","2022",128.752,,,"R1:3513"
"TLS","BA:3050","EMP_TEMP_SEX_GAI_NB","SEX_T","GAI_GRADIENT_TOTAL","2021",273.669,,,"R1:3513"
"TLS","BA:3050","EMP_TEMP_SEX_GAI_NB","SEX_T","GAI_GRADIENT_4","2021",1.141,,,"R1:3513"
"TLS","BA:3050","EMP_TEMP_SEX_GAI_NB","SEX_T","GAI_GRADIENT_3","2021",0.763,,,"R1:3513"
"TLS","BA:3050","EMP_TEMP_SEX_GAI_NB","SEX_T","GAI_GRADIENT_2","2021",26.714,,,"R1:3513"
"TLS","BA:3050","EMP_TEMP_SEX_GAI_NB","SEX_T","GAI_GRADIENT_1","2021",44.916,,,"R1:3513"
"TLS","BA:3050","EMP_TEMP_SEX_GAI_NB","SEX_T","GAI_GRADIENT_5","2021",21.154,,,"R1:3513"
"TLS","BA:3050","EMP_TEMP_SEX_GAI_NB","SEX_T","GAI_GRADIENT_X","2021",178.981,,,"R1:3513"
"TLS","BA:3050","EMP_TEMP_SEX_GAI_NB","SEX_M","GAI_GRADIENT_TOTAL","2021",163.822,,,"R1:3513"
"TLS","BA:3050","EMP_TEMP_SEX_GAI_NB","SEX_M","GAI_GRADIENT_4","2021",0.868,,,"R1:3513"
"TLS","BA:3050","EMP_TEMP_SEX_GAI_NB","SEX_M","GAI_GRADIENT_3","2021",0.614,,,"R1:3513"
"TLS","BA:3050","EMP_TEMP_SEX_GAI_NB","SEX_M","GAI_GRADIENT_2","2021",17.108,,,"R1:3513"
"TLS","BA:3050","EMP_TEMP_SEX_GAI_NB","SEX_M","GAI_GRADIENT_1","2021",22.669,,,"R1:3513"
"TLS","BA:3050","EMP_TEMP_SEX_GAI_NB","SEX_M","GAI_GRADIENT_5","2021",12.966,,,"R1:3513"
"TLS","BA:3050","EMP_TEMP_SEX_GAI_NB","SEX_M","GAI_GRADIENT_X","2021",109.596,,,"R1:3513"
"TLS","BA:3050","EMP_TEMP_SEX_GAI_NB","SEX_F","GAI_GRADIENT_TOTAL","2021",109.848,,,"R1:3513"
"TLS","BA:3050","EMP_TEMP_SEX_GAI_NB","SEX_F","GAI_GRADIENT_4","2021",0.274,"U",,"R1:3513"
"TLS","BA:3050","EMP_TEMP_SEX_GAI_NB","SEX_F","GAI_GRADIENT_3","2021",0.148,"U",,"R1:3513"
"TLS","BA:3050","EMP_TEMP_SEX_GAI_NB","SEX_F","GAI_GRADIENT_2","2021",9.606,,,"R1:3513"
"TLS","BA:3050","EMP_TEMP_SEX_GAI_NB","SEX_F","GAI_GRADIENT_1","2021",22.247,,,"R1:3513"
"TLS","BA:3050","EMP_TEMP_SEX_GAI_NB","SEX_F","GAI_GRADIENT_5","2021",8.188,,,"R1:3513"
"TLS","BA:3050","EMP_TEMP_SEX_GAI_NB","SEX_F","GAI_GRADIENT_X","2021",69.385,,,"R1:3513"
"TLS","BA:3050","EMP_TEMP_SEX_GAI_NB","SEX_T","GAI_GRADIENT_TOTAL","2013",364.768,"B","I11:264","R1:3513"
"TLS","BA:3050","EMP_TEMP_SEX_GAI_NB","SEX_T","GAI_GRADIENT_4","2013",3.154,"B","I11:264","R1:3513"
"TLS","BA:3050","EMP_TEMP_SEX_GAI_NB","SEX_T","GAI_GRADIENT_3","2013",4.805,"B","I11:264","R1:3513"
"TLS","BA:3050","EMP_TEMP_SEX_GAI_NB","SEX_T","GAI_GRADIENT_2","2013",10.563,"B","I11:264","R1:3513"
"TLS","BA:3050","EMP_TEMP_SEX_GAI_NB","SEX_T","GAI_GRADIENT_1","2013",15.889,"B","I11:264","R1:3513"
"TLS","BA:3050","EMP_TEMP_SEX_GAI_NB","SEX_T","GAI_GRADIENT_5","2013",13.966,"B","I11:264","R1:3513"
"TLS","BA:3050","EMP_TEMP_SEX_GAI_NB","SEX_T","GAI_GRADIENT_X","2013",316.392,"B","I11:264","R1:3513"
"TLS","BA:3050","EMP_TEMP_SEX_GAI_NB","SEX_M","GAI_GRADIENT_TOTAL","2013",220.639,"B","I11:264","R1:3513"
"TLS","BA:3050","EMP_TEMP_SEX_GAI_NB","SEX_M","GAI_GRADIENT_4","2013",1.516,"B","I11:264","R1:3513"
"TLS","BA:3050","EMP_TEMP_SEX_GAI_NB","SEX_M","GAI_GRADIENT_3","2013",3.083,"B","I11:264","R1:3513"
"TLS","BA:3050","EMP_TEMP_SEX_GAI_NB","SEX_M","GAI_GRADIENT_2","2013",4.967,"B","I11:264","R1:3513"
"TLS","BA:3050","EMP_TEMP_SEX_GAI_NB","SEX_M","GAI_GRADIENT_1","2013",10.299,"B","I11:264","R1:3513"
"TLS","BA:3050","EMP_TEMP_SEX_GAI_NB","SEX_M","GAI_GRADIENT_5","2013",10.086,"B","I11:264","R1:3513"
"TLS","BA:3050","EMP_TEMP_SEX_GAI_NB","SEX_M","GAI_GRADIENT_X","2013",190.688,"B","I11:264","R1:3513"
"TLS","BA:3050","EMP_TEMP_SEX_GAI_NB","SEX_F","GAI_GRADIENT_TOTAL","2013",144.129,"B","I11:264","R1:3513"
"TLS","BA:3050","EMP_TEMP_SEX_GAI_NB","SEX_F","GAI_GRADIENT_4","2013",1.638,"B","I11:264","R1:3513"
"TLS","BA:3050","EMP_TEMP_SEX_GAI_NB","SEX_F","GAI_GRADIENT_3","2013",1.722,"B","I11:264","R1:3513"
"TLS","BA:3050","EMP_TEMP_SEX_GAI_NB","SEX_F","GAI_GRADIENT_2","2013",5.595,"B","I11:264","R1:3513"
"TLS","BA:3050","EMP_TEMP_SEX_GAI_NB","SEX_F","GAI_GRADIENT_1","2013",5.59,"B","I11:264","R1:3513"
"TLS","BA:3050","EMP_TEMP_SEX_GAI_NB","SEX_F","GAI_GRADIENT_5","2013",3.88,"B","I11:264","R1:3513"
"TLS","BA:3050","EMP_TEMP_SEX_GAI_NB","SEX_F","GAI_GRADIENT_X","2013",125.704,"B","I11:264","R1:3513"
"TLS","BA:3050","EMP_TEMP_SEX_GAI_NB","SEX_T","GAI_GRADIENT_TOTAL","2010",252.371,"B","I11:264","R1:3513"
"TLS","BA:3050","EMP_TEMP_SEX_GAI_NB","SEX_T","GAI_GRADIENT_4","2010",1.187,"B","I11:264","R1:3513"
"TLS","BA:3050","EMP_TEMP_SEX_GAI_NB","SEX_T","GAI_GRADIENT_3","2010",4.23,"B","I11:264","R1:3513"
"TLS","BA:3050","EMP_TEMP_SEX_GAI_NB","SEX_T","GAI_GRADIENT_2","2010",1.996,"B","I11:264","R1:3513"
"TLS","BA:3050","EMP_TEMP_SEX_GAI_NB","SEX_T","GAI_GRADIENT_1","2010",11.742,"B","I11:264","R1:3513"
"TLS","BA:3050","EMP_TEMP_SEX_GAI_NB","SEX_T","GAI_GRADIENT_5","2010",22.16,"B","I11:264","R1:3513"
"TLS","BA:3050","EMP_TEMP_SEX_GAI_NB","SEX_T","GAI_GRADIENT_X","2010",211.056,"B","I11:264","R1:3513"
"TLS","BA:3050","EMP_TEMP_SEX_GAI_NB","SEX_M","GAI_GRADIENT_TOTAL","2010",172.633,"B","I11:264","R1:3513"
"TLS","BA:3050","EMP_TEMP_SEX_GAI_NB","SEX_M","GAI_GRADIENT_4","2010",0.615,"B","I11:264","R1:3513"
"TLS","BA:3050","EMP_TEMP_SEX_GAI_NB","SEX_M","GAI_GRADIENT_3","2010",2.982,"B","I11:264","R1:3513"
"TLS","BA:3050","EMP_TEMP_SEX_GAI_NB","SEX_M","GAI_GRADIENT_2","2010",1.178,"B","I11:264","R1:3513"
"TLS","BA:3050","EMP_TEMP_SEX_GAI_NB","SEX_M","GAI_GRADIENT_1","2010",7.694,"B","I11:264","R1:3513"
"TLS","BA:3050","EMP_TEMP_SEX_GAI_NB","SEX_M","GAI_GRADIENT_5","2010",13.338,"B","I11:264","R1:3513"
"TLS","BA:3050","EMP_TEMP_SEX_GAI_NB","SEX_M","GAI_GRADIENT_X","2010",146.826,"B","I11:264","R1:3513"
"TLS","BA:3050","EMP_TEMP_SEX_GAI_NB","SEX_F","GAI_GRADIENT_TOTAL","2010",79.738,"B","I11:264","R1:3513"
"TLS","BA:3050","EMP_TEMP_SEX_GAI_NB","SEX_F","GAI_GRADIENT_4","2010",0.572,"U","I11:264","R1:3513"
"TLS","BA:3050","EMP_TEMP_SEX_GAI_NB","SEX_F","GAI_GRADIENT_3","2010",1.248,"B","I11:264","R1:3513"
"TLS","BA:3050","EMP_TEMP_SEX_GAI_NB","SEX_F","GAI_GRADIENT_2","2010",0.818,"B","I11:264","R1:3513"
"TLS","BA:3050","EMP_TEMP_SEX_GAI_NB","SEX_F","GAI_GRADIENT_1","2010",4.048,"B","I11:264","R1:3513"
"TLS","BA:3050","EMP_TEMP_SEX_GAI_NB","SEX_F","GAI_GRADIENT_5","2010",8.822,"B","I11:264","R1:3513"
"TLS","BA:3050","EMP_TEMP_SEX_GAI_NB","SEX_F","GAI_GRADIENT_X","2010",64.23,"B","I11:264","R1:3513"
"TON","BA:1712","EMP_TEMP_SEX_GAI_NB","SEX_T","GAI_GRADIENT_TOTAL","2023",33.106,,,"R1:3513"
"TON","BA:1712","EMP_TEMP_SEX_GAI_NB","SEX_T","GAI_GRADIENT_4","2023",1.069,,,"R1:3513"
"TON","BA:1712","EMP_TEMP_SEX_GAI_NB","SEX_T","GAI_GRADIENT_3","2023",1.738,,,"R1:3513"
"TON","BA:1712","EMP_TEMP_SEX_GAI_NB","SEX_T","GAI_GRADIENT_2","2023",2.042,,,"R1:3513"
"TON","BA:1712","EMP_TEMP_SEX_GAI_NB","SEX_T","GAI_GRADIENT_1","2023",1.774,,,"R1:3513"
"TON","BA:1712","EMP_TEMP_SEX_GAI_NB","SEX_T","GAI_GRADIENT_5","2023",2.847,,,"R1:3513"
"TON","BA:1712","EMP_TEMP_SEX_GAI_NB","SEX_T","GAI_GRADIENT_X","2023",23.637,,,"R1:3513"
"TON","BA:1712","EMP_TEMP_SEX_GAI_NB","SEX_M","GAI_GRADIENT_TOTAL","2023",18.276,,,"R1:3513"
"TON","BA:1712","EMP_TEMP_SEX_GAI_NB","SEX_M","GAI_GRADIENT_4","2023",0.163,,,"R1:3513"
"TON","BA:1712","EMP_TEMP_SEX_GAI_NB","SEX_M","GAI_GRADIENT_3","2023",0.362,,,"R1:3513"
"TON","BA:1712","EMP_TEMP_SEX_GAI_NB","SEX_M","GAI_GRADIENT_2","2023",1.054,,,"R1:3513"
"TON","BA:1712","EMP_TEMP_SEX_GAI_NB","SEX_M","GAI_GRADIENT_1","2023",0.69,,,"R1:3513"
"TON","BA:1712","EMP_TEMP_SEX_GAI_NB","SEX_M","GAI_GRADIENT_5","2023",1.667,,,"R1:3513"
"TON","BA:1712","EMP_TEMP_SEX_GAI_NB","SEX_M","GAI_GRADIENT_X","2023",14.341,,,"R1:3513"
"TON","BA:1712","EMP_TEMP_SEX_GAI_NB","SEX_F","GAI_GRADIENT_TOTAL","2023",14.83,,,"R1:3513"
"TON","BA:1712","EMP_TEMP_SEX_GAI_NB","SEX_F","GAI_GRADIENT_4","2023",0.906,,,"R1:3513"
"TON","BA:1712","EMP_TEMP_SEX_GAI_NB","SEX_F","GAI_GRADIENT_3","2023",1.376,,,"R1:3513"
"TON","BA:1712","EMP_TEMP_SEX_GAI_NB","SEX_F","GAI_GRADIENT_2","2023",0.988,,,"R1:3513"
"TON","BA:1712","EMP_TEMP_SEX_GAI_NB","SEX_F","GAI_GRADIENT_1","2023",1.084,,,"R1:3513"
"TON","BA:1712","EMP_TEMP_SEX_GAI_NB","SEX_F","GAI_GRADIENT_5","2023",1.18,,,"R1:3513"
"TON","BA:1712","EMP_TEMP_SEX_GAI_NB","SEX_F","GAI_GRADIENT_X","2023",9.297,,,"R1:3513"
"TON","BB:16119","EMP_TEMP_SEX_GAI_NB","SEX_T","GAI_GRADIENT_TOTAL","2021",37.834,,,"R1:3513"
"TON","BB:16119","EMP_TEMP_SEX_GAI_NB","SEX_T","GAI_GRADIENT_4","2021",1.055,,,"R1:3513"
"TON","BB:16119","EMP_TEMP_SEX_GAI_NB","SEX_T","GAI_GRADIENT_3","2021",1.829,,,"R1:3513"
"TON","BB:16119","EMP_TEMP_SEX_GAI_NB","SEX_T","GAI_GRADIENT_2","2021",1.594,,,"R1:3513"
"TON","BB:16119","EMP_TEMP_SEX_GAI_NB","SEX_T","GAI_GRADIENT_1","2021",2.445,,,"R1:3513"
"TON","BB:16119","EMP_TEMP_SEX_GAI_NB","SEX_T","GAI_GRADIENT_5","2021",2.2,,,"R1:3513"
"TON","BB:16119","EMP_TEMP_SEX_GAI_NB","SEX_T","GAI_GRADIENT_X","2021",28.711,,,"R1:3513"
"TON","BB:16119","EMP_TEMP_SEX_GAI_NB","SEX_M","GAI_GRADIENT_TOTAL","2021",20.663,,,"R1:3513"
"TON","BB:16119","EMP_TEMP_SEX_GAI_NB","SEX_M","GAI_GRADIENT_4","2021",0.262,,,"R1:3513"
"TON","BB:16119","EMP_TEMP_SEX_GAI_NB","SEX_M","GAI_GRADIENT_3","2021",0.434,,,"R1:3513"
"TON","BB:16119","EMP_TEMP_SEX_GAI_NB","SEX_M","GAI_GRADIENT_2","2021",0.709,,,"R1:3513"
"TON","BB:16119","EMP_TEMP_SEX_GAI_NB","SEX_M","GAI_GRADIENT_1","2021",0.937,,,"R1:3513"
"TON","BB:16119","EMP_TEMP_SEX_GAI_NB","SEX_M","GAI_GRADIENT_5","2021",1.131,,,"R1:3513"
"TON","BB:16119","EMP_TEMP_SEX_GAI_NB","SEX_M","GAI_GRADIENT_X","2021",17.189,,,"R1:3513"
"TON","BB:16119","EMP_TEMP_SEX_GAI_NB","SEX_F","GAI_GRADIENT_TOTAL","2021",17.17,,,"R1:3513"
"TON","BB:16119","EMP_TEMP_SEX_GAI_NB","SEX_F","GAI_GRADIENT_4","2021",0.793,,,"R1:3513"
"TON","BB:16119","EMP_TEMP_SEX_GAI_NB","SEX_F","GAI_GRADIENT_3","2021",1.395,,,"R1:3513"
"TON","BB:16119","EMP_TEMP_SEX_GAI_NB","SEX_F","GAI_GRADIENT_2","2021",0.885,,,"R1:3513"
"TON","BB:16119","EMP_TEMP_SEX_GAI_NB","SEX_F","GAI_GRADIENT_1","2021",1.508,,,"R1:3513"
"TON","BB:16119","EMP_TEMP_SEX_GAI_NB","SEX_F","GAI_GRADIENT_5","2021",1.069,,,"R1:3513"
"TON","BB:16119","EMP_TEMP_SEX_GAI_NB","SEX_F","GAI_GRADIENT_X","2021",11.521,,,"R1:3513"
"TON","BA:1712","EMP_TEMP_SEX_GAI_NB","SEX_T","GAI_GRADIENT_TOTAL","2018",33.212,"B","I11:264","R1:3513"
"TON","BA:1712","EMP_TEMP_SEX_GAI_NB","SEX_T","GAI_GRADIENT_4","2018",0.892,"B","I11:264","R1:3513"
"TON","BA:1712","EMP_TEMP_SEX_GAI_NB","SEX_T","GAI_GRADIENT_3","2018",1.429,"B","I11:264","R1:3513"
"TON","BA:1712","EMP_TEMP_SEX_GAI_NB","SEX_T","GAI_GRADIENT_2","2018",1.729,"B","I11:264","R1:3513"
"TON","BA:1712","EMP_TEMP_SEX_GAI_NB","SEX_T","GAI_GRADIENT_1","2018",1.338,"B","I11:264","R1:3513"
"TON","BA:1712","EMP_TEMP_SEX_GAI_NB","SEX_T","GAI_GRADIENT_5","2018",2.049,"B","I11:264","R1:3513"
"TON","BA:1712","EMP_TEMP_SEX_GAI_NB","SEX_T","GAI_GRADIENT_X","2018",25.776,"B","I11:264","R1:3513"
"TON","BA:1712","EMP_TEMP_SEX_GAI_NB","SEX_M","GAI_GRADIENT_TOTAL","2018",19.244,"B","I11:264","R1:3513"
"TON","BA:1712","EMP_TEMP_SEX_GAI_NB","SEX_M","GAI_GRADIENT_4","2018",0.251,"B","I11:264","R1:3513"
"TON","BA:1712","EMP_TEMP_SEX_GAI_NB","SEX_M","GAI_GRADIENT_3","2018",0.367,"B","I11:264","R1:3513"
"TON","BA:1712","EMP_TEMP_SEX_GAI_NB","SEX_M","GAI_GRADIENT_2","2018",0.695,"B","I11:264","R1:3513"
"TON","BA:1712","EMP_TEMP_SEX_GAI_NB","SEX_M","GAI_GRADIENT_1","2018",0.801,"B","I11:264","R1:3513"
"TON","BA:1712","EMP_TEMP_SEX_GAI_NB","SEX_M","GAI_GRADIENT_5","2018",1.082,"B","I11:264","R1:3513"
"TON","BA:1712","EMP_TEMP_SEX_GAI_NB","SEX_M","GAI_GRADIENT_X","2018",16.048,"B","I11:264","R1:3513"
"TON","BA:1712","EMP_TEMP_SEX_GAI_NB","SEX_F","GAI_GRADIENT_TOTAL","2018",13.969,"B","I11:264","R1:3513"
"TON","BA:1712","EMP_TEMP_SEX_GAI_NB","SEX_F","GAI_GRADIENT_4","2018",0.641,"B","I11:264","R1:3513"
"TON","BA:1712","EMP_TEMP_SEX_GAI_NB","SEX_F","GAI_GRADIENT_3","2018",1.062,"B","I11:264","R1:3513"
"TON","BA:1712","EMP_TEMP_SEX_GAI_NB","SEX_F","GAI_GRADIENT_2","2018",1.034,"B","I11:264","R1:3513"
"TON","BA:1712","EMP_TEMP_SEX_GAI_NB","SEX_F","GAI_GRADIENT_1","2018",0.538,"B","I11:264","R1:3513"
"TON","BA:1712","EMP_TEMP_SEX_GAI_NB","SEX_F","GAI_GRADIENT_5","2018",0.967,"B","I11:264","R1:3513"
"TON","BA:1712","EMP_TEMP_SEX_GAI_NB","SEX_F","GAI_GRADIENT_X","2018",9.727,"B","I11:264","R1:3513"
"TUN","BA:743","EMP_TEMP_SEX_GAI_NB","SEX_T","GAI_GRADIENT_TOTAL","2019",3533.409,,,"R1:3513_S3:9"
"TUN","BA:743","EMP_TEMP_SEX_GAI_NB","SEX_T","GAI_GRADIENT_4","2019",32.741,,,"R1:3513_S3:9"
"TUN","BA:743","EMP_TEMP_SEX_GAI_NB","SEX_T","GAI_GRADIENT_3","2019",151.805,,,"R1:3513_S3:9"
"TUN","BA:743","EMP_TEMP_SEX_GAI_NB","SEX_T","GAI_GRADIENT_2","2019",262.21,,,"R1:3513_S3:9"
"TUN","BA:743","EMP_TEMP_SEX_GAI_NB","SEX_T","GAI_GRADIENT_1","2019",307.26,,,"R1:3513_S3:9"
"TUN","BA:743","EMP_TEMP_SEX_GAI_NB","SEX_T","GAI_GRADIENT_5","2019",314.809,,,"R1:3513_S3:9"
"TUN","BA:743","EMP_TEMP_SEX_GAI_NB","SEX_T","GAI_GRADIENT_X","2019",2464.584,,,"R1:3513_S3:9"
"TUN","BA:743","EMP_TEMP_SEX_GAI_NB","SEX_M","GAI_GRADIENT_TOTAL","2019",2594.235,,,"R1:3513_S3:9"
"TUN","BA:743","EMP_TEMP_SEX_GAI_NB","SEX_M","GAI_GRADIENT_4","2019",19.097,,,"R1:3513_S3:9"
"TUN","BA:743","EMP_TEMP_SEX_GAI_NB","SEX_M","GAI_GRADIENT_3","2019",74.389,,,"R1:3513_S3:9"
"TUN","BA:743","EMP_TEMP_SEX_GAI_NB","SEX_M","GAI_GRADIENT_2","2019",198.05,,,"R1:3513_S3:9"
"TUN","BA:743","EMP_TEMP_SEX_GAI_NB","SEX_M","GAI_GRADIENT_1","2019",255.352,,,"R1:3513_S3:9"
"TUN","BA:743","EMP_TEMP_SEX_GAI_NB","SEX_M","GAI_GRADIENT_5","2019",190.428,,,"R1:3513_S3:9"
"TUN","BA:743","EMP_TEMP_SEX_GAI_NB","SEX_M","GAI_GRADIENT_X","2019",1856.92,,,"R1:3513_S3:9"
"TUN","BA:743","EMP_TEMP_SEX_GAI_NB","SEX_F","GAI_GRADIENT_TOTAL","2019",939.174,,,"R1:3513_S3:9"
"TUN","BA:743","EMP_TEMP_SEX_GAI_NB","SEX_F","GAI_GRADIENT_4","2019",13.644,,,"R1:3513_S3:9"
"TUN","BA:743","EMP_TEMP_SEX_GAI_NB","SEX_F","GAI_GRADIENT_3","2019",77.416,,,"R1:3513_S3:9"
"TUN","BA:743","EMP_TEMP_SEX_GAI_NB","SEX_F","GAI_GRADIENT_2","2019",64.161,,,"R1:3513_S3:9"
"TUN","BA:743","EMP_TEMP_SEX_GAI_NB","SEX_F","GAI_GRADIENT_1","2019",51.907,,,"R1:3513_S3:9"
"TUN","BA:743","EMP_TEMP_SEX_GAI_NB","SEX_F","GAI_GRADIENT_5","2019",124.382,,,"R1:3513_S3:9"
"TUN","BA:743","EMP_TEMP_SEX_GAI_NB","SEX_F","GAI_GRADIENT_X","2019",607.664,,,"R1:3513_S3:9"
"TUV","AA:1732","EMP_TEMP_SEX_GAI_NB","SEX_T","GAI_GRADIENT_TOTAL","2022",2.951,,,"R1:3513"
"TUV","AA:1732","EMP_TEMP_SEX_GAI_NB","SEX_T","GAI_GRADIENT_4","2022",0.178,,,"R1:3513"
"TUV","AA:1732","EMP_TEMP_SEX_GAI_NB","SEX_T","GAI_GRADIENT_3","2022",0.239,,,"R1:3513"
"TUV","AA:1732","EMP_TEMP_SEX_GAI_NB","SEX_T","GAI_GRADIENT_2","2022",0.32,,,"R1:3513"
"TUV","AA:1732","EMP_TEMP_SEX_GAI_NB","SEX_T","GAI_GRADIENT_1","2022",0.129,,,"R1:3513"
"TUV","AA:1732","EMP_TEMP_SEX_GAI_NB","SEX_T","GAI_GRADIENT_5","2022",0.462,,,"R1:3513"
"TUV","AA:1732","EMP_TEMP_SEX_GAI_NB","SEX_T","GAI_GRADIENT_X","2022",1.623,,,"R1:3513"
"TUV","AA:1732","EMP_TEMP_SEX_GAI_NB","SEX_M","GAI_GRADIENT_TOTAL","2022",1.798,,,"R1:3513"
"TUV","AA:1732","EMP_TEMP_SEX_GAI_NB","SEX_M","GAI_GRADIENT_4","2022",0.046,,,"R1:3513"
"TUV","AA:1732","EMP_TEMP_SEX_GAI_NB","SEX_M","GAI_GRADIENT_3","2022",0.088,,,"R1:3513"
"TUV","AA:1732","EMP_TEMP_SEX_GAI_NB","SEX_M","GAI_GRADIENT_2","2022",0.158,,,"R1:3513"
"TUV","AA:1732","EMP_TEMP_SEX_GAI_NB","SEX_M","GAI_GRADIENT_1","2022",0.057,,,"R1:3513"
"TUV","AA:1732","EMP_TEMP_SEX_GAI_NB","SEX_M","GAI_GRADIENT_5","2022",0.308,,,"R1:3513"
"TUV","AA:1732","EMP_TEMP_SEX_GAI_NB","SEX_M","GAI_GRADIENT_X","2022",1.141,,,"R1:3513"
"TUV","AA:1732","EMP_TEMP_SEX_GAI_NB","SEX_F","GAI_GRADIENT_TOTAL","2022",1.153,,,"R1:3513"
"TUV","AA:1732","EMP_TEMP_SEX_GAI_NB","SEX_F","GAI_GRADIENT_4","2022",0.132,,,"R1:3513"
"TUV","AA:1732","EMP_TEMP_SEX_GAI_NB","SEX_F","GAI_GRADIENT_3","2022",0.151,,,"R1:3513"
"TUV","AA:1732","EMP_TEMP_SEX_GAI_NB","SEX_F","GAI_GRADIENT_2","2022",0.162,,,"R1:3513"
"TUV","AA:1732","EMP_TEMP_SEX_GAI_NB","SEX_F","GAI_GRADIENT_1","2022",0.072,,,"R1:3513"
"TUV","AA:1732","EMP_TEMP_SEX_GAI_NB","SEX_F","GAI_GRADIENT_5","2022",0.154,,,"R1:3513"
"TUV","AA:1732","EMP_TEMP_SEX_GAI_NB","SEX_F","GAI_GRADIENT_X","2022",0.482,,,"R1:3513"
"TUV","AA:1732","EMP_TEMP_SEX_GAI_NB","SEX_T","GAI_GRADIENT_TOTAL","2017",2.589,,,"R1:3513"
"TUV","AA:1732","EMP_TEMP_SEX_GAI_NB","SEX_T","GAI_GRADIENT_4","2017",0.122,,,"R1:3513"
"TUV","AA:1732","EMP_TEMP_SEX_GAI_NB","SEX_T","GAI_GRADIENT_3","2017",0.178,,,"R1:3513"
"TUV","AA:1732","EMP_TEMP_SEX_GAI_NB","SEX_T","GAI_GRADIENT_2","2017",0.262,,,"R1:3513"
"TUV","AA:1732","EMP_TEMP_SEX_GAI_NB","SEX_T","GAI_GRADIENT_1","2017",0.074,,,"R1:3513"
"TUV","AA:1732","EMP_TEMP_SEX_GAI_NB","SEX_T","GAI_GRADIENT_5","2017",0.39,,,"R1:3513"
"TUV","AA:1732","EMP_TEMP_SEX_GAI_NB","SEX_T","GAI_GRADIENT_X","2017",1.563,,,"R1:3513"
"TUV","AA:1732","EMP_TEMP_SEX_GAI_NB","SEX_M","GAI_GRADIENT_TOTAL","2017",1.599,,,"R1:3513"
"TUV","AA:1732","EMP_TEMP_SEX_GAI_NB","SEX_M","GAI_GRADIENT_4","2017",0.028,,,"R1:3513"
"TUV","AA:1732","EMP_TEMP_SEX_GAI_NB","SEX_M","GAI_GRADIENT_3","2017",0.056,,,"R1:3513"
"TUV","AA:1732","EMP_TEMP_SEX_GAI_NB","SEX_M","GAI_GRADIENT_2","2017",0.103,,,"R1:3513"
"TUV","AA:1732","EMP_TEMP_SEX_GAI_NB","SEX_M","GAI_GRADIENT_1","2017",0.033,,,"R1:3513"
"TUV","AA:1732","EMP_TEMP_SEX_GAI_NB","SEX_M","GAI_GRADIENT_5","2017",0.237,,,"R1:3513"
"TUV","AA:1732","EMP_TEMP_SEX_GAI_NB","SEX_M","GAI_GRADIENT_X","2017",1.142,,,"R1:3513"
"TUV","AA:1732","EMP_TEMP_SEX_GAI_NB","SEX_F","GAI_GRADIENT_TOTAL","2017",0.99,,,"R1:3513"
"TUV","AA:1732","EMP_TEMP_SEX_GAI_NB","SEX_F","GAI_GRADIENT_4","2017",0.094,,,"R1:3513"
"TUV","AA:1732","EMP_TEMP_SEX_GAI_NB","SEX_F","GAI_GRADIENT_3","2017",0.122,,,"R1:3513"
"TUV","AA:1732","EMP_TEMP_SEX_GAI_NB","SEX_F","GAI_GRADIENT_2","2017",0.159,,,"R1:3513"
"TUV","AA:1732","EMP_TEMP_SEX_GAI_NB","SEX_F","GAI_GRADIENT_1","2017",0.041,,,"R1:3513"
"TUV","AA:1732","EMP_TEMP_SEX_GAI_NB","SEX_F","GAI_GRADIENT_5","2017",0.153,,,"R1:3513"
"TUV","AA:1732","EMP_TEMP_SEX_GAI_NB","SEX_F","GAI_GRADIENT_X","2017",0.421,,,"R1:3513"
"TZA","BB:2542","EMP_TEMP_SEX_GAI_NB","SEX_T","GAI_GRADIENT_TOTAL","2020",23645.086,,,"R1:3513"
"TZA","BB:2542","EMP_TEMP_SEX_GAI_NB","SEX_T","GAI_GRADIENT_4","2020",53.218,,,"R1:3513"
"TZA","BB:2542","EMP_TEMP_SEX_GAI_NB","SEX_T","GAI_GRADIENT_3","2020",67.274,,,"R1:3513"
"TZA","BB:2542","EMP_TEMP_SEX_GAI_NB","SEX_T","GAI_GRADIENT_2","2020",140.23,,,"R1:3513"
"TZA","BB:2542","EMP_TEMP_SEX_GAI_NB","SEX_T","GAI_GRADIENT_1","2020",170.96,,,"R1:3513"
"TZA","BB:2542","EMP_TEMP_SEX_GAI_NB","SEX_T","GAI_GRADIENT_5","2020",494.699,,,"R1:3513"
"TZA","BB:2542","EMP_TEMP_SEX_GAI_NB","SEX_T","GAI_GRADIENT_X","2020",22718.705,,,"R1:3513"
"TZA","BB:2542","EMP_TEMP_SEX_GAI_NB","SEX_M","GAI_GRADIENT_TOTAL","2020",12039.507,,,"R1:3513"
"TZA","BB:2542","EMP_TEMP_SEX_GAI_NB","SEX_M","GAI_GRADIENT_4","2020",31.142,"U",,"R1:3513"
"TZA","BB:2542","EMP_TEMP_SEX_GAI_NB","SEX_M","GAI_GRADIENT_3","2020",38.86,,,"R1:3513"
"TZA","BB:2542","EMP_TEMP_SEX_GAI_NB","SEX_M","GAI_GRADIENT_2","2020",93.816,,,"R1:3513"
"TZA","BB:2542","EMP_TEMP_SEX_GAI_NB","SEX_M","GAI_GRADIENT_1","2020",142.146,,,"R1:3513"
"TZA","BB:2542","EMP_TEMP_SEX_GAI_NB","SEX_M","GAI_GRADIENT_5","2020",387.818,,,"R1:3513"
"TZA","BB:2542","EMP_TEMP_SEX_GAI_NB","SEX_M","GAI_GRADIENT_X","2020",11345.724,,,"R1:3513"
"TZA","BB:2542","EMP_TEMP_SEX_GAI_NB","SEX_F","GAI_GRADIENT_TOTAL","2020",11605.579,,,"R1:3513"
"TZA","BB:2542","EMP_TEMP_SEX_GAI_NB","SEX_F","GAI_GRADIENT_4","2020",22.076,"U",,"R1:3513"
"TZA","BB:2542","EMP_TEMP_SEX_GAI_NB","SEX_F","GAI_GRADIENT_3","2020",28.413,"U",,"R1:3513"
"TZA","BB:2542","EMP_TEMP_SEX_GAI_NB","SEX_F","GAI_GRADIENT_2","2020",46.414,,,"R1:3513"
"TZA","BB:2542","EMP_TEMP_SEX_GAI_NB","SEX_F","GAI_GRADIENT_1","2020",28.814,"U",,"R1:3513"
"TZA","BB:2542","EMP_TEMP_SEX_GAI_NB","SEX_F","GAI_GRADIENT_5","2020",106.881,,,"R1:3513"
"TZA","BB:2542","EMP_TEMP_SEX_GAI_NB","SEX_F","GAI_GRADIENT_X","2020",11372.98,,,"R1:3513"
"UGA","BA:13047","EMP_TEMP_SEX_GAI_NB","SEX_T","GAI_GRADIENT_TOTAL","2021",17969.577,,,"R1:3513"
"UGA","BA:13047","EMP_TEMP_SEX_GAI_NB","SEX_T","GAI_GRADIENT_4","2021",34.38,,,"R1:3513"
"UGA","BA:13047","EMP_TEMP_SEX_GAI_NB","SEX_T","GAI_GRADIENT_3","2021",97.522,,,"R1:3513"
"UGA","BA:13047","EMP_TEMP_SEX_GAI_NB","SEX_T","GAI_GRADIENT_2","2021",872.879,,,"R1:3513"
"UGA","BA:13047","EMP_TEMP_SEX_GAI_NB","SEX_T","GAI_GRADIENT_1","2021",826.251,,,"R1:3513"
"UGA","BA:13047","EMP_TEMP_SEX_GAI_NB","SEX_T","GAI_GRADIENT_5","2021",1209.334,,,"R1:3513"
"UGA","BA:13047","EMP_TEMP_SEX_GAI_NB","SEX_T","GAI_GRADIENT_X","2021",14929.211,,,"R1:3513"
"UGA","BA:13047","EMP_TEMP_SEX_GAI_NB","SEX_M","GAI_GRADIENT_TOTAL","2021",9249.635,,,"R1:3513"
"UGA","BA:13047","EMP_TEMP_SEX_GAI_NB","SEX_M","GAI_GRADIENT_4","2021",23.704,,,"R1:3513"
"UGA","BA:13047","EMP_TEMP_SEX_GAI_NB","SEX_M","GAI_GRADIENT_3","2021",61.579,,,"R1:3513"
"UGA","BA:13047","EMP_TEMP_SEX_GAI_NB","SEX_M","GAI_GRADIENT_2","2021",398.413,,,"R1:3513"
"UGA","BA:13047","EMP_TEMP_SEX_GAI_NB","SEX_M","GAI_GRADIENT_1","2021",428.652,,,"R1:3513"
"UGA","BA:13047","EMP_TEMP_SEX_GAI_NB","SEX_M","GAI_GRADIENT_5","2021",718.094,,,"R1:3513"
"UGA","BA:13047","EMP_TEMP_SEX_GAI_NB","SEX_M","GAI_GRADIENT_X","2021",7619.194,,,"R1:3513"
"UGA","BA:13047","EMP_TEMP_SEX_GAI_NB","SEX_F","GAI_GRADIENT_TOTAL","2021",8719.942,,,"R1:3513"
"UGA","BA:13047","EMP_TEMP_SEX_GAI_NB","SEX_F","GAI_GRADIENT_4","2021",10.676,"U",,"R1:3513"
"UGA","BA:13047","EMP_TEMP_SEX_GAI_NB","SEX_F","GAI_GRADIENT_3","2021",35.944,,,"R1:3513"
"UGA","BA:13047","EMP_TEMP_SEX_GAI_NB","SEX_F","GAI_GRADIENT_2","2021",474.466,,,"R1:3513"
"UGA","BA:13047","EMP_TEMP_SEX_GAI_NB","SEX_F","GAI_GRADIENT_1","2021",397.599,,,"R1:3513"
"UGA","BA:13047","EMP_TEMP_SEX_GAI_NB","SEX_F","GAI_GRADIENT_5","2021",491.24,,,"R1:3513"
"UGA","BA:13047","EMP_TEMP_SEX_GAI_NB","SEX_F","GAI_GRADIENT_X","2021",7310.018,,,"R1:3513"
"UGA","BB:268","EMP_TEMP_SEX_GAI_NB","SEX_T","GAI_GRADIENT_TOTAL","2019",17091.271,,,"R1:3513"
"UGA","BB:268","EMP_TEMP_SEX_GAI_NB","SEX_T","GAI_GRADIENT_4","2019",71.083,"U",,"R1:3513"
"UGA","BB:268","EMP_TEMP_SEX_GAI_NB","SEX_T","GAI_GRADIENT_3","2019",55.965,,,"R1:3513"
"UGA","BB:268","EMP_TEMP_SEX_GAI_NB","SEX_T","GAI_GRADIENT_2","2019",777.138,,,"R1:3513"
"UGA","BB:268","EMP_TEMP_SEX_GAI_NB","SEX_T","GAI_GRADIENT_1","2019",731.686,,,"R1:3513"
"UGA","BB:268","EMP_TEMP_SEX_GAI_NB","SEX_T","GAI_GRADIENT_5","2019",940.178,,,"R1:3513"
"UGA","BB:268","EMP_TEMP_SEX_GAI_NB","SEX_T","GAI_GRADIENT_X","2019",14515.221,,,"R1:3513"
"UGA","BB:268","EMP_TEMP_SEX_GAI_NB","SEX_M","GAI_GRADIENT_TOTAL","2019",8563.509,,,"R1:3513"
"UGA","BB:268","EMP_TEMP_SEX_GAI_NB","SEX_M","GAI_GRADIENT_4","2019",44.814,"U",,"R1:3513"
"UGA","BB:268","EMP_TEMP_SEX_GAI_NB","SEX_M","GAI_GRADIENT_3","2019",39.269,"U",,"R1:3513"
"UGA","BB:268","EMP_TEMP_SEX_GAI_NB","SEX_M","GAI_GRADIENT_2","2019",353.833,,,"R1:3513"
"UGA","BB:268","EMP_TEMP_SEX_GAI_NB","SEX_M","GAI_GRADIENT_1","2019",348.227,,,"R1:3513"
"UGA","BB:268","EMP_TEMP_SEX_GAI_NB","SEX_M","GAI_GRADIENT_5","2019",683.82,,,"R1:3513"
"UGA","BB:268","EMP_TEMP_SEX_GAI_NB","SEX_M","GAI_GRADIENT_X","2019",7093.546,,,"R1:3513"
"UGA","BB:268","EMP_TEMP_SEX_GAI_NB","SEX_F","GAI_GRADIENT_TOTAL","2019",8527.762,,,"R1:3513"
"UGA","BB:268","EMP_TEMP_SEX_GAI_NB","SEX_F","GAI_GRADIENT_4","2019",,"U",,"R1:3513"
"UGA","BB:268","EMP_TEMP_SEX_GAI_NB","SEX_F","GAI_GRADIENT_3","2019",16.696,"U",,"R1:3513"
"UGA","BB:268","EMP_TEMP_SEX_GAI_NB","SEX_F","GAI_GRADIENT_2","2019",423.305,,,"R1:3513"
"UGA","BB:268","EMP_TEMP_SEX_GAI_NB","SEX_F","GAI_GRADIENT_1","2019",383.459,,,"R1:3513"
"UGA","BB:268","EMP_TEMP_SEX_GAI_NB","SEX_F","GAI_GRADIENT_5","2019",256.358,,,"R1:3513"
"UGA","BB:268","EMP_TEMP_SEX_GAI_NB","SEX_F","GAI_GRADIENT_X","2019",7421.675,,,"R1:3513"
"UGA","BA:13047","EMP_TEMP_SEX_GAI_NB","SEX_T","GAI_GRADIENT_TOTAL","2017",14238.514,"B","I11:264","R1:3513"
"UGA","BA:13047","EMP_TEMP_SEX_GAI_NB","SEX_T","GAI_GRADIENT_4","2017",29.012,"B","I11:264","R1:3513"
"UGA","BA:13047","EMP_TEMP_SEX_GAI_NB","SEX_T","GAI_GRADIENT_3","2017",74.329,"B","I11:264","R1:3513"
"UGA","BA:13047","EMP_TEMP_SEX_GAI_NB","SEX_T","GAI_GRADIENT_2","2017",605.911,"B","I11:264","R1:3513"
"UGA","BA:13047","EMP_TEMP_SEX_GAI_NB","SEX_T","GAI_GRADIENT_1","2017",437.428,"B","I11:264","R1:3513"
"UGA","BA:13047","EMP_TEMP_SEX_GAI_NB","SEX_T","GAI_GRADIENT_5","2017",780.584,"B","I11:264","R1:3513"
"UGA","BA:13047","EMP_TEMP_SEX_GAI_NB","SEX_T","GAI_GRADIENT_X","2017",12311.25,"B","I11:264","R1:3513"
"UGA","BA:13047","EMP_TEMP_SEX_GAI_NB","SEX_M","GAI_GRADIENT_TOTAL","2017",7198.988,"B","I11:264","R1:3513"
"UGA","BA:13047","EMP_TEMP_SEX_GAI_NB","SEX_M","GAI_GRADIENT_4","2017",22.238,"B","I11:264","R1:3513"
"UGA","BA:13047","EMP_TEMP_SEX_GAI_NB","SEX_M","GAI_GRADIENT_3","2017",36.822,"B","I11:264","R1:3513"
"UGA","BA:13047","EMP_TEMP_SEX_GAI_NB","SEX_M","GAI_GRADIENT_2","2017",290.185,"B","I11:264","R1:3513"
"UGA","BA:13047","EMP_TEMP_SEX_GAI_NB","SEX_M","GAI_GRADIENT_1","2017",223.595,"B","I11:264","R1:3513"
"UGA","BA:13047","EMP_TEMP_SEX_GAI_NB","SEX_M","GAI_GRADIENT_5","2017",487.38,"B","I11:264","R1:3513"
"UGA","BA:13047","EMP_TEMP_SEX_GAI_NB","SEX_M","GAI_GRADIENT_X","2017",6138.768,"B","I11:264","R1:3513"
"UGA","BA:13047","EMP_TEMP_SEX_GAI_NB","SEX_F","GAI_GRADIENT_TOTAL","2017",7039.526,"B","I11:264","R1:3513"
"UGA","BA:13047","EMP_TEMP_SEX_GAI_NB","SEX_F","GAI_GRADIENT_4","2017",6.773,"U","I11:264","R1:3513"
"UGA","BA:13047","EMP_TEMP_SEX_GAI_NB","SEX_F","GAI_GRADIENT_3","2017",37.507,"B","I11:264","R1:3513"
"UGA","BA:13047","EMP_TEMP_SEX_GAI_NB","SEX_F","GAI_GRADIENT_2","2017",315.727,"B","I11:264","R1:3513"
"UGA","BA:13047","EMP_TEMP_SEX_GAI_NB","SEX_F","GAI_GRADIENT_1","2017",213.833,"B","I11:264","R1:3513"
"UGA","BA:13047","EMP_TEMP_SEX_GAI_NB","SEX_F","GAI_GRADIENT_5","2017",293.204,"B","I11:264","R1:3513"
"UGA","BA:13047","EMP_TEMP_SEX_GAI_NB","SEX_F","GAI_GRADIENT_X","2017",6172.483,"B","I11:264","R1:3513"
"UGA","BB:268","EMP_TEMP_SEX_GAI_NB","SEX_T","GAI_GRADIENT_TOTAL","2014",15050.052,,,"R1:3513"
"UGA","BB:268","EMP_TEMP_SEX_GAI_NB","SEX_T","GAI_GRADIENT_4","2014",46.551,,,"R1:3513"
"UGA","BB:268","EMP_TEMP_SEX_GAI_NB","SEX_T","GAI_GRADIENT_3","2014",57.321,,,"R1:3513"
"UGA","BB:268","EMP_TEMP_SEX_GAI_NB","SEX_T","GAI_GRADIENT_2","2014",522.463,,,"R1:3513"
"UGA","BB:268","EMP_TEMP_SEX_GAI_NB","SEX_T","GAI_GRADIENT_1","2014",498.292,,,"R1:3513"
"UGA","BB:268","EMP_TEMP_SEX_GAI_NB","SEX_T","GAI_GRADIENT_5","2014",409.247,,,"R1:3513"
"UGA","BB:268","EMP_TEMP_SEX_GAI_NB","SEX_T","GAI_GRADIENT_X","2014",13516.177,,,"R1:3513"
"UGA","BB:268","EMP_TEMP_SEX_GAI_NB","SEX_M","GAI_GRADIENT_TOTAL","2014",7404.676,,,"R1:3513"
"UGA","BB:268","EMP_TEMP_SEX_GAI_NB","SEX_M","GAI_GRADIENT_4","2014",22.07,"U",,"R1:3513"
"UGA","BB:268","EMP_TEMP_SEX_GAI_NB","SEX_M","GAI_GRADIENT_3","2014",23.765,"U",,"R1:3513"
"UGA","BB:268","EMP_TEMP_SEX_GAI_NB","SEX_M","GAI_GRADIENT_2","2014",265.224,,,"R1:3513"
"UGA","BB:268","EMP_TEMP_SEX_GAI_NB","SEX_M","GAI_GRADIENT_1","2014",228.145,,,"R1:3513"
"UGA","BB:268","EMP_TEMP_SEX_GAI_NB","SEX_M","GAI_GRADIENT_5","2014",253.54,,,"R1:3513"
"UGA","BB:268","EMP_TEMP_SEX_GAI_NB","SEX_M","GAI_GRADIENT_X","2014",6611.933,,,"R1:3513"
"UGA","BB:268","EMP_TEMP_SEX_GAI_NB","SEX_F","GAI_GRADIENT_TOTAL","2014",7645.376,,,"R1:3513"
"UGA","BB:268","EMP_TEMP_SEX_GAI_NB","SEX_F","GAI_GRADIENT_4","2014",24.482,"U",,"R1:3513"
"UGA","BB:268","EMP_TEMP_SEX_GAI_NB","SEX_F","GAI_GRADIENT_3","2014",33.556,,,"R1:3513"
"UGA","BB:268","EMP_TEMP_SEX_GAI_NB","SEX_F","GAI_GRADIENT_2","2014",257.24,,,"R1:3513"
"UGA","BB:268","EMP_TEMP_SEX_GAI_NB","SEX_F","GAI_GRADIENT_1","2014",270.146,,,"R1:3513"
"UGA","BB:268","EMP_TEMP_SEX_GAI_NB","SEX_F","GAI_GRADIENT_5","2014",155.708,,,"R1:3513"
"UGA","BB:268","EMP_TEMP_SEX_GAI_NB","SEX_F","GAI_GRADIENT_X","2014",6904.245,,,"R1:3513"
"UGA","BA:13047","EMP_TEMP_SEX_GAI_NB","SEX_T","GAI_GRADIENT_TOTAL","2012",10602.541,"B","I11:264","R1:3513"
"UGA","BA:13047","EMP_TEMP_SEX_GAI_NB","SEX_T","GAI_GRADIENT_4","2012",23.994,"B","I11:264","R1:3513"
"UGA","BA:13047","EMP_TEMP_SEX_GAI_NB","SEX_T","GAI_GRADIENT_3","2012",42.951,"B","I11:264","R1:3513"
"UGA","BA:13047","EMP_TEMP_SEX_GAI_NB","SEX_T","GAI_GRADIENT_2","2012",361.464,"B","I11:264","R1:3513"
"UGA","BA:13047","EMP_TEMP_SEX_GAI_NB","SEX_T","GAI_GRADIENT_1","2012",423.813,"B","I11:264","R1:3513"
"UGA","BA:13047","EMP_TEMP_SEX_GAI_NB","SEX_T","GAI_GRADIENT_5","2012",512.973,"B","I11:264","R1:3513"
"UGA","BA:13047","EMP_TEMP_SEX_GAI_NB","SEX_T","GAI_GRADIENT_X","2012",9237.347,"B","I11:264","R1:3513"
"UGA","BA:13047","EMP_TEMP_SEX_GAI_NB","SEX_M","GAI_GRADIENT_TOTAL","2012",5561.633,"B","I11:264","R1:3513"
"UGA","BA:13047","EMP_TEMP_SEX_GAI_NB","SEX_M","GAI_GRADIENT_4","2012",13.809,"B","I11:264","R1:3513"
"UGA","BA:13047","EMP_TEMP_SEX_GAI_NB","SEX_M","GAI_GRADIENT_3","2012",21.925,"B","I11:264","R1:3513"
"UGA","BA:13047","EMP_TEMP_SEX_GAI_NB","SEX_M","GAI_GRADIENT_2","2012",177.781,"B","I11:264","R1:3513"
"UGA","BA:13047","EMP_TEMP_SEX_GAI_NB","SEX_M","GAI_GRADIENT_1","2012",247.476,"B","I11:264","R1:3513"
"UGA","BA:13047","EMP_TEMP_SEX_GAI_NB","SEX_M","GAI_GRADIENT_5","2012",313.487,"B","I11:264","R1:3513"
"UGA","BA:13047","EMP_TEMP_SEX_GAI_NB","SEX_M","GAI_GRADIENT_X","2012",4787.155,"B","I11:264","R1:3513"
"UGA","BA:13047","EMP_TEMP_SEX_GAI_NB","SEX_F","GAI_GRADIENT_TOTAL","2012",5040.909,"B","I11:264","R1:3513"
"UGA","BA:13047","EMP_TEMP_SEX_GAI_NB","SEX_F","GAI_GRADIENT_4","2012",10.185,"B","I11:264","R1:3513"
"UGA","BA:13047","EMP_TEMP_SEX_GAI_NB","SEX_F","GAI_GRADIENT_3","2012",21.026,"B","I11:264","R1:3513"
"UGA","BA:13047","EMP_TEMP_SEX_GAI_NB","SEX_F","GAI_GRADIENT_2","2012",183.683,"B","I11:264","R1:3513"
"UGA","BA:13047","EMP_TEMP_SEX_GAI_NB","SEX_F","GAI_GRADIENT_1","2012",176.337,"B","I11:264","R1:3513"
"UGA","BA:13047","EMP_TEMP_SEX_GAI_NB","SEX_F","GAI_GRADIENT_5","2012",199.485,"B","I11:264","R1:3513"
"UGA","BA:13047","EMP_TEMP_SEX_GAI_NB","SEX_F","GAI_GRADIENT_X","2012",4450.192,"B","I11:264","R1:3513"
"URY","BA:348","EMP_TEMP_SEX_GAI_NB","SEX_T","GAI_GRADIENT_TOTAL","2025",1765.222,,,"R1:3513"
"URY","BA:348","EMP_TEMP_SEX_GAI_NB","SEX_T","GAI_GRADIENT_4","2025",145.79,,,"R1:3513"
"URY","BA:348","EMP_TEMP_SEX_GAI_NB","SEX_T","GAI_GRADIENT_3","2025",83.329,,,"R1:3513"
"URY","BA:348","EMP_TEMP_SEX_GAI_NB","SEX_T","GAI_GRADIENT_2","2025",116.512,,,"R1:3513"
"URY","BA:348","EMP_TEMP_SEX_GAI_NB","SEX_T","GAI_GRADIENT_1","2025",159.428,,,"R1:3513"
"URY","BA:348","EMP_TEMP_SEX_GAI_NB","SEX_T","GAI_GRADIENT_5","2025",237.804,,,"R1:3513"
"URY","BA:348","EMP_TEMP_SEX_GAI_NB","SEX_T","GAI_GRADIENT_X","2025",1022.359,,,"R1:3513"
"URY","BA:348","EMP_TEMP_SEX_GAI_NB","SEX_M","GAI_GRADIENT_TOTAL","2025",965.193,,,"R1:3513"
"URY","BA:348","EMP_TEMP_SEX_GAI_NB","SEX_M","GAI_GRADIENT_4","2025",49.134,,,"R1:3513"
"URY","BA:348","EMP_TEMP_SEX_GAI_NB","SEX_M","GAI_GRADIENT_3","2025",40.582,,,"R1:3513"
"URY","BA:348","EMP_TEMP_SEX_GAI_NB","SEX_M","GAI_GRADIENT_2","2025",65.887,,,"R1:3513"
"URY","BA:348","EMP_TEMP_SEX_GAI_NB","SEX_M","GAI_GRADIENT_1","2025",73.367,,,"R1:3513"
"URY","BA:348","EMP_TEMP_SEX_GAI_NB","SEX_M","GAI_GRADIENT_5","2025",127.541,,,"R1:3513"
"URY","BA:348","EMP_TEMP_SEX_GAI_NB","SEX_M","GAI_GRADIENT_X","2025",608.681,,,"R1:3513"
"URY","BA:348","EMP_TEMP_SEX_GAI_NB","SEX_F","GAI_GRADIENT_TOTAL","2025",800.03,,,"R1:3513"
"URY","BA:348","EMP_TEMP_SEX_GAI_NB","SEX_F","GAI_GRADIENT_4","2025",96.656,,,"R1:3513"
"URY","BA:348","EMP_TEMP_SEX_GAI_NB","SEX_F","GAI_GRADIENT_3","2025",42.748,,,"R1:3513"
"URY","BA:348","EMP_TEMP_SEX_GAI_NB","SEX_F","GAI_GRADIENT_2","2025",50.624,,,"R1:3513"
"URY","BA:348","EMP_TEMP_SEX_GAI_NB","SEX_F","GAI_GRADIENT_1","2025",86.061,,,"R1:3513"
"URY","BA:348","EMP_TEMP_SEX_GAI_NB","SEX_F","GAI_GRADIENT_5","2025",110.262,,,"R1:3513"
"URY","BA:348","EMP_TEMP_SEX_GAI_NB","SEX_F","GAI_GRADIENT_X","2025",413.678,,,"R1:3513"
"URY","BA:348","EMP_TEMP_SEX_GAI_NB","SEX_T","GAI_GRADIENT_TOTAL","2024",1737.516,,,"R1:3513"
"URY","BA:348","EMP_TEMP_SEX_GAI_NB","SEX_T","GAI_GRADIENT_4","2024",155.863,,,"R1:3513"
"URY","BA:348","EMP_TEMP_SEX_GAI_NB","SEX_T","GAI_GRADIENT_3","2024",80.594,,,"R1:3513"
"URY","BA:348","EMP_TEMP_SEX_GAI_NB","SEX_T","GAI_GRADIENT_2","2024",114.523,,,"R1:3513"
"URY","BA:348","EMP_TEMP_SEX_GAI_NB","SEX_T","GAI_GRADIENT_1","2024",159.002,,,"R1:3513"
"URY","BA:348","EMP_TEMP_SEX_GAI_NB","SEX_T","GAI_GRADIENT_5","2024",228.377,,,"R1:3513"
"URY","BA:348","EMP_TEMP_SEX_GAI_NB","SEX_T","GAI_GRADIENT_X","2024",999.157,,,"R1:3513"
"URY","BA:348","EMP_TEMP_SEX_GAI_NB","SEX_M","GAI_GRADIENT_TOTAL","2024",957.068,,,"R1:3513"
"URY","BA:348","EMP_TEMP_SEX_GAI_NB","SEX_M","GAI_GRADIENT_4","2024",54.84,,,"R1:3513"
"URY","BA:348","EMP_TEMP_SEX_GAI_NB","SEX_M","GAI_GRADIENT_3","2024",38.155,,,"R1:3513"
"URY","BA:348","EMP_TEMP_SEX_GAI_NB","SEX_M","GAI_GRADIENT_2","2024",64.314,,,"R1:3513"
"URY","BA:348","EMP_TEMP_SEX_GAI_NB","SEX_M","GAI_GRADIENT_1","2024",73.364,,,"R1:3513"
"URY","BA:348","EMP_TEMP_SEX_GAI_NB","SEX_M","GAI_GRADIENT_5","2024",126.499,,,"R1:3513"
"URY","BA:348","EMP_TEMP_SEX_GAI_NB","SEX_M","GAI_GRADIENT_X","2024",599.896,,,"R1:3513"
"URY","BA:348","EMP_TEMP_SEX_GAI_NB","SEX_F","GAI_GRADIENT_TOTAL","2024",780.449,,,"R1:3513"
"URY","BA:348","EMP_TEMP_SEX_GAI_NB","SEX_F","GAI_GRADIENT_4","2024",101.023,,,"R1:3513"
"URY","BA:348","EMP_TEMP_SEX_GAI_NB","SEX_F","GAI_GRADIENT_3","2024",42.438,,,"R1:3513"
"URY","BA:348","EMP_TEMP_SEX_GAI_NB","SEX_F","GAI_GRADIENT_2","2024",50.209,,,"R1:3513"
"URY","BA:348","EMP_TEMP_SEX_GAI_NB","SEX_F","GAI_GRADIENT_1","2024",85.638,,,"R1:3513"
"URY","BA:348","EMP_TEMP_SEX_GAI_NB","SEX_F","GAI_GRADIENT_5","2024",101.878,,,"R1:3513"
"URY","BA:348","EMP_TEMP_SEX_GAI_NB","SEX_F","GAI_GRADIENT_X","2024",399.262,,,"R1:3513"
"URY","BA:348","EMP_TEMP_SEX_GAI_NB","SEX_T","GAI_GRADIENT_TOTAL","2023",1702.831,,,"R1:3513"
"URY","BA:348","EMP_TEMP_SEX_GAI_NB","SEX_T","GAI_GRADIENT_4","2023",158.628,,,"R1:3513"
"URY","BA:348","EMP_TEMP_SEX_GAI_NB","SEX_T","GAI_GRADIENT_3","2023",75.427,,,"R1:3513"
"URY","BA:348","EMP_TEMP_SEX_GAI_NB","SEX_T","GAI_GRADIENT_2","2023",108.769,,,"R1:3513"
"URY","BA:348","EMP_TEMP_SEX_GAI_NB","SEX_T","GAI_GRADIENT_1","2023",152.62,,,"R1:3513"
"URY","BA:348","EMP_TEMP_SEX_GAI_NB","SEX_T","GAI_GRADIENT_5","2023",222.195,,,"R1:3513"
"URY","BA:348","EMP_TEMP_SEX_GAI_NB","SEX_T","GAI_GRADIENT_X","2023",985.192,,,"R1:3513"
"URY","BA:348","EMP_TEMP_SEX_GAI_NB","SEX_M","GAI_GRADIENT_TOTAL","2023",936.402,,,"R1:3513"
"URY","BA:348","EMP_TEMP_SEX_GAI_NB","SEX_M","GAI_GRADIENT_4","2023",59.585,,,"R1:3513"
"URY","BA:348","EMP_TEMP_SEX_GAI_NB","SEX_M","GAI_GRADIENT_3","2023",34.034,,,"R1:3513"
"URY","BA:348","EMP_TEMP_SEX_GAI_NB","SEX_M","GAI_GRADIENT_2","2023",59.801,,,"R1:3513"
"URY","BA:348","EMP_TEMP_SEX_GAI_NB","SEX_M","GAI_GRADIENT_1","2023",68.666,,,"R1:3513"
"URY","BA:348","EMP_TEMP_SEX_GAI_NB","SEX_M","GAI_GRADIENT_5","2023",121.684,,,"R1:3513"
"URY","BA:348","EMP_TEMP_SEX_GAI_NB","SEX_M","GAI_GRADIENT_X","2023",592.632,,,"R1:3513"
"URY","BA:348","EMP_TEMP_SEX_GAI_NB","SEX_F","GAI_GRADIENT_TOTAL","2023",766.429,,,"R1:3513"
"URY","BA:348","EMP_TEMP_SEX_GAI_NB","SEX_F","GAI_GRADIENT_4","2023",99.043,,,"R1:3513"
"URY","BA:348","EMP_TEMP_SEX_GAI_NB","SEX_F","GAI_GRADIENT_3","2023",41.393,,,"R1:3513"
"URY","BA:348","EMP_TEMP_SEX_GAI_NB","SEX_F","GAI_GRADIENT_2","2023",48.968,,,"R1:3513"
"URY","BA:348","EMP_TEMP_SEX_GAI_NB","SEX_F","GAI_GRADIENT_1","2023",83.953,,,"R1:3513"
"URY","BA:348","EMP_TEMP_SEX_GAI_NB","SEX_F","GAI_GRADIENT_5","2023",100.51,,,"R1:3513"
"URY","BA:348","EMP_TEMP_SEX_GAI_NB","SEX_F","GAI_GRADIENT_X","2023",392.56,,,"R1:3513"
"URY","BA:348","EMP_TEMP_SEX_GAI_NB","SEX_T","GAI_GRADIENT_TOTAL","2022",1663.11,"B","I11:264","R1:3513"
"URY","BA:348","EMP_TEMP_SEX_GAI_NB","SEX_T","GAI_GRADIENT_4","2022",160.887,"B","I11:264","R1:3513"
"URY","BA:348","EMP_TEMP_SEX_GAI_NB","SEX_T","GAI_GRADIENT_3","2022",76.072,"B","I11:264","R1:3513"
"URY","BA:348","EMP_TEMP_SEX_GAI_NB","SEX_T","GAI_GRADIENT_2","2022",111.675,"B","I11:264","R1:3513"
"URY","BA:348","EMP_TEMP_SEX_GAI_NB","SEX_T","GAI_GRADIENT_1","2022",152.493,"B","I11:264","R1:3513"
"URY","BA:348","EMP_TEMP_SEX_GAI_NB","SEX_T","GAI_GRADIENT_5","2022",208.759,"B","I11:264","R1:3513"
"URY","BA:348","EMP_TEMP_SEX_GAI_NB","SEX_T","GAI_GRADIENT_X","2022",953.225,"B","I11:264","R1:3513"
"URY","BA:348","EMP_TEMP_SEX_GAI_NB","SEX_M","GAI_GRADIENT_TOTAL","2022",909.133,"B","I11:264","R1:3513"
"URY","BA:348","EMP_TEMP_SEX_GAI_NB","SEX_M","GAI_GRADIENT_4","2022",59.791,"B","I11:264","R1:3513"
"URY","BA:348","EMP_TEMP_SEX_GAI_NB","SEX_M","GAI_GRADIENT_3","2022",35.479,"B","I11:264","R1:3513"
"URY","BA:348","EMP_TEMP_SEX_GAI_NB","SEX_M","GAI_GRADIENT_2","2022",61.95,"B","I11:264","R1:3513"
"URY","BA:348","EMP_TEMP_SEX_GAI_NB","SEX_M","GAI_GRADIENT_1","2022",69.482,"B","I11:264","R1:3513"
"URY","BA:348","EMP_TEMP_SEX_GAI_NB","SEX_M","GAI_GRADIENT_5","2022",114.375,"B","I11:264","R1:3513"
"URY","BA:348","EMP_TEMP_SEX_GAI_NB","SEX_M","GAI_GRADIENT_X","2022",568.054,"B","I11:264","R1:3513"
"URY","BA:348","EMP_TEMP_SEX_GAI_NB","SEX_F","GAI_GRADIENT_TOTAL","2022",753.978,"B","I11:264","R1:3513"
"URY","BA:348","EMP_TEMP_SEX_GAI_NB","SEX_F","GAI_GRADIENT_4","2022",101.097,"B","I11:264","R1:3513"
"URY","BA:348","EMP_TEMP_SEX_GAI_NB","SEX_F","GAI_GRADIENT_3","2022",40.592,"B","I11:264","R1:3513"
"URY","BA:348","EMP_TEMP_SEX_GAI_NB","SEX_F","GAI_GRADIENT_2","2022",49.724,"B","I11:264","R1:3513"
"URY","BA:348","EMP_TEMP_SEX_GAI_NB","SEX_F","GAI_GRADIENT_1","2022",83.011,"B","I11:264","R1:3513"
"URY","BA:348","EMP_TEMP_SEX_GAI_NB","SEX_F","GAI_GRADIENT_5","2022",94.384,"B","I11:264","R1:3513"
"URY","BA:348","EMP_TEMP_SEX_GAI_NB","SEX_F","GAI_GRADIENT_X","2022",385.17,"B","I11:264","R1:3513"
"URY","BA:348","EMP_TEMP_SEX_GAI_NB","SEX_T","GAI_GRADIENT_TOTAL","2019",1631.69,"B","I11:264","R1:3513"
"URY","BA:348","EMP_TEMP_SEX_GAI_NB","SEX_T","GAI_GRADIENT_4","2019",146.487,"B","I11:264","R1:3513"
"URY","BA:348","EMP_TEMP_SEX_GAI_NB","SEX_T","GAI_GRADIENT_3","2019",62.582,"B","I11:264","R1:3513"
"URY","BA:348","EMP_TEMP_SEX_GAI_NB","SEX_T","GAI_GRADIENT_2","2019",111.71,"B","I11:264","R1:3513"
"URY","BA:348","EMP_TEMP_SEX_GAI_NB","SEX_T","GAI_GRADIENT_1","2019",152.357,"B","I11:264","R1:3513"
"URY","BA:348","EMP_TEMP_SEX_GAI_NB","SEX_T","GAI_GRADIENT_5","2019",193.793,"B","I11:264","R1:3513"
"URY","BA:348","EMP_TEMP_SEX_GAI_NB","SEX_T","GAI_GRADIENT_X","2019",964.761,"B","I11:264","R1:3513"
"URY","BA:348","EMP_TEMP_SEX_GAI_NB","SEX_M","GAI_GRADIENT_TOTAL","2019",895.125,"B","I11:264","R1:3513"
"URY","BA:348","EMP_TEMP_SEX_GAI_NB","SEX_M","GAI_GRADIENT_4","2019",50.037,"B","I11:264","R1:3513"
"URY","BA:348","EMP_TEMP_SEX_GAI_NB","SEX_M","GAI_GRADIENT_3","2019",27.82,"B","I11:264","R1:3513"
"URY","BA:348","EMP_TEMP_SEX_GAI_NB","SEX_M","GAI_GRADIENT_2","2019",61.096,"B","I11:264","R1:3513"
"URY","BA:348","EMP_TEMP_SEX_GAI_NB","SEX_M","GAI_GRADIENT_1","2019",74.857,"B","I11:264","R1:3513"
"URY","BA:348","EMP_TEMP_SEX_GAI_NB","SEX_M","GAI_GRADIENT_5","2019",103.408,"B","I11:264","R1:3513"
"URY","BA:348","EMP_TEMP_SEX_GAI_NB","SEX_M","GAI_GRADIENT_X","2019",577.907,"B","I11:264","R1:3513"
"URY","BA:348","EMP_TEMP_SEX_GAI_NB","SEX_F","GAI_GRADIENT_TOTAL","2019",736.565,"B","I11:264","R1:3513"
"URY","BA:348","EMP_TEMP_SEX_GAI_NB","SEX_F","GAI_GRADIENT_4","2019",96.45,"B","I11:264","R1:3513"
"URY","BA:348","EMP_TEMP_SEX_GAI_NB","SEX_F","GAI_GRADIENT_3","2019",34.762,"B","I11:264","R1:3513"
"URY","BA:348","EMP_TEMP_SEX_GAI_NB","SEX_F","GAI_GRADIENT_2","2019",50.614,"B","I11:264","R1:3513"
"URY","BA:348","EMP_TEMP_SEX_GAI_NB","SEX_F","GAI_GRADIENT_1","2019",77.5,"B","I11:264","R1:3513"
"URY","BA:348","EMP_TEMP_SEX_GAI_NB","SEX_F","GAI_GRADIENT_5","2019",90.385,"B","I11:264","R1:3513"
"URY","BA:348","EMP_TEMP_SEX_GAI_NB","SEX_F","GAI_GRADIENT_X","2019",386.854,"B","I11:264","R1:3513"
"URY","BA:348","EMP_TEMP_SEX_GAI_NB","SEX_T","GAI_GRADIENT_TOTAL","2018",1635.723,,,"R1:3513"
"URY","BA:348","EMP_TEMP_SEX_GAI_NB","SEX_T","GAI_GRADIENT_4","2018",149.01,,,"R1:3513"
"URY","BA:348","EMP_TEMP_SEX_GAI_NB","SEX_T","GAI_GRADIENT_3","2018",65.114,,,"R1:3513"
"URY","BA:348","EMP_TEMP_SEX_GAI_NB","SEX_T","GAI_GRADIENT_2","2018",115.907,,,"R1:3513"
"URY","BA:348","EMP_TEMP_SEX_GAI_NB","SEX_T","GAI_GRADIENT_1","2018",159.412,,,"R1:3513"
"URY","BA:348","EMP_TEMP_SEX_GAI_NB","SEX_T","GAI_GRADIENT_5","2018",189.823,,,"R1:3513"
"URY","BA:348","EMP_TEMP_SEX_GAI_NB","SEX_T","GAI_GRADIENT_X","2018",956.457,,,"R1:3513"
"URY","BA:348","EMP_TEMP_SEX_GAI_NB","SEX_M","GAI_GRADIENT_TOTAL","2018",898.855,,,"R1:3513"
"URY","BA:348","EMP_TEMP_SEX_GAI_NB","SEX_M","GAI_GRADIENT_4","2018",51.742,,,"R1:3513"
"URY","BA:348","EMP_TEMP_SEX_GAI_NB","SEX_M","GAI_GRADIENT_3","2018",28.892,,,"R1:3513"
"URY","BA:348","EMP_TEMP_SEX_GAI_NB","SEX_M","GAI_GRADIENT_2","2018",64.022,,,"R1:3513"
"URY","BA:348","EMP_TEMP_SEX_GAI_NB","SEX_M","GAI_GRADIENT_1","2018",75.957,,,"R1:3513"
"URY","BA:348","EMP_TEMP_SEX_GAI_NB","SEX_M","GAI_GRADIENT_5","2018",103.882,,,"R1:3513"
"URY","BA:348","EMP_TEMP_SEX_GAI_NB","SEX_M","GAI_GRADIENT_X","2018",574.36,,,"R1:3513"
"URY","BA:348","EMP_TEMP_SEX_GAI_NB","SEX_F","GAI_GRADIENT_TOTAL","2018",736.868,,,"R1:3513"
"URY","BA:348","EMP_TEMP_SEX_GAI_NB","SEX_F","GAI_GRADIENT_4","2018",97.268,,,"R1:3513"
"URY","BA:348","EMP_TEMP_SEX_GAI_NB","SEX_F","GAI_GRADIENT_3","2018",36.222,,,"R1:3513"
"URY","BA:348","EMP_TEMP_SEX_GAI_NB","SEX_F","GAI_GRADIENT_2","2018",51.885,,,"R1:3513"
"URY","BA:348","EMP_TEMP_SEX_GAI_NB","SEX_F","GAI_GRADIENT_1","2018",83.455,,,"R1:3513"
"URY","BA:348","EMP_TEMP_SEX_GAI_NB","SEX_F","GAI_GRADIENT_5","2018",85.941,,,"R1:3513"
"URY","BA:348","EMP_TEMP_SEX_GAI_NB","SEX_F","GAI_GRADIENT_X","2018",382.097,,,"R1:3513"
"URY","BA:348","EMP_TEMP_SEX_GAI_NB","SEX_T","GAI_GRADIENT_TOTAL","2017",1643.64,,,"R1:3513"
"URY","BA:348","EMP_TEMP_SEX_GAI_NB","SEX_T","GAI_GRADIENT_4","2017",150.349,,,"R1:3513"
"URY","BA:348","EMP_TEMP_SEX_GAI_NB","SEX_T","GAI_GRADIENT_3","2017",61.212,,,"R1:3513"
"URY","BA:348","EMP_TEMP_SEX_GAI_NB","SEX_T","GAI_GRADIENT_2","2017",112.741,,,"R1:3513"
"URY","BA:348","EMP_TEMP_SEX_GAI_NB","SEX_T","GAI_GRADIENT_1","2017",160.193,,,"R1:3513"
"URY","BA:348","EMP_TEMP_SEX_GAI_NB","SEX_T","GAI_GRADIENT_5","2017",193.85,,,"R1:3513"
"URY","BA:348","EMP_TEMP_SEX_GAI_NB","SEX_T","GAI_GRADIENT_X","2017",965.295,,,"R1:3513"
"URY","BA:348","EMP_TEMP_SEX_GAI_NB","SEX_M","GAI_GRADIENT_TOTAL","2017",905.113,,,"R1:3513"
"URY","BA:348","EMP_TEMP_SEX_GAI_NB","SEX_M","GAI_GRADIENT_4","2017",51.776,,,"R1:3513"
"URY","BA:348","EMP_TEMP_SEX_GAI_NB","SEX_M","GAI_GRADIENT_3","2017",26.473,,,"R1:3513"
"URY","BA:348","EMP_TEMP_SEX_GAI_NB","SEX_M","GAI_GRADIENT_2","2017",63.706,,,"R1:3513"
"URY","BA:348","EMP_TEMP_SEX_GAI_NB","SEX_M","GAI_GRADIENT_1","2017",74.013,,,"R1:3513"
"URY","BA:348","EMP_TEMP_SEX_GAI_NB","SEX_M","GAI_GRADIENT_5","2017",107.492,,,"R1:3513"
"URY","BA:348","EMP_TEMP_SEX_GAI_NB","SEX_M","GAI_GRADIENT_X","2017",581.653,,,"R1:3513"
"URY","BA:348","EMP_TEMP_SEX_GAI_NB","SEX_F","GAI_GRADIENT_TOTAL","2017",738.527,,,"R1:3513"
"URY","BA:348","EMP_TEMP_SEX_GAI_NB","SEX_F","GAI_GRADIENT_4","2017",98.573,,,"R1:3513"
"URY","BA:348","EMP_TEMP_SEX_GAI_NB","SEX_F","GAI_GRADIENT_3","2017",34.739,,,"R1:3513"
"URY","BA:348","EMP_TEMP_SEX_GAI_NB","SEX_F","GAI_GRADIENT_2","2017",49.035,,,"R1:3513"
"URY","BA:348","EMP_TEMP_SEX_GAI_NB","SEX_F","GAI_GRADIENT_1","2017",86.18,,,"R1:3513"
"URY","BA:348","EMP_TEMP_SEX_GAI_NB","SEX_F","GAI_GRADIENT_5","2017",86.358,,,"R1:3513"
"URY","BA:348","EMP_TEMP_SEX_GAI_NB","SEX_F","GAI_GRADIENT_X","2017",383.642,,,"R1:3513"
"URY","BA:348","EMP_TEMP_SEX_GAI_NB","SEX_T","GAI_GRADIENT_TOTAL","2016",1645.148,,,"R1:3513"
"URY","BA:348","EMP_TEMP_SEX_GAI_NB","SEX_T","GAI_GRADIENT_4","2016",148.811,,,"R1:3513"
"URY","BA:348","EMP_TEMP_SEX_GAI_NB","SEX_T","GAI_GRADIENT_3","2016",60.709,,,"R1:3513"
"URY","BA:348","EMP_TEMP_SEX_GAI_NB","SEX_T","GAI_GRADIENT_2","2016",115.841,,,"R1:3513"
"URY","BA:348","EMP_TEMP_SEX_GAI_NB","SEX_T","GAI_GRADIENT_1","2016",161.361,,,"R1:3513"
"URY","BA:348","EMP_TEMP_SEX_GAI_NB","SEX_T","GAI_GRADIENT_5","2016",186.922,,,"R1:3513"
"URY","BA:348","EMP_TEMP_SEX_GAI_NB","SEX_T","GAI_GRADIENT_X","2016",971.504,,,"R1:3513"
"URY","BA:348","EMP_TEMP_SEX_GAI_NB","SEX_M","GAI_GRADIENT_TOTAL","2016",907.725,,,"R1:3513"
"URY","BA:348","EMP_TEMP_SEX_GAI_NB","SEX_M","GAI_GRADIENT_4","2016",52.084,,,"R1:3513"
"URY","BA:348","EMP_TEMP_SEX_GAI_NB","SEX_M","GAI_GRADIENT_3","2016",26.161,,,"R1:3513"
"URY","BA:348","EMP_TEMP_SEX_GAI_NB","SEX_M","GAI_GRADIENT_2","2016",63.252,,,"R1:3513"
"URY","BA:348","EMP_TEMP_SEX_GAI_NB","SEX_M","GAI_GRADIENT_1","2016",74.62,,,"R1:3513"
"URY","BA:348","EMP_TEMP_SEX_GAI_NB","SEX_M","GAI_GRADIENT_5","2016",103.658,,,"R1:3513"
"URY","BA:348","EMP_TEMP_SEX_GAI_NB","SEX_M","GAI_GRADIENT_X","2016",587.95,,,"R1:3513"
"URY","BA:348","EMP_TEMP_SEX_GAI_NB","SEX_F","GAI_GRADIENT_TOTAL","2016",737.423,,,"R1:3513"
"URY","BA:348","EMP_TEMP_SEX_GAI_NB","SEX_F","GAI_GRADIENT_4","2016",96.727,,,"R1:3513"
"URY","BA:348","EMP_TEMP_SEX_GAI_NB","SEX_F","GAI_GRADIENT_3","2016",34.548,,,"R1:3513"
"URY","BA:348","EMP_TEMP_SEX_GAI_NB","SEX_F","GAI_GRADIENT_2","2016",52.589,,,"R1:3513"
"URY","BA:348","EMP_TEMP_SEX_GAI_NB","SEX_F","GAI_GRADIENT_1","2016",86.741,,,"R1:3513"
"URY","BA:348","EMP_TEMP_SEX_GAI_NB","SEX_F","GAI_GRADIENT_5","2016",83.264,,,"R1:3513"
"URY","BA:348","EMP_TEMP_SEX_GAI_NB","SEX_F","GAI_GRADIENT_X","2016",383.554,,,"R1:3513"
"URY","BA:348","EMP_TEMP_SEX_GAI_NB","SEX_T","GAI_GRADIENT_TOTAL","2015",1648.329,,,"R1:3513"
"URY","BA:348","EMP_TEMP_SEX_GAI_NB","SEX_T","GAI_GRADIENT_4","2015",153.449,,,"R1:3513"
"URY","BA:348","EMP_TEMP_SEX_GAI_NB","SEX_T","GAI_GRADIENT_3","2015",62.341,,,"R1:3513"
"URY","BA:348","EMP_TEMP_SEX_GAI_NB","SEX_T","GAI_GRADIENT_2","2015",115.2,,,"R1:3513"
"URY","BA:348","EMP_TEMP_SEX_GAI_NB","SEX_T","GAI_GRADIENT_1","2015",161.85,,,"R1:3513"
"URY","BA:348","EMP_TEMP_SEX_GAI_NB","SEX_T","GAI_GRADIENT_5","2015",185.747,,,"R1:3513"
"URY","BA:348","EMP_TEMP_SEX_GAI_NB","SEX_T","GAI_GRADIENT_X","2015",969.742,,,"R1:3513"
"URY","BA:348","EMP_TEMP_SEX_GAI_NB","SEX_M","GAI_GRADIENT_TOTAL","2015",910.887,,,"R1:3513"
"URY","BA:348","EMP_TEMP_SEX_GAI_NB","SEX_M","GAI_GRADIENT_4","2015",53.381,,,"R1:3513"
"URY","BA:348","EMP_TEMP_SEX_GAI_NB","SEX_M","GAI_GRADIENT_3","2015",27.308,,,"R1:3513"
"URY","BA:348","EMP_TEMP_SEX_GAI_NB","SEX_M","GAI_GRADIENT_2","2015",63.236,,,"R1:3513"
"URY","BA:348","EMP_TEMP_SEX_GAI_NB","SEX_M","GAI_GRADIENT_1","2015",74.079,,,"R1:3513"
"URY","BA:348","EMP_TEMP_SEX_GAI_NB","SEX_M","GAI_GRADIENT_5","2015",101.911,,,"R1:3513"
"URY","BA:348","EMP_TEMP_SEX_GAI_NB","SEX_M","GAI_GRADIENT_X","2015",590.972,,,"R1:3513"
"URY","BA:348","EMP_TEMP_SEX_GAI_NB","SEX_F","GAI_GRADIENT_TOTAL","2015",737.442,,,"R1:3513"
"URY","BA:348","EMP_TEMP_SEX_GAI_NB","SEX_F","GAI_GRADIENT_4","2015",100.068,,,"R1:3513"
"URY","BA:348","EMP_TEMP_SEX_GAI_NB","SEX_F","GAI_GRADIENT_3","2015",35.033,,,"R1:3513"
"URY","BA:348","EMP_TEMP_SEX_GAI_NB","SEX_F","GAI_GRADIENT_2","2015",51.964,,,"R1:3513"
"URY","BA:348","EMP_TEMP_SEX_GAI_NB","SEX_F","GAI_GRADIENT_1","2015",87.771,,,"R1:3513"
"URY","BA:348","EMP_TEMP_SEX_GAI_NB","SEX_F","GAI_GRADIENT_5","2015",83.836,,,"R1:3513"
"URY","BA:348","EMP_TEMP_SEX_GAI_NB","SEX_F","GAI_GRADIENT_X","2015",378.77,,,"R1:3513"
"URY","BA:348","EMP_TEMP_SEX_GAI_NB","SEX_T","GAI_GRADIENT_TOTAL","2014",1653.778,,,"R1:3513"
"URY","BA:348","EMP_TEMP_SEX_GAI_NB","SEX_T","GAI_GRADIENT_4","2014",147.413,,,"R1:3513"
"URY","BA:348","EMP_TEMP_SEX_GAI_NB","SEX_T","GAI_GRADIENT_3","2014",63.278,,,"R1:3513"
"URY","BA:348","EMP_TEMP_SEX_GAI_NB","SEX_T","GAI_GRADIENT_2","2014",106.516,,,"R1:3513"
"URY","BA:348","EMP_TEMP_SEX_GAI_NB","SEX_T","GAI_GRADIENT_1","2014",166.39,,,"R1:3513"
"URY","BA:348","EMP_TEMP_SEX_GAI_NB","SEX_T","GAI_GRADIENT_5","2014",183.701,,,"R1:3513"
"URY","BA:348","EMP_TEMP_SEX_GAI_NB","SEX_T","GAI_GRADIENT_X","2014",986.48,,,"R1:3513"
"URY","BA:348","EMP_TEMP_SEX_GAI_NB","SEX_M","GAI_GRADIENT_TOTAL","2014",917.828,,,"R1:3513"
"URY","BA:348","EMP_TEMP_SEX_GAI_NB","SEX_M","GAI_GRADIENT_4","2014",52.169,,,"R1:3513"
"URY","BA:348","EMP_TEMP_SEX_GAI_NB","SEX_M","GAI_GRADIENT_3","2014",25.757,,,"R1:3513"
"URY","BA:348","EMP_TEMP_SEX_GAI_NB","SEX_M","GAI_GRADIENT_2","2014",60.554,,,"R1:3513"
"URY","BA:348","EMP_TEMP_SEX_GAI_NB","SEX_M","GAI_GRADIENT_1","2014",75.164,,,"R1:3513"
"URY","BA:348","EMP_TEMP_SEX_GAI_NB","SEX_M","GAI_GRADIENT_5","2014",104.101,,,"R1:3513"
"URY","BA:348","EMP_TEMP_SEX_GAI_NB","SEX_M","GAI_GRADIENT_X","2014",600.083,,,"R1:3513"
"URY","BA:348","EMP_TEMP_SEX_GAI_NB","SEX_F","GAI_GRADIENT_TOTAL","2014",735.95,,,"R1:3513"
"URY","BA:348","EMP_TEMP_SEX_GAI_NB","SEX_F","GAI_GRADIENT_4","2014",95.244,,,"R1:3513"
"URY","BA:348","EMP_TEMP_SEX_GAI_NB","SEX_F","GAI_GRADIENT_3","2014",37.521,,,"R1:3513"
"URY","BA:348","EMP_TEMP_SEX_GAI_NB","SEX_F","GAI_GRADIENT_2","2014",45.962,,,"R1:3513"
"URY","BA:348","EMP_TEMP_SEX_GAI_NB","SEX_F","GAI_GRADIENT_1","2014",91.226,,,"R1:3513"
"URY","BA:348","EMP_TEMP_SEX_GAI_NB","SEX_F","GAI_GRADIENT_5","2014",79.6,,,"R1:3513"
"URY","BA:348","EMP_TEMP_SEX_GAI_NB","SEX_F","GAI_GRADIENT_X","2014",386.397,,,"R1:3513"
"URY","BA:348","EMP_TEMP_SEX_GAI_NB","SEX_T","GAI_GRADIENT_TOTAL","2013",1616.764,,,"R1:3513"
"URY","BA:348","EMP_TEMP_SEX_GAI_NB","SEX_T","GAI_GRADIENT_4","2013",146.8,,,"R1:3513"
"URY","BA:348","EMP_TEMP_SEX_GAI_NB","SEX_T","GAI_GRADIENT_3","2013",58.705,,,"R1:3513"
"URY","BA:348","EMP_TEMP_SEX_GAI_NB","SEX_T","GAI_GRADIENT_2","2013",100.389,,,"R1:3513"
"URY","BA:348","EMP_TEMP_SEX_GAI_NB","SEX_T","GAI_GRADIENT_1","2013",165.458,,,"R1:3513"
"URY","BA:348","EMP_TEMP_SEX_GAI_NB","SEX_T","GAI_GRADIENT_5","2013",177.441,,,"R1:3513"
"URY","BA:348","EMP_TEMP_SEX_GAI_NB","SEX_T","GAI_GRADIENT_X","2013",967.971,,,"R1:3513"
"URY","BA:348","EMP_TEMP_SEX_GAI_NB","SEX_M","GAI_GRADIENT_TOTAL","2013",900.116,,,"R1:3513"
"URY","BA:348","EMP_TEMP_SEX_GAI_NB","SEX_M","GAI_GRADIENT_4","2013",52.62,,,"R1:3513"
"URY","BA:348","EMP_TEMP_SEX_GAI_NB","SEX_M","GAI_GRADIENT_3","2013",22.737,,,"R1:3513"
"URY","BA:348","EMP_TEMP_SEX_GAI_NB","SEX_M","GAI_GRADIENT_2","2013",56.191,,,"R1:3513"
"URY","BA:348","EMP_TEMP_SEX_GAI_NB","SEX_M","GAI_GRADIENT_1","2013",74.059,,,"R1:3513"
"URY","BA:348","EMP_TEMP_SEX_GAI_NB","SEX_M","GAI_GRADIENT_5","2013",98.634,,,"R1:3513"
"URY","BA:348","EMP_TEMP_SEX_GAI_NB","SEX_M","GAI_GRADIENT_X","2013",595.875,,,"R1:3513"
"URY","BA:348","EMP_TEMP_SEX_GAI_NB","SEX_F","GAI_GRADIENT_TOTAL","2013",716.648,,,"R1:3513"
"URY","BA:348","EMP_TEMP_SEX_GAI_NB","SEX_F","GAI_GRADIENT_4","2013",94.18,,,"R1:3513"
"URY","BA:348","EMP_TEMP_SEX_GAI_NB","SEX_F","GAI_GRADIENT_3","2013",35.968,,,"R1:3513"
"URY","BA:348","EMP_TEMP_SEX_GAI_NB","SEX_F","GAI_GRADIENT_2","2013",44.198,,,"R1:3513"
"URY","BA:348","EMP_TEMP_SEX_GAI_NB","SEX_F","GAI_GRADIENT_1","2013",91.399,,,"R1:3513"
"URY","BA:348","EMP_TEMP_SEX_GAI_NB","SEX_F","GAI_GRADIENT_5","2013",78.807,,,"R1:3513"
"URY","BA:348","EMP_TEMP_SEX_GAI_NB","SEX_F","GAI_GRADIENT_X","2013",372.096,,,"R1:3513"
"URY","BA:348","EMP_TEMP_SEX_GAI_NB","SEX_T","GAI_GRADIENT_TOTAL","2012",1562.646,,,"R1:3513"
"URY","BA:348","EMP_TEMP_SEX_GAI_NB","SEX_T","GAI_GRADIENT_4","2012",140.432,,,"R1:3513"
"URY","BA:348","EMP_TEMP_SEX_GAI_NB","SEX_T","GAI_GRADIENT_3","2012",60.957,,,"R1:3513"
"URY","BA:348","EMP_TEMP_SEX_GAI_NB","SEX_T","GAI_GRADIENT_2","2012",96.353,,,"R1:3513"
"URY","BA:348","EMP_TEMP_SEX_GAI_NB","SEX_T","GAI_GRADIENT_1","2012",168.276,,,"R1:3513"
"URY","BA:348","EMP_TEMP_SEX_GAI_NB","SEX_T","GAI_GRADIENT_5","2012",166.267,,,"R1:3513"
"URY","BA:348","EMP_TEMP_SEX_GAI_NB","SEX_T","GAI_GRADIENT_X","2012",930.361,,,"R1:3513"
"URY","BA:348","EMP_TEMP_SEX_GAI_NB","SEX_M","GAI_GRADIENT_TOTAL","2012",855.726,,,"R1:3513"
"URY","BA:348","EMP_TEMP_SEX_GAI_NB","SEX_M","GAI_GRADIENT_4","2012",50.049,,,"R1:3513"
"URY","BA:348","EMP_TEMP_SEX_GAI_NB","SEX_M","GAI_GRADIENT_3","2012",25.437,,,"R1:3513"
"URY","BA:348","EMP_TEMP_SEX_GAI_NB","SEX_M","GAI_GRADIENT_2","2012",53.713,,,"R1:3513"
"URY","BA:348","EMP_TEMP_SEX_GAI_NB","SEX_M","GAI_GRADIENT_1","2012",75.608,,,"R1:3513"
"URY","BA:348","EMP_TEMP_SEX_GAI_NB","SEX_M","GAI_GRADIENT_5","2012",90.019,,,"R1:3513"
"URY","BA:348","EMP_TEMP_SEX_GAI_NB","SEX_M","GAI_GRADIENT_X","2012",560.9,,,"R1:3513"
"URY","BA:348","EMP_TEMP_SEX_GAI_NB","SEX_F","GAI_GRADIENT_TOTAL","2012",706.92,,,"R1:3513"
"URY","BA:348","EMP_TEMP_SEX_GAI_NB","SEX_F","GAI_GRADIENT_4","2012",90.383,,,"R1:3513"
"URY","BA:348","EMP_TEMP_SEX_GAI_NB","SEX_F","GAI_GRADIENT_3","2012",35.52,,,"R1:3513"
"URY","BA:348","EMP_TEMP_SEX_GAI_NB","SEX_F","GAI_GRADIENT_2","2012",42.64,,,"R1:3513"
"URY","BA:348","EMP_TEMP_SEX_GAI_NB","SEX_F","GAI_GRADIENT_1","2012",92.668,,,"R1:3513"
"URY","BA:348","EMP_TEMP_SEX_GAI_NB","SEX_F","GAI_GRADIENT_5","2012",76.248,,,"R1:3513"
"URY","BA:348","EMP_TEMP_SEX_GAI_NB","SEX_F","GAI_GRADIENT_X","2012",369.461,,,"R1:3513"
"URY","BA:348","EMP_TEMP_SEX_GAI_NB","SEX_T","GAI_GRADIENT_TOTAL","2011",1641.493,,,"R1:3513"
"URY","BA:348","EMP_TEMP_SEX_GAI_NB","SEX_T","GAI_GRADIENT_4","2011",149.883,,,"R1:3513"
"URY","BA:348","EMP_TEMP_SEX_GAI_NB","SEX_T","GAI_GRADIENT_3","2011",53.744,,,"R1:3513"
"URY","BA:348","EMP_TEMP_SEX_GAI_NB","SEX_T","GAI_GRADIENT_2","2011",127.264,,,"R1:3513"
"URY","BA:348","EMP_TEMP_SEX_GAI_NB","SEX_T","GAI_GRADIENT_1","2011",147.797,,,"R1:3513"
"URY","BA:348","EMP_TEMP_SEX_GAI_NB","SEX_T","GAI_GRADIENT_5","2011",172.67,,,"R1:3513"
"URY","BA:348","EMP_TEMP_SEX_GAI_NB","SEX_T","GAI_GRADIENT_X","2011",990.135,,,"R1:3513"
"URY","BA:348","EMP_TEMP_SEX_GAI_NB","SEX_M","GAI_GRADIENT_TOTAL","2011",909.779,,,"R1:3513"
"URY","BA:348","EMP_TEMP_SEX_GAI_NB","SEX_M","GAI_GRADIENT_4","2011",54.766,,,"R1:3513"
"URY","BA:348","EMP_TEMP_SEX_GAI_NB","SEX_M","GAI_GRADIENT_3","2011",21.083,,,"R1:3513"
"URY","BA:348","EMP_TEMP_SEX_GAI_NB","SEX_M","GAI_GRADIENT_2","2011",67.534,,,"R1:3513"
"URY","BA:348","EMP_TEMP_SEX_GAI_NB","SEX_M","GAI_GRADIENT_1","2011",67.939,,,"R1:3513"
"URY","BA:348","EMP_TEMP_SEX_GAI_NB","SEX_M","GAI_GRADIENT_5","2011",105.443,,,"R1:3513"
"URY","BA:348","EMP_TEMP_SEX_GAI_NB","SEX_M","GAI_GRADIENT_X","2011",593.014,,,"R1:3513"
"URY","BA:348","EMP_TEMP_SEX_GAI_NB","SEX_F","GAI_GRADIENT_TOTAL","2011",731.714,,,"R1:3513"
"URY","BA:348","EMP_TEMP_SEX_GAI_NB","SEX_F","GAI_GRADIENT_4","2011",95.117,,,"R1:3513"
"URY","BA:348","EMP_TEMP_SEX_GAI_NB","SEX_F","GAI_GRADIENT_3","2011",32.661,,,"R1:3513"
"URY","BA:348","EMP_TEMP_SEX_GAI_NB","SEX_F","GAI_GRADIENT_2","2011",59.73,,,"R1:3513"
"URY","BA:348","EMP_TEMP_SEX_GAI_NB","SEX_F","GAI_GRADIENT_1","2011",79.858,,,"R1:3513"
"URY","BA:348","EMP_TEMP_SEX_GAI_NB","SEX_F","GAI_GRADIENT_5","2011",67.227,,,"R1:3513"
"URY","BA:348","EMP_TEMP_SEX_GAI_NB","SEX_F","GAI_GRADIENT_X","2011",397.121,,,"R1:3513"
"VNM","BA:1788","EMP_TEMP_SEX_GAI_NB","SEX_T","GAI_GRADIENT_TOTAL","2024",55280.158,,,"R1:3513"
"VNM","BA:1788","EMP_TEMP_SEX_GAI_NB","SEX_T","GAI_GRADIENT_4","2024",993.553,,,"R1:3513"
"VNM","BA:1788","EMP_TEMP_SEX_GAI_NB","SEX_T","GAI_GRADIENT_3","2024",1450.687,,,"R1:3513"
"VNM","BA:1788","EMP_TEMP_SEX_GAI_NB","SEX_T","GAI_GRADIENT_2","2024",2714.24,,,"R1:3513"
"VNM","BA:1788","EMP_TEMP_SEX_GAI_NB","SEX_T","GAI_GRADIENT_1","2024",6337.272,,,"R1:3513"
"VNM","BA:1788","EMP_TEMP_SEX_GAI_NB","SEX_T","GAI_GRADIENT_5","2024",3924.496,,,"R1:3513"
"VNM","BA:1788","EMP_TEMP_SEX_GAI_NB","SEX_T","GAI_GRADIENT_X","2024",39859.91,,,"R1:3513"
"VNM","BA:1788","EMP_TEMP_SEX_GAI_NB","SEX_M","GAI_GRADIENT_TOTAL","2024",28757.126,,,"R1:3513"
"VNM","BA:1788","EMP_TEMP_SEX_GAI_NB","SEX_M","GAI_GRADIENT_4","2024",475.223,,,"R1:3513"
"VNM","BA:1788","EMP_TEMP_SEX_GAI_NB","SEX_M","GAI_GRADIENT_3","2024",518.323,,,"R1:3513"
"VNM","BA:1788","EMP_TEMP_SEX_GAI_NB","SEX_M","GAI_GRADIENT_2","2024",1213.205,,,"R1:3513"
"VNM","BA:1788","EMP_TEMP_SEX_GAI_NB","SEX_M","GAI_GRADIENT_1","2024",2903.699,,,"R1:3513"
"VNM","BA:1788","EMP_TEMP_SEX_GAI_NB","SEX_M","GAI_GRADIENT_5","2024",2240.322,,,"R1:3513"
"VNM","BA:1788","EMP_TEMP_SEX_GAI_NB","SEX_M","GAI_GRADIENT_X","2024",21406.355,,,"R1:3513"
"VNM","BA:1788","EMP_TEMP_SEX_GAI_NB","SEX_F","GAI_GRADIENT_TOTAL","2024",26523.031,,,"R1:3513"
"VNM","BA:1788","EMP_TEMP_SEX_GAI_NB","SEX_F","GAI_GRADIENT_4","2024",518.33,,,"R1:3513"
"VNM","BA:1788","EMP_TEMP_SEX_GAI_NB","SEX_F","GAI_GRADIENT_3","2024",932.365,,,"R1:3513"
"VNM","BA:1788","EMP_TEMP_SEX_GAI_NB","SEX_F","GAI_GRADIENT_2","2024",1501.034,,,"R1:3513"
"VNM","BA:1788","EMP_TEMP_SEX_GAI_NB","SEX_F","GAI_GRADIENT_1","2024",3433.573,,,"R1:3513"
"VNM","BA:1788","EMP_TEMP_SEX_GAI_NB","SEX_F","GAI_GRADIENT_5","2024",1684.174,,,"R1:3513"
"VNM","BA:1788","EMP_TEMP_SEX_GAI_NB","SEX_F","GAI_GRADIENT_X","2024",18453.555,,,"R1:3513"
"VNM","BA:1788","EMP_TEMP_SEX_GAI_NB","SEX_T","GAI_GRADIENT_TOTAL","2023",54956.134,,,"R1:3513"
"VNM","BA:1788","EMP_TEMP_SEX_GAI_NB","SEX_T","GAI_GRADIENT_4","2023",965.16,,,"R1:3513"
"VNM","BA:1788","EMP_TEMP_SEX_GAI_NB","SEX_T","GAI_GRADIENT_3","2023",1365.217,,,"R1:3513"
"VNM","BA:1788","EMP_TEMP_SEX_GAI_NB","SEX_T","GAI_GRADIENT_2","2023",2665.472,,,"R1:3513"
"VNM","BA:1788","EMP_TEMP_SEX_GAI_NB","SEX_T","GAI_GRADIENT_1","2023",6172.989,,,"R1:3513"
"VNM","BA:1788","EMP_TEMP_SEX_GAI_NB","SEX_T","GAI_GRADIENT_5","2023",4007.241,,,"R1:3513"
"VNM","BA:1788","EMP_TEMP_SEX_GAI_NB","SEX_T","GAI_GRADIENT_X","2023",39780.055,,,"R1:3513"
"VNM","BA:1788","EMP_TEMP_SEX_GAI_NB","SEX_M","GAI_GRADIENT_TOTAL","2023",28585.109,,,"R1:3513"
"VNM","BA:1788","EMP_TEMP_SEX_GAI_NB","SEX_M","GAI_GRADIENT_4","2023",450.206,,,"R1:3513"
"VNM","BA:1788","EMP_TEMP_SEX_GAI_NB","SEX_M","GAI_GRADIENT_3","2023",542.896,,,"R1:3513"
"VNM","BA:1788","EMP_TEMP_SEX_GAI_NB","SEX_M","GAI_GRADIENT_2","2023",1170.026,,,"R1:3513"
"VNM","BA:1788","EMP_TEMP_SEX_GAI_NB","SEX_M","GAI_GRADIENT_1","2023",2755.14,,,"R1:3513"
"VNM","BA:1788","EMP_TEMP_SEX_GAI_NB","SEX_M","GAI_GRADIENT_5","2023",2283.916,,,"R1:3513"
"VNM","BA:1788","EMP_TEMP_SEX_GAI_NB","SEX_M","GAI_GRADIENT_X","2023",21382.925,,,"R1:3513"
"VNM","BA:1788","EMP_TEMP_SEX_GAI_NB","SEX_F","GAI_GRADIENT_TOTAL","2023",26371.025,,,"R1:3513"
"VNM","BA:1788","EMP_TEMP_SEX_GAI_NB","SEX_F","GAI_GRADIENT_4","2023",514.954,,,"R1:3513"
"VNM","BA:1788","EMP_TEMP_SEX_GAI_NB","SEX_F","GAI_GRADIENT_3","2023",822.322,,,"R1:3513"
"VNM","BA:1788","EMP_TEMP_SEX_GAI_NB","SEX_F","GAI_GRADIENT_2","2023",1495.446,,,"R1:3513"
"VNM","BA:1788","EMP_TEMP_SEX_GAI_NB","SEX_F","GAI_GRADIENT_1","2023",3417.849,,,"R1:3513"
"VNM","BA:1788","EMP_TEMP_SEX_GAI_NB","SEX_F","GAI_GRADIENT_5","2023",1723.324,,,"R1:3513"
"VNM","BA:1788","EMP_TEMP_SEX_GAI_NB","SEX_F","GAI_GRADIENT_X","2023",18397.129,,,"R1:3513"
"VNM","BA:1788","EMP_TEMP_SEX_GAI_NB","SEX_T","GAI_GRADIENT_TOTAL","2022",55018.096,,,"R1:3513"
"VNM","BA:1788","EMP_TEMP_SEX_GAI_NB","SEX_T","GAI_GRADIENT_4","2022",877.574,,,"R1:3513"
"VNM","BA:1788","EMP_TEMP_SEX_GAI_NB","SEX_T","GAI_GRADIENT_3","2022",1424.35,,,"R1:3513"
"VNM","BA:1788","EMP_TEMP_SEX_GAI_NB","SEX_T","GAI_GRADIENT_2","2022",2319.781,,,"R1:3513"
"VNM","BA:1788","EMP_TEMP_SEX_GAI_NB","SEX_T","GAI_GRADIENT_1","2022",6364.55,,,"R1:3513"
"VNM","BA:1788","EMP_TEMP_SEX_GAI_NB","SEX_T","GAI_GRADIENT_5","2022",3908.034,,,"R1:3513"
"VNM","BA:1788","EMP_TEMP_SEX_GAI_NB","SEX_T","GAI_GRADIENT_X","2022",40123.807,,,"R1:3513"
"VNM","BA:1788","EMP_TEMP_SEX_GAI_NB","SEX_M","GAI_GRADIENT_TOTAL","2022",28548.579,,,"R1:3513"
"VNM","BA:1788","EMP_TEMP_SEX_GAI_NB","SEX_M","GAI_GRADIENT_4","2022",435.855,,,"R1:3513"
"VNM","BA:1788","EMP_TEMP_SEX_GAI_NB","SEX_M","GAI_GRADIENT_3","2022",547.043,,,"R1:3513"
"VNM","BA:1788","EMP_TEMP_SEX_GAI_NB","SEX_M","GAI_GRADIENT_2","2022",1004.52,,,"R1:3513"
"VNM","BA:1788","EMP_TEMP_SEX_GAI_NB","SEX_M","GAI_GRADIENT_1","2022",2752.866,,,"R1:3513"
"VNM","BA:1788","EMP_TEMP_SEX_GAI_NB","SEX_M","GAI_GRADIENT_5","2022",2211.744,,,"R1:3513"
"VNM","BA:1788","EMP_TEMP_SEX_GAI_NB","SEX_M","GAI_GRADIENT_X","2022",21596.552,,,"R1:3513"
"VNM","BA:1788","EMP_TEMP_SEX_GAI_NB","SEX_F","GAI_GRADIENT_TOTAL","2022",26469.518,,,"R1:3513"
"VNM","BA:1788","EMP_TEMP_SEX_GAI_NB","SEX_F","GAI_GRADIENT_4","2022",441.719,,,"R1:3513"
"VNM","BA:1788","EMP_TEMP_SEX_GAI_NB","SEX_F","GAI_GRADIENT_3","2022",877.307,,,"R1:3513"
"VNM","BA:1788","EMP_TEMP_SEX_GAI_NB","SEX_F","GAI_GRADIENT_2","2022",1315.261,,,"R1:3513"
"VNM","BA:1788","EMP_TEMP_SEX_GAI_NB","SEX_F","GAI_GRADIENT_1","2022",3611.684,,,"R1:3513"
"VNM","BA:1788","EMP_TEMP_SEX_GAI_NB","SEX_F","GAI_GRADIENT_5","2022",1696.291,,,"R1:3513"
"VNM","BA:1788","EMP_TEMP_SEX_GAI_NB","SEX_F","GAI_GRADIENT_X","2022",18527.256,,,"R1:3513"
"VNM","BA:1788","EMP_TEMP_SEX_GAI_NB","SEX_T","GAI_GRADIENT_TOTAL","2021",53435.443,,,"R1:3513"
"VNM","BA:1788","EMP_TEMP_SEX_GAI_NB","SEX_T","GAI_GRADIENT_4","2021",821.707,,,"R1:3513"
"VNM","BA:1788","EMP_TEMP_SEX_GAI_NB","SEX_T","GAI_GRADIENT_3","2021",1427.669,,,"R1:3513"
"VNM","BA:1788","EMP_TEMP_SEX_GAI_NB","SEX_T","GAI_GRADIENT_2","2021",2046.134,,,"R1:3513"
"VNM","BA:1788","EMP_TEMP_SEX_GAI_NB","SEX_T","GAI_GRADIENT_1","2021",6319.027,,,"R1:3513"
"VNM","BA:1788","EMP_TEMP_SEX_GAI_NB","SEX_T","GAI_GRADIENT_5","2021",3820.709,,,"R1:3513"
"VNM","BA:1788","EMP_TEMP_SEX_GAI_NB","SEX_T","GAI_GRADIENT_X","2021",39000.196,,,"R1:3513"
"VNM","BA:1788","EMP_TEMP_SEX_GAI_NB","SEX_M","GAI_GRADIENT_TOTAL","2021",27867.086,,,"R1:3513"
"VNM","BA:1788","EMP_TEMP_SEX_GAI_NB","SEX_M","GAI_GRADIENT_4","2021",427.349,,,"R1:3513"
"VNM","BA:1788","EMP_TEMP_SEX_GAI_NB","SEX_M","GAI_GRADIENT_3","2021",533.958,,,"R1:3513"
"VNM","BA:1788","EMP_TEMP_SEX_GAI_NB","SEX_M","GAI_GRADIENT_2","2021",902.104,,,"R1:3513"
"VNM","BA:1788","EMP_TEMP_SEX_GAI_NB","SEX_M","GAI_GRADIENT_1","2021",2742.97,,,"R1:3513"
"VNM","BA:1788","EMP_TEMP_SEX_GAI_NB","SEX_M","GAI_GRADIENT_5","2021",2177.162,,,"R1:3513"
"VNM","BA:1788","EMP_TEMP_SEX_GAI_NB","SEX_M","GAI_GRADIENT_X","2021",21083.543,,,"R1:3513"
"VNM","BA:1788","EMP_TEMP_SEX_GAI_NB","SEX_F","GAI_GRADIENT_TOTAL","2021",25568.357,,,"R1:3513"
"VNM","BA:1788","EMP_TEMP_SEX_GAI_NB","SEX_F","GAI_GRADIENT_4","2021",394.358,,,"R1:3513"
"VNM","BA:1788","EMP_TEMP_SEX_GAI_NB","SEX_F","GAI_GRADIENT_3","2021",893.71,,,"R1:3513"
"VNM","BA:1788","EMP_TEMP_SEX_GAI_NB","SEX_F","GAI_GRADIENT_2","2021",1144.031,,,"R1:3513"
"VNM","BA:1788","EMP_TEMP_SEX_GAI_NB","SEX_F","GAI_GRADIENT_1","2021",3576.058,,,"R1:3513"
"VNM","BA:1788","EMP_TEMP_SEX_GAI_NB","SEX_F","GAI_GRADIENT_5","2021",1643.547,,,"R1:3513"
"VNM","BA:1788","EMP_TEMP_SEX_GAI_NB","SEX_F","GAI_GRADIENT_X","2021",17916.654,,,"R1:3513"
"VNM","BA:1788","EMP_TEMP_SEX_GAI_NB","SEX_T","GAI_GRADIENT_TOTAL","2020",53326.092,,,"R1:3513"
"VNM","BA:1788","EMP_TEMP_SEX_GAI_NB","SEX_T","GAI_GRADIENT_4","2020",666.39,,,"R1:3513"
"VNM","BA:1788","EMP_TEMP_SEX_GAI_NB","SEX_T","GAI_GRADIENT_3","2020",1702.113,,,"R1:3513"
"VNM","BA:1788","EMP_TEMP_SEX_GAI_NB","SEX_T","GAI_GRADIENT_2","2020",1451.818,,,"R1:3513"
"VNM","BA:1788","EMP_TEMP_SEX_GAI_NB","SEX_T","GAI_GRADIENT_1","2020",7501.417,,,"R1:3513"
"VNM","BA:1788","EMP_TEMP_SEX_GAI_NB","SEX_T","GAI_GRADIENT_5","2020",3877.606,,,"R1:3513"
"VNM","BA:1788","EMP_TEMP_SEX_GAI_NB","SEX_T","GAI_GRADIENT_X","2020",38126.748,,,"R1:3513"
"VNM","BA:1788","EMP_TEMP_SEX_GAI_NB","SEX_M","GAI_GRADIENT_TOTAL","2020",28217.809,,,"R1:3513"
"VNM","BA:1788","EMP_TEMP_SEX_GAI_NB","SEX_M","GAI_GRADIENT_4","2020",387.144,,,"R1:3513"
"VNM","BA:1788","EMP_TEMP_SEX_GAI_NB","SEX_M","GAI_GRADIENT_3","2020",688.951,,,"R1:3513"
"VNM","BA:1788","EMP_TEMP_SEX_GAI_NB","SEX_M","GAI_GRADIENT_2","2020",664.933,,,"R1:3513"
"VNM","BA:1788","EMP_TEMP_SEX_GAI_NB","SEX_M","GAI_GRADIENT_1","2020",3202.006,,,"R1:3513"
"VNM","BA:1788","EMP_TEMP_SEX_GAI_NB","SEX_M","GAI_GRADIENT_5","2020",2268.24,,,"R1:3513"
"VNM","BA:1788","EMP_TEMP_SEX_GAI_NB","SEX_M","GAI_GRADIENT_X","2020",21006.535,,,"R1:3513"
"VNM","BA:1788","EMP_TEMP_SEX_GAI_NB","SEX_F","GAI_GRADIENT_TOTAL","2020",25108.283,,,"R1:3513"
"VNM","BA:1788","EMP_TEMP_SEX_GAI_NB","SEX_F","GAI_GRADIENT_4","2020",279.247,,,"R1:3513"
"VNM","BA:1788","EMP_TEMP_SEX_GAI_NB","SEX_F","GAI_GRADIENT_3","2020",1013.161,,,"R1:3513"
"VNM","BA:1788","EMP_TEMP_SEX_GAI_NB","SEX_F","GAI_GRADIENT_2","2020",786.885,,,"R1:3513"
"VNM","BA:1788","EMP_TEMP_SEX_GAI_NB","SEX_F","GAI_GRADIENT_1","2020",4299.41,,,"R1:3513"
"VNM","BA:1788","EMP_TEMP_SEX_GAI_NB","SEX_F","GAI_GRADIENT_5","2020",1609.366,,,"R1:3513"
"VNM","BA:1788","EMP_TEMP_SEX_GAI_NB","SEX_F","GAI_GRADIENT_X","2020",17120.213,,,"R1:3513"
"VNM","BA:1788","EMP_TEMP_SEX_GAI_NB","SEX_T","GAI_GRADIENT_TOTAL","2019",54574.308,,"I20:4077","R1:3513"
"VNM","BA:1788","EMP_TEMP_SEX_GAI_NB","SEX_T","GAI_GRADIENT_4","2019",712.15,,"I20:4077","R1:3513"
"VNM","BA:1788","EMP_TEMP_SEX_GAI_NB","SEX_T","GAI_GRADIENT_3","2019",1829.324,,"I20:4077","R1:3513"
"VNM","BA:1788","EMP_TEMP_SEX_GAI_NB","SEX_T","GAI_GRADIENT_2","2019",1456.436,,"I20:4077","R1:3513"
"VNM","BA:1788","EMP_TEMP_SEX_GAI_NB","SEX_T","GAI_GRADIENT_1","2019",7439.665,,"I20:4077","R1:3513"
"VNM","BA:1788","EMP_TEMP_SEX_GAI_NB","SEX_T","GAI_GRADIENT_5","2019",3913.543,,"I20:4077","R1:3513"
"VNM","BA:1788","EMP_TEMP_SEX_GAI_NB","SEX_T","GAI_GRADIENT_X","2019",39223.19,,"I20:4077","R1:3513"
"VNM","BA:1788","EMP_TEMP_SEX_GAI_NB","SEX_M","GAI_GRADIENT_TOTAL","2019",28556.882,,"I20:4077","R1:3513"
"VNM","BA:1788","EMP_TEMP_SEX_GAI_NB","SEX_M","GAI_GRADIENT_4","2019",403.294,,"I20:4077","R1:3513"
"VNM","BA:1788","EMP_TEMP_SEX_GAI_NB","SEX_M","GAI_GRADIENT_3","2019",710.648,,"I20:4077","R1:3513"
"VNM","BA:1788","EMP_TEMP_SEX_GAI_NB","SEX_M","GAI_GRADIENT_2","2019",670.121,,"I20:4077","R1:3513"
"VNM","BA:1788","EMP_TEMP_SEX_GAI_NB","SEX_M","GAI_GRADIENT_1","2019",3145.004,,"I20:4077","R1:3513"
"VNM","BA:1788","EMP_TEMP_SEX_GAI_NB","SEX_M","GAI_GRADIENT_5","2019",2274.573,,"I20:4077","R1:3513"
"VNM","BA:1788","EMP_TEMP_SEX_GAI_NB","SEX_M","GAI_GRADIENT_X","2019",21353.241,,"I20:4077","R1:3513"
"VNM","BA:1788","EMP_TEMP_SEX_GAI_NB","SEX_F","GAI_GRADIENT_TOTAL","2019",26017.426,,"I20:4077","R1:3513"
"VNM","BA:1788","EMP_TEMP_SEX_GAI_NB","SEX_F","GAI_GRADIENT_4","2019",308.856,,"I20:4077","R1:3513"
"VNM","BA:1788","EMP_TEMP_SEX_GAI_NB","SEX_F","GAI_GRADIENT_3","2019",1118.676,,"I20:4077","R1:3513"
"VNM","BA:1788","EMP_TEMP_SEX_GAI_NB","SEX_F","GAI_GRADIENT_2","2019",786.315,,"I20:4077","R1:3513"
"VNM","BA:1788","EMP_TEMP_SEX_GAI_NB","SEX_F","GAI_GRADIENT_1","2019",4294.661,,"I20:4077","R1:3513"
"VNM","BA:1788","EMP_TEMP_SEX_GAI_NB","SEX_F","GAI_GRADIENT_5","2019",1638.97,,"I20:4077","R1:3513"
"VNM","BA:1788","EMP_TEMP_SEX_GAI_NB","SEX_F","GAI_GRADIENT_X","2019",17869.949,,"I20:4077","R1:3513"
"VNM","BA:1788","EMP_TEMP_SEX_GAI_NB","SEX_T","GAI_GRADIENT_TOTAL","2018",54249.737,,,"R1:3513"
"VNM","BA:1788","EMP_TEMP_SEX_GAI_NB","SEX_T","GAI_GRADIENT_4","2018",689.979,,,"R1:3513"
"VNM","BA:1788","EMP_TEMP_SEX_GAI_NB","SEX_T","GAI_GRADIENT_3","2018",1461.315,,,"R1:3513"
"VNM","BA:1788","EMP_TEMP_SEX_GAI_NB","SEX_T","GAI_GRADIENT_2","2018",1396.508,,,"R1:3513"
"VNM","BA:1788","EMP_TEMP_SEX_GAI_NB","SEX_T","GAI_GRADIENT_1","2018",7554.475,,,"R1:3513"
"VNM","BA:1788","EMP_TEMP_SEX_GAI_NB","SEX_T","GAI_GRADIENT_5","2018",3545.782,,,"R1:3513"
"VNM","BA:1788","EMP_TEMP_SEX_GAI_NB","SEX_T","GAI_GRADIENT_X","2018",39601.677,,,"R1:3513"
"VNM","BA:1788","EMP_TEMP_SEX_GAI_NB","SEX_M","GAI_GRADIENT_TOTAL","2018",28329.395,,,"R1:3513"
"VNM","BA:1788","EMP_TEMP_SEX_GAI_NB","SEX_M","GAI_GRADIENT_4","2018",393.176,,,"R1:3513"
"VNM","BA:1788","EMP_TEMP_SEX_GAI_NB","SEX_M","GAI_GRADIENT_3","2018",624.514,,,"R1:3513"
"VNM","BA:1788","EMP_TEMP_SEX_GAI_NB","SEX_M","GAI_GRADIENT_2","2018",641.465,,,"R1:3513"
"VNM","BA:1788","EMP_TEMP_SEX_GAI_NB","SEX_M","GAI_GRADIENT_1","2018",3063.375,,,"R1:3513"
"VNM","BA:1788","EMP_TEMP_SEX_GAI_NB","SEX_M","GAI_GRADIENT_5","2018",2054.069,,,"R1:3513"
"VNM","BA:1788","EMP_TEMP_SEX_GAI_NB","SEX_M","GAI_GRADIENT_X","2018",21552.796,,,"R1:3513"
"VNM","BA:1788","EMP_TEMP_SEX_GAI_NB","SEX_F","GAI_GRADIENT_TOTAL","2018",25920.341,,,"R1:3513"
"VNM","BA:1788","EMP_TEMP_SEX_GAI_NB","SEX_F","GAI_GRADIENT_4","2018",296.803,,,"R1:3513"
"VNM","BA:1788","EMP_TEMP_SEX_GAI_NB","SEX_F","GAI_GRADIENT_3","2018",836.801,,,"R1:3513"
"VNM","BA:1788","EMP_TEMP_SEX_GAI_NB","SEX_F","GAI_GRADIENT_2","2018",755.043,,,"R1:3513"
"VNM","BA:1788","EMP_TEMP_SEX_GAI_NB","SEX_F","GAI_GRADIENT_1","2018",4491.1,,,"R1:3513"
"VNM","BA:1788","EMP_TEMP_SEX_GAI_NB","SEX_F","GAI_GRADIENT_5","2018",1491.713,,,"R1:3513"
"VNM","BA:1788","EMP_TEMP_SEX_GAI_NB","SEX_F","GAI_GRADIENT_X","2018",18048.882,,,"R1:3513"
"VNM","BA:1788","EMP_TEMP_SEX_GAI_NB","SEX_T","GAI_GRADIENT_TOTAL","2017",53703.362,,,"R1:3513"
"VNM","BA:1788","EMP_TEMP_SEX_GAI_NB","SEX_T","GAI_GRADIENT_4","2017",605.182,,,"R1:3513"
"VNM","BA:1788","EMP_TEMP_SEX_GAI_NB","SEX_T","GAI_GRADIENT_3","2017",1488.953,,,"R1:3513"
"VNM","BA:1788","EMP_TEMP_SEX_GAI_NB","SEX_T","GAI_GRADIENT_2","2017",1400.537,,,"R1:3513"
"VNM","BA:1788","EMP_TEMP_SEX_GAI_NB","SEX_T","GAI_GRADIENT_1","2017",7107.598,,,"R1:3513"
"VNM","BA:1788","EMP_TEMP_SEX_GAI_NB","SEX_T","GAI_GRADIENT_5","2017",3307.657,,,"R1:3513"
"VNM","BA:1788","EMP_TEMP_SEX_GAI_NB","SEX_T","GAI_GRADIENT_X","2017",39793.435,,,"R1:3513"
"VNM","BA:1788","EMP_TEMP_SEX_GAI_NB","SEX_M","GAI_GRADIENT_TOTAL","2017",27813.688,,,"R1:3513"
"VNM","BA:1788","EMP_TEMP_SEX_GAI_NB","SEX_M","GAI_GRADIENT_4","2017",345.991,,,"R1:3513"
"VNM","BA:1788","EMP_TEMP_SEX_GAI_NB","SEX_M","GAI_GRADIENT_3","2017",601.739,,,"R1:3513"
"VNM","BA:1788","EMP_TEMP_SEX_GAI_NB","SEX_M","GAI_GRADIENT_2","2017",628.335,,,"R1:3513"
"VNM","BA:1788","EMP_TEMP_SEX_GAI_NB","SEX_M","GAI_GRADIENT_1","2017",2787.139,,,"R1:3513"
"VNM","BA:1788","EMP_TEMP_SEX_GAI_NB","SEX_M","GAI_GRADIENT_5","2017",1962.723,,,"R1:3513"
"VNM","BA:1788","EMP_TEMP_SEX_GAI_NB","SEX_M","GAI_GRADIENT_X","2017",21487.76,,,"R1:3513"
"VNM","BA:1788","EMP_TEMP_SEX_GAI_NB","SEX_F","GAI_GRADIENT_TOTAL","2017",25889.675,,,"R1:3513"
"VNM","BA:1788","EMP_TEMP_SEX_GAI_NB","SEX_F","GAI_GRADIENT_4","2017",259.19,,,"R1:3513"
"VNM","BA:1788","EMP_TEMP_SEX_GAI_NB","SEX_F","GAI_GRADIENT_3","2017",887.214,,,"R1:3513"
"VNM","BA:1788","EMP_TEMP_SEX_GAI_NB","SEX_F","GAI_GRADIENT_2","2017",772.203,,,"R1:3513"
"VNM","BA:1788","EMP_TEMP_SEX_GAI_NB","SEX_F","GAI_GRADIENT_1","2017",4320.459,,,"R1:3513"
"VNM","BA:1788","EMP_TEMP_SEX_GAI_NB","SEX_F","GAI_GRADIENT_5","2017",1344.933,,,"R1:3513"
"VNM","BA:1788","EMP_TEMP_SEX_GAI_NB","SEX_F","GAI_GRADIENT_X","2017",18305.675,,,"R1:3513"
"VNM","BA:1788","EMP_TEMP_SEX_GAI_NB","SEX_T","GAI_GRADIENT_TOTAL","2016",53302.755,,,"R1:3513"
"VNM","BA:1788","EMP_TEMP_SEX_GAI_NB","SEX_T","GAI_GRADIENT_4","2016",669.379,,,"R1:3513"
"VNM","BA:1788","EMP_TEMP_SEX_GAI_NB","SEX_T","GAI_GRADIENT_3","2016",1425.643,,,"R1:3513"
"VNM","BA:1788","EMP_TEMP_SEX_GAI_NB","SEX_T","GAI_GRADIENT_2","2016",1273.941,,,"R1:3513"
"VNM","BA:1788","EMP_TEMP_SEX_GAI_NB","SEX_T","GAI_GRADIENT_1","2016",6958.254,,,"R1:3513"
"VNM","BA:1788","EMP_TEMP_SEX_GAI_NB","SEX_T","GAI_GRADIENT_5","2016",3255.715,,,"R1:3513"
"VNM","BA:1788","EMP_TEMP_SEX_GAI_NB","SEX_T","GAI_GRADIENT_X","2016",39719.823,,,"R1:3513"
"VNM","BA:1788","EMP_TEMP_SEX_GAI_NB","SEX_M","GAI_GRADIENT_TOTAL","2016",27442.813,,,"R1:3513"
"VNM","BA:1788","EMP_TEMP_SEX_GAI_NB","SEX_M","GAI_GRADIENT_4","2016",371.994,,,"R1:3513"
"VNM","BA:1788","EMP_TEMP_SEX_GAI_NB","SEX_M","GAI_GRADIENT_3","2016",600.42,,,"R1:3513"
"VNM","BA:1788","EMP_TEMP_SEX_GAI_NB","SEX_M","GAI_GRADIENT_2","2016",573.219,,,"R1:3513"
"VNM","BA:1788","EMP_TEMP_SEX_GAI_NB","SEX_M","GAI_GRADIENT_1","2016",2731.074,,,"R1:3513"
"VNM","BA:1788","EMP_TEMP_SEX_GAI_NB","SEX_M","GAI_GRADIENT_5","2016",1893.919,,,"R1:3513"
"VNM","BA:1788","EMP_TEMP_SEX_GAI_NB","SEX_M","GAI_GRADIENT_X","2016",21272.187,,,"R1:3513"
"VNM","BA:1788","EMP_TEMP_SEX_GAI_NB","SEX_F","GAI_GRADIENT_TOTAL","2016",25859.942,,,"R1:3513"
"VNM","BA:1788","EMP_TEMP_SEX_GAI_NB","SEX_F","GAI_GRADIENT_4","2016",297.385,,,"R1:3513"
"VNM","BA:1788","EMP_TEMP_SEX_GAI_NB","SEX_F","GAI_GRADIENT_3","2016",825.223,,,"R1:3513"
"VNM","BA:1788","EMP_TEMP_SEX_GAI_NB","SEX_F","GAI_GRADIENT_2","2016",700.722,,,"R1:3513"
"VNM","BA:1788","EMP_TEMP_SEX_GAI_NB","SEX_F","GAI_GRADIENT_1","2016",4227.18,,,"R1:3513"
"VNM","BA:1788","EMP_TEMP_SEX_GAI_NB","SEX_F","GAI_GRADIENT_5","2016",1361.796,,,"R1:3513"
"VNM","BA:1788","EMP_TEMP_SEX_GAI_NB","SEX_F","GAI_GRADIENT_X","2016",18447.636,,,"R1:3513"
"VNM","BA:1788","EMP_TEMP_SEX_GAI_NB","SEX_T","GAI_GRADIENT_TOTAL","2015",52839.427,,,"R1:3513"
"VNM","BA:1788","EMP_TEMP_SEX_GAI_NB","SEX_T","GAI_GRADIENT_4","2015",626.772,,,"R1:3513"
"VNM","BA:1788","EMP_TEMP_SEX_GAI_NB","SEX_T","GAI_GRADIENT_3","2015",1322.577,,,"R1:3513"
"VNM","BA:1788","EMP_TEMP_SEX_GAI_NB","SEX_T","GAI_GRADIENT_2","2015",1252.833,,,"R1:3513"
"VNM","BA:1788","EMP_TEMP_SEX_GAI_NB","SEX_T","GAI_GRADIENT_1","2015",6814.19,,,"R1:3513"
"VNM","BA:1788","EMP_TEMP_SEX_GAI_NB","SEX_T","GAI_GRADIENT_5","2015",3148.436,,,"R1:3513"
"VNM","BA:1788","EMP_TEMP_SEX_GAI_NB","SEX_T","GAI_GRADIENT_X","2015",39674.619,,,"R1:3513"
"VNM","BA:1788","EMP_TEMP_SEX_GAI_NB","SEX_M","GAI_GRADIENT_TOTAL","2015",27216.417,,,"R1:3513"
"VNM","BA:1788","EMP_TEMP_SEX_GAI_NB","SEX_M","GAI_GRADIENT_4","2015",353.012,,,"R1:3513"
"VNM","BA:1788","EMP_TEMP_SEX_GAI_NB","SEX_M","GAI_GRADIENT_3","2015",554.52,,,"R1:3513"
"VNM","BA:1788","EMP_TEMP_SEX_GAI_NB","SEX_M","GAI_GRADIENT_2","2015",572.304,,,"R1:3513"
"VNM","BA:1788","EMP_TEMP_SEX_GAI_NB","SEX_M","GAI_GRADIENT_1","2015",2681.852,,,"R1:3513"
"VNM","BA:1788","EMP_TEMP_SEX_GAI_NB","SEX_M","GAI_GRADIENT_5","2015",1842.573,,,"R1:3513"
"VNM","BA:1788","EMP_TEMP_SEX_GAI_NB","SEX_M","GAI_GRADIENT_X","2015",21212.156,,,"R1:3513"
"VNM","BA:1788","EMP_TEMP_SEX_GAI_NB","SEX_F","GAI_GRADIENT_TOTAL","2015",25623.009,,,"R1:3513"
"VNM","BA:1788","EMP_TEMP_SEX_GAI_NB","SEX_F","GAI_GRADIENT_4","2015",273.76,,,"R1:3513"
"VNM","BA:1788","EMP_TEMP_SEX_GAI_NB","SEX_F","GAI_GRADIENT_3","2015",768.057,,,"R1:3513"
"VNM","BA:1788","EMP_TEMP_SEX_GAI_NB","SEX_F","GAI_GRADIENT_2","2015",680.529,,,"R1:3513"
"VNM","BA:1788","EMP_TEMP_SEX_GAI_NB","SEX_F","GAI_GRADIENT_1","2015",4132.338,,,"R1:3513"
"VNM","BA:1788","EMP_TEMP_SEX_GAI_NB","SEX_F","GAI_GRADIENT_5","2015",1305.862,,,"R1:3513"
"VNM","BA:1788","EMP_TEMP_SEX_GAI_NB","SEX_F","GAI_GRADIENT_X","2015",18462.463,,,"R1:3513"
"VNM","BA:1788","EMP_TEMP_SEX_GAI_NB","SEX_T","GAI_GRADIENT_TOTAL","2014",52754.397,,,"R1:3513"
"VNM","BA:1788","EMP_TEMP_SEX_GAI_NB","SEX_T","GAI_GRADIENT_4","2014",614.962,,,"R1:3513"
"VNM","BA:1788","EMP_TEMP_SEX_GAI_NB","SEX_T","GAI_GRADIENT_3","2014",1196.705,,,"R1:3513"
"VNM","BA:1788","EMP_TEMP_SEX_GAI_NB","SEX_T","GAI_GRADIENT_2","2014",1201.307,,,"R1:3513"
"VNM","BA:1788","EMP_TEMP_SEX_GAI_NB","SEX_T","GAI_GRADIENT_1","2014",6762.464,,,"R1:3513"
"VNM","BA:1788","EMP_TEMP_SEX_GAI_NB","SEX_T","GAI_GRADIENT_5","2014",2856.075,,,"R1:3513"
"VNM","BA:1788","EMP_TEMP_SEX_GAI_NB","SEX_T","GAI_GRADIENT_X","2014",40122.886,,,"R1:3513"
"VNM","BA:1788","EMP_TEMP_SEX_GAI_NB","SEX_M","GAI_GRADIENT_TOTAL","2014",27031.395,,,"R1:3513"
"VNM","BA:1788","EMP_TEMP_SEX_GAI_NB","SEX_M","GAI_GRADIENT_4","2014",358.076,,,"R1:3513"
"VNM","BA:1788","EMP_TEMP_SEX_GAI_NB","SEX_M","GAI_GRADIENT_3","2014",506.437,,,"R1:3513"
"VNM","BA:1788","EMP_TEMP_SEX_GAI_NB","SEX_M","GAI_GRADIENT_2","2014",557.583,,,"R1:3513"
"VNM","BA:1788","EMP_TEMP_SEX_GAI_NB","SEX_M","GAI_GRADIENT_1","2014",2594.681,,,"R1:3513"
"VNM","BA:1788","EMP_TEMP_SEX_GAI_NB","SEX_M","GAI_GRADIENT_5","2014",1707.505,,,"R1:3513"
"VNM","BA:1788","EMP_TEMP_SEX_GAI_NB","SEX_M","GAI_GRADIENT_X","2014",21307.113,,,"R1:3513"
"VNM","BA:1788","EMP_TEMP_SEX_GAI_NB","SEX_F","GAI_GRADIENT_TOTAL","2014",25723.003,,,"R1:3513"
"VNM","BA:1788","EMP_TEMP_SEX_GAI_NB","SEX_F","GAI_GRADIENT_4","2014",256.886,,,"R1:3513"
"VNM","BA:1788","EMP_TEMP_SEX_GAI_NB","SEX_F","GAI_GRADIENT_3","2014",690.267,,,"R1:3513"
"VNM","BA:1788","EMP_TEMP_SEX_GAI_NB","SEX_F","GAI_GRADIENT_2","2014",643.724,,,"R1:3513"
"VNM","BA:1788","EMP_TEMP_SEX_GAI_NB","SEX_F","GAI_GRADIENT_1","2014",4167.783,,,"R1:3513"
"VNM","BA:1788","EMP_TEMP_SEX_GAI_NB","SEX_F","GAI_GRADIENT_5","2014",1148.57,,,"R1:3513"
"VNM","BA:1788","EMP_TEMP_SEX_GAI_NB","SEX_F","GAI_GRADIENT_X","2014",18815.773,,,"R1:3513"
"VNM","BA:1788","EMP_TEMP_SEX_GAI_NB","SEX_T","GAI_GRADIENT_TOTAL","2013",52208.076,,,"R1:3513"
"VNM","BA:1788","EMP_TEMP_SEX_GAI_NB","SEX_T","GAI_GRADIENT_4","2013",582.729,,,"R1:3513"
"VNM","BA:1788","EMP_TEMP_SEX_GAI_NB","SEX_T","GAI_GRADIENT_3","2013",1065.892,,,"R1:3513"
"VNM","BA:1788","EMP_TEMP_SEX_GAI_NB","SEX_T","GAI_GRADIENT_2","2013",1238.963,,,"R1:3513"
"VNM","BA:1788","EMP_TEMP_SEX_GAI_NB","SEX_T","GAI_GRADIENT_1","2013",6743.421,,,"R1:3513"
"VNM","BA:1788","EMP_TEMP_SEX_GAI_NB","SEX_T","GAI_GRADIENT_5","2013",2733.326,,,"R1:3513"
"VNM","BA:1788","EMP_TEMP_SEX_GAI_NB","SEX_T","GAI_GRADIENT_X","2013",39843.745,,,"R1:3513"
"VNM","BA:1788","EMP_TEMP_SEX_GAI_NB","SEX_M","GAI_GRADIENT_TOTAL","2013",26830.214,,,"R1:3513"
"VNM","BA:1788","EMP_TEMP_SEX_GAI_NB","SEX_M","GAI_GRADIENT_4","2013",347.569,,,"R1:3513"
"VNM","BA:1788","EMP_TEMP_SEX_GAI_NB","SEX_M","GAI_GRADIENT_3","2013",458.206,,,"R1:3513"
"VNM","BA:1788","EMP_TEMP_SEX_GAI_NB","SEX_M","GAI_GRADIENT_2","2013",557.923,,,"R1:3513"
"VNM","BA:1788","EMP_TEMP_SEX_GAI_NB","SEX_M","GAI_GRADIENT_1","2013",2575.2,,,"R1:3513"
"VNM","BA:1788","EMP_TEMP_SEX_GAI_NB","SEX_M","GAI_GRADIENT_5","2013",1659.248,,,"R1:3513"
"VNM","BA:1788","EMP_TEMP_SEX_GAI_NB","SEX_M","GAI_GRADIENT_X","2013",21232.068,,,"R1:3513"
"VNM","BA:1788","EMP_TEMP_SEX_GAI_NB","SEX_F","GAI_GRADIENT_TOTAL","2013",25377.862,,,"R1:3513"
"VNM","BA:1788","EMP_TEMP_SEX_GAI_NB","SEX_F","GAI_GRADIENT_4","2013",235.16,,,"R1:3513"
"VNM","BA:1788","EMP_TEMP_SEX_GAI_NB","SEX_F","GAI_GRADIENT_3","2013",607.686,,,"R1:3513"
"VNM","BA:1788","EMP_TEMP_SEX_GAI_NB","SEX_F","GAI_GRADIENT_2","2013",681.04,,,"R1:3513"
"VNM","BA:1788","EMP_TEMP_SEX_GAI_NB","SEX_F","GAI_GRADIENT_1","2013",4168.221,,,"R1:3513"
"VNM","BA:1788","EMP_TEMP_SEX_GAI_NB","SEX_F","GAI_GRADIENT_5","2013",1074.078,,,"R1:3513"
"VNM","BA:1788","EMP_TEMP_SEX_GAI_NB","SEX_F","GAI_GRADIENT_X","2013",18611.678,,,"R1:3513"
"VNM","BA:1788","EMP_TEMP_SEX_GAI_NB","SEX_T","GAI_GRADIENT_TOTAL","2012",51422.44,,,"R1:3513"
"VNM","BA:1788","EMP_TEMP_SEX_GAI_NB","SEX_T","GAI_GRADIENT_4","2012",569.915,,,"R1:3513"
"VNM","BA:1788","EMP_TEMP_SEX_GAI_NB","SEX_T","GAI_GRADIENT_3","2012",997.524,,,"R1:3513"
"VNM","BA:1788","EMP_TEMP_SEX_GAI_NB","SEX_T","GAI_GRADIENT_2","2012",1244.734,,,"R1:3513"
"VNM","BA:1788","EMP_TEMP_SEX_GAI_NB","SEX_T","GAI_GRADIENT_1","2012",6502.254,,,"R1:3513"
"VNM","BA:1788","EMP_TEMP_SEX_GAI_NB","SEX_T","GAI_GRADIENT_5","2012",2654.235,,,"R1:3513"
"VNM","BA:1788","EMP_TEMP_SEX_GAI_NB","SEX_T","GAI_GRADIENT_X","2012",39453.778,,,"R1:3513"
"VNM","BA:1788","EMP_TEMP_SEX_GAI_NB","SEX_M","GAI_GRADIENT_TOTAL","2012",26499.245,,,"R1:3513"
"VNM","BA:1788","EMP_TEMP_SEX_GAI_NB","SEX_M","GAI_GRADIENT_4","2012",349.381,,,"R1:3513"
"VNM","BA:1788","EMP_TEMP_SEX_GAI_NB","SEX_M","GAI_GRADIENT_3","2012",434.502,,,"R1:3513"
"VNM","BA:1788","EMP_TEMP_SEX_GAI_NB","SEX_M","GAI_GRADIENT_2","2012",552.608,,,"R1:3513"
"VNM","BA:1788","EMP_TEMP_SEX_GAI_NB","SEX_M","GAI_GRADIENT_1","2012",2498.689,,,"R1:3513"
"VNM","BA:1788","EMP_TEMP_SEX_GAI_NB","SEX_M","GAI_GRADIENT_5","2012",1621.21,,,"R1:3513"
"VNM","BA:1788","EMP_TEMP_SEX_GAI_NB","SEX_M","GAI_GRADIENT_X","2012",21042.856,,,"R1:3513"
"VNM","BA:1788","EMP_TEMP_SEX_GAI_NB","SEX_F","GAI_GRADIENT_TOTAL","2012",24923.195,,,"R1:3513"
"VNM","BA:1788","EMP_TEMP_SEX_GAI_NB","SEX_F","GAI_GRADIENT_4","2012",220.534,,,"R1:3513"
"VNM","BA:1788","EMP_TEMP_SEX_GAI_NB","SEX_F","GAI_GRADIENT_3","2012",563.022,,,"R1:3513"
"VNM","BA:1788","EMP_TEMP_SEX_GAI_NB","SEX_F","GAI_GRADIENT_2","2012",692.126,,,"R1:3513"
"VNM","BA:1788","EMP_TEMP_SEX_GAI_NB","SEX_F","GAI_GRADIENT_1","2012",4003.565,,,"R1:3513"
"VNM","BA:1788","EMP_TEMP_SEX_GAI_NB","SEX_F","GAI_GRADIENT_5","2012",1033.026,,,"R1:3513"
"VNM","BA:1788","EMP_TEMP_SEX_GAI_NB","SEX_F","GAI_GRADIENT_X","2012",18410.923,,,"R1:3513"
"VNM","BA:1788","EMP_TEMP_SEX_GAI_NB","SEX_T","GAI_GRADIENT_TOTAL","2011",50881.18,,,"R1:3513"
"VNM","BA:1788","EMP_TEMP_SEX_GAI_NB","SEX_T","GAI_GRADIENT_4","2011",507.394,,,"R1:3513"
"VNM","BA:1788","EMP_TEMP_SEX_GAI_NB","SEX_T","GAI_GRADIENT_3","2011",998.796,,,"R1:3513"
"VNM","BA:1788","EMP_TEMP_SEX_GAI_NB","SEX_T","GAI_GRADIENT_2","2011",1255.042,,,"R1:3513"
"VNM","BA:1788","EMP_TEMP_SEX_GAI_NB","SEX_T","GAI_GRADIENT_1","2011",5863.531,,,"R1:3513"
"VNM","BA:1788","EMP_TEMP_SEX_GAI_NB","SEX_T","GAI_GRADIENT_5","2011",2609.406,,,"R1:3513"
"VNM","BA:1788","EMP_TEMP_SEX_GAI_NB","SEX_T","GAI_GRADIENT_X","2011",39647.011,,,"R1:3513"
"VNM","BA:1788","EMP_TEMP_SEX_GAI_NB","SEX_M","GAI_GRADIENT_TOTAL","2011",26284.559,,,"R1:3513"
"VNM","BA:1788","EMP_TEMP_SEX_GAI_NB","SEX_M","GAI_GRADIENT_4","2011",303.867,,,"R1:3513"
"VNM","BA:1788","EMP_TEMP_SEX_GAI_NB","SEX_M","GAI_GRADIENT_3","2011",455.462,,,"R1:3513"
"VNM","BA:1788","EMP_TEMP_SEX_GAI_NB","SEX_M","GAI_GRADIENT_2","2011",558.194,,,"R1:3513"
"VNM","BA:1788","EMP_TEMP_SEX_GAI_NB","SEX_M","GAI_GRADIENT_1","2011",2232.348,,,"R1:3513"
"VNM","BA:1788","EMP_TEMP_SEX_GAI_NB","SEX_M","GAI_GRADIENT_5","2011",1592.037,,,"R1:3513"
"VNM","BA:1788","EMP_TEMP_SEX_GAI_NB","SEX_M","GAI_GRADIENT_X","2011",21142.652,,,"R1:3513"
"VNM","BA:1788","EMP_TEMP_SEX_GAI_NB","SEX_F","GAI_GRADIENT_TOTAL","2011",24596.621,,,"R1:3513"
"VNM","BA:1788","EMP_TEMP_SEX_GAI_NB","SEX_F","GAI_GRADIENT_4","2011",203.528,,,"R1:3513"
"VNM","BA:1788","EMP_TEMP_SEX_GAI_NB","SEX_F","GAI_GRADIENT_3","2011",543.335,,,"R1:3513"
"VNM","BA:1788","EMP_TEMP_SEX_GAI_NB","SEX_F","GAI_GRADIENT_2","2011",696.848,,,"R1:3513"
"VNM","BA:1788","EMP_TEMP_SEX_GAI_NB","SEX_F","GAI_GRADIENT_1","2011",3631.182,,,"R1:3513"
"VNM","BA:1788","EMP_TEMP_SEX_GAI_NB","SEX_F","GAI_GRADIENT_5","2011",1017.37,,,"R1:3513"
"VNM","BA:1788","EMP_TEMP_SEX_GAI_NB","SEX_F","GAI_GRADIENT_X","2011",18504.358,,,"R1:3513"
"VUT","BA:16938","EMP_TEMP_SEX_GAI_NB","SEX_T","GAI_GRADIENT_TOTAL","2025",145.472,,,"R1:3513"
"VUT","BA:16938","EMP_TEMP_SEX_GAI_NB","SEX_T","GAI_GRADIENT_4","2025",0.733,,,"R1:3513"
"VUT","BA:16938","EMP_TEMP_SEX_GAI_NB","SEX_T","GAI_GRADIENT_3","2025",2.338,,,"R1:3513"
"VUT","BA:16938","EMP_TEMP_SEX_GAI_NB","SEX_T","GAI_GRADIENT_2","2025",6.116,,,"R1:3513"
"VUT","BA:16938","EMP_TEMP_SEX_GAI_NB","SEX_T","GAI_GRADIENT_1","2025",7.232,,,"R1:3513"
"VUT","BA:16938","EMP_TEMP_SEX_GAI_NB","SEX_T","GAI_GRADIENT_5","2025",9.14,,,"R1:3513"
"VUT","BA:16938","EMP_TEMP_SEX_GAI_NB","SEX_T","GAI_GRADIENT_X","2025",119.912,,,"R1:3513"
"VUT","BA:16938","EMP_TEMP_SEX_GAI_NB","SEX_M","GAI_GRADIENT_TOTAL","2025",76.912,,,"R1:3513"
"VUT","BA:16938","EMP_TEMP_SEX_GAI_NB","SEX_M","GAI_GRADIENT_4","2025",0.37,,,"R1:3513"
"VUT","BA:16938","EMP_TEMP_SEX_GAI_NB","SEX_M","GAI_GRADIENT_3","2025",0.71,,,"R1:3513"
"VUT","BA:16938","EMP_TEMP_SEX_GAI_NB","SEX_M","GAI_GRADIENT_2","2025",2.623,,,"R1:3513"
"VUT","BA:16938","EMP_TEMP_SEX_GAI_NB","SEX_M","GAI_GRADIENT_1","2025",2.819,,,"R1:3513"
"VUT","BA:16938","EMP_TEMP_SEX_GAI_NB","SEX_M","GAI_GRADIENT_5","2025",4.64,,,"R1:3513"
"VUT","BA:16938","EMP_TEMP_SEX_GAI_NB","SEX_M","GAI_GRADIENT_X","2025",65.75,,,"R1:3513"
"VUT","BA:16938","EMP_TEMP_SEX_GAI_NB","SEX_F","GAI_GRADIENT_TOTAL","2025",68.561,,,"R1:3513"
"VUT","BA:16938","EMP_TEMP_SEX_GAI_NB","SEX_F","GAI_GRADIENT_4","2025",0.363,,,"R1:3513"
"VUT","BA:16938","EMP_TEMP_SEX_GAI_NB","SEX_F","GAI_GRADIENT_3","2025",1.629,,,"R1:3513"
"VUT","BA:16938","EMP_TEMP_SEX_GAI_NB","SEX_F","GAI_GRADIENT_2","2025",3.494,,,"R1:3513"
"VUT","BA:16938","EMP_TEMP_SEX_GAI_NB","SEX_F","GAI_GRADIENT_1","2025",4.413,,,"R1:3513"
"VUT","BA:16938","EMP_TEMP_SEX_GAI_NB","SEX_F","GAI_GRADIENT_5","2025",4.5,,,"R1:3513"
"VUT","BA:16938","EMP_TEMP_SEX_GAI_NB","SEX_F","GAI_GRADIENT_X","2025",54.162,,,"R1:3513"
"VUT","AA:52","EMP_TEMP_SEX_GAI_NB","SEX_T","GAI_GRADIENT_TOTAL","2020",75.841,,,"R1:3513"
"VUT","AA:52","EMP_TEMP_SEX_GAI_NB","SEX_T","GAI_GRADIENT_4","2020",1.102,,,"R1:3513"
"VUT","AA:52","EMP_TEMP_SEX_GAI_NB","SEX_T","GAI_GRADIENT_3","2020",1.547,,,"R1:3513"
"VUT","AA:52","EMP_TEMP_SEX_GAI_NB","SEX_T","GAI_GRADIENT_2","2020",3.803,,,"R1:3513"
"VUT","AA:52","EMP_TEMP_SEX_GAI_NB","SEX_T","GAI_GRADIENT_1","2020",4.082,,,"R1:3513"
"VUT","AA:52","EMP_TEMP_SEX_GAI_NB","SEX_T","GAI_GRADIENT_5","2020",4.535,,,"R1:3513"
"VUT","AA:52","EMP_TEMP_SEX_GAI_NB","SEX_T","GAI_GRADIENT_X","2020",60.772,,,"R1:3513"
"VUT","AA:52","EMP_TEMP_SEX_GAI_NB","SEX_M","GAI_GRADIENT_TOTAL","2020",42.187,,,"R1:3513"
"VUT","AA:52","EMP_TEMP_SEX_GAI_NB","SEX_M","GAI_GRADIENT_4","2020",0.537,,,"R1:3513"
"VUT","AA:52","EMP_TEMP_SEX_GAI_NB","SEX_M","GAI_GRADIENT_3","2020",0.493,,,"R1:3513"
"VUT","AA:52","EMP_TEMP_SEX_GAI_NB","SEX_M","GAI_GRADIENT_2","2020",1.803,,,"R1:3513"
"VUT","AA:52","EMP_TEMP_SEX_GAI_NB","SEX_M","GAI_GRADIENT_1","2020",1.846,,,"R1:3513"
"VUT","AA:52","EMP_TEMP_SEX_GAI_NB","SEX_M","GAI_GRADIENT_5","2020",2.699,,,"R1:3513"
"VUT","AA:52","EMP_TEMP_SEX_GAI_NB","SEX_M","GAI_GRADIENT_X","2020",34.808,,,"R1:3513"
"VUT","AA:52","EMP_TEMP_SEX_GAI_NB","SEX_F","GAI_GRADIENT_TOTAL","2020",33.654,,,"R1:3513"
"VUT","AA:52","EMP_TEMP_SEX_GAI_NB","SEX_F","GAI_GRADIENT_4","2020",0.565,,,"R1:3513"
"VUT","AA:52","EMP_TEMP_SEX_GAI_NB","SEX_F","GAI_GRADIENT_3","2020",1.054,,,"R1:3513"
"VUT","AA:52","EMP_TEMP_SEX_GAI_NB","SEX_F","GAI_GRADIENT_2","2020",2,,,"R1:3513"
"VUT","AA:52","EMP_TEMP_SEX_GAI_NB","SEX_F","GAI_GRADIENT_1","2020",2.235,,,"R1:3513"
"VUT","AA:52","EMP_TEMP_SEX_GAI_NB","SEX_F","GAI_GRADIENT_5","2020",1.835,,,"R1:3513"
"VUT","AA:52","EMP_TEMP_SEX_GAI_NB","SEX_F","GAI_GRADIENT_X","2020",25.964,,,"R1:3513"
"VUT","BB:15632","EMP_TEMP_SEX_GAI_NB","SEX_T","GAI_GRADIENT_TOTAL","2019",101.647,,,"R1:3513"
"VUT","BB:15632","EMP_TEMP_SEX_GAI_NB","SEX_T","GAI_GRADIENT_4","2019",0.716,,,"R1:3513"
"VUT","BB:15632","EMP_TEMP_SEX_GAI_NB","SEX_T","GAI_GRADIENT_3","2019",2.366,,,"R1:3513"
"VUT","BB:15632","EMP_TEMP_SEX_GAI_NB","SEX_T","GAI_GRADIENT_2","2019",4.432,,,"R1:3513"
"VUT","BB:15632","EMP_TEMP_SEX_GAI_NB","SEX_T","GAI_GRADIENT_1","2019",6.799,,,"R1:3513"
"VUT","BB:15632","EMP_TEMP_SEX_GAI_NB","SEX_T","GAI_GRADIENT_5","2019",6.685,,,"R1:3513"
"VUT","BB:15632","EMP_TEMP_SEX_GAI_NB","SEX_T","GAI_GRADIENT_X","2019",80.65,,,"R1:3513"
"VUT","BB:15632","EMP_TEMP_SEX_GAI_NB","SEX_M","GAI_GRADIENT_TOTAL","2019",55.85,,,"R1:3513"
"VUT","BB:15632","EMP_TEMP_SEX_GAI_NB","SEX_M","GAI_GRADIENT_4","2019",0.361,,,"R1:3513"
"VUT","BB:15632","EMP_TEMP_SEX_GAI_NB","SEX_M","GAI_GRADIENT_3","2019",0.737,,,"R1:3513"
"VUT","BB:15632","EMP_TEMP_SEX_GAI_NB","SEX_M","GAI_GRADIENT_2","2019",1.774,,,"R1:3513"
"VUT","BB:15632","EMP_TEMP_SEX_GAI_NB","SEX_M","GAI_GRADIENT_1","2019",1.392,,,"R1:3513"
"VUT","BB:15632","EMP_TEMP_SEX_GAI_NB","SEX_M","GAI_GRADIENT_5","2019",4.733,,,"R1:3513"
"VUT","BB:15632","EMP_TEMP_SEX_GAI_NB","SEX_M","GAI_GRADIENT_X","2019",46.853,,,"R1:3513"
"VUT","BB:15632","EMP_TEMP_SEX_GAI_NB","SEX_F","GAI_GRADIENT_TOTAL","2019",45.797,,,"R1:3513"
"VUT","BB:15632","EMP_TEMP_SEX_GAI_NB","SEX_F","GAI_GRADIENT_4","2019",0.355,,,"R1:3513"
"VUT","BB:15632","EMP_TEMP_SEX_GAI_NB","SEX_F","GAI_GRADIENT_3","2019",1.629,,,"R1:3513"
"VUT","BB:15632","EMP_TEMP_SEX_GAI_NB","SEX_F","GAI_GRADIENT_2","2019",2.658,,,"R1:3513"
"VUT","BB:15632","EMP_TEMP_SEX_GAI_NB","SEX_F","GAI_GRADIENT_1","2019",5.407,,,"R1:3513"
"VUT","BB:15632","EMP_TEMP_SEX_GAI_NB","SEX_F","GAI_GRADIENT_5","2019",1.952,,,"R1:3513"
"VUT","BB:15632","EMP_TEMP_SEX_GAI_NB","SEX_F","GAI_GRADIENT_X","2019",33.796,,,"R1:3513"
"WLF","BB:16123","EMP_TEMP_SEX_GAI_NB","SEX_T","GAI_GRADIENT_TOTAL","2019",4.253,,,"R1:3513"
"WLF","BB:16123","EMP_TEMP_SEX_GAI_NB","SEX_T","GAI_GRADIENT_4","2019",0.212,,,"R1:3513"
"WLF","BB:16123","EMP_TEMP_SEX_GAI_NB","SEX_T","GAI_GRADIENT_3","2019",0.364,,,"R1:3513"
"WLF","BB:16123","EMP_TEMP_SEX_GAI_NB","SEX_T","GAI_GRADIENT_2","2019",0.164,,,"R1:3513"
"WLF","BB:16123","EMP_TEMP_SEX_GAI_NB","SEX_T","GAI_GRADIENT_1","2019",0.198,,,"R1:3513"
"WLF","BB:16123","EMP_TEMP_SEX_GAI_NB","SEX_T","GAI_GRADIENT_5","2019",0.327,,,"R1:3513"
"WLF","BB:16123","EMP_TEMP_SEX_GAI_NB","SEX_T","GAI_GRADIENT_X","2019",2.988,,,"R1:3513"
"WLF","BB:16123","EMP_TEMP_SEX_GAI_NB","SEX_M","GAI_GRADIENT_TOTAL","2019",2.48,,,"R1:3513"
"WLF","BB:16123","EMP_TEMP_SEX_GAI_NB","SEX_M","GAI_GRADIENT_4","2019",0.064,,,"R1:3513"
"WLF","BB:16123","EMP_TEMP_SEX_GAI_NB","SEX_M","GAI_GRADIENT_3","2019",0.064,,,"R1:3513"
"WLF","BB:16123","EMP_TEMP_SEX_GAI_NB","SEX_M","GAI_GRADIENT_2","2019",0.07,,,"R1:3513"
"WLF","BB:16123","EMP_TEMP_SEX_GAI_NB","SEX_M","GAI_GRADIENT_1","2019",0.056,,,"R1:3513"
"WLF","BB:16123","EMP_TEMP_SEX_GAI_NB","SEX_M","GAI_GRADIENT_5","2019",0.224,,,"R1:3513"
"WLF","BB:16123","EMP_TEMP_SEX_GAI_NB","SEX_M","GAI_GRADIENT_X","2019",2,,,"R1:3513"
"WLF","BB:16123","EMP_TEMP_SEX_GAI_NB","SEX_F","GAI_GRADIENT_TOTAL","2019",1.774,,,"R1:3513"
"WLF","BB:16123","EMP_TEMP_SEX_GAI_NB","SEX_F","GAI_GRADIENT_4","2019",0.148,,,"R1:3513"
"WLF","BB:16123","EMP_TEMP_SEX_GAI_NB","SEX_F","GAI_GRADIENT_3","2019",0.299,,,"R1:3513"
"WLF","BB:16123","EMP_TEMP_SEX_GAI_NB","SEX_F","GAI_GRADIENT_2","2019",0.094,,,"R1:3513"
"WLF","BB:16123","EMP_TEMP_SEX_GAI_NB","SEX_F","GAI_GRADIENT_1","2019",0.142,,,"R1:3513"
"WLF","BB:16123","EMP_TEMP_SEX_GAI_NB","SEX_F","GAI_GRADIENT_5","2019",0.102,,,"R1:3513"
"WLF","BB:16123","EMP_TEMP_SEX_GAI_NB","SEX_F","GAI_GRADIENT_X","2019",0.988,,,"R1:3513"
"WSM","BA:1794","EMP_TEMP_SEX_GAI_NB","SEX_T","GAI_GRADIENT_TOTAL","2022",53.135,"B","I11:264","R1:3513"
"WSM","BA:1794","EMP_TEMP_SEX_GAI_NB","SEX_T","GAI_GRADIENT_4","2022",1.258,"B","I11:264","R1:3513"
"WSM","BA:1794","EMP_TEMP_SEX_GAI_NB","SEX_T","GAI_GRADIENT_3","2022",1.999,"B","I11:264","R1:3513"
"WSM","BA:1794","EMP_TEMP_SEX_GAI_NB","SEX_T","GAI_GRADIENT_2","2022",2.568,"B","I11:264","R1:3513"
"WSM","BA:1794","EMP_TEMP_SEX_GAI_NB","SEX_T","GAI_GRADIENT_1","2022",5.004,"B","I11:264","R1:3513"
"WSM","BA:1794","EMP_TEMP_SEX_GAI_NB","SEX_T","GAI_GRADIENT_5","2022",4.425,"B","I11:264","R1:3513"
"WSM","BA:1794","EMP_TEMP_SEX_GAI_NB","SEX_T","GAI_GRADIENT_X","2022",37.881,"B","I11:264","R1:3513"
"WSM","BA:1794","EMP_TEMP_SEX_GAI_NB","SEX_M","GAI_GRADIENT_TOTAL","2022",34.338,"B","I11:264","R1:3513"
"WSM","BA:1794","EMP_TEMP_SEX_GAI_NB","SEX_M","GAI_GRADIENT_4","2022",0.463,"B","I11:264","R1:3513"
"WSM","BA:1794","EMP_TEMP_SEX_GAI_NB","SEX_M","GAI_GRADIENT_3","2022",0.643,"B","I11:264","R1:3513"
"WSM","BA:1794","EMP_TEMP_SEX_GAI_NB","SEX_M","GAI_GRADIENT_2","2022",1.213,"B","I11:264","R1:3513"
"WSM","BA:1794","EMP_TEMP_SEX_GAI_NB","SEX_M","GAI_GRADIENT_1","2022",2.771,"B","I11:264","R1:3513"
"WSM","BA:1794","EMP_TEMP_SEX_GAI_NB","SEX_M","GAI_GRADIENT_5","2022",2.642,"B","I11:264","R1:3513"
"WSM","BA:1794","EMP_TEMP_SEX_GAI_NB","SEX_M","GAI_GRADIENT_X","2022",26.606,"B","I11:264","R1:3513"
"WSM","BA:1794","EMP_TEMP_SEX_GAI_NB","SEX_F","GAI_GRADIENT_TOTAL","2022",18.797,"B","I11:264","R1:3513"
"WSM","BA:1794","EMP_TEMP_SEX_GAI_NB","SEX_F","GAI_GRADIENT_4","2022",0.794,"B","I11:264","R1:3513"
"WSM","BA:1794","EMP_TEMP_SEX_GAI_NB","SEX_F","GAI_GRADIENT_3","2022",1.356,"B","I11:264","R1:3513"
"WSM","BA:1794","EMP_TEMP_SEX_GAI_NB","SEX_F","GAI_GRADIENT_2","2022",1.355,"B","I11:264","R1:3513"
"WSM","BA:1794","EMP_TEMP_SEX_GAI_NB","SEX_F","GAI_GRADIENT_1","2022",2.233,"B","I11:264","R1:3513"
"WSM","BA:1794","EMP_TEMP_SEX_GAI_NB","SEX_F","GAI_GRADIENT_5","2022",1.783,"B","I11:264","R1:3513"
"WSM","BA:1794","EMP_TEMP_SEX_GAI_NB","SEX_F","GAI_GRADIENT_X","2022",11.275,"B","I11:264","R1:3513"
"WSM","BA:1794","EMP_TEMP_SEX_GAI_NB","SEX_T","GAI_GRADIENT_TOTAL","2017",54.316,"B","I11:264","R1:3513"
"WSM","BA:1794","EMP_TEMP_SEX_GAI_NB","SEX_T","GAI_GRADIENT_4","2017",0.994,"B","I11:264","R1:3513"
"WSM","BA:1794","EMP_TEMP_SEX_GAI_NB","SEX_T","GAI_GRADIENT_3","2017",2.407,"B","I11:264","R1:3513"
"WSM","BA:1794","EMP_TEMP_SEX_GAI_NB","SEX_T","GAI_GRADIENT_2","2017",3.005,"B","I11:264","R1:3513"
"WSM","BA:1794","EMP_TEMP_SEX_GAI_NB","SEX_T","GAI_GRADIENT_1","2017",3.853,"B","I11:264","R1:3513"
"WSM","BA:1794","EMP_TEMP_SEX_GAI_NB","SEX_T","GAI_GRADIENT_5","2017",5.009,"B","I11:264","R1:3513"
"WSM","BA:1794","EMP_TEMP_SEX_GAI_NB","SEX_T","GAI_GRADIENT_X","2017",39.048,"B","I11:264","R1:3513"
"WSM","BA:1794","EMP_TEMP_SEX_GAI_NB","SEX_M","GAI_GRADIENT_TOTAL","2017",34.997,"B","I11:264","R1:3513"
"WSM","BA:1794","EMP_TEMP_SEX_GAI_NB","SEX_M","GAI_GRADIENT_4","2017",0.381,"B","I11:264","R1:3513"
"WSM","BA:1794","EMP_TEMP_SEX_GAI_NB","SEX_M","GAI_GRADIENT_3","2017",0.986,"B","I11:264","R1:3513"
"WSM","BA:1794","EMP_TEMP_SEX_GAI_NB","SEX_M","GAI_GRADIENT_2","2017",1.474,"B","I11:264","R1:3513"
"WSM","BA:1794","EMP_TEMP_SEX_GAI_NB","SEX_M","GAI_GRADIENT_1","2017",2.409,"B","I11:264","R1:3513"
"WSM","BA:1794","EMP_TEMP_SEX_GAI_NB","SEX_M","GAI_GRADIENT_5","2017",2.929,"B","I11:264","R1:3513"
"WSM","BA:1794","EMP_TEMP_SEX_GAI_NB","SEX_M","GAI_GRADIENT_X","2017",26.819,"B","I11:264","R1:3513"
"WSM","BA:1794","EMP_TEMP_SEX_GAI_NB","SEX_F","GAI_GRADIENT_TOTAL","2017",19.319,"B","I11:264","R1:3513"
"WSM","BA:1794","EMP_TEMP_SEX_GAI_NB","SEX_F","GAI_GRADIENT_4","2017",0.613,"B","I11:264","R1:3513"
"WSM","BA:1794","EMP_TEMP_SEX_GAI_NB","SEX_F","GAI_GRADIENT_3","2017",1.421,"B","I11:264","R1:3513"
"WSM","BA:1794","EMP_TEMP_SEX_GAI_NB","SEX_F","GAI_GRADIENT_2","2017",1.531,"B","I11:264","R1:3513"
"WSM","BA:1794","EMP_TEMP_SEX_GAI_NB","SEX_F","GAI_GRADIENT_1","2017",1.444,"B","I11:264","R1:3513"
"WSM","BA:1794","EMP_TEMP_SEX_GAI_NB","SEX_F","GAI_GRADIENT_5","2017",2.08,"B","I11:264","R1:3513"
"WSM","BA:1794","EMP_TEMP_SEX_GAI_NB","SEX_F","GAI_GRADIENT_X","2017",12.229,"B","I11:264","R1:3513"
"WSM","BA:1794","EMP_TEMP_SEX_GAI_NB","SEX_T","GAI_GRADIENT_TOTAL","2012",34.53,"B","I11:264","R1:3513"
"WSM","BA:1794","EMP_TEMP_SEX_GAI_NB","SEX_T","GAI_GRADIENT_4","2012",0.866,"B","I11:264","R1:3513"
"WSM","BA:1794","EMP_TEMP_SEX_GAI_NB","SEX_T","GAI_GRADIENT_3","2012",2.004,"B","I11:264","R1:3513"
"WSM","BA:1794","EMP_TEMP_SEX_GAI_NB","SEX_T","GAI_GRADIENT_2","2012",2.692,"B","I11:264","R1:3513"
"WSM","BA:1794","EMP_TEMP_SEX_GAI_NB","SEX_T","GAI_GRADIENT_1","2012",2.123,"B","I11:264","R1:3513"
"WSM","BA:1794","EMP_TEMP_SEX_GAI_NB","SEX_T","GAI_GRADIENT_5","2012",3.717,"B","I11:264","R1:3513"
"WSM","BA:1794","EMP_TEMP_SEX_GAI_NB","SEX_T","GAI_GRADIENT_X","2012",23.128,"B","I11:264","R1:3513"
"WSM","BA:1794","EMP_TEMP_SEX_GAI_NB","SEX_M","GAI_GRADIENT_TOTAL","2012",21.787,"B","I11:264","R1:3513"
"WSM","BA:1794","EMP_TEMP_SEX_GAI_NB","SEX_M","GAI_GRADIENT_4","2012",0.398,"B","I11:264","R1:3513"
"WSM","BA:1794","EMP_TEMP_SEX_GAI_NB","SEX_M","GAI_GRADIENT_3","2012",0.689,"B","I11:264","R1:3513"
"WSM","BA:1794","EMP_TEMP_SEX_GAI_NB","SEX_M","GAI_GRADIENT_2","2012",1.289,"B","I11:264","R1:3513"
"WSM","BA:1794","EMP_TEMP_SEX_GAI_NB","SEX_M","GAI_GRADIENT_1","2012",1.372,"B","I11:264","R1:3513"
"WSM","BA:1794","EMP_TEMP_SEX_GAI_NB","SEX_M","GAI_GRADIENT_5","2012",2.618,"B","I11:264","R1:3513"
"WSM","BA:1794","EMP_TEMP_SEX_GAI_NB","SEX_M","GAI_GRADIENT_X","2012",15.42,"B","I11:264","R1:3513"
"WSM","BA:1794","EMP_TEMP_SEX_GAI_NB","SEX_F","GAI_GRADIENT_TOTAL","2012",12.743,"B","I11:264","R1:3513"
"WSM","BA:1794","EMP_TEMP_SEX_GAI_NB","SEX_F","GAI_GRADIENT_4","2012",0.467,"B","I11:264","R1:3513"
"WSM","BA:1794","EMP_TEMP_SEX_GAI_NB","SEX_F","GAI_GRADIENT_3","2012",1.315,"B","I11:264","R1:3513"
"WSM","BA:1794","EMP_TEMP_SEX_GAI_NB","SEX_F","GAI_GRADIENT_2","2012",1.403,"B","I11:264","R1:3513"
"WSM","BA:1794","EMP_TEMP_SEX_GAI_NB","SEX_F","GAI_GRADIENT_1","2012",0.751,"B","I11:264","R1:3513"
"WSM","BA:1794","EMP_TEMP_SEX_GAI_NB","SEX_F","GAI_GRADIENT_5","2012",1.099,"B","I11:264","R1:3513"
"WSM","BA:1794","EMP_TEMP_SEX_GAI_NB","SEX_F","GAI_GRADIENT_X","2012",7.708,"B","I11:264","R1:3513"
"ZMB","BA:2212","EMP_TEMP_SEX_GAI_NB","SEX_T","GAI_GRADIENT_TOTAL","2024",7156.247,,,"R1:3513"
"ZMB","BA:2212","EMP_TEMP_SEX_GAI_NB","SEX_T","GAI_GRADIENT_4","2024",29.824,,,"R1:3513"
"ZMB","BA:2212","EMP_TEMP_SEX_GAI_NB","SEX_T","GAI_GRADIENT_3","2024",78.04,,,"R1:3513"
"ZMB","BA:2212","EMP_TEMP_SEX_GAI_NB","SEX_T","GAI_GRADIENT_2","2024",198.724,,,"R1:3513"
"ZMB","BA:2212","EMP_TEMP_SEX_GAI_NB","SEX_T","GAI_GRADIENT_1","2024",463.833,,,"R1:3513"
"ZMB","BA:2212","EMP_TEMP_SEX_GAI_NB","SEX_T","GAI_GRADIENT_5","2024",419.985,,,"R1:3513"
"ZMB","BA:2212","EMP_TEMP_SEX_GAI_NB","SEX_T","GAI_GRADIENT_X","2024",5965.842,,,"R1:3513"
"ZMB","BA:2212","EMP_TEMP_SEX_GAI_NB","SEX_M","GAI_GRADIENT_TOTAL","2024",3899.212,,,"R1:3513"
"ZMB","BA:2212","EMP_TEMP_SEX_GAI_NB","SEX_M","GAI_GRADIENT_4","2024",16.428,,,"R1:3513"
"ZMB","BA:2212","EMP_TEMP_SEX_GAI_NB","SEX_M","GAI_GRADIENT_3","2024",38.293,,,"R1:3513"
"ZMB","BA:2212","EMP_TEMP_SEX_GAI_NB","SEX_M","GAI_GRADIENT_2","2024",114.471,,,"R1:3513"
"ZMB","BA:2212","EMP_TEMP_SEX_GAI_NB","SEX_M","GAI_GRADIENT_1","2024",196.028,,,"R1:3513"
"ZMB","BA:2212","EMP_TEMP_SEX_GAI_NB","SEX_M","GAI_GRADIENT_5","2024",206.743,,,"R1:3513"
"ZMB","BA:2212","EMP_TEMP_SEX_GAI_NB","SEX_M","GAI_GRADIENT_X","2024",3327.249,,,"R1:3513"
"ZMB","BA:2212","EMP_TEMP_SEX_GAI_NB","SEX_F","GAI_GRADIENT_TOTAL","2024",3257.035,,,"R1:3513"
"ZMB","BA:2212","EMP_TEMP_SEX_GAI_NB","SEX_F","GAI_GRADIENT_4","2024",13.396,,,"R1:3513"
"ZMB","BA:2212","EMP_TEMP_SEX_GAI_NB","SEX_F","GAI_GRADIENT_3","2024",39.747,,,"R1:3513"
"ZMB","BA:2212","EMP_TEMP_SEX_GAI_NB","SEX_F","GAI_GRADIENT_2","2024",84.253,,,"R1:3513"
"ZMB","BA:2212","EMP_TEMP_SEX_GAI_NB","SEX_F","GAI_GRADIENT_1","2024",267.804,,,"R1:3513"
"ZMB","BA:2212","EMP_TEMP_SEX_GAI_NB","SEX_F","GAI_GRADIENT_5","2024",213.242,,,"R1:3513"
"ZMB","BA:2212","EMP_TEMP_SEX_GAI_NB","SEX_F","GAI_GRADIENT_X","2024",2638.593,,,"R1:3513"
"ZMB","BA:2212","EMP_TEMP_SEX_GAI_NB","SEX_T","GAI_GRADIENT_TOTAL","2023",6760.649,,,"R1:3513"
"ZMB","BA:2212","EMP_TEMP_SEX_GAI_NB","SEX_T","GAI_GRADIENT_4","2023",36.592,,,"R1:3513"
"ZMB","BA:2212","EMP_TEMP_SEX_GAI_NB","SEX_T","GAI_GRADIENT_3","2023",62.489,,,"R1:3513"
"ZMB","BA:2212","EMP_TEMP_SEX_GAI_NB","SEX_T","GAI_GRADIENT_2","2023",278.38,,,"R1:3513"
"ZMB","BA:2212","EMP_TEMP_SEX_GAI_NB","SEX_T","GAI_GRADIENT_1","2023",431.728,,,"R1:3513"
"ZMB","BA:2212","EMP_TEMP_SEX_GAI_NB","SEX_T","GAI_GRADIENT_5","2023",443.743,,,"R1:3513"
"ZMB","BA:2212","EMP_TEMP_SEX_GAI_NB","SEX_T","GAI_GRADIENT_X","2023",5507.718,,,"R1:3513"
"ZMB","BA:2212","EMP_TEMP_SEX_GAI_NB","SEX_M","GAI_GRADIENT_TOTAL","2023",3635.04,,,"R1:3513"
"ZMB","BA:2212","EMP_TEMP_SEX_GAI_NB","SEX_M","GAI_GRADIENT_4","2023",24.187,,,"R1:3513"
"ZMB","BA:2212","EMP_TEMP_SEX_GAI_NB","SEX_M","GAI_GRADIENT_3","2023",31.814,,,"R1:3513"
"ZMB","BA:2212","EMP_TEMP_SEX_GAI_NB","SEX_M","GAI_GRADIENT_2","2023",135.01,,,"R1:3513"
"ZMB","BA:2212","EMP_TEMP_SEX_GAI_NB","SEX_M","GAI_GRADIENT_1","2023",201.586,,,"R1:3513"
"ZMB","BA:2212","EMP_TEMP_SEX_GAI_NB","SEX_M","GAI_GRADIENT_5","2023",261.961,,,"R1:3513"
"ZMB","BA:2212","EMP_TEMP_SEX_GAI_NB","SEX_M","GAI_GRADIENT_X","2023",2980.482,,,"R1:3513"
"ZMB","BA:2212","EMP_TEMP_SEX_GAI_NB","SEX_F","GAI_GRADIENT_TOTAL","2023",3125.609,,,"R1:3513"
"ZMB","BA:2212","EMP_TEMP_SEX_GAI_NB","SEX_F","GAI_GRADIENT_4","2023",12.405,,,"R1:3513"
"ZMB","BA:2212","EMP_TEMP_SEX_GAI_NB","SEX_F","GAI_GRADIENT_3","2023",30.675,,,"R1:3513"
"ZMB","BA:2212","EMP_TEMP_SEX_GAI_NB","SEX_F","GAI_GRADIENT_2","2023",143.371,,,"R1:3513"
"ZMB","BA:2212","EMP_TEMP_SEX_GAI_NB","SEX_F","GAI_GRADIENT_1","2023",230.141,,,"R1:3513"
"ZMB","BA:2212","EMP_TEMP_SEX_GAI_NB","SEX_F","GAI_GRADIENT_5","2023",181.782,,,"R1:3513"
"ZMB","BA:2212","EMP_TEMP_SEX_GAI_NB","SEX_F","GAI_GRADIENT_X","2023",2527.235,,,"R1:3513"
"ZMB","BA:2212","EMP_TEMP_SEX_GAI_NB","SEX_T","GAI_GRADIENT_TOTAL","2022",5807.622,,,"R1:3513"
"ZMB","BA:2212","EMP_TEMP_SEX_GAI_NB","SEX_T","GAI_GRADIENT_4","2022",22.984,,,"R1:3513"
"ZMB","BA:2212","EMP_TEMP_SEX_GAI_NB","SEX_T","GAI_GRADIENT_3","2022",55.265,,,"R1:3513"
"ZMB","BA:2212","EMP_TEMP_SEX_GAI_NB","SEX_T","GAI_GRADIENT_2","2022",334.389,,,"R1:3513"
"ZMB","BA:2212","EMP_TEMP_SEX_GAI_NB","SEX_T","GAI_GRADIENT_1","2022",365.503,,,"R1:3513"
"ZMB","BA:2212","EMP_TEMP_SEX_GAI_NB","SEX_T","GAI_GRADIENT_5","2022",409.493,,,"R1:3513"
"ZMB","BA:2212","EMP_TEMP_SEX_GAI_NB","SEX_T","GAI_GRADIENT_X","2022",4619.986,,,"R1:3513"
"ZMB","BA:2212","EMP_TEMP_SEX_GAI_NB","SEX_M","GAI_GRADIENT_TOTAL","2022",3121.225,,,"R1:3513"
"ZMB","BA:2212","EMP_TEMP_SEX_GAI_NB","SEX_M","GAI_GRADIENT_4","2022",13.809,,,"R1:3513"
"ZMB","BA:2212","EMP_TEMP_SEX_GAI_NB","SEX_M","GAI_GRADIENT_3","2022",29.733,,,"R1:3513"
"ZMB","BA:2212","EMP_TEMP_SEX_GAI_NB","SEX_M","GAI_GRADIENT_2","2022",180.309,,,"R1:3513"
"ZMB","BA:2212","EMP_TEMP_SEX_GAI_NB","SEX_M","GAI_GRADIENT_1","2022",179.414,,,"R1:3513"
"ZMB","BA:2212","EMP_TEMP_SEX_GAI_NB","SEX_M","GAI_GRADIENT_5","2022",240.562,,,"R1:3513"
"ZMB","BA:2212","EMP_TEMP_SEX_GAI_NB","SEX_M","GAI_GRADIENT_X","2022",2477.399,,,"R1:3513"
"ZMB","BA:2212","EMP_TEMP_SEX_GAI_NB","SEX_F","GAI_GRADIENT_TOTAL","2022",2686.397,,,"R1:3513"
"ZMB","BA:2212","EMP_TEMP_SEX_GAI_NB","SEX_F","GAI_GRADIENT_4","2022",9.175,,,"R1:3513"
"ZMB","BA:2212","EMP_TEMP_SEX_GAI_NB","SEX_F","GAI_GRADIENT_3","2022",25.533,,,"R1:3513"
"ZMB","BA:2212","EMP_TEMP_SEX_GAI_NB","SEX_F","GAI_GRADIENT_2","2022",154.08,,,"R1:3513"
"ZMB","BA:2212","EMP_TEMP_SEX_GAI_NB","SEX_F","GAI_GRADIENT_1","2022",186.089,,,"R1:3513"
"ZMB","BA:2212","EMP_TEMP_SEX_GAI_NB","SEX_F","GAI_GRADIENT_5","2022",168.931,,,"R1:3513"
"ZMB","BA:2212","EMP_TEMP_SEX_GAI_NB","SEX_F","GAI_GRADIENT_X","2022",2142.588,,,"R1:3513"
"ZMB","BA:2212","EMP_TEMP_SEX_GAI_NB","SEX_T","GAI_GRADIENT_TOTAL","2021",5725.574,,,"R1:3513"
"ZMB","BA:2212","EMP_TEMP_SEX_GAI_NB","SEX_T","GAI_GRADIENT_4","2021",26.056,,,"R1:3513"
"ZMB","BA:2212","EMP_TEMP_SEX_GAI_NB","SEX_T","GAI_GRADIENT_3","2021",48.57,,,"R1:3513"
"ZMB","BA:2212","EMP_TEMP_SEX_GAI_NB","SEX_T","GAI_GRADIENT_2","2021",235.498,,,"R1:3513"
"ZMB","BA:2212","EMP_TEMP_SEX_GAI_NB","SEX_T","GAI_GRADIENT_1","2021",376.856,,,"R1:3513"
"ZMB","BA:2212","EMP_TEMP_SEX_GAI_NB","SEX_T","GAI_GRADIENT_5","2021",355.971,,,"R1:3513"
"ZMB","BA:2212","EMP_TEMP_SEX_GAI_NB","SEX_T","GAI_GRADIENT_X","2021",4682.623,,,"R1:3513"
"ZMB","BA:2212","EMP_TEMP_SEX_GAI_NB","SEX_M","GAI_GRADIENT_TOTAL","2021",3100.63,,,"R1:3513"
"ZMB","BA:2212","EMP_TEMP_SEX_GAI_NB","SEX_M","GAI_GRADIENT_4","2021",17.978,,,"R1:3513"
"ZMB","BA:2212","EMP_TEMP_SEX_GAI_NB","SEX_M","GAI_GRADIENT_3","2021",28.376,,,"R1:3513"
"ZMB","BA:2212","EMP_TEMP_SEX_GAI_NB","SEX_M","GAI_GRADIENT_2","2021",123.529,,,"R1:3513"
"ZMB","BA:2212","EMP_TEMP_SEX_GAI_NB","SEX_M","GAI_GRADIENT_1","2021",188.503,,,"R1:3513"
"ZMB","BA:2212","EMP_TEMP_SEX_GAI_NB","SEX_M","GAI_GRADIENT_5","2021",187.427,,,"R1:3513"
"ZMB","BA:2212","EMP_TEMP_SEX_GAI_NB","SEX_M","GAI_GRADIENT_X","2021",2554.817,,,"R1:3513"
"ZMB","BA:2212","EMP_TEMP_SEX_GAI_NB","SEX_F","GAI_GRADIENT_TOTAL","2021",2624.944,,,"R1:3513"
"ZMB","BA:2212","EMP_TEMP_SEX_GAI_NB","SEX_F","GAI_GRADIENT_4","2021",8.078,,,"R1:3513"
"ZMB","BA:2212","EMP_TEMP_SEX_GAI_NB","SEX_F","GAI_GRADIENT_3","2021",20.194,,,"R1:3513"
"ZMB","BA:2212","EMP_TEMP_SEX_GAI_NB","SEX_F","GAI_GRADIENT_2","2021",111.969,,,"R1:3513"
"ZMB","BA:2212","EMP_TEMP_SEX_GAI_NB","SEX_F","GAI_GRADIENT_1","2021",188.353,,,"R1:3513"
"ZMB","BA:2212","EMP_TEMP_SEX_GAI_NB","SEX_F","GAI_GRADIENT_5","2021",168.544,,,"R1:3513"
"ZMB","BA:2212","EMP_TEMP_SEX_GAI_NB","SEX_F","GAI_GRADIENT_X","2021",2127.806,,,"R1:3513"
"ZMB","BA:2212","EMP_TEMP_SEX_GAI_NB","SEX_T","GAI_GRADIENT_TOTAL","2020",5665.726,,,"R1:3513"
"ZMB","BA:2212","EMP_TEMP_SEX_GAI_NB","SEX_T","GAI_GRADIENT_4","2020",21.976,,,"R1:3513"
"ZMB","BA:2212","EMP_TEMP_SEX_GAI_NB","SEX_T","GAI_GRADIENT_3","2020",59.721,,,"R1:3513"
"ZMB","BA:2212","EMP_TEMP_SEX_GAI_NB","SEX_T","GAI_GRADIENT_2","2020",201.578,,,"R1:3513"
"ZMB","BA:2212","EMP_TEMP_SEX_GAI_NB","SEX_T","GAI_GRADIENT_1","2020",374.987,,,"R1:3513"
"ZMB","BA:2212","EMP_TEMP_SEX_GAI_NB","SEX_T","GAI_GRADIENT_5","2020",392.756,,,"R1:3513"
"ZMB","BA:2212","EMP_TEMP_SEX_GAI_NB","SEX_T","GAI_GRADIENT_X","2020",4614.709,,,"R1:3513"
"ZMB","BA:2212","EMP_TEMP_SEX_GAI_NB","SEX_M","GAI_GRADIENT_TOTAL","2020",2995.215,,,"R1:3513"
"ZMB","BA:2212","EMP_TEMP_SEX_GAI_NB","SEX_M","GAI_GRADIENT_4","2020",15.242,,,"R1:3513"
"ZMB","BA:2212","EMP_TEMP_SEX_GAI_NB","SEX_M","GAI_GRADIENT_3","2020",39.173,,,"R1:3513"
"ZMB","BA:2212","EMP_TEMP_SEX_GAI_NB","SEX_M","GAI_GRADIENT_2","2020",110.766,,,"R1:3513"
"ZMB","BA:2212","EMP_TEMP_SEX_GAI_NB","SEX_M","GAI_GRADIENT_1","2020",193.124,,,"R1:3513"
"ZMB","BA:2212","EMP_TEMP_SEX_GAI_NB","SEX_M","GAI_GRADIENT_5","2020",221.445,,,"R1:3513"
"ZMB","BA:2212","EMP_TEMP_SEX_GAI_NB","SEX_M","GAI_GRADIENT_X","2020",2415.467,,,"R1:3513"
"ZMB","BA:2212","EMP_TEMP_SEX_GAI_NB","SEX_F","GAI_GRADIENT_TOTAL","2020",2670.51,,,"R1:3513"
"ZMB","BA:2212","EMP_TEMP_SEX_GAI_NB","SEX_F","GAI_GRADIENT_4","2020",6.734,,,"R1:3513"
"ZMB","BA:2212","EMP_TEMP_SEX_GAI_NB","SEX_F","GAI_GRADIENT_3","2020",20.549,,,"R1:3513"
"ZMB","BA:2212","EMP_TEMP_SEX_GAI_NB","SEX_F","GAI_GRADIENT_2","2020",90.812,,,"R1:3513"
"ZMB","BA:2212","EMP_TEMP_SEX_GAI_NB","SEX_F","GAI_GRADIENT_1","2020",181.863,,,"R1:3513"
"ZMB","BA:2212","EMP_TEMP_SEX_GAI_NB","SEX_F","GAI_GRADIENT_5","2020",171.311,,,"R1:3513"
"ZMB","BA:2212","EMP_TEMP_SEX_GAI_NB","SEX_F","GAI_GRADIENT_X","2020",2199.242,,,"R1:3513"
"ZMB","BA:2212","EMP_TEMP_SEX_GAI_NB","SEX_T","GAI_GRADIENT_TOTAL","2019",5459.346,,,"R1:3513"
"ZMB","BA:2212","EMP_TEMP_SEX_GAI_NB","SEX_T","GAI_GRADIENT_4","2019",23.643,,,"R1:3513"
"ZMB","BA:2212","EMP_TEMP_SEX_GAI_NB","SEX_T","GAI_GRADIENT_3","2019",25.464,,,"R1:3513"
"ZMB","BA:2212","EMP_TEMP_SEX_GAI_NB","SEX_T","GAI_GRADIENT_2","2019",220.866,,,"R1:3513"
"ZMB","BA:2212","EMP_TEMP_SEX_GAI_NB","SEX_T","GAI_GRADIENT_1","2019",379.701,,,"R1:3513"
"ZMB","BA:2212","EMP_TEMP_SEX_GAI_NB","SEX_T","GAI_GRADIENT_5","2019",352.104,,,"R1:3513"
"ZMB","BA:2212","EMP_TEMP_SEX_GAI_NB","SEX_T","GAI_GRADIENT_X","2019",4457.568,,,"R1:3513"
"ZMB","BA:2212","EMP_TEMP_SEX_GAI_NB","SEX_M","GAI_GRADIENT_TOTAL","2019",2923.121,,,"R1:3513"
"ZMB","BA:2212","EMP_TEMP_SEX_GAI_NB","SEX_M","GAI_GRADIENT_4","2019",17.273,,,"R1:3513"
"ZMB","BA:2212","EMP_TEMP_SEX_GAI_NB","SEX_M","GAI_GRADIENT_3","2019",13.087,,,"R1:3513"
"ZMB","BA:2212","EMP_TEMP_SEX_GAI_NB","SEX_M","GAI_GRADIENT_2","2019",124.884,,,"R1:3513"
"ZMB","BA:2212","EMP_TEMP_SEX_GAI_NB","SEX_M","GAI_GRADIENT_1","2019",166.351,,,"R1:3513"
"ZMB","BA:2212","EMP_TEMP_SEX_GAI_NB","SEX_M","GAI_GRADIENT_5","2019",216.05,,,"R1:3513"
"ZMB","BA:2212","EMP_TEMP_SEX_GAI_NB","SEX_M","GAI_GRADIENT_X","2019",2385.476,,,"R1:3513"
"ZMB","BA:2212","EMP_TEMP_SEX_GAI_NB","SEX_F","GAI_GRADIENT_TOTAL","2019",2536.225,,,"R1:3513"
"ZMB","BA:2212","EMP_TEMP_SEX_GAI_NB","SEX_F","GAI_GRADIENT_4","2019",6.37,"U",,"R1:3513"
"ZMB","BA:2212","EMP_TEMP_SEX_GAI_NB","SEX_F","GAI_GRADIENT_3","2019",12.377,,,"R1:3513"
"ZMB","BA:2212","EMP_TEMP_SEX_GAI_NB","SEX_F","GAI_GRADIENT_2","2019",95.981,,,"R1:3513"
"ZMB","BA:2212","EMP_TEMP_SEX_GAI_NB","SEX_F","GAI_GRADIENT_1","2019",213.35,,,"R1:3513"
"ZMB","BA:2212","EMP_TEMP_SEX_GAI_NB","SEX_F","GAI_GRADIENT_5","2019",136.055,,,"R1:3513"
"ZMB","BA:2212","EMP_TEMP_SEX_GAI_NB","SEX_F","GAI_GRADIENT_X","2019",2072.092,,,"R1:3513"
"ZMB","BA:2212","EMP_TEMP_SEX_GAI_NB","SEX_T","GAI_GRADIENT_TOTAL","2018",5266.417,"B","I11:264","R1:3513"
"ZMB","BA:2212","EMP_TEMP_SEX_GAI_NB","SEX_T","GAI_GRADIENT_4","2018",17.36,"B","I11:264","R1:3513"
"ZMB","BA:2212","EMP_TEMP_SEX_GAI_NB","SEX_T","GAI_GRADIENT_3","2018",41.698,"B","I11:264","R1:3513"
"ZMB","BA:2212","EMP_TEMP_SEX_GAI_NB","SEX_T","GAI_GRADIENT_2","2018",204.429,"B","I11:264","R1:3513"
"ZMB","BA:2212","EMP_TEMP_SEX_GAI_NB","SEX_T","GAI_GRADIENT_1","2018",323.02,"B","I11:264","R1:3513"
"ZMB","BA:2212","EMP_TEMP_SEX_GAI_NB","SEX_T","GAI_GRADIENT_5","2018",336.652,"B","I11:264","R1:3513"
"ZMB","BA:2212","EMP_TEMP_SEX_GAI_NB","SEX_T","GAI_GRADIENT_X","2018",4343.258,"B","I11:264","R1:3513"
"ZMB","BA:2212","EMP_TEMP_SEX_GAI_NB","SEX_M","GAI_GRADIENT_TOTAL","2018",2804.8,"B","I11:264","R1:3513"
"ZMB","BA:2212","EMP_TEMP_SEX_GAI_NB","SEX_M","GAI_GRADIENT_4","2018",11.194,"B","I11:264","R1:3513"
"ZMB","BA:2212","EMP_TEMP_SEX_GAI_NB","SEX_M","GAI_GRADIENT_3","2018",26.684,"B","I11:264","R1:3513"
"ZMB","BA:2212","EMP_TEMP_SEX_GAI_NB","SEX_M","GAI_GRADIENT_2","2018",118.256,"B","I11:264","R1:3513"
"ZMB","BA:2212","EMP_TEMP_SEX_GAI_NB","SEX_M","GAI_GRADIENT_1","2018",166.796,"B","I11:264","R1:3513"
"ZMB","BA:2212","EMP_TEMP_SEX_GAI_NB","SEX_M","GAI_GRADIENT_5","2018",201.376,"B","I11:264","R1:3513"
"ZMB","BA:2212","EMP_TEMP_SEX_GAI_NB","SEX_M","GAI_GRADIENT_X","2018",2280.494,"B","I11:264","R1:3513"
"ZMB","BA:2212","EMP_TEMP_SEX_GAI_NB","SEX_F","GAI_GRADIENT_TOTAL","2018",2461.617,"B","I11:264","R1:3513"
"ZMB","BA:2212","EMP_TEMP_SEX_GAI_NB","SEX_F","GAI_GRADIENT_4","2018",6.166,"B","I11:264","R1:3513"
"ZMB","BA:2212","EMP_TEMP_SEX_GAI_NB","SEX_F","GAI_GRADIENT_3","2018",15.014,"B","I11:264","R1:3513"
"ZMB","BA:2212","EMP_TEMP_SEX_GAI_NB","SEX_F","GAI_GRADIENT_2","2018",86.173,"B","I11:264","R1:3513"
"ZMB","BA:2212","EMP_TEMP_SEX_GAI_NB","SEX_F","GAI_GRADIENT_1","2018",156.224,"B","I11:264","R1:3513"
"ZMB","BA:2212","EMP_TEMP_SEX_GAI_NB","SEX_F","GAI_GRADIENT_5","2018",135.275,"B","I11:264","R1:3513"
"ZMB","BA:2212","EMP_TEMP_SEX_GAI_NB","SEX_F","GAI_GRADIENT_X","2018",2062.764,"B","I11:264","R1:3513"
"ZMB","BA:2212","EMP_TEMP_SEX_GAI_NB","SEX_T","GAI_GRADIENT_TOTAL","2017",5418.956,"B","I11:264","R1:3513"
"ZMB","BA:2212","EMP_TEMP_SEX_GAI_NB","SEX_T","GAI_GRADIENT_4","2017",14.713,"B","I11:264","R1:3513"
"ZMB","BA:2212","EMP_TEMP_SEX_GAI_NB","SEX_T","GAI_GRADIENT_3","2017",46.098,"B","I11:264","R1:3513"
"ZMB","BA:2212","EMP_TEMP_SEX_GAI_NB","SEX_T","GAI_GRADIENT_2","2017",105.167,"B","I11:264","R1:3513"
"ZMB","BA:2212","EMP_TEMP_SEX_GAI_NB","SEX_T","GAI_GRADIENT_1","2017",490.478,"B","I11:264","R1:3513"
"ZMB","BA:2212","EMP_TEMP_SEX_GAI_NB","SEX_T","GAI_GRADIENT_5","2017",278.652,"B","I11:264","R1:3513"
"ZMB","BA:2212","EMP_TEMP_SEX_GAI_NB","SEX_T","GAI_GRADIENT_X","2017",4483.847,"B","I11:264","R1:3513"
"ZMB","BA:2212","EMP_TEMP_SEX_GAI_NB","SEX_M","GAI_GRADIENT_TOTAL","2017",2868.978,"B","I11:264","R1:3513"
"ZMB","BA:2212","EMP_TEMP_SEX_GAI_NB","SEX_M","GAI_GRADIENT_4","2017",8.421,"B","I11:264","R1:3513"
"ZMB","BA:2212","EMP_TEMP_SEX_GAI_NB","SEX_M","GAI_GRADIENT_3","2017",24.44,"B","I11:264","R1:3513"
"ZMB","BA:2212","EMP_TEMP_SEX_GAI_NB","SEX_M","GAI_GRADIENT_2","2017",56.795,"B","I11:264","R1:3513"
"ZMB","BA:2212","EMP_TEMP_SEX_GAI_NB","SEX_M","GAI_GRADIENT_1","2017",216.446,"B","I11:264","R1:3513"
"ZMB","BA:2212","EMP_TEMP_SEX_GAI_NB","SEX_M","GAI_GRADIENT_5","2017",186.102,"B","I11:264","R1:3513"
"ZMB","BA:2212","EMP_TEMP_SEX_GAI_NB","SEX_M","GAI_GRADIENT_X","2017",2376.774,"B","I11:264","R1:3513"
"ZMB","BA:2212","EMP_TEMP_SEX_GAI_NB","SEX_F","GAI_GRADIENT_TOTAL","2017",2549.978,"B","I11:264","R1:3513"
"ZMB","BA:2212","EMP_TEMP_SEX_GAI_NB","SEX_F","GAI_GRADIENT_4","2017",6.292,"B","I11:264","R1:3513"
"ZMB","BA:2212","EMP_TEMP_SEX_GAI_NB","SEX_F","GAI_GRADIENT_3","2017",21.658,"B","I11:264","R1:3513"
"ZMB","BA:2212","EMP_TEMP_SEX_GAI_NB","SEX_F","GAI_GRADIENT_2","2017",48.371,"B","I11:264","R1:3513"
"ZMB","BA:2212","EMP_TEMP_SEX_GAI_NB","SEX_F","GAI_GRADIENT_1","2017",274.032,"B","I11:264","R1:3513"
"ZMB","BA:2212","EMP_TEMP_SEX_GAI_NB","SEX_F","GAI_GRADIENT_5","2017",92.551,"B","I11:264","R1:3513"
"ZMB","BA:2212","EMP_TEMP_SEX_GAI_NB","SEX_F","GAI_GRADIENT_X","2017",2107.073,"B","I11:264","R1:3513"
"ZMB","BB:739","EMP_TEMP_SEX_GAI_NB","SEX_T","GAI_GRADIENT_TOTAL","2015",4465.546,,,"R1:3513"
"ZMB","BB:739","EMP_TEMP_SEX_GAI_NB","SEX_T","GAI_GRADIENT_4","2015",22.919,,,"R1:3513"
"ZMB","BB:739","EMP_TEMP_SEX_GAI_NB","SEX_T","GAI_GRADIENT_3","2015",60.697,,,"R1:3513"
"ZMB","BB:739","EMP_TEMP_SEX_GAI_NB","SEX_T","GAI_GRADIENT_2","2015",139.014,,,"R1:3513"
"ZMB","BB:739","EMP_TEMP_SEX_GAI_NB","SEX_T","GAI_GRADIENT_1","2015",304.335,,,"R1:3513"
"ZMB","BB:739","EMP_TEMP_SEX_GAI_NB","SEX_T","GAI_GRADIENT_5","2015",234.767,,,"R1:3513"
"ZMB","BB:739","EMP_TEMP_SEX_GAI_NB","SEX_T","GAI_GRADIENT_X","2015",3703.814,,,"R1:3513"
"ZMB","BB:739","EMP_TEMP_SEX_GAI_NB","SEX_M","GAI_GRADIENT_TOTAL","2015",2606.72,,,"R1:3513"
"ZMB","BB:739","EMP_TEMP_SEX_GAI_NB","SEX_M","GAI_GRADIENT_4","2015",11.669,,,"R1:3513"
"ZMB","BB:739","EMP_TEMP_SEX_GAI_NB","SEX_M","GAI_GRADIENT_3","2015",35.529,,,"R1:3513"
"ZMB","BB:739","EMP_TEMP_SEX_GAI_NB","SEX_M","GAI_GRADIENT_2","2015",77.248,,,"R1:3513"
"ZMB","BB:739","EMP_TEMP_SEX_GAI_NB","SEX_M","GAI_GRADIENT_1","2015",143.9,,,"R1:3513"
"ZMB","BB:739","EMP_TEMP_SEX_GAI_NB","SEX_M","GAI_GRADIENT_5","2015",153.074,,,"R1:3513"
"ZMB","BB:739","EMP_TEMP_SEX_GAI_NB","SEX_M","GAI_GRADIENT_X","2015",2185.299,,,"R1:3513"
"ZMB","BB:739","EMP_TEMP_SEX_GAI_NB","SEX_F","GAI_GRADIENT_TOTAL","2015",1858.826,,,"R1:3513"
"ZMB","BB:739","EMP_TEMP_SEX_GAI_NB","SEX_F","GAI_GRADIENT_4","2015",11.25,,,"R1:3513"
"ZMB","BB:739","EMP_TEMP_SEX_GAI_NB","SEX_F","GAI_GRADIENT_3","2015",25.169,,,"R1:3513"
"ZMB","BB:739","EMP_TEMP_SEX_GAI_NB","SEX_F","GAI_GRADIENT_2","2015",61.766,,,"R1:3513"
"ZMB","BB:739","EMP_TEMP_SEX_GAI_NB","SEX_F","GAI_GRADIENT_1","2015",160.435,,,"R1:3513"
"ZMB","BB:739","EMP_TEMP_SEX_GAI_NB","SEX_F","GAI_GRADIENT_5","2015",81.692,,,"R1:3513"
"ZMB","BB:739","EMP_TEMP_SEX_GAI_NB","SEX_F","GAI_GRADIENT_X","2015",1518.514,,,"R1:3513"
